latitude,longitude,elevation_m
22.194540156718837,87.50467799264277,15
22.194540156718837,87.51366114548398,16
22.194540156718837,87.52264429832513,15
22.194540156718837,87.53162745116634,14
22.194540156718837,87.54061060400755,13
22.194540156718837,87.54959375684876,13
22.194540156718837,87.55857690968992,13
22.194540156718837,87.56756006253113,11
22.194540156718837,87.57654321537234,11
22.194540156718837,87.58552636821355,10
22.194540156718837,87.5945095210547,11
22.194540156718837,87.60349267389591,10
22.194540156718837,87.61247582673712,10
22.194540156718837,87.62145897957834,9
22.194540156718837,87.63044213241949,11
22.194540156718837,87.6394252852607,9
22.194540156718837,87.64840843810191,9
22.194540156718837,87.65739159094306,7
22.194540156718837,87.66637474378427,8
22.194540156718837,87.67535789662548,9
22.194540156718837,87.6843410494667,7
22.194540156718837,87.69332420230785,8
22.194540156718837,87.70230735514906,8
22.194540156718837,87.71129050799027,8
22.194540156718837,87.72027366083148,5
22.194540156718837,87.72925681367263,5
22.194540156718837,87.73823996651385,5
22.194540156718837,87.74722311935506,6
22.194540156718837,87.75620627219621,6
22.194540156718837,87.76518942503742,6
22.194540156718837,87.77417257787863,5
22.194540156718837,87.78315573071984,6
22.194540156718837,87.792138883561,4
22.194540156718837,87.8011220364022,5
22.194540156718837,87.81010518924342,5
22.194540156718837,87.81908834208463,9
22.194540156718837,87.82807149492578,8
22.194540156718837,87.83705464776699,6
22.194540156718837,87.8460378006082,7
22.194540156718837,87.85502095344941,6
22.194540156718837,87.86400410629057,7
22.194540156718837,87.87298725913178,5
22.194540156718837,87.88197041197299,5
22.194540156718837,87.89095356481414,4
22.194540156718837,87.89993671765535,5
22.194540156718837,87.90891987049656,6
22.194540156718837,87.91790302333777,6
22.194540156718837,87.92688617617893,5
22.194540156718837,87.93586932902014,5
22.194540156718837,87.94485248186135,6
22.194540156718837,87.95383563470256,6
22.194540156718837,87.96281878754371,6
22.194540156718837,87.97180194038492,6
22.194540156718837,87.98078509322613,7
22.194540156718837,87.98976824606729,7
22.194540156718837,87.9987513989085,6
22.194540156718837,88.0077345517497,6
22.194540156718837,88.01671770459092,5
22.194540156718837,88.02570085743207,6
22.194540156718837,88.03468401027328,7
22.194540156718837,88.04366716311449,6
22.194540156718837,88.0526503159557,6
22.194540156718837,88.06163346879686,5
22.194540156718837,88.07061662163807,2
22.194540156718837,88.07959977447928,0
22.194540156718837,88.08858292732049,0
22.194540156718837,88.09756608016164,2
22.194540156718837,88.10654923300285,2
22.194540156718837,88.11553238584406,1
22.194540156718837,88.12451553868522,0
22.194540156718837,88.13349869152643,0
22.194540156718837,88.14248184436764,0
22.194540156718837,88.15146499720885,0
22.194540156718837,88.16044815005,0
22.194540156718837,88.16943130289121,1
22.194540156718837,88.17841445573242,5
22.194540156718837,88.18739760857363,8
22.194540156718837,88.19638076141479,6
22.194540156718837,88.205363914256,6
22.194540156718837,88.21434706709721,7
22.194540156718837,88.22333021993836,7
22.194540156718837,88.23231337277957,6
22.194540156718837,88.24129652562078,5
22.194540156718837,88.250279678462,6
22.194540156718837,88.25926283130315,7
22.194540156718837,88.26824598414436,5
22.194540156718837,88.27722913698557,5
22.194540156718837,88.28621228982678,5
22.194540156718837,88.29519544266793,5
22.18555700387764,87.50467799264277,14
22.18555700387764,87.51366114548398,14
22.18555700387764,87.52264429832513,13
22.18555700387764,87.53162745116634,13
22.18555700387764,87.54061060400755,12
22.18555700387764,87.54959375684876,11
22.18555700387764,87.55857690968992,11
22.18555700387764,87.56756006253113,11
22.18555700387764,87.57654321537234,9
22.18555700387764,87.58552636821355,10
22.18555700387764,87.5945095210547,12
22.18555700387764,87.60349267389591,10
22.18555700387764,87.61247582673712,10
22.18555700387764,87.62145897957834,8
22.18555700387764,87.63044213241949,10
22.18555700387764,87.6394252852607,9
22.18555700387764,87.64840843810191,9
22.18555700387764,87.65739159094306,8
22.18555700387764,87.66637474378427,7
22.18555700387764,87.67535789662548,9
22.18555700387764,87.6843410494667,8
22.18555700387764,87.69332420230785,6
22.18555700387764,87.70230735514906,7
22.18555700387764,87.71129050799027,5
22.18555700387764,87.72027366083148,6
22.18555700387764,87.72925681367263,5
22.18555700387764,87.73823996651385,7
22.18555700387764,87.74722311935506,7
22.18555700387764,87.75620627219621,6
22.18555700387764,87.76518942503742,7
22.18555700387764,87.77417257787863,6
22.18555700387764,87.78315573071984,5
22.18555700387764,87.792138883561,6
22.18555700387764,87.8011220364022,5
22.18555700387764,87.81010518924342,6
22.18555700387764,87.81908834208463,8
22.18555700387764,87.82807149492578,6
22.18555700387764,87.83705464776699,5
22.18555700387764,87.8460378006082,8
22.18555700387764,87.85502095344941,6
22.18555700387764,87.86400410629057,6
22.18555700387764,87.87298725913178,6
22.18555700387764,87.88197041197299,6
22.18555700387764,87.89095356481414,6
22.18555700387764,87.89993671765535,5
22.18555700387764,87.90891987049656,6
22.18555700387764,87.91790302333777,7
22.18555700387764,87.92688617617893,6
22.18555700387764,87.93586932902014,5
22.18555700387764,87.94485248186135,5
22.18555700387764,87.95383563470256,6
22.18555700387764,87.96281878754371,5
22.18555700387764,87.97180194038492,7
22.18555700387764,87.98078509322613,7
22.18555700387764,87.98976824606729,8
22.18555700387764,87.9987513989085,7
22.18555700387764,88.0077345517497,7
22.18555700387764,88.01671770459092,5
22.18555700387764,88.02570085743207,5
22.18555700387764,88.03468401027328,6
22.18555700387764,88.04366716311449,5
22.18555700387764,88.0526503159557,6
22.18555700387764,88.06163346879686,6
22.18555700387764,88.07061662163807,7
22.18555700387764,88.07959977447928,7
22.18555700387764,88.08858292732049,6
22.18555700387764,88.09756608016164,8
22.18555700387764,88.10654923300285,5
22.18555700387764,88.11553238584406,6
22.18555700387764,88.12451553868522,6
22.18555700387764,88.13349869152643,3
22.18555700387764,88.14248184436764,0
22.18555700387764,88.15146499720885,0
22.18555700387764,88.16044815005,0
22.18555700387764,88.16943130289121,0
22.18555700387764,88.17841445573242,0
22.18555700387764,88.18739760857363,4
22.18555700387764,88.19638076141479,6
22.18555700387764,88.205363914256,6
22.18555700387764,88.21434706709721,6
22.18555700387764,88.22333021993836,7
22.18555700387764,88.23231337277957,7
22.18555700387764,88.24129652562078,5
22.18555700387764,88.250279678462,6
22.18555700387764,88.25926283130315,5
22.18555700387764,88.26824598414436,5
22.18555700387764,88.27722913698557,5
22.18555700387764,88.28621228982678,4
22.18555700387764,88.29519544266793,6
22.176573851036444,87.50467799264277,14
22.176573851036444,87.51366114548398,14
22.176573851036444,87.52264429832513,14
22.176573851036444,87.53162745116634,13
22.176573851036444,87.54061060400755,12
22.176573851036444,87.54959375684876,11
22.176573851036444,87.55857690968992,12
22.176573851036444,87.56756006253113,10
22.176573851036444,87.57654321537234,10
22.176573851036444,87.58552636821355,8
22.176573851036444,87.5945095210547,10
22.176573851036444,87.60349267389591,12
22.176573851036444,87.61247582673712,9
22.176573851036444,87.62145897957834,9
22.176573851036444,87.63044213241949,8
22.176573851036444,87.6394252852607,8
22.176573851036444,87.64840843810191,7
22.176573851036444,87.65739159094306,7
22.176573851036444,87.66637474378427,7
22.176573851036444,87.67535789662548,8
22.176573851036444,87.6843410494667,8
22.176573851036444,87.69332420230785,6
22.176573851036444,87.70230735514906,6
22.176573851036444,87.71129050799027,7
22.176573851036444,87.72027366083148,8
22.176573851036444,87.72925681367263,6
22.176573851036444,87.73823996651385,7
22.176573851036444,87.74722311935506,7
22.176573851036444,87.75620627219621,6
22.176573851036444,87.76518942503742,5
22.176573851036444,87.77417257787863,6
22.176573851036444,87.78315573071984,6
22.176573851036444,87.792138883561,7
22.176573851036444,87.8011220364022,6
22.176573851036444,87.81010518924342,6
22.176573851036444,87.81908834208463,7
22.176573851036444,87.82807149492578,8
22.176573851036444,87.83705464776699,7
22.176573851036444,87.8460378006082,7
22.176573851036444,87.85502095344941,6
22.176573851036444,87.86400410629057,6
22.176573851036444,87.87298725913178,7
22.176573851036444,87.88197041197299,6
22.176573851036444,87.89095356481414,6
22.176573851036444,87.89993671765535,6
22.176573851036444,87.90891987049656,6
22.176573851036444,87.91790302333777,5
22.176573851036444,87.92688617617893,4
22.176573851036444,87.93586932902014,4
22.176573851036444,87.94485248186135,5
22.176573851036444,87.95383563470256,5
22.176573851036444,87.96281878754371,5
22.176573851036444,87.97180194038492,6
22.176573851036444,87.98078509322613,7
22.176573851036444,87.98976824606729,7
22.176573851036444,87.9987513989085,6
22.176573851036444,88.0077345517497,6
22.176573851036444,88.01671770459092,6
22.176573851036444,88.02570085743207,5
22.176573851036444,88.03468401027328,6
22.176573851036444,88.04366716311449,5
22.176573851036444,88.0526503159557,5
22.176573851036444,88.06163346879686,6
22.176573851036444,88.07061662163807,7
22.176573851036444,88.07959977447928,6
22.176573851036444,88.08858292732049,6
22.176573851036444,88.09756608016164,7
22.176573851036444,88.10654923300285,6
22.176573851036444,88.11553238584406,6
22.176573851036444,88.12451553868522,7
22.176573851036444,88.13349869152643,5
22.176573851036444,88.14248184436764,1
22.176573851036444,88.15146499720885,0
22.176573851036444,88.16044815005,0
22.176573851036444,88.16943130289121,0
22.176573851036444,88.17841445573242,0
22.176573851036444,88.18739760857363,0
22.176573851036444,88.19638076141479,4
22.176573851036444,88.205363914256,8
22.176573851036444,88.21434706709721,6
22.176573851036444,88.22333021993836,6
22.176573851036444,88.23231337277957,7
22.176573851036444,88.24129652562078,7
22.176573851036444,88.250279678462,7
22.176573851036444,88.25926283130315,7
22.176573851036444,88.26824598414436,6
22.176573851036444,88.27722913698557,6
22.176573851036444,88.28621228982678,5
22.176573851036444,88.29519544266793,5
22.167590698195248,87.50467799264277,13
22.167590698195248,87.51366114548398,14
22.167590698195248,87.52264429832513,14
22.167590698195248,87.53162745116634,13
22.167590698195248,87.54061060400755,12
22.167590698195248,87.54959375684876,10
22.167590698195248,87.55857690968992,11
22.167590698195248,87.56756006253113,9
22.167590698195248,87.57654321537234,7
22.167590698195248,87.58552636821355,9
22.167590698195248,87.5945095210547,7
22.167590698195248,87.60349267389591,10
22.167590698195248,87.61247582673712,8
22.167590698195248,87.62145897957834,9
22.167590698195248,87.63044213241949,9
22.167590698195248,87.6394252852607,9
22.167590698195248,87.64840843810191,8
22.167590698195248,87.65739159094306,8
22.167590698195248,87.66637474378427,8
22.167590698195248,87.67535789662548,7
22.167590698195248,87.6843410494667,7
22.167590698195248,87.69332420230785,5
22.167590698195248,87.70230735514906,7
22.167590698195248,87.71129050799027,6
22.167590698195248,87.72027366083148,4
22.167590698195248,87.72925681367263,5
22.167590698195248,87.73823996651385,5
22.167590698195248,87.74722311935506,5
22.167590698195248,87.75620627219621,6
22.167590698195248,87.76518942503742,6
22.167590698195248,87.77417257787863,7
22.167590698195248,87.78315573071984,6
22.167590698195248,87.792138883561,7
22.167590698195248,87.8011220364022,7
22.167590698195248,87.81010518924342,7
22.167590698195248,87.81908834208463,7
22.167590698195248,87.82807149492578,6
22.167590698195248,87.83705464776699,7
22.167590698195248,87.8460378006082,6
22.167590698195248,87.85502095344941,6
22.167590698195248,87.86400410629057,7
22.167590698195248,87.87298725913178,8
22.167590698195248,87.88197041197299,7
22.167590698195248,87.89095356481414,8
22.167590698195248,87.89993671765535,7
22.167590698195248,87.90891987049656,6
22.167590698195248,87.91790302333777,5
22.167590698195248,87.92688617617893,5
22.167590698195248,87.93586932902014,5
22.167590698195248,87.94485248186135,5
22.167590698195248,87.95383563470256,5
22.167590698195248,87.96281878754371,6
22.167590698195248,87.97180194038492,6
22.167590698195248,87.98078509322613,6
22.167590698195248,87.98976824606729,7
22.167590698195248,87.9987513989085,6
22.167590698195248,88.0077345517497,5
22.167590698195248,88.01671770459092,6
22.167590698195248,88.02570085743207,5
22.167590698195248,88.03468401027328,5
22.167590698195248,88.04366716311449,5
22.167590698195248,88.0526503159557,6
22.167590698195248,88.06163346879686,6
22.167590698195248,88.07061662163807,7
22.167590698195248,88.07959977447928,6
22.167590698195248,88.08858292732049,7
22.167590698195248,88.09756608016164,6
22.167590698195248,88.10654923300285,6
22.167590698195248,88.11553238584406,7
22.167590698195248,88.12451553868522,6
22.167590698195248,88.13349869152643,5
22.167590698195248,88.14248184436764,4
22.167590698195248,88.15146499720885,0
22.167590698195248,88.16044815005,0
22.167590698195248,88.16943130289121,0
22.167590698195248,88.17841445573242,0
22.167590698195248,88.18739760857363,0
22.167590698195248,88.19638076141479,1
22.167590698195248,88.205363914256,6
22.167590698195248,88.21434706709721,5
22.167590698195248,88.22333021993836,7
22.167590698195248,88.23231337277957,6
22.167590698195248,88.24129652562078,5
22.167590698195248,88.250279678462,7
22.167590698195248,88.25926283130315,5
22.167590698195248,88.26824598414436,6
22.167590698195248,88.27722913698557,6
22.167590698195248,88.28621228982678,6
22.167590698195248,88.29519544266793,5
22.15860754535405,87.50467799264277,14
22.15860754535405,87.51366114548398,13
22.15860754535405,87.52264429832513,12
22.15860754535405,87.53162745116634,12
22.15860754535405,87.54061060400755,11
22.15860754535405,87.54959375684876,10
22.15860754535405,87.55857690968992,9
22.15860754535405,87.56756006253113,9
22.15860754535405,87.57654321537234,8
22.15860754535405,87.58552636821355,9
22.15860754535405,87.5945095210547,8
22.15860754535405,87.60349267389591,8
22.15860754535405,87.61247582673712,9
22.15860754535405,87.62145897957834,9
22.15860754535405,87.63044213241949,9
22.15860754535405,87.6394252852607,8
22.15860754535405,87.64840843810191,7
22.15860754535405,87.65739159094306,9
22.15860754535405,87.66637474378427,6
22.15860754535405,87.67535789662548,8
22.15860754535405,87.6843410494667,6
22.15860754535405,87.69332420230785,5
22.15860754535405,87.70230735514906,7
22.15860754535405,87.71129050799027,6
22.15860754535405,87.72027366083148,3
22.15860754535405,87.72925681367263,4
22.15860754535405,87.73823996651385,4
22.15860754535405,87.74722311935506,7
22.15860754535405,87.75620627219621,7
22.15860754535405,87.76518942503742,6
22.15860754535405,87.77417257787863,7
22.15860754535405,87.78315573071984,6
22.15860754535405,87.792138883561,6
22.15860754535405,87.8011220364022,6
22.15860754535405,87.81010518924342,6
22.15860754535405,87.81908834208463,6
22.15860754535405,87.82807149492578,6
22.15860754535405,87.83705464776699,6
22.15860754535405,87.8460378006082,7
22.15860754535405,87.85502095344941,7
22.15860754535405,87.86400410629057,6
22.15860754535405,87.87298725913178,7
22.15860754535405,87.88197041197299,6
22.15860754535405,87.89095356481414,5
22.15860754535405,87.89993671765535,6
22.15860754535405,87.90891987049656,5
22.15860754535405,87.91790302333777,6
22.15860754535405,87.92688617617893,7
22.15860754535405,87.93586932902014,6
22.15860754535405,87.94485248186135,5
22.15860754535405,87.95383563470256,5
22.15860754535405,87.96281878754371,6
22.15860754535405,87.97180194038492,7
22.15860754535405,87.98078509322613,7
22.15860754535405,87.98976824606729,5
22.15860754535405,87.9987513989085,6
22.15860754535405,88.0077345517497,5
22.15860754535405,88.01671770459092,5
22.15860754535405,88.02570085743207,7
22.15860754535405,88.03468401027328,5
22.15860754535405,88.04366716311449,6
22.15860754535405,88.0526503159557,6
22.15860754535405,88.06163346879686,6
22.15860754535405,88.07061662163807,6
22.15860754535405,88.07959977447928,6
22.15860754535405,88.08858292732049,6
22.15860754535405,88.09756608016164,6
22.15860754535405,88.10654923300285,6
22.15860754535405,88.11553238584406,7
22.15860754535405,88.12451553868522,5
22.15860754535405,88.13349869152643,6
22.15860754535405,88.14248184436764,5
22.15860754535405,88.15146499720885,2
22.15860754535405,88.16044815005,0
22.15860754535405,88.16943130289121,0
22.15860754535405,88.17841445573242,0
22.15860754535405,88.18739760857363,0
22.15860754535405,88.19638076141479,0
22.15860754535405,88.205363914256,2
22.15860754535405,88.21434706709721,4
22.15860754535405,88.22333021993836,6
22.15860754535405,88.23231337277957,6
22.15860754535405,88.24129652562078,6
22.15860754535405,88.250279678462,5
22.15860754535405,88.25926283130315,5
22.15860754535405,88.26824598414436,6
22.15860754535405,88.27722913698557,6
22.15860754535405,88.28621228982678,6
22.15860754535405,88.29519544266793,7
22.149624392512855,87.50467799264277,11
22.149624392512855,87.51366114548398,11
22.149624392512855,87.52264429832513,11
22.149624392512855,87.53162745116634,10
22.149624392512855,87.54061060400755,10
22.149624392512855,87.54959375684876,11
22.149624392512855,87.55857690968992,8
22.149624392512855,87.56756006253113,8
22.149624392512855,87.57654321537234,9
22.149624392512855,87.58552636821355,9
22.149624392512855,87.5945095210547,7
22.149624392512855,87.60349267389591,9
22.149624392512855,87.61247582673712,9
22.149624392512855,87.62145897957834,8
22.149624392512855,87.63044213241949,7
22.149624392512855,87.6394252852607,6
22.149624392512855,87.64840843810191,7
22.149624392512855,87.65739159094306,6
22.149624392512855,87.66637474378427,5
22.149624392512855,87.67535789662548,4
22.149624392512855,87.6843410494667,7
22.149624392512855,87.69332420230785,6
22.149624392512855,87.70230735514906,7
22.149624392512855,87.71129050799027,5
22.149624392512855,87.72027366083148,4
22.149624392512855,87.72925681367263,5
22.149624392512855,87.73823996651385,6
22.149624392512855,87.74722311935506,6
22.149624392512855,87.75620627219621,5
22.149624392512855,87.76518942503742,6
22.149624392512855,87.77417257787863,5
22.149624392512855,87.78315573071984,4
22.149624392512855,87.792138883561,6
22.149624392512855,87.8011220364022,5
22.149624392512855,87.81010518924342,5
22.149624392512855,87.81908834208463,6
22.149624392512855,87.82807149492578,6
22.149624392512855,87.83705464776699,5
22.149624392512855,87.8460378006082,6
22.149624392512855,87.85502095344941,5
22.149624392512855,87.86400410629057,7
22.149624392512855,87.87298725913178,5
22.149624392512855,87.88197041197299,6
22.149624392512855,87.89095356481414,7
22.149624392512855,87.89993671765535,6
22.149624392512855,87.90891987049656,5
22.149624392512855,87.91790302333777,5
22.149624392512855,87.92688617617893,7
22.149624392512855,87.93586932902014,5
22.149624392512855,87.94485248186135,7
22.149624392512855,87.95383563470256,7
22.149624392512855,87.96281878754371,6
22.149624392512855,87.97180194038492,6
22.149624392512855,87.98078509322613,6
22.149624392512855,87.98976824606729,5
22.149624392512855,87.9987513989085,6
22.149624392512855,88.0077345517497,5
22.149624392512855,88.01671770459092,5
22.149624392512855,88.02570085743207,8
22.149624392512855,88.03468401027328,6
22.149624392512855,88.04366716311449,6
22.149624392512855,88.0526503159557,7
22.149624392512855,88.06163346879686,5
22.149624392512855,88.07061662163807,5
22.149624392512855,88.07959977447928,6
22.149624392512855,88.08858292732049,6
22.149624392512855,88.09756608016164,6
22.149624392512855,88.10654923300285,6
22.149624392512855,88.11553238584406,6
22.149624392512855,88.12451553868522,5
22.149624392512855,88.13349869152643,6
22.149624392512855,88.14248184436764,5
22.149624392512855,88.15146499720885,6
22.149624392512855,88.16044815005,2
22.149624392512855,88.16943130289121,0
22.149624392512855,88.17841445573242,0
22.149624392512855,88.18739760857363,0
22.149624392512855,88.19638076141479,0
22.149624392512855,88.205363914256,1
22.149624392512855,88.21434706709721,5
22.149624392512855,88.22333021993836,4
22.149624392512855,88.23231337277957,4
22.149624392512855,88.24129652562078,6
22.149624392512855,88.250279678462,5
22.149624392512855,88.25926283130315,6
22.149624392512855,88.26824598414436,6
22.149624392512855,88.27722913698557,6
22.149624392512855,88.28621228982678,6
22.149624392512855,88.29519544266793,5
22.140641239671666,87.50467799264277,10
22.140641239671666,87.51366114548398,12
22.140641239671666,87.52264429832513,9
22.140641239671666,87.53162745116634,10
22.140641239671666,87.54061060400755,9
22.140641239671666,87.54959375684876,8
22.140641239671666,87.55857690968992,10
22.140641239671666,87.56756006253113,7
22.140641239671666,87.57654321537234,8
22.140641239671666,87.58552636821355,7
22.140641239671666,87.5945095210547,7
22.140641239671666,87.60349267389591,8
22.140641239671666,87.61247582673712,7
22.140641239671666,87.62145897957834,8
22.140641239671666,87.63044213241949,7
22.140641239671666,87.6394252852607,5
22.140641239671666,87.64840843810191,5
22.140641239671666,87.65739159094306,5
22.140641239671666,87.66637474378427,6
22.140641239671666,87.67535789662548,5
22.140641239671666,87.6843410494667,5
22.140641239671666,87.69332420230785,7
22.140641239671666,87.70230735514906,7
22.140641239671666,87.71129050799027,4
22.140641239671666,87.72027366083148,5
22.140641239671666,87.72925681367263,5
22.140641239671666,87.73823996651385,4
22.140641239671666,87.74722311935506,4
22.140641239671666,87.75620627219621,4
22.140641239671666,87.76518942503742,5
22.140641239671666,87.77417257787863,5
22.140641239671666,87.78315573071984,6
22.140641239671666,87.792138883561,6
22.140641239671666,87.8011220364022,5
22.140641239671666,87.81010518924342,6
22.140641239671666,87.81908834208463,7
22.140641239671666,87.82807149492578,7
22.140641239671666,87.83705464776699,6
22.140641239671666,87.8460378006082,6
22.140641239671666,87.85502095344941,6
22.140641239671666,87.86400410629057,7
22.140641239671666,87.87298725913178,7
22.140641239671666,87.88197041197299,6
22.140641239671666,87.89095356481414,6
22.140641239671666,87.89993671765535,7
22.140641239671666,87.90891987049656,8
22.140641239671666,87.91790302333777,7
22.140641239671666,87.92688617617893,8
22.140641239671666,87.93586932902014,5
22.140641239671666,87.94485248186135,6
22.140641239671666,87.95383563470256,7
22.140641239671666,87.96281878754371,6
22.140641239671666,87.97180194038492,6
22.140641239671666,87.98078509322613,6
22.140641239671666,87.98976824606729,7
22.140641239671666,87.9987513989085,4
22.140641239671666,88.0077345517497,6
22.140641239671666,88.01671770459092,6
22.140641239671666,88.02570085743207,7
22.140641239671666,88.03468401027328,6
22.140641239671666,88.04366716311449,6
22.140641239671666,88.0526503159557,5
22.140641239671666,88.06163346879686,6
22.140641239671666,88.07061662163807,8
22.140641239671666,88.07959977447928,7
22.140641239671666,88.08858292732049,8
22.140641239671666,88.09756608016164,6
22.140641239671666,88.10654923300285,7
22.140641239671666,88.11553238584406,5
22.140641239671666,88.12451553868522,6
22.140641239671666,88.13349869152643,7
22.140641239671666,88.14248184436764,6
22.140641239671666,88.15146499720885,7
22.140641239671666,88.16044815005,5
22.140641239671666,88.16943130289121,1
22.140641239671666,88.17841445573242,0
22.140641239671666,88.18739760857363,0
22.140641239671666,88.19638076141479,0
22.140641239671666,88.205363914256,1
22.140641239671666,88.21434706709721,5
22.140641239671666,88.22333021993836,7
22.140641239671666,88.23231337277957,4
22.140641239671666,88.24129652562078,5
22.140641239671666,88.250279678462,5
22.140641239671666,88.25926283130315,5
22.140641239671666,88.26824598414436,5
22.140641239671666,88.27722913698557,5
22.140641239671666,88.28621228982678,7
22.140641239671666,88.29519544266793,5
22.13165808683047,87.50467799264277,10
22.13165808683047,87.51366114548398,9
22.13165808683047,87.52264429832513,9
22.13165808683047,87.53162745116634,11
22.13165808683047,87.54061060400755,8
22.13165808683047,87.54959375684876,9
22.13165808683047,87.55857690968992,9
22.13165808683047,87.56756006253113,8
22.13165808683047,87.57654321537234,6
22.13165808683047,87.58552636821355,6
22.13165808683047,87.5945095210547,7
22.13165808683047,87.60349267389591,7
22.13165808683047,87.61247582673712,6
22.13165808683047,87.62145897957834,7
22.13165808683047,87.63044213241949,6
22.13165808683047,87.6394252852607,5
22.13165808683047,87.64840843810191,5
22.13165808683047,87.65739159094306,4
22.13165808683047,87.66637474378427,4
22.13165808683047,87.67535789662548,5
22.13165808683047,87.6843410494667,6
22.13165808683047,87.69332420230785,6
22.13165808683047,87.70230735514906,7
22.13165808683047,87.71129050799027,4
22.13165808683047,87.72027366083148,5
22.13165808683047,87.72925681367263,4
22.13165808683047,87.73823996651385,5
22.13165808683047,87.74722311935506,5
22.13165808683047,87.75620627219621,5
22.13165808683047,87.76518942503742,5
22.13165808683047,87.77417257787863,5
22.13165808683047,87.78315573071984,5
22.13165808683047,87.792138883561,5
22.13165808683047,87.8011220364022,6
22.13165808683047,87.81010518924342,7
22.13165808683047,87.81908834208463,6
22.13165808683047,87.82807149492578,6
22.13165808683047,87.83705464776699,5
22.13165808683047,87.8460378006082,5
22.13165808683047,87.85502095344941,7
22.13165808683047,87.86400410629057,6
22.13165808683047,87.87298725913178,6
22.13165808683047,87.88197041197299,6
22.13165808683047,87.89095356481414,6
22.13165808683047,87.89993671765535,5
22.13165808683047,87.90891987049656,5
22.13165808683047,87.91790302333777,6
22.13165808683047,87.92688617617893,7
22.13165808683047,87.93586932902014,6
22.13165808683047,87.94485248186135,6
22.13165808683047,87.95383563470256,6
22.13165808683047,87.96281878754371,9
22.13165808683047,87.97180194038492,6
22.13165808683047,87.98078509322613,6
22.13165808683047,87.98976824606729,5
22.13165808683047,87.9987513989085,6
22.13165808683047,88.0077345517497,6
22.13165808683047,88.01671770459092,6
22.13165808683047,88.02570085743207,7
22.13165808683047,88.03468401027328,7
22.13165808683047,88.04366716311449,7
22.13165808683047,88.0526503159557,7
22.13165808683047,88.06163346879686,6
22.13165808683047,88.07061662163807,6
22.13165808683047,88.07959977447928,7
22.13165808683047,88.08858292732049,8
22.13165808683047,88.09756608016164,7
22.13165808683047,88.10654923300285,6
22.13165808683047,88.11553238584406,5
22.13165808683047,88.12451553868522,4
22.13165808683047,88.13349869152643,6
22.13165808683047,88.14248184436764,6
22.13165808683047,88.15146499720885,6
22.13165808683047,88.16044815005,7
22.13165808683047,88.16943130289121,5
22.13165808683047,88.17841445573242,1
22.13165808683047,88.18739760857363,0
22.13165808683047,88.19638076141479,0
22.13165808683047,88.205363914256,1
22.13165808683047,88.21434706709721,5
22.13165808683047,88.22333021993836,5
22.13165808683047,88.23231337277957,5
22.13165808683047,88.24129652562078,5
22.13165808683047,88.250279678462,5
22.13165808683047,88.25926283130315,6
22.13165808683047,88.26824598414436,6
22.13165808683047,88.27722913698557,5
22.13165808683047,88.28621228982678,5
22.13165808683047,88.29519544266793,6
22.122674933989273,87.50467799264277,10
22.122674933989273,87.51366114548398,8
22.122674933989273,87.52264429832513,9
22.122674933989273,87.53162745116634,10
22.122674933989273,87.54061060400755,9
22.122674933989273,87.54959375684876,8
22.122674933989273,87.55857690968992,7
22.122674933989273,87.56756006253113,9
22.122674933989273,87.57654321537234,8
22.122674933989273,87.58552636821355,8
22.122674933989273,87.5945095210547,5
22.122674933989273,87.60349267389591,7
22.122674933989273,87.61247582673712,6
22.122674933989273,87.62145897957834,6
22.122674933989273,87.63044213241949,5
22.122674933989273,87.6394252852607,6
22.122674933989273,87.64840843810191,5
22.122674933989273,87.65739159094306,5
22.122674933989273,87.66637474378427,5
22.122674933989273,87.67535789662548,6
22.122674933989273,87.6843410494667,7
22.122674933989273,87.69332420230785,5
22.122674933989273,87.70230735514906,4
22.122674933989273,87.71129050799027,4
22.122674933989273,87.72027366083148,4
22.122674933989273,87.72925681367263,4
22.122674933989273,87.73823996651385,4
22.122674933989273,87.74722311935506,4
22.122674933989273,87.75620627219621,5
22.122674933989273,87.76518942503742,4
22.122674933989273,87.77417257787863,5
22.122674933989273,87.78315573071984,6
22.122674933989273,87.792138883561,5
22.122674933989273,87.8011220364022,6
22.122674933989273,87.81010518924342,6
22.122674933989273,87.81908834208463,9
22.122674933989273,87.82807149492578,7
22.122674933989273,87.83705464776699,6
22.122674933989273,87.8460378006082,5
22.122674933989273,87.85502095344941,5
22.122674933989273,87.86400410629057,5
22.122674933989273,87.87298725913178,6
22.122674933989273,87.88197041197299,6
22.122674933989273,87.89095356481414,6
22.122674933989273,87.89993671765535,6
22.122674933989273,87.90891987049656,6
22.122674933989273,87.91790302333777,8
22.122674933989273,87.92688617617893,6
22.122674933989273,87.93586932902014,5
22.122674933989273,87.94485248186135,6
22.122674933989273,87.95383563470256,8
22.122674933989273,87.96281878754371,8
22.122674933989273,87.97180194038492,7
22.122674933989273,87.98078509322613,6
22.122674933989273,87.98976824606729,6
22.122674933989273,87.9987513989085,7
22.122674933989273,88.0077345517497,6
22.122674933989273,88.01671770459092,6
22.122674933989273,88.02570085743207,5
22.122674933989273,88.03468401027328,6
22.122674933989273,88.04366716311449,6
22.122674933989273,88.0526503159557,6
22.122674933989273,88.06163346879686,7
22.122674933989273,88.07061662163807,6
22.122674933989273,88.07959977447928,7
22.122674933989273,88.08858292732049,6
22.122674933989273,88.09756608016164,5
22.122674933989273,88.10654923300285,7
22.122674933989273,88.11553238584406,7
22.122674933989273,88.12451553868522,6
22.122674933989273,88.13349869152643,7
22.122674933989273,88.14248184436764,6
22.122674933989273,88.15146499720885,7
22.122674933989273,88.16044815005,7
22.122674933989273,88.16943130289121,5
22.122674933989273,88.17841445573242,4
22.122674933989273,88.18739760857363,1
22.122674933989273,88.19638076141479,0
22.122674933989273,88.205363914256,0
22.122674933989273,88.21434706709721,4
22.122674933989273,88.22333021993836,5
22.122674933989273,88.23231337277957,5
22.122674933989273,88.24129652562078,6
22.122674933989273,88.250279678462,5
22.122674933989273,88.25926283130315,6
22.122674933989273,88.26824598414436,6
22.122674933989273,88.27722913698557,5
22.122674933989273,88.28621228982678,6
22.122674933989273,88.29519544266793,5
22.113691781148077,87.50467799264277,10
22.113691781148077,87.51366114548398,9
22.113691781148077,87.52264429832513,7
22.113691781148077,87.53162745116634,7
22.113691781148077,87.54061060400755,8
22.113691781148077,87.54959375684876,7
22.113691781148077,87.55857690968992,7
22.113691781148077,87.56756006253113,7
22.113691781148077,87.57654321537234,9
22.113691781148077,87.58552636821355,6
22.113691781148077,87.5945095210547,4
22.113691781148077,87.60349267389591,4
22.113691781148077,87.61247582673712,4
22.113691781148077,87.62145897957834,6
22.113691781148077,87.63044213241949,6
22.113691781148077,87.6394252852607,4
22.113691781148077,87.64840843810191,4
22.113691781148077,87.65739159094306,5
22.113691781148077,87.66637474378427,5
22.113691781148077,87.67535789662548,6
22.113691781148077,87.6843410494667,5
22.113691781148077,87.69332420230785,4
22.113691781148077,87.70230735514906,4
22.113691781148077,87.71129050799027,4
22.113691781148077,87.72027366083148,5
22.113691781148077,87.72925681367263,5
22.113691781148077,87.73823996651385,4
22.113691781148077,87.74722311935506,5
22.113691781148077,87.75620627219621,5
22.113691781148077,87.76518942503742,4
22.113691781148077,87.77417257787863,6
22.113691781148077,87.78315573071984,6
22.113691781148077,87.792138883561,6
22.113691781148077,87.8011220364022,6
22.113691781148077,87.81010518924342,5
22.113691781148077,87.81908834208463,5
22.113691781148077,87.82807149492578,6
22.113691781148077,87.83705464776699,5
22.113691781148077,87.8460378006082,5
22.113691781148077,87.85502095344941,5
22.113691781148077,87.86400410629057,6
22.113691781148077,87.87298725913178,6
22.113691781148077,87.88197041197299,6
22.113691781148077,87.89095356481414,7
22.113691781148077,87.89993671765535,7
22.113691781148077,87.90891987049656,6
22.113691781148077,87.91790302333777,6
22.113691781148077,87.92688617617893,6
22.113691781148077,87.93586932902014,7
22.113691781148077,87.94485248186135,5
22.113691781148077,87.95383563470256,8
22.113691781148077,87.96281878754371,7
22.113691781148077,87.97180194038492,8
22.113691781148077,87.98078509322613,7
22.113691781148077,87.98976824606729,7
22.113691781148077,87.9987513989085,7
22.113691781148077,88.0077345517497,6
22.113691781148077,88.01671770459092,7
22.113691781148077,88.02570085743207,7
22.113691781148077,88.03468401027328,7
22.113691781148077,88.04366716311449,8
22.113691781148077,88.0526503159557,6
22.113691781148077,88.06163346879686,7
22.113691781148077,88.07061662163807,6
22.113691781148077,88.07959977447928,7
22.113691781148077,88.08858292732049,8
22.113691781148077,88.09756608016164,6
22.113691781148077,88.10654923300285,5
22.113691781148077,88.11553238584406,6
22.113691781148077,88.12451553868522,6
22.113691781148077,88.13349869152643,5
22.113691781148077,88.14248184436764,6
22.113691781148077,88.15146499720885,6
22.113691781148077,88.16044815005,5
22.113691781148077,88.16943130289121,6
22.113691781148077,88.17841445573242,6
22.113691781148077,88.18739760857363,4
22.113691781148077,88.19638076141479,0
22.113691781148077,88.205363914256,0
22.113691781148077,88.21434706709721,2
22.113691781148077,88.22333021993836,5
22.113691781148077,88.23231337277957,5
22.113691781148077,88.24129652562078,5
22.113691781148077,88.250279678462,4
22.113691781148077,88.25926283130315,4
22.113691781148077,88.26824598414436,5
22.113691781148077,88.27722913698557,4
22.113691781148077,88.28621228982678,4
22.113691781148077,88.29519544266793,5
22.10470862830688,87.50467799264277,9
22.10470862830688,87.51366114548398,8
22.10470862830688,87.52264429832513,8
22.10470862830688,87.53162745116634,7
22.10470862830688,87.54061060400755,6
22.10470862830688,87.54959375684876,6
22.10470862830688,87.55857690968992,5
22.10470862830688,87.56756006253113,5
22.10470862830688,87.57654321537234,5
22.10470862830688,87.58552636821355,4
22.10470862830688,87.5945095210547,5
22.10470862830688,87.60349267389591,4
22.10470862830688,87.61247582673712,2
22.10470862830688,87.62145897957834,4
22.10470862830688,87.63044213241949,6
22.10470862830688,87.6394252852607,5
22.10470862830688,87.64840843810191,5
22.10470862830688,87.65739159094306,6
22.10470862830688,87.66637474378427,7
22.10470862830688,87.67535789662548,5
22.10470862830688,87.6843410494667,5
22.10470862830688,87.69332420230785,6
22.10470862830688,87.70230735514906,5
22.10470862830688,87.71129050799027,5
22.10470862830688,87.72027366083148,5
22.10470862830688,87.72925681367263,5
22.10470862830688,87.73823996651385,7
22.10470862830688,87.74722311935506,6
22.10470862830688,87.75620627219621,7
22.10470862830688,87.76518942503742,8
22.10470862830688,87.77417257787863,7
22.10470862830688,87.78315573071984,5
22.10470862830688,87.792138883561,4
22.10470862830688,87.8011220364022,6
22.10470862830688,87.81010518924342,5
22.10470862830688,87.81908834208463,5
22.10470862830688,87.82807149492578,5
22.10470862830688,87.83705464776699,6
22.10470862830688,87.8460378006082,5
22.10470862830688,87.85502095344941,6
22.10470862830688,87.86400410629057,6
22.10470862830688,87.87298725913178,6
22.10470862830688,87.88197041197299,7
22.10470862830688,87.89095356481414,6
22.10470862830688,87.89993671765535,6
22.10470862830688,87.90891987049656,6
22.10470862830688,87.91790302333777,5
22.10470862830688,87.92688617617893,5
22.10470862830688,87.93586932902014,7
22.10470862830688,87.94485248186135,7
22.10470862830688,87.95383563470256,5
22.10470862830688,87.96281878754371,6
22.10470862830688,87.97180194038492,2
22.10470862830688,87.98078509322613,2
22.10470862830688,87.98976824606729,2
22.10470862830688,87.9987513989085,7
22.10470862830688,88.0077345517497,7
22.10470862830688,88.01671770459092,6
22.10470862830688,88.02570085743207,7
22.10470862830688,88.03468401027328,6
22.10470862830688,88.04366716311449,7
22.10470862830688,88.0526503159557,5
22.10470862830688,88.06163346879686,6
22.10470862830688,88.07061662163807,6
22.10470862830688,88.07959977447928,6
22.10470862830688,88.08858292732049,7
22.10470862830688,88.09756608016164,7
22.10470862830688,88.10654923300285,7
22.10470862830688,88.11553238584406,6
22.10470862830688,88.12451553868522,5
22.10470862830688,88.13349869152643,5
22.10470862830688,88.14248184436764,6
22.10470862830688,88.15146499720885,6
22.10470862830688,88.16044815005,6
22.10470862830688,88.16943130289121,6
22.10470862830688,88.17841445573242,6
22.10470862830688,88.18739760857363,2
22.10470862830688,88.19638076141479,0
22.10470862830688,88.205363914256,0
22.10470862830688,88.21434706709721,0
22.10470862830688,88.22333021993836,5
22.10470862830688,88.23231337277957,5
22.10470862830688,88.24129652562078,6
22.10470862830688,88.250279678462,6
22.10470862830688,88.25926283130315,5
22.10470862830688,88.26824598414436,5
22.10470862830688,88.27722913698557,5
22.10470862830688,88.28621228982678,4
22.10470862830688,88.29519544266793,5
22.095725475465684,87.50467799264277,8
22.095725475465684,87.51366114548398,8
22.095725475465684,87.52264429832513,10
22.095725475465684,87.53162745116634,7
22.095725475465684,87.54061060400755,5
22.095725475465684,87.54959375684876,5
22.095725475465684,87.55857690968992,5
22.095725475465684,87.56756006253113,4
22.095725475465684,87.57654321537234,4
22.095725475465684,87.58552636821355,4
22.095725475465684,87.5945095210547,2
22.095725475465684,87.60349267389591,2
22.095725475465684,87.61247582673712,2
22.095725475465684,87.62145897957834,3
22.095725475465684,87.63044213241949,5
22.095725475465684,87.6394252852607,6
22.095725475465684,87.64840843810191,4
22.095725475465684,87.65739159094306,4
22.095725475465684,87.66637474378427,4
22.095725475465684,87.67535789662548,5
22.095725475465684,87.6843410494667,4
22.095725475465684,87.69332420230785,6
22.095725475465684,87.70230735514906,6
22.095725475465684,87.71129050799027,4
22.095725475465684,87.72027366083148,6
22.095725475465684,87.72925681367263,6
22.095725475465684,87.73823996651385,6
22.095725475465684,87.74722311935506,7
22.095725475465684,87.75620627219621,6
22.095725475465684,87.76518942503742,5
22.095725475465684,87.77417257787863,5
22.095725475465684,87.78315573071984,5
22.095725475465684,87.792138883561,5
22.095725475465684,87.8011220364022,4
22.095725475465684,87.81010518924342,6
22.095725475465684,87.81908834208463,6
22.095725475465684,87.82807149492578,6
22.095725475465684,87.83705464776699,6
22.095725475465684,87.8460378006082,7
22.095725475465684,87.85502095344941,6
22.095725475465684,87.86400410629057,7
22.095725475465684,87.87298725913178,6
22.095725475465684,87.88197041197299,7
22.095725475465684,87.89095356481414,8
22.095725475465684,87.89993671765535,7
22.095725475465684,87.90891987049656,7
22.095725475465684,87.91790302333777,7
22.095725475465684,87.92688617617893,7
22.095725475465684,87.93586932902014,6
22.095725475465684,87.94485248186135,8
22.095725475465684,87.95383563470256,7
22.095725475465684,87.96281878754371,6
22.095725475465684,87.97180194038492,5
22.095725475465684,87.98078509322613,6
22.095725475465684,87.98976824606729,3
22.095725475465684,87.9987513989085,4
22.095725475465684,88.0077345517497,7
22.095725475465684,88.01671770459092,7
22.095725475465684,88.02570085743207,8
22.095725475465684,88.03468401027328,8
22.095725475465684,88.04366716311449,8
22.095725475465684,88.0526503159557,8
22.095725475465684,88.06163346879686,7
22.095725475465684,88.07061662163807,7
22.095725475465684,88.07959977447928,7
22.095725475465684,88.08858292732049,7
22.095725475465684,88.09756608016164,6
22.095725475465684,88.10654923300285,5
22.095725475465684,88.11553238584406,6
22.095725475465684,88.12451553868522,6
22.095725475465684,88.13349869152643,7
22.095725475465684,88.14248184436764,5
22.095725475465684,88.15146499720885,6
22.095725475465684,88.16044815005,6
22.095725475465684,88.16943130289121,5
22.095725475465684,88.17841445573242,4
22.095725475465684,88.18739760857363,0
22.095725475465684,88.19638076141479,0
22.095725475465684,88.205363914256,0
22.095725475465684,88.21434706709721,0
22.095725475465684,88.22333021993836,4
22.095725475465684,88.23231337277957,5
22.095725475465684,88.24129652562078,6
22.095725475465684,88.250279678462,5
22.095725475465684,88.25926283130315,5
22.095725475465684,88.26824598414436,5
22.095725475465684,88.27722913698557,6
22.095725475465684,88.28621228982678,5
22.095725475465684,88.29519544266793,6
22.086742322624495,87.50467799264277,7
22.086742322624495,87.51366114548398,6
22.086742322624495,87.52264429832513,6
22.086742322624495,87.53162745116634,7
22.086742322624495,87.54061060400755,6
22.086742322624495,87.54959375684876,6
22.086742322624495,87.55857690968992,5
22.086742322624495,87.56756006253113,2
22.086742322624495,87.57654321537234,3
22.086742322624495,87.58552636821355,4
22.086742322624495,87.5945095210547,3
22.086742322624495,87.60349267389591,3
22.086742322624495,87.61247582673712,3
22.086742322624495,87.62145897957834,2
22.086742322624495,87.63044213241949,3
22.086742322624495,87.6394252852607,6
22.086742322624495,87.64840843810191,6
22.086742322624495,87.65739159094306,6
22.086742322624495,87.66637474378427,6
22.086742322624495,87.67535789662548,8
22.086742322624495,87.6843410494667,7
22.086742322624495,87.69332420230785,7
22.086742322624495,87.70230735514906,8
22.086742322624495,87.71129050799027,5
22.086742322624495,87.72027366083148,6
22.086742322624495,87.72925681367263,7
22.086742322624495,87.73823996651385,6
22.086742322624495,87.74722311935506,5
22.086742322624495,87.75620627219621,5
22.086742322624495,87.76518942503742,5
22.086742322624495,87.77417257787863,6
22.086742322624495,87.78315573071984,6
22.086742322624495,87.792138883561,5
22.086742322624495,87.8011220364022,5
22.086742322624495,87.81010518924342,6
22.086742322624495,87.81908834208463,5
22.086742322624495,87.82807149492578,6
22.086742322624495,87.83705464776699,6
22.086742322624495,87.8460378006082,6
22.086742322624495,87.85502095344941,6
22.086742322624495,87.86400410629057,6
22.086742322624495,87.87298725913178,7
22.086742322624495,87.88197041197299,6
22.086742322624495,87.89095356481414,7
22.086742322624495,87.89993671765535,7
22.086742322624495,87.90891987049656,7
22.086742322624495,87.91790302333777,6
22.086742322624495,87.92688617617893,7
22.086742322624495,87.93586932902014,6
22.086742322624495,87.94485248186135,7
22.086742322624495,87.95383563470256,7
22.086742322624495,87.96281878754371,8
22.086742322624495,87.97180194038492,7
22.086742322624495,87.98078509322613,8
22.086742322624495,87.98976824606729,8
22.086742322624495,87.9987513989085,2
22.086742322624495,88.0077345517497,2
22.086742322624495,88.01671770459092,6
22.086742322624495,88.02570085743207,7
22.086742322624495,88.03468401027328,9
22.086742322624495,88.04366716311449,8
22.086742322624495,88.0526503159557,8
22.086742322624495,88.06163346879686,8
22.086742322624495,88.07061662163807,7
22.086742322624495,88.07959977447928,8
22.086742322624495,88.08858292732049,8
22.086742322624495,88.09756608016164,6
22.086742322624495,88.10654923300285,5
22.086742322624495,88.11553238584406,5
22.086742322624495,88.12451553868522,6
22.086742322624495,88.13349869152643,7
22.086742322624495,88.14248184436764,7
22.086742322624495,88.15146499720885,7
22.086742322624495,88.16044815005,6
22.086742322624495,88.16943130289121,6
22.086742322624495,88.17841445573242,1
22.086742322624495,88.18739760857363,0
22.086742322624495,88.19638076141479,0
22.086742322624495,88.205363914256,0
22.086742322624495,88.21434706709721,0
22.086742322624495,88.22333021993836,3
22.086742322624495,88.23231337277957,7
22.086742322624495,88.24129652562078,6
22.086742322624495,88.250279678462,5
22.086742322624495,88.25926283130315,5
22.086742322624495,88.26824598414436,5
22.086742322624495,88.27722913698557,5
22.086742322624495,88.28621228982678,5
22.086742322624495,88.29519544266793,5
22.0777591697833,87.50467799264277,9
22.0777591697833,87.51366114548398,8
22.0777591697833,87.52264429832513,5
22.0777591697833,87.53162745116634,6
22.0777591697833,87.54061060400755,6
22.0777591697833,87.54959375684876,5
22.0777591697833,87.55857690968992,4
22.0777591697833,87.56756006253113,4
22.0777591697833,87.57654321537234,4
22.0777591697833,87.58552636821355,3
22.0777591697833,87.5945095210547,3
22.0777591697833,87.60349267389591,3
22.0777591697833,87.61247582673712,4
22.0777591697833,87.62145897957834,4
22.0777591697833,87.63044213241949,3
22.0777591697833,87.6394252852607,6
22.0777591697833,87.64840843810191,7
22.0777591697833,87.65739159094306,8
22.0777591697833,87.66637474378427,9
22.0777591697833,87.67535789662548,6
22.0777591697833,87.6843410494667,5
22.0777591697833,87.69332420230785,5
22.0777591697833,87.70230735514906,5
22.0777591697833,87.71129050799027,8
22.0777591697833,87.72027366083148,9
22.0777591697833,87.72925681367263,6
22.0777591697833,87.73823996651385,5
22.0777591697833,87.74722311935506,5
22.0777591697833,87.75620627219621,4
22.0777591697833,87.76518942503742,5
22.0777591697833,87.77417257787863,7
22.0777591697833,87.78315573071984,7
22.0777591697833,87.792138883561,5
22.0777591697833,87.8011220364022,5
22.0777591697833,87.81010518924342,5
22.0777591697833,87.81908834208463,6
22.0777591697833,87.82807149492578,6
22.0777591697833,87.83705464776699,5
22.0777591697833,87.8460378006082,5
22.0777591697833,87.85502095344941,6
22.0777591697833,87.86400410629057,5
22.0777591697833,87.87298725913178,6
22.0777591697833,87.88197041197299,7
22.0777591697833,87.89095356481414,7
22.0777591697833,87.89993671765535,8
22.0777591697833,87.90891987049656,7
22.0777591697833,87.91790302333777,6
22.0777591697833,87.92688617617893,7
22.0777591697833,87.93586932902014,7
22.0777591697833,87.94485248186135,7
22.0777591697833,87.95383563470256,7
22.0777591697833,87.96281878754371,7
22.0777591697833,87.97180194038492,7
22.0777591697833,87.98078509322613,7
22.0777591697833,87.98976824606729,7
22.0777591697833,87.9987513989085,7
22.0777591697833,88.0077345517497,4
22.0777591697833,88.01671770459092,1
22.0777591697833,88.02570085743207,6
22.0777591697833,88.03468401027328,8
22.0777591697833,88.04366716311449,7
22.0777591697833,88.0526503159557,8
22.0777591697833,88.06163346879686,8
22.0777591697833,88.07061662163807,6
22.0777591697833,88.07959977447928,7
22.0777591697833,88.08858292732049,6
22.0777591697833,88.09756608016164,7
22.0777591697833,88.10654923300285,6
22.0777591697833,88.11553238584406,6
22.0777591697833,88.12451553868522,5
22.0777591697833,88.13349869152643,8
22.0777591697833,88.14248184436764,7
22.0777591697833,88.15146499720885,7
22.0777591697833,88.16044815005,5
22.0777591697833,88.16943130289121,1
22.0777591697833,88.17841445573242,0
22.0777591697833,88.18739760857363,0
22.0777591697833,88.19638076141479,0
22.0777591697833,88.205363914256,0
22.0777591697833,88.21434706709721,0
22.0777591697833,88.22333021993836,4
22.0777591697833,88.23231337277957,7
22.0777591697833,88.24129652562078,6
22.0777591697833,88.250279678462,5
22.0777591697833,88.25926283130315,5
22.0777591697833,88.26824598414436,5
22.0777591697833,88.27722913698557,5
22.0777591697833,88.28621228982678,4
22.0777591697833,88.29519544266793,3
22.068776016942103,87.50467799264277,9
22.068776016942103,87.51366114548398,7
22.068776016942103,87.52264429832513,4
22.068776016942103,87.53162745116634,7
22.068776016942103,87.54061060400755,6
22.068776016942103,87.54959375684876,6
22.068776016942103,87.55857690968992,6
22.068776016942103,87.56756006253113,6
22.068776016942103,87.57654321537234,3
22.068776016942103,87.58552636821355,3
22.068776016942103,87.5945095210547,4
22.068776016942103,87.60349267389591,4
22.068776016942103,87.61247582673712,4
22.068776016942103,87.62145897957834,4
22.068776016942103,87.63044213241949,2
22.068776016942103,87.6394252852607,3
22.068776016942103,87.64840843810191,3
22.068776016942103,87.65739159094306,4
22.068776016942103,87.66637474378427,4
22.068776016942103,87.67535789662548,4
22.068776016942103,87.6843410494667,4
22.068776016942103,87.69332420230785,5
22.068776016942103,87.70230735514906,4
22.068776016942103,87.71129050799027,5
22.068776016942103,87.72027366083148,6
22.068776016942103,87.72925681367263,5
22.068776016942103,87.73823996651385,5
22.068776016942103,87.74722311935506,5
22.068776016942103,87.75620627219621,5
22.068776016942103,87.76518942503742,5
22.068776016942103,87.77417257787863,5
22.068776016942103,87.78315573071984,6
22.068776016942103,87.792138883561,5
22.068776016942103,87.8011220364022,6
22.068776016942103,87.81010518924342,5
22.068776016942103,87.81908834208463,7
22.068776016942103,87.82807149492578,5
22.068776016942103,87.83705464776699,5
22.068776016942103,87.8460378006082,4
22.068776016942103,87.85502095344941,6
22.068776016942103,87.86400410629057,5
22.068776016942103,87.87298725913178,6
22.068776016942103,87.88197041197299,6
22.068776016942103,87.89095356481414,7
22.068776016942103,87.89993671765535,7
22.068776016942103,87.90891987049656,6
22.068776016942103,87.91790302333777,7
22.068776016942103,87.92688617617893,7
22.068776016942103,87.93586932902014,7
22.068776016942103,87.94485248186135,6
22.068776016942103,87.95383563470256,7
22.068776016942103,87.96281878754371,7
22.068776016942103,87.97180194038492,7
22.068776016942103,87.98078509322613,8
22.068776016942103,87.98976824606729,7
22.068776016942103,87.9987513989085,8
22.068776016942103,88.0077345517497,8
22.068776016942103,88.01671770459092,3
22.068776016942103,88.02570085743207,0
22.068776016942103,88.03468401027328,5
22.068776016942103,88.04366716311449,8
22.068776016942103,88.0526503159557,8
22.068776016942103,88.06163346879686,7
22.068776016942103,88.07061662163807,8
22.068776016942103,88.07959977447928,8
22.068776016942103,88.08858292732049,6
22.068776016942103,88.09756608016164,6
22.068776016942103,88.10654923300285,9
22.068776016942103,88.11553238584406,6
22.068776016942103,88.12451553868522,6
22.068776016942103,88.13349869152643,7
22.068776016942103,88.14248184436764,7
22.068776016942103,88.15146499720885,4
22.068776016942103,88.16044815005,0
22.068776016942103,88.16943130289121,0
22.068776016942103,88.17841445573242,0
22.068776016942103,88.18739760857363,0
22.068776016942103,88.19638076141479,0
22.068776016942103,88.205363914256,0
22.068776016942103,88.21434706709721,0
22.068776016942103,88.22333021993836,4
22.068776016942103,88.23231337277957,6
22.068776016942103,88.24129652562078,6
22.068776016942103,88.250279678462,5
22.068776016942103,88.25926283130315,5
22.068776016942103,88.26824598414436,5
22.068776016942103,88.27722913698557,6
22.068776016942103,88.28621228982678,6
22.068776016942103,88.29519544266793,5
22.059792864100906,87.50467799264277,6
22.059792864100906,87.51366114548398,4
22.059792864100906,87.52264429832513,6
22.059792864100906,87.53162745116634,6
22.059792864100906,87.54061060400755,7
22.059792864100906,87.54959375684876,5
22.059792864100906,87.55857690968992,5
22.059792864100906,87.56756006253113,6
22.059792864100906,87.57654321537234,5
22.059792864100906,87.58552636821355,4
22.059792864100906,87.5945095210547,7
22.059792864100906,87.60349267389591,6
22.059792864100906,87.61247582673712,4
22.059792864100906,87.62145897957834,3
22.059792864100906,87.63044213241949,3
22.059792864100906,87.6394252852607,4
22.059792864100906,87.64840843810191,3
22.059792864100906,87.65739159094306,5
22.059792864100906,87.66637474378427,5
22.059792864100906,87.67535789662548,4
22.059792864100906,87.6843410494667,5
22.059792864100906,87.69332420230785,4
22.059792864100906,87.70230735514906,4
22.059792864100906,87.71129050799027,6
22.059792864100906,87.72027366083148,5
22.059792864100906,87.72925681367263,5
22.059792864100906,87.73823996651385,5
22.059792864100906,87.74722311935506,5
22.059792864100906,87.75620627219621,5
22.059792864100906,87.76518942503742,5
22.059792864100906,87.77417257787863,6
22.059792864100906,87.78315573071984,6
22.059792864100906,87.792138883561,5
22.059792864100906,87.8011220364022,6
22.059792864100906,87.81010518924342,6
22.059792864100906,87.81908834208463,6
22.059792864100906,87.82807149492578,6
22.059792864100906,87.83705464776699,6
22.059792864100906,87.8460378006082,5
22.059792864100906,87.85502095344941,7
22.059792864100906,87.86400410629057,6
22.059792864100906,87.87298725913178,6
22.059792864100906,87.88197041197299,6
22.059792864100906,87.89095356481414,7
22.059792864100906,87.89993671765535,6
22.059792864100906,87.90891987049656,7
22.059792864100906,87.91790302333777,7
22.059792864100906,87.92688617617893,6
22.059792864100906,87.93586932902014,7
22.059792864100906,87.94485248186135,7
22.059792864100906,87.95383563470256,8
22.059792864100906,87.96281878754371,7
22.059792864100906,87.97180194038492,7
22.059792864100906,87.98078509322613,7
22.059792864100906,87.98976824606729,7
22.059792864100906,87.9987513989085,7
22.059792864100906,88.0077345517497,7
22.059792864100906,88.01671770459092,5
22.059792864100906,88.02570085743207,0
22.059792864100906,88.03468401027328,4
22.059792864100906,88.04366716311449,8
22.059792864100906,88.0526503159557,8
22.059792864100906,88.06163346879686,8
22.059792864100906,88.07061662163807,9
22.059792864100906,88.07959977447928,7
22.059792864100906,88.08858292732049,8
22.059792864100906,88.09756608016164,8
22.059792864100906,88.10654923300285,8
22.059792864100906,88.11553238584406,8
22.059792864100906,88.12451553868522,7
22.059792864100906,88.13349869152643,5
22.059792864100906,88.14248184436764,2
22.059792864100906,88.15146499720885,0
22.059792864100906,88.16044815005,0
22.059792864100906,88.16943130289121,0
22.059792864100906,88.17841445573242,0
22.059792864100906,88.18739760857363,0
22.059792864100906,88.19638076141479,0
22.059792864100906,88.205363914256,0
22.059792864100906,88.21434706709721,1
22.059792864100906,88.22333021993836,4
22.059792864100906,88.23231337277957,5
22.059792864100906,88.24129652562078,6
22.059792864100906,88.250279678462,4
22.059792864100906,88.25926283130315,5
22.059792864100906,88.26824598414436,5
22.059792864100906,88.27722913698557,4
22.059792864100906,88.28621228982678,4
22.059792864100906,88.29519544266793,4
22.05080971125971,87.50467799264277,4
22.05080971125971,87.51366114548398,7
22.05080971125971,87.52264429832513,8
22.05080971125971,87.53162745116634,6
22.05080971125971,87.54061060400755,6
22.05080971125971,87.54959375684876,6
22.05080971125971,87.55857690968992,6
22.05080971125971,87.56756006253113,5
22.05080971125971,87.57654321537234,6
22.05080971125971,87.58552636821355,5
22.05080971125971,87.5945095210547,6
22.05080971125971,87.60349267389591,5
22.05080971125971,87.61247582673712,4
22.05080971125971,87.62145897957834,6
22.05080971125971,87.63044213241949,5
22.05080971125971,87.6394252852607,4
22.05080971125971,87.64840843810191,2
22.05080971125971,87.65739159094306,3
22.05080971125971,87.66637474378427,4
22.05080971125971,87.67535789662548,4
22.05080971125971,87.6843410494667,4
22.05080971125971,87.69332420230785,4
22.05080971125971,87.70230735514906,4
22.05080971125971,87.71129050799027,6
22.05080971125971,87.72027366083148,4
22.05080971125971,87.72925681367263,6
22.05080971125971,87.73823996651385,6
22.05080971125971,87.74722311935506,6
22.05080971125971,87.75620627219621,5
22.05080971125971,87.76518942503742,6
22.05080971125971,87.77417257787863,5
22.05080971125971,87.78315573071984,8
22.05080971125971,87.792138883561,6
22.05080971125971,87.8011220364022,4
22.05080971125971,87.81010518924342,6
22.05080971125971,87.81908834208463,6
22.05080971125971,87.82807149492578,5
22.05080971125971,87.83705464776699,6
22.05080971125971,87.8460378006082,6
22.05080971125971,87.85502095344941,6
22.05080971125971,87.86400410629057,6
22.05080971125971,87.87298725913178,6
22.05080971125971,87.88197041197299,7
22.05080971125971,87.89095356481414,6
22.05080971125971,87.89993671765535,6
22.05080971125971,87.90891987049656,8
22.05080971125971,87.91790302333777,7
22.05080971125971,87.92688617617893,7
22.05080971125971,87.93586932902014,7
22.05080971125971,87.94485248186135,7
22.05080971125971,87.95383563470256,7
22.05080971125971,87.96281878754371,7
22.05080971125971,87.97180194038492,7
22.05080971125971,87.98078509322613,7
22.05080971125971,87.98976824606729,7
22.05080971125971,87.9987513989085,6
22.05080971125971,88.0077345517497,6
22.05080971125971,88.01671770459092,7
22.05080971125971,88.02570085743207,0
22.05080971125971,88.03468401027328,6
22.05080971125971,88.04366716311449,8
22.05080971125971,88.0526503159557,7
22.05080971125971,88.06163346879686,8
22.05080971125971,88.07061662163807,7
22.05080971125971,88.07959977447928,7
22.05080971125971,88.08858292732049,7
22.05080971125971,88.09756608016164,9
22.05080971125971,88.10654923300285,10
22.05080971125971,88.11553238584406,9
22.05080971125971,88.12451553868522,2
22.05080971125971,88.13349869152643,0
22.05080971125971,88.14248184436764,0
22.05080971125971,88.15146499720885,0
22.05080971125971,88.16044815005,0
22.05080971125971,88.16943130289121,0
22.05080971125971,88.17841445573242,0
22.05080971125971,88.18739760857363,0
22.05080971125971,88.19638076141479,0
22.05080971125971,88.205363914256,0
22.05080971125971,88.21434706709721,3
22.05080971125971,88.22333021993836,6
22.05080971125971,88.23231337277957,5
22.05080971125971,88.24129652562078,6
22.05080971125971,88.250279678462,4
22.05080971125971,88.25926283130315,5
22.05080971125971,88.26824598414436,6
22.05080971125971,88.27722913698557,5
22.05080971125971,88.28621228982678,6
22.05080971125971,88.29519544266793,4
22.041826558418514,87.50467799264277,8
22.041826558418514,87.51366114548398,8
22.041826558418514,87.52264429832513,6
22.041826558418514,87.53162745116634,7
22.041826558418514,87.54061060400755,7
22.041826558418514,87.54959375684876,8
22.041826558418514,87.55857690968992,6
22.041826558418514,87.56756006253113,4
22.041826558418514,87.57654321537234,5
22.041826558418514,87.58552636821355,6
22.041826558418514,87.5945095210547,5
22.041826558418514,87.60349267389591,4
22.041826558418514,87.61247582673712,5
22.041826558418514,87.62145897957834,4
22.041826558418514,87.63044213241949,3
22.041826558418514,87.6394252852607,4
22.041826558418514,87.64840843810191,2
22.041826558418514,87.65739159094306,3
22.041826558418514,87.66637474378427,4
22.041826558418514,87.67535789662548,4
22.041826558418514,87.6843410494667,3
22.041826558418514,87.69332420230785,4
22.041826558418514,87.70230735514906,4
22.041826558418514,87.71129050799027,6
22.041826558418514,87.72027366083148,5
22.041826558418514,87.72925681367263,7
22.041826558418514,87.73823996651385,6
22.041826558418514,87.74722311935506,5
22.041826558418514,87.75620627219621,5
22.041826558418514,87.76518942503742,5
22.041826558418514,87.77417257787863,6
22.041826558418514,87.78315573071984,6
22.041826558418514,87.792138883561,6
22.041826558418514,87.8011220364022,5
22.041826558418514,87.81010518924342,5
22.041826558418514,87.81908834208463,6
22.041826558418514,87.82807149492578,6
22.041826558418514,87.83705464776699,6
22.041826558418514,87.8460378006082,6
22.041826558418514,87.85502095344941,6
22.041826558418514,87.86400410629057,6
22.041826558418514,87.87298725913178,7
22.041826558418514,87.88197041197299,6
22.041826558418514,87.89095356481414,6
22.041826558418514,87.89993671765535,7
22.041826558418514,87.90891987049656,7
22.041826558418514,87.91790302333777,6
22.041826558418514,87.92688617617893,7
22.041826558418514,87.93586932902014,8
22.041826558418514,87.94485248186135,6
22.041826558418514,87.95383563470256,7
22.041826558418514,87.96281878754371,7
22.041826558418514,87.97180194038492,6
22.041826558418514,87.98078509322613,6
22.041826558418514,87.98976824606729,8
22.041826558418514,87.9987513989085,7
22.041826558418514,88.0077345517497,8
22.041826558418514,88.01671770459092,7
22.041826558418514,88.02570085743207,1
22.041826558418514,88.03468401027328,2
22.041826558418514,88.04366716311449,7
22.041826558418514,88.0526503159557,8
22.041826558418514,88.06163346879686,7
22.041826558418514,88.07061662163807,7
22.041826558418514,88.07959977447928,7
22.041826558418514,88.08858292732049,7
22.041826558418514,88.09756608016164,10
22.041826558418514,88.10654923300285,5
22.041826558418514,88.11553238584406,0
22.041826558418514,88.12451553868522,0
22.041826558418514,88.13349869152643,0
22.041826558418514,88.14248184436764,0
22.041826558418514,88.15146499720885,0
22.041826558418514,88.16044815005,0
22.041826558418514,88.16943130289121,0
22.041826558418514,88.17841445573242,0
22.041826558418514,88.18739760857363,0
22.041826558418514,88.19638076141479,0
22.041826558418514,88.205363914256,0
22.041826558418514,88.21434706709721,4
22.041826558418514,88.22333021993836,5
22.041826558418514,88.23231337277957,5
22.041826558418514,88.24129652562078,6
22.041826558418514,88.250279678462,6
22.041826558418514,88.25926283130315,4
22.041826558418514,88.26824598414436,4
22.041826558418514,88.27722913698557,5
22.041826558418514,88.28621228982678,5
22.041826558418514,88.29519544266793,5
22.032843405577317,87.50467799264277,8
22.032843405577317,87.51366114548398,6
22.032843405577317,87.52264429832513,6
22.032843405577317,87.53162745116634,6
22.032843405577317,87.54061060400755,5
22.032843405577317,87.54959375684876,6
22.032843405577317,87.55857690968992,5
22.032843405577317,87.56756006253113,4
22.032843405577317,87.57654321537234,5
22.032843405577317,87.58552636821355,6
22.032843405577317,87.5945095210547,4
22.032843405577317,87.60349267389591,4
22.032843405577317,87.61247582673712,5
22.032843405577317,87.62145897957834,3
22.032843405577317,87.63044213241949,3
22.032843405577317,87.6394252852607,4
22.032843405577317,87.64840843810191,3
22.032843405577317,87.65739159094306,4
22.032843405577317,87.66637474378427,3
22.032843405577317,87.67535789662548,3
22.032843405577317,87.6843410494667,3
22.032843405577317,87.69332420230785,4
22.032843405577317,87.70230735514906,5
22.032843405577317,87.71129050799027,5
22.032843405577317,87.72027366083148,4
22.032843405577317,87.72925681367263,6
22.032843405577317,87.73823996651385,6
22.032843405577317,87.74722311935506,5
22.032843405577317,87.75620627219621,5
22.032843405577317,87.76518942503742,6
22.032843405577317,87.77417257787863,5
22.032843405577317,87.78315573071984,5
22.032843405577317,87.792138883561,6
22.032843405577317,87.8011220364022,7
22.032843405577317,87.81010518924342,6
22.032843405577317,87.81908834208463,5
22.032843405577317,87.82807149492578,6
22.032843405577317,87.83705464776699,7
22.032843405577317,87.8460378006082,7
22.032843405577317,87.85502095344941,7
22.032843405577317,87.86400410629057,7
22.032843405577317,87.87298725913178,7
22.032843405577317,87.88197041197299,6
22.032843405577317,87.89095356481414,7
22.032843405577317,87.89993671765535,7
22.032843405577317,87.90891987049656,6
22.032843405577317,87.91790302333777,7
22.032843405577317,87.92688617617893,7
22.032843405577317,87.93586932902014,7
22.032843405577317,87.94485248186135,7
22.032843405577317,87.95383563470256,7
22.032843405577317,87.96281878754371,6
22.032843405577317,87.97180194038492,7
22.032843405577317,87.98078509322613,7
22.032843405577317,87.98976824606729,8
22.032843405577317,87.9987513989085,7
22.032843405577317,88.0077345517497,8
22.032843405577317,88.01671770459092,8
22.032843405577317,88.02570085743207,6
22.032843405577317,88.03468401027328,1
22.032843405577317,88.04366716311449,2
22.032843405577317,88.0526503159557,7
22.032843405577317,88.06163346879686,9
22.032843405577317,88.07061662163807,7
22.032843405577317,88.07959977447928,7
22.032843405577317,88.08858292732049,6
22.032843405577317,88.09756608016164,8
22.032843405577317,88.10654923300285,0
22.032843405577317,88.11553238584406,0
22.032843405577317,88.12451553868522,0
22.032843405577317,88.13349869152643,0
22.032843405577317,88.14248184436764,0
22.032843405577317,88.15146499720885,0
22.032843405577317,88.16044815005,0
22.032843405577317,88.16943130289121,0
22.032843405577317,88.17841445573242,0
22.032843405577317,88.18739760857363,0
22.032843405577317,88.19638076141479,0
22.032843405577317,88.205363914256,1
22.032843405577317,88.21434706709721,5
22.032843405577317,88.22333021993836,5
22.032843405577317,88.23231337277957,6
22.032843405577317,88.24129652562078,7
22.032843405577317,88.250279678462,5
22.032843405577317,88.25926283130315,5
22.032843405577317,88.26824598414436,5
22.032843405577317,88.27722913698557,5
22.032843405577317,88.28621228982678,6
22.032843405577317,88.29519544266793,5
22.023860252736128,87.50467799264277,6
22.023860252736128,87.51366114548398,6
22.023860252736128,87.52264429832513,6
22.023860252736128,87.53162745116634,8
22.023860252736128,87.54061060400755,7
22.023860252736128,87.54959375684876,6
22.023860252736128,87.55857690968992,6
22.023860252736128,87.56756006253113,8
22.023860252736128,87.57654321537234,6
22.023860252736128,87.58552636821355,6
22.023860252736128,87.5945095210547,6
22.023860252736128,87.60349267389591,4
22.023860252736128,87.61247582673712,3
22.023860252736128,87.62145897957834,5
22.023860252736128,87.63044213241949,4
22.023860252736128,87.6394252852607,4
22.023860252736128,87.64840843810191,5
22.023860252736128,87.65739159094306,4
22.023860252736128,87.66637474378427,4
22.023860252736128,87.67535789662548,4
22.023860252736128,87.6843410494667,4
22.023860252736128,87.69332420230785,4
22.023860252736128,87.70230735514906,4
22.023860252736128,87.71129050799027,5
22.023860252736128,87.72027366083148,5
22.023860252736128,87.72925681367263,5
22.023860252736128,87.73823996651385,6
22.023860252736128,87.74722311935506,6
22.023860252736128,87.75620627219621,5
22.023860252736128,87.76518942503742,6
22.023860252736128,87.77417257787863,5
22.023860252736128,87.78315573071984,5
22.023860252736128,87.792138883561,5
22.023860252736128,87.8011220364022,5
22.023860252736128,87.81010518924342,7
22.023860252736128,87.81908834208463,6
22.023860252736128,87.82807149492578,6
22.023860252736128,87.83705464776699,6
22.023860252736128,87.8460378006082,5
22.023860252736128,87.85502095344941,7
22.023860252736128,87.86400410629057,7
22.023860252736128,87.87298725913178,7
22.023860252736128,87.88197041197299,5
22.023860252736128,87.89095356481414,6
22.023860252736128,87.89993671765535,6
22.023860252736128,87.90891987049656,6
22.023860252736128,87.91790302333777,8
22.023860252736128,87.92688617617893,7
22.023860252736128,87.93586932902014,7
22.023860252736128,87.94485248186135,7
22.023860252736128,87.95383563470256,8
22.023860252736128,87.96281878754371,7
22.023860252736128,87.97180194038492,8
22.023860252736128,87.98078509322613,7
22.023860252736128,87.98976824606729,7
22.023860252736128,87.9987513989085,6
22.023860252736128,88.0077345517497,7
22.023860252736128,88.01671770459092,6
22.023860252736128,88.02570085743207,7
22.023860252736128,88.03468401027328,6
22.023860252736128,88.04366716311449,2
22.023860252736128,88.0526503159557,2
22.023860252736128,88.06163346879686,8
22.023860252736128,88.07061662163807,9
22.023860252736128,88.07959977447928,7
22.023860252736128,88.08858292732049,3
22.023860252736128,88.09756608016164,0
22.023860252736128,88.10654923300285,0
22.023860252736128,88.11553238584406,0
22.023860252736128,88.12451553868522,2
22.023860252736128,88.13349869152643,6
22.023860252736128,88.14248184436764,1
22.023860252736128,88.15146499720885,0
22.023860252736128,88.16044815005,0
22.023860252736128,88.16943130289121,0
22.023860252736128,88.17841445573242,0
22.023860252736128,88.18739760857363,0
22.023860252736128,88.19638076141479,0
22.023860252736128,88.205363914256,3
22.023860252736128,88.21434706709721,5
22.023860252736128,88.22333021993836,5
22.023860252736128,88.23231337277957,6
22.023860252736128,88.24129652562078,5
22.023860252736128,88.250279678462,4
22.023860252736128,88.25926283130315,6
22.023860252736128,88.26824598414436,6
22.023860252736128,88.27722913698557,6
22.023860252736128,88.28621228982678,6
22.023860252736128,88.29519544266793,6
22.01487709989493,87.50467799264277,7
22.01487709989493,87.51366114548398,8
22.01487709989493,87.52264429832513,6
22.01487709989493,87.53162745116634,7
22.01487709989493,87.54061060400755,9
22.01487709989493,87.54959375684876,5
22.01487709989493,87.55857690968992,5
22.01487709989493,87.56756006253113,5
22.01487709989493,87.57654321537234,5
22.01487709989493,87.58552636821355,6
22.01487709989493,87.5945095210547,4
22.01487709989493,87.60349267389591,3
22.01487709989493,87.61247582673712,3
22.01487709989493,87.62145897957834,5
22.01487709989493,87.63044213241949,8
22.01487709989493,87.6394252852607,3
22.01487709989493,87.64840843810191,4
22.01487709989493,87.65739159094306,4
22.01487709989493,87.66637474378427,3
22.01487709989493,87.67535789662548,4
22.01487709989493,87.6843410494667,4
22.01487709989493,87.69332420230785,5
22.01487709989493,87.70230735514906,6
22.01487709989493,87.71129050799027,4
22.01487709989493,87.72027366083148,5
22.01487709989493,87.72925681367263,7
22.01487709989493,87.73823996651385,5
22.01487709989493,87.74722311935506,4
22.01487709989493,87.75620627219621,4
22.01487709989493,87.76518942503742,5
22.01487709989493,87.77417257787863,4
22.01487709989493,87.78315573071984,5
22.01487709989493,87.792138883561,5
22.01487709989493,87.8011220364022,5
22.01487709989493,87.81010518924342,6
22.01487709989493,87.81908834208463,6
22.01487709989493,87.82807149492578,7
22.01487709989493,87.83705464776699,6
22.01487709989493,87.8460378006082,7
22.01487709989493,87.85502095344941,7
22.01487709989493,87.86400410629057,7
22.01487709989493,87.87298725913178,6
22.01487709989493,87.88197041197299,7
22.01487709989493,87.89095356481414,7
22.01487709989493,87.89993671765535,6
22.01487709989493,87.90891987049656,7
22.01487709989493,87.91790302333777,6
22.01487709989493,87.92688617617893,7
22.01487709989493,87.93586932902014,6
22.01487709989493,87.94485248186135,6
22.01487709989493,87.95383563470256,7
22.01487709989493,87.96281878754371,7
22.01487709989493,87.97180194038492,8
22.01487709989493,87.98078509322613,9
22.01487709989493,87.98976824606729,7
22.01487709989493,87.9987513989085,7
22.01487709989493,88.0077345517497,8
22.01487709989493,88.01671770459092,8
22.01487709989493,88.02570085743207,7
22.01487709989493,88.03468401027328,7
22.01487709989493,88.04366716311449,7
22.01487709989493,88.0526503159557,5
22.01487709989493,88.06163346879686,1
22.01487709989493,88.07061662163807,3
22.01487709989493,88.07959977447928,0
22.01487709989493,88.08858292732049,0
22.01487709989493,88.09756608016164,1
22.01487709989493,88.10654923300285,5
22.01487709989493,88.11553238584406,6
22.01487709989493,88.12451553868522,6
22.01487709989493,88.13349869152643,3
22.01487709989493,88.14248184436764,0
22.01487709989493,88.15146499720885,0
22.01487709989493,88.16044815005,0
22.01487709989493,88.16943130289121,0
22.01487709989493,88.17841445573242,0
22.01487709989493,88.18739760857363,0
22.01487709989493,88.19638076141479,1
22.01487709989493,88.205363914256,5
22.01487709989493,88.21434706709721,6
22.01487709989493,88.22333021993836,6
22.01487709989493,88.23231337277957,5
22.01487709989493,88.24129652562078,5
22.01487709989493,88.250279678462,5
22.01487709989493,88.25926283130315,5
22.01487709989493,88.26824598414436,5
22.01487709989493,88.27722913698557,5
22.01487709989493,88.28621228982678,5
22.01487709989493,88.29519544266793,5
22.005893947053735,87.50467799264277,7
22.005893947053735,87.51366114548398,6
22.005893947053735,87.52264429832513,7
22.005893947053735,87.53162745116634,6
22.005893947053735,87.54061060400755,6
22.005893947053735,87.54959375684876,7
22.005893947053735,87.55857690968992,7
22.005893947053735,87.56756006253113,7
22.005893947053735,87.57654321537234,7
22.005893947053735,87.58552636821355,6
22.005893947053735,87.5945095210547,6
22.005893947053735,87.60349267389591,4
22.005893947053735,87.61247582673712,3
22.005893947053735,87.62145897957834,3
22.005893947053735,87.63044213241949,5
22.005893947053735,87.6394252852607,3
22.005893947053735,87.64840843810191,4
22.005893947053735,87.65739159094306,4
22.005893947053735,87.66637474378427,4
22.005893947053735,87.67535789662548,5
22.005893947053735,87.6843410494667,5
22.005893947053735,87.69332420230785,5
22.005893947053735,87.70230735514906,5
22.005893947053735,87.71129050799027,4
22.005893947053735,87.72027366083148,7
22.005893947053735,87.72925681367263,6
22.005893947053735,87.73823996651385,5
22.005893947053735,87.74722311935506,5
22.005893947053735,87.75620627219621,4
22.005893947053735,87.76518942503742,5
22.005893947053735,87.77417257787863,4
22.005893947053735,87.78315573071984,6
22.005893947053735,87.792138883561,5
22.005893947053735,87.8011220364022,6
22.005893947053735,87.81010518924342,6
22.005893947053735,87.81908834208463,7
22.005893947053735,87.82807149492578,6
22.005893947053735,87.83705464776699,6
22.005893947053735,87.8460378006082,8
22.005893947053735,87.85502095344941,6
22.005893947053735,87.86400410629057,6
22.005893947053735,87.87298725913178,6
22.005893947053735,87.88197041197299,6
22.005893947053735,87.89095356481414,7
22.005893947053735,87.89993671765535,6
22.005893947053735,87.90891987049656,8
22.005893947053735,87.91790302333777,8
22.005893947053735,87.92688617617893,7
22.005893947053735,87.93586932902014,7
22.005893947053735,87.94485248186135,7
22.005893947053735,87.95383563470256,8
22.005893947053735,87.96281878754371,8
22.005893947053735,87.97180194038492,8
22.005893947053735,87.98078509322613,8
22.005893947053735,87.98976824606729,7
22.005893947053735,87.9987513989085,9
22.005893947053735,88.0077345517497,8
22.005893947053735,88.01671770459092,7
22.005893947053735,88.02570085743207,6
22.005893947053735,88.03468401027328,7
22.005893947053735,88.04366716311449,7
22.005893947053735,88.0526503159557,4
22.005893947053735,88.06163346879686,0
22.005893947053735,88.07061662163807,0
22.005893947053735,88.07959977447928,0
22.005893947053735,88.08858292732049,2
22.005893947053735,88.09756608016164,5
22.005893947053735,88.10654923300285,6
22.005893947053735,88.11553238584406,7
22.005893947053735,88.12451553868522,4
22.005893947053735,88.13349869152643,0
22.005893947053735,88.14248184436764,0
22.005893947053735,88.15146499720885,0
22.005893947053735,88.16044815005,0
22.005893947053735,88.16943130289121,0
22.005893947053735,88.17841445573242,0
22.005893947053735,88.18739760857363,0
22.005893947053735,88.19638076141479,5
22.005893947053735,88.205363914256,7
22.005893947053735,88.21434706709721,6
22.005893947053735,88.22333021993836,6
22.005893947053735,88.23231337277957,5
22.005893947053735,88.24129652562078,6
22.005893947053735,88.250279678462,6
22.005893947053735,88.25926283130315,6
22.005893947053735,88.26824598414436,6
22.005893947053735,88.27722913698557,5
22.005893947053735,88.28621228982678,6
22.005893947053735,88.29519544266793,6
21.99691079421254,87.50467799264277,7
21.99691079421254,87.51366114548398,9
21.99691079421254,87.52264429832513,9
21.99691079421254,87.53162745116634,8
21.99691079421254,87.54061060400755,7
21.99691079421254,87.54959375684876,8
21.99691079421254,87.55857690968992,6
21.99691079421254,87.56756006253113,6
21.99691079421254,87.57654321537234,6
21.99691079421254,87.58552636821355,6
21.99691079421254,87.5945095210547,6
21.99691079421254,87.60349267389591,4
21.99691079421254,87.61247582673712,3
21.99691079421254,87.62145897957834,5
21.99691079421254,87.63044213241949,4
21.99691079421254,87.6394252852607,3
21.99691079421254,87.64840843810191,4
21.99691079421254,87.65739159094306,4
21.99691079421254,87.66637474378427,4
21.99691079421254,87.67535789662548,4
21.99691079421254,87.6843410494667,4
21.99691079421254,87.69332420230785,4
21.99691079421254,87.70230735514906,5
21.99691079421254,87.71129050799027,5
21.99691079421254,87.72027366083148,6
21.99691079421254,87.72925681367263,7
21.99691079421254,87.73823996651385,7
21.99691079421254,87.74722311935506,5
21.99691079421254,87.75620627219621,5
21.99691079421254,87.76518942503742,4
21.99691079421254,87.77417257787863,6
21.99691079421254,87.78315573071984,7
21.99691079421254,87.792138883561,5
21.99691079421254,87.8011220364022,6
21.99691079421254,87.81010518924342,7
21.99691079421254,87.81908834208463,6
21.99691079421254,87.82807149492578,7
21.99691079421254,87.83705464776699,6
21.99691079421254,87.8460378006082,7
21.99691079421254,87.85502095344941,8
21.99691079421254,87.86400410629057,8
21.99691079421254,87.87298725913178,7
21.99691079421254,87.88197041197299,7
21.99691079421254,87.89095356481414,6
21.99691079421254,87.89993671765535,7
21.99691079421254,87.90891987049656,6
21.99691079421254,87.91790302333777,8
21.99691079421254,87.92688617617893,6
21.99691079421254,87.93586932902014,7
21.99691079421254,87.94485248186135,6
21.99691079421254,87.95383563470256,9
21.99691079421254,87.96281878754371,8
21.99691079421254,87.97180194038492,8
21.99691079421254,87.98078509322613,8
21.99691079421254,87.98976824606729,7
21.99691079421254,87.9987513989085,8
21.99691079421254,88.0077345517497,6
21.99691079421254,88.01671770459092,7
21.99691079421254,88.02570085743207,6
21.99691079421254,88.03468401027328,7
21.99691079421254,88.04366716311449,7
21.99691079421254,88.0526503159557,0
21.99691079421254,88.06163346879686,0
21.99691079421254,88.07061662163807,0
21.99691079421254,88.07959977447928,3
21.99691079421254,88.08858292732049,5
21.99691079421254,88.09756608016164,6
21.99691079421254,88.10654923300285,6
21.99691079421254,88.11553238584406,6
21.99691079421254,88.12451553868522,1
21.99691079421254,88.13349869152643,0
21.99691079421254,88.14248184436764,0
21.99691079421254,88.15146499720885,0
21.99691079421254,88.16044815005,0
21.99691079421254,88.16943130289121,0
21.99691079421254,88.17841445573242,0
21.99691079421254,88.18739760857363,4
21.99691079421254,88.19638076141479,6
21.99691079421254,88.205363914256,7
21.99691079421254,88.21434706709721,8
21.99691079421254,88.22333021993836,6
21.99691079421254,88.23231337277957,7
21.99691079421254,88.24129652562078,6
21.99691079421254,88.250279678462,5
21.99691079421254,88.25926283130315,6
21.99691079421254,88.26824598414436,5
21.99691079421254,88.27722913698557,5
21.99691079421254,88.28621228982678,7
21.99691079421254,88.29519544266793,5
21.987927641371343,87.50467799264277,8
21.987927641371343,87.51366114548398,10
21.987927641371343,87.52264429832513,7
21.987927641371343,87.53162745116634,7
21.987927641371343,87.54061060400755,7
21.987927641371343,87.54959375684876,6
21.987927641371343,87.55857690968992,9
21.987927641371343,87.56756006253113,8
21.987927641371343,87.57654321537234,6
21.987927641371343,87.58552636821355,6
21.987927641371343,87.5945095210547,6
21.987927641371343,87.60349267389591,5
21.987927641371343,87.61247582673712,4
21.987927641371343,87.62145897957834,3
21.987927641371343,87.63044213241949,4
21.987927641371343,87.6394252852607,4
21.987927641371343,87.64840843810191,3
21.987927641371343,87.65739159094306,4
21.987927641371343,87.66637474378427,4
21.987927641371343,87.67535789662548,4
21.987927641371343,87.6843410494667,4
21.987927641371343,87.69332420230785,4
21.987927641371343,87.70230735514906,5
21.987927641371343,87.71129050799027,4
21.987927641371343,87.72027366083148,5
21.987927641371343,87.72925681367263,7
21.987927641371343,87.73823996651385,5
21.987927641371343,87.74722311935506,6
21.987927641371343,87.75620627219621,5
21.987927641371343,87.76518942503742,5
21.987927641371343,87.77417257787863,7
21.987927641371343,87.78315573071984,5
21.987927641371343,87.792138883561,5
21.987927641371343,87.8011220364022,6
21.987927641371343,87.81010518924342,5
21.987927641371343,87.81908834208463,6
21.987927641371343,87.82807149492578,6
21.987927641371343,87.83705464776699,5
21.987927641371343,87.8460378006082,7
21.987927641371343,87.85502095344941,5
21.987927641371343,87.86400410629057,8
21.987927641371343,87.87298725913178,7
21.987927641371343,87.88197041197299,6
21.987927641371343,87.89095356481414,7
21.987927641371343,87.89993671765535,6
21.987927641371343,87.90891987049656,7
21.987927641371343,87.91790302333777,7
21.987927641371343,87.92688617617893,5
21.987927641371343,87.93586932902014,6
21.987927641371343,87.94485248186135,7
21.987927641371343,87.95383563470256,7
21.987927641371343,87.96281878754371,7
21.987927641371343,87.97180194038492,7
21.987927641371343,87.98078509322613,7
21.987927641371343,87.98976824606729,9
21.987927641371343,87.9987513989085,7
21.987927641371343,88.0077345517497,6
21.987927641371343,88.01671770459092,6
21.987927641371343,88.02570085743207,7
21.987927641371343,88.03468401027328,7
21.987927641371343,88.04366716311449,3
21.987927641371343,88.0526503159557,0
21.987927641371343,88.06163346879686,0
21.987927641371343,88.07061662163807,1
21.987927641371343,88.07959977447928,5
21.987927641371343,88.08858292732049,6
21.987927641371343,88.09756608016164,6
21.987927641371343,88.10654923300285,6
21.987927641371343,88.11553238584406,3
21.987927641371343,88.12451553868522,0
21.987927641371343,88.13349869152643,0
21.987927641371343,88.14248184436764,0
21.987927641371343,88.15146499720885,0
21.987927641371343,88.16044815005,0
21.987927641371343,88.16943130289121,0
21.987927641371343,88.17841445573242,4
21.987927641371343,88.18739760857363,7
21.987927641371343,88.19638076141479,7
21.987927641371343,88.205363914256,7
21.987927641371343,88.21434706709721,7
21.987927641371343,88.22333021993836,7
21.987927641371343,88.23231337277957,7
21.987927641371343,88.24129652562078,7
21.987927641371343,88.250279678462,7
21.987927641371343,88.25926283130315,6
21.987927641371343,88.26824598414436,6
21.987927641371343,88.27722913698557,6
21.987927641371343,88.28621228982678,5
21.987927641371343,88.29519544266793,4
21.978944488530146,87.50467799264277,8
21.978944488530146,87.51366114548398,8
21.978944488530146,87.52264429832513,8
21.978944488530146,87.53162745116634,9
21.978944488530146,87.54061060400755,8
21.978944488530146,87.54959375684876,7
21.978944488530146,87.55857690968992,7
21.978944488530146,87.56756006253113,6
21.978944488530146,87.57654321537234,5
21.978944488530146,87.58552636821355,7
21.978944488530146,87.5945095210547,7
21.978944488530146,87.60349267389591,6
21.978944488530146,87.61247582673712,6
21.978944488530146,87.62145897957834,5
21.978944488530146,87.63044213241949,3
21.978944488530146,87.6394252852607,3
21.978944488530146,87.64840843810191,2
21.978944488530146,87.65739159094306,4
21.978944488530146,87.66637474378427,3
21.978944488530146,87.67535789662548,5
21.978944488530146,87.6843410494667,4
21.978944488530146,87.69332420230785,3
21.978944488530146,87.70230735514906,4
21.978944488530146,87.71129050799027,5
21.978944488530146,87.72027366083148,5
21.978944488530146,87.72925681367263,5
21.978944488530146,87.73823996651385,6
21.978944488530146,87.74722311935506,5
21.978944488530146,87.75620627219621,5
21.978944488530146,87.76518942503742,5
21.978944488530146,87.77417257787863,6
21.978944488530146,87.78315573071984,6
21.978944488530146,87.792138883561,6
21.978944488530146,87.8011220364022,6
21.978944488530146,87.81010518924342,6
21.978944488530146,87.81908834208463,6
21.978944488530146,87.82807149492578,6
21.978944488530146,87.83705464776699,6
21.978944488530146,87.8460378006082,6
21.978944488530146,87.85502095344941,6
21.978944488530146,87.86400410629057,6
21.978944488530146,87.87298725913178,8
21.978944488530146,87.88197041197299,7
21.978944488530146,87.89095356481414,6
21.978944488530146,87.89993671765535,7
21.978944488530146,87.90891987049656,8
21.978944488530146,87.91790302333777,6
21.978944488530146,87.92688617617893,6
21.978944488530146,87.93586932902014,6
21.978944488530146,87.94485248186135,6
21.978944488530146,87.95383563470256,6
21.978944488530146,87.96281878754371,7
21.978944488530146,87.97180194038492,8
21.978944488530146,87.98078509322613,6
21.978944488530146,87.98976824606729,7
21.978944488530146,87.9987513989085,6
21.978944488530146,88.0077345517497,7
21.978944488530146,88.01671770459092,7
21.978944488530146,88.02570085743207,6
21.978944488530146,88.03468401027328,5
21.978944488530146,88.04366716311449,0
21.978944488530146,88.0526503159557,0
21.978944488530146,88.06163346879686,0
21.978944488530146,88.07061662163807,4
21.978944488530146,88.07959977447928,6
21.978944488530146,88.08858292732049,6
21.978944488530146,88.09756608016164,6
21.978944488530146,88.10654923300285,5
21.978944488530146,88.11553238584406,0
21.978944488530146,88.12451553868522,0
21.978944488530146,88.13349869152643,0
21.978944488530146,88.14248184436764,0
21.978944488530146,88.15146499720885,0
21.978944488530146,88.16044815005,0
21.978944488530146,88.16943130289121,2
21.978944488530146,88.17841445573242,7
21.978944488530146,88.18739760857363,7
21.978944488530146,88.19638076141479,7
21.978944488530146,88.205363914256,9
21.978944488530146,88.21434706709721,7
21.978944488530146,88.22333021993836,7
21.978944488530146,88.23231337277957,6
21.978944488530146,88.24129652562078,6
21.978944488530146,88.250279678462,7
21.978944488530146,88.25926283130315,5
21.978944488530146,88.26824598414436,6
21.978944488530146,88.27722913698557,5
21.978944488530146,88.28621228982678,7
21.978944488530146,88.29519544266793,6
21.969961335688957,87.50467799264277,11
21.969961335688957,87.51366114548398,10
21.969961335688957,87.52264429832513,9
21.969961335688957,87.53162745116634,10
21.969961335688957,87.54061060400755,9
21.969961335688957,87.54959375684876,7
21.969961335688957,87.55857690968992,8
21.969961335688957,87.56756006253113,6
21.969961335688957,87.57654321537234,7
21.969961335688957,87.58552636821355,7
21.969961335688957,87.5945095210547,7
21.969961335688957,87.60349267389591,4
21.969961335688957,87.61247582673712,5
21.969961335688957,87.62145897957834,5
21.969961335688957,87.63044213241949,5
21.969961335688957,87.6394252852607,5
21.969961335688957,87.64840843810191,4
21.969961335688957,87.65739159094306,4
21.969961335688957,87.66637474378427,3
21.969961335688957,87.67535789662548,4
21.969961335688957,87.6843410494667,3
21.969961335688957,87.69332420230785,3
21.969961335688957,87.70230735514906,4
21.969961335688957,87.71129050799027,4
21.969961335688957,87.72027366083148,5
21.969961335688957,87.72925681367263,5
21.969961335688957,87.73823996651385,6
21.969961335688957,87.74722311935506,5
21.969961335688957,87.75620627219621,5
21.969961335688957,87.76518942503742,6
21.969961335688957,87.77417257787863,7
21.969961335688957,87.78315573071984,5
21.969961335688957,87.792138883561,6
21.969961335688957,87.8011220364022,7
21.969961335688957,87.81010518924342,6
21.969961335688957,87.81908834208463,6
21.969961335688957,87.82807149492578,7
21.969961335688957,87.83705464776699,7
21.969961335688957,87.8460378006082,6
21.969961335688957,87.85502095344941,6
21.969961335688957,87.86400410629057,8
21.969961335688957,87.87298725913178,8
21.969961335688957,87.88197041197299,8
21.969961335688957,87.89095356481414,8
21.969961335688957,87.89993671765535,8
21.969961335688957,87.90891987049656,7
21.969961335688957,87.91790302333777,7
21.969961335688957,87.92688617617893,6
21.969961335688957,87.93586932902014,7
21.969961335688957,87.94485248186135,7
21.969961335688957,87.95383563470256,6
21.969961335688957,87.96281878754371,7
21.969961335688957,87.97180194038492,6
21.969961335688957,87.98078509322613,6
21.969961335688957,87.98976824606729,7
21.969961335688957,87.9987513989085,8
21.969961335688957,88.0077345517497,7
21.969961335688957,88.01671770459092,6
21.969961335688957,88.02570085743207,6
21.969961335688957,88.03468401027328,3
21.969961335688957,88.04366716311449,0
21.969961335688957,88.0526503159557,0
21.969961335688957,88.06163346879686,1
21.969961335688957,88.07061662163807,5
21.969961335688957,88.07959977447928,6
21.969961335688957,88.08858292732049,6
21.969961335688957,88.09756608016164,6
21.969961335688957,88.10654923300285,1
21.969961335688957,88.11553238584406,0
21.969961335688957,88.12451553868522,0
21.969961335688957,88.13349869152643,0
21.969961335688957,88.14248184436764,0
21.969961335688957,88.15146499720885,0
21.969961335688957,88.16044815005,4
21.969961335688957,88.16943130289121,7
21.969961335688957,88.17841445573242,7
21.969961335688957,88.18739760857363,8
21.969961335688957,88.19638076141479,8
21.969961335688957,88.205363914256,8
21.969961335688957,88.21434706709721,7
21.969961335688957,88.22333021993836,7
21.969961335688957,88.23231337277957,6
21.969961335688957,88.24129652562078,7
21.969961335688957,88.250279678462,7
21.969961335688957,88.25926283130315,5
21.969961335688957,88.26824598414436,6
21.969961335688957,88.27722913698557,7
21.969961335688957,88.28621228982678,4
21.969961335688957,88.29519544266793,5
21.96097818284776,87.50467799264277,9
21.96097818284776,87.51366114548398,8
21.96097818284776,87.52264429832513,8
21.96097818284776,87.53162745116634,8
21.96097818284776,87.54061060400755,7
21.96097818284776,87.54959375684876,6
21.96097818284776,87.55857690968992,8
21.96097818284776,87.56756006253113,6
21.96097818284776,87.57654321537234,5
21.96097818284776,87.58552636821355,4
21.96097818284776,87.5945095210547,5
21.96097818284776,87.60349267389591,5
21.96097818284776,87.61247582673712,5
21.96097818284776,87.62145897957834,4
21.96097818284776,87.63044213241949,4
21.96097818284776,87.6394252852607,4
21.96097818284776,87.64840843810191,4
21.96097818284776,87.65739159094306,4
21.96097818284776,87.66637474378427,4
21.96097818284776,87.67535789662548,4
21.96097818284776,87.6843410494667,4
21.96097818284776,87.69332420230785,4
21.96097818284776,87.70230735514906,4
21.96097818284776,87.71129050799027,4
21.96097818284776,87.72027366083148,5
21.96097818284776,87.72925681367263,5
21.96097818284776,87.73823996651385,5
21.96097818284776,87.74722311935506,5
21.96097818284776,87.75620627219621,5
21.96097818284776,87.76518942503742,6
21.96097818284776,87.77417257787863,6
21.96097818284776,87.78315573071984,5
21.96097818284776,87.792138883561,5
21.96097818284776,87.8011220364022,5
21.96097818284776,87.81010518924342,5
21.96097818284776,87.81908834208463,5
21.96097818284776,87.82807149492578,5
21.96097818284776,87.83705464776699,6
21.96097818284776,87.8460378006082,7
21.96097818284776,87.85502095344941,6
21.96097818284776,87.86400410629057,6
21.96097818284776,87.87298725913178,7
21.96097818284776,87.88197041197299,6
21.96097818284776,87.89095356481414,6
21.96097818284776,87.89993671765535,6
21.96097818284776,87.90891987049656,8
21.96097818284776,87.91790302333777,7
21.96097818284776,87.92688617617893,7
21.96097818284776,87.93586932902014,8
21.96097818284776,87.94485248186135,6
21.96097818284776,87.95383563470256,6
21.96097818284776,87.96281878754371,7
21.96097818284776,87.97180194038492,7
21.96097818284776,87.98078509322613,6
21.96097818284776,87.98976824606729,7
21.96097818284776,87.9987513989085,7
21.96097818284776,88.0077345517497,7
21.96097818284776,88.01671770459092,7
21.96097818284776,88.02570085743207,5
21.96097818284776,88.03468401027328,0
21.96097818284776,88.04366716311449,0
21.96097818284776,88.0526503159557,0
21.96097818284776,88.06163346879686,3
21.96097818284776,88.07061662163807,5
21.96097818284776,88.07959977447928,6
21.96097818284776,88.08858292732049,5
21.96097818284776,88.09756608016164,6
21.96097818284776,88.10654923300285,0
21.96097818284776,88.11553238584406,0
21.96097818284776,88.12451553868522,0
21.96097818284776,88.13349869152643,0
21.96097818284776,88.14248184436764,0
21.96097818284776,88.15146499720885,3
21.96097818284776,88.16044815005,6
21.96097818284776,88.16943130289121,7
21.96097818284776,88.17841445573242,7
21.96097818284776,88.18739760857363,8
21.96097818284776,88.19638076141479,8
21.96097818284776,88.205363914256,8
21.96097818284776,88.21434706709721,7
21.96097818284776,88.22333021993836,8
21.96097818284776,88.23231337277957,7
21.96097818284776,88.24129652562078,7
21.96097818284776,88.250279678462,6
21.96097818284776,88.25926283130315,5
21.96097818284776,88.26824598414436,6
21.96097818284776,88.27722913698557,5
21.96097818284776,88.28621228982678,6
21.96097818284776,88.29519544266793,6
21.951995030006564,87.50467799264277,9
21.951995030006564,87.51366114548398,8
21.951995030006564,87.52264429832513,7
21.951995030006564,87.53162745116634,7
21.951995030006564,87.54061060400755,7
21.951995030006564,87.54959375684876,6
21.951995030006564,87.55857690968992,7
21.951995030006564,87.56756006253113,5
21.951995030006564,87.57654321537234,7
21.951995030006564,87.58552636821355,5
21.951995030006564,87.5945095210547,6
21.951995030006564,87.60349267389591,3
21.951995030006564,87.61247582673712,3
21.951995030006564,87.62145897957834,3
21.951995030006564,87.63044213241949,4
21.951995030006564,87.6394252852607,3
21.951995030006564,87.64840843810191,3
21.951995030006564,87.65739159094306,3
21.951995030006564,87.66637474378427,3
21.951995030006564,87.67535789662548,4
21.951995030006564,87.6843410494667,4
21.951995030006564,87.69332420230785,4
21.951995030006564,87.70230735514906,4
21.951995030006564,87.71129050799027,5
21.951995030006564,87.72027366083148,4
21.951995030006564,87.72925681367263,5
21.951995030006564,87.73823996651385,5
21.951995030006564,87.74722311935506,6
21.951995030006564,87.75620627219621,5
21.951995030006564,87.76518942503742,5
21.951995030006564,87.77417257787863,6
21.951995030006564,87.78315573071984,6
21.951995030006564,87.792138883561,5
21.951995030006564,87.8011220364022,5
21.951995030006564,87.81010518924342,6
21.951995030006564,87.81908834208463,5
21.951995030006564,87.82807149492578,6
21.951995030006564,87.83705464776699,5
21.951995030006564,87.8460378006082,5
21.951995030006564,87.85502095344941,7
21.951995030006564,87.86400410629057,6
21.951995030006564,87.87298725913178,7
21.951995030006564,87.88197041197299,7
21.951995030006564,87.89095356481414,8
21.951995030006564,87.89993671765535,7
21.951995030006564,87.90891987049656,7
21.951995030006564,87.91790302333777,7
21.951995030006564,87.92688617617893,7
21.951995030006564,87.93586932902014,6
21.951995030006564,87.94485248186135,6
21.951995030006564,87.95383563470256,7
21.951995030006564,87.96281878754371,7
21.951995030006564,87.97180194038492,6
21.951995030006564,87.98078509322613,7
21.951995030006564,87.98976824606729,5
21.951995030006564,87.9987513989085,7
21.951995030006564,88.0077345517497,6
21.951995030006564,88.01671770459092,7
21.951995030006564,88.02570085743207,3
21.951995030006564,88.03468401027328,0
21.951995030006564,88.04366716311449,0
21.951995030006564,88.0526503159557,0
21.951995030006564,88.06163346879686,4
21.951995030006564,88.07061662163807,5
21.951995030006564,88.07959977447928,5
21.951995030006564,88.08858292732049,5
21.951995030006564,88.09756608016164,4
21.951995030006564,88.10654923300285,0
21.951995030006564,88.11553238584406,0
21.951995030006564,88.12451553868522,0
21.951995030006564,88.13349869152643,0
21.951995030006564,88.14248184436764,0
21.951995030006564,88.15146499720885,2
21.951995030006564,88.16044815005,6
21.951995030006564,88.16943130289121,6
21.951995030006564,88.17841445573242,7
21.951995030006564,88.18739760857363,7
21.951995030006564,88.19638076141479,8
21.951995030006564,88.205363914256,7
21.951995030006564,88.21434706709721,7
21.951995030006564,88.22333021993836,6
21.951995030006564,88.23231337277957,7
21.951995030006564,88.24129652562078,7
21.951995030006564,88.250279678462,7
21.951995030006564,88.25926283130315,7
21.951995030006564,88.26824598414436,5
21.951995030006564,88.27722913698557,6
21.951995030006564,88.28621228982678,6
21.951995030006564,88.29519544266793,5
21.943011877165368,87.50467799264277,9
21.943011877165368,87.51366114548398,9
21.943011877165368,87.52264429832513,8
21.943011877165368,87.53162745116634,8
21.943011877165368,87.54061060400755,7
21.943011877165368,87.54959375684876,7
21.943011877165368,87.55857690968992,6
21.943011877165368,87.56756006253113,6
21.943011877165368,87.57654321537234,6
21.943011877165368,87.58552636821355,5
21.943011877165368,87.5945095210547,5
21.943011877165368,87.60349267389591,4
21.943011877165368,87.61247582673712,4
21.943011877165368,87.62145897957834,4
21.943011877165368,87.63044213241949,3
21.943011877165368,87.6394252852607,4
21.943011877165368,87.64840843810191,3
21.943011877165368,87.65739159094306,3
21.943011877165368,87.66637474378427,3
21.943011877165368,87.67535789662548,4
21.943011877165368,87.6843410494667,4
21.943011877165368,87.69332420230785,3
21.943011877165368,87.70230735514906,4
21.943011877165368,87.71129050799027,5
21.943011877165368,87.72027366083148,4
21.943011877165368,87.72925681367263,4
21.943011877165368,87.73823996651385,6
21.943011877165368,87.74722311935506,5
21.943011877165368,87.75620627219621,5
21.943011877165368,87.76518942503742,6
21.943011877165368,87.77417257787863,5
21.943011877165368,87.78315573071984,7
21.943011877165368,87.792138883561,6
21.943011877165368,87.8011220364022,5
21.943011877165368,87.81010518924342,6
21.943011877165368,87.81908834208463,7
21.943011877165368,87.82807149492578,6
21.943011877165368,87.83705464776699,6
21.943011877165368,87.8460378006082,5
21.943011877165368,87.85502095344941,6
21.943011877165368,87.86400410629057,7
21.943011877165368,87.87298725913178,7
21.943011877165368,87.88197041197299,8
21.943011877165368,87.89095356481414,8
21.943011877165368,87.89993671765535,8
21.943011877165368,87.90891987049656,8
21.943011877165368,87.91790302333777,6
21.943011877165368,87.92688617617893,7
21.943011877165368,87.93586932902014,8
21.943011877165368,87.94485248186135,7
21.943011877165368,87.95383563470256,7
21.943011877165368,87.96281878754371,6
21.943011877165368,87.97180194038492,6
21.943011877165368,87.98078509322613,7
21.943011877165368,87.98976824606729,8
21.943011877165368,87.9987513989085,7
21.943011877165368,88.0077345517497,6
21.943011877165368,88.01671770459092,6
21.943011877165368,88.02570085743207,1
21.943011877165368,88.03468401027328,0
21.943011877165368,88.04366716311449,0
21.943011877165368,88.0526503159557,1
21.943011877165368,88.06163346879686,5
21.943011877165368,88.07061662163807,5
21.943011877165368,88.07959977447928,5
21.943011877165368,88.08858292732049,4
21.943011877165368,88.09756608016164,1
21.943011877165368,88.10654923300285,0
21.943011877165368,88.11553238584406,0
21.943011877165368,88.12451553868522,0
21.943011877165368,88.13349869152643,0
21.943011877165368,88.14248184436764,0
21.943011877165368,88.15146499720885,0
21.943011877165368,88.16044815005,3
21.943011877165368,88.16943130289121,5
21.943011877165368,88.17841445573242,7
21.943011877165368,88.18739760857363,7
21.943011877165368,88.19638076141479,6
21.943011877165368,88.205363914256,7
21.943011877165368,88.21434706709721,6
21.943011877165368,88.22333021993836,7
21.943011877165368,88.23231337277957,7
21.943011877165368,88.24129652562078,6
21.943011877165368,88.250279678462,7
21.943011877165368,88.25926283130315,7
21.943011877165368,88.26824598414436,6
21.943011877165368,88.27722913698557,6
21.943011877165368,88.28621228982678,6
21.943011877165368,88.29519544266793,6
21.934028724324172,87.50467799264277,9
21.934028724324172,87.51366114548398,8
21.934028724324172,87.52264429832513,9
21.934028724324172,87.53162745116634,9
21.934028724324172,87.54061060400755,7
21.934028724324172,87.54959375684876,8
21.934028724324172,87.55857690968992,5
21.934028724324172,87.56756006253113,6
21.934028724324172,87.57654321537234,6
21.934028724324172,87.58552636821355,5
21.934028724324172,87.5945095210547,5
21.934028724324172,87.60349267389591,5
21.934028724324172,87.61247582673712,4
21.934028724324172,87.62145897957834,4
21.934028724324172,87.63044213241949,3
21.934028724324172,87.6394252852607,4
21.934028724324172,87.64840843810191,4
21.934028724324172,87.65739159094306,3
21.934028724324172,87.66637474378427,4
21.934028724324172,87.67535789662548,4
21.934028724324172,87.6843410494667,4
21.934028724324172,87.69332420230785,4
21.934028724324172,87.70230735514906,4
21.934028724324172,87.71129050799027,5
21.934028724324172,87.72027366083148,4
21.934028724324172,87.72925681367263,5
21.934028724324172,87.73823996651385,5
21.934028724324172,87.74722311935506,5
21.934028724324172,87.75620627219621,5
21.934028724324172,87.76518942503742,5
21.934028724324172,87.77417257787863,5
21.934028724324172,87.78315573071984,6
21.934028724324172,87.792138883561,6
21.934028724324172,87.8011220364022,5
21.934028724324172,87.81010518924342,5
21.934028724324172,87.81908834208463,5
21.934028724324172,87.82807149492578,6
21.934028724324172,87.83705464776699,5
21.934028724324172,87.8460378006082,5
21.934028724324172,87.85502095344941,5
21.934028724324172,87.86400410629057,6
21.934028724324172,87.87298725913178,6
21.934028724324172,87.88197041197299,6
21.934028724324172,87.89095356481414,5
21.934028724324172,87.89993671765535,7
21.934028724324172,87.90891987049656,8
21.934028724324172,87.91790302333777,7
21.934028724324172,87.92688617617893,6
21.934028724324172,87.93586932902014,7
21.934028724324172,87.94485248186135,7
21.934028724324172,87.95383563470256,7
21.934028724324172,87.96281878754371,7
21.934028724324172,87.97180194038492,6
21.934028724324172,87.98078509322613,7
21.934028724324172,87.98976824606729,8
21.934028724324172,87.9987513989085,6
21.934028724324172,88.0077345517497,7
21.934028724324172,88.01671770459092,4
21.934028724324172,88.02570085743207,0
21.934028724324172,88.03468401027328,0
21.934028724324172,88.04366716311449,0
21.934028724324172,88.0526503159557,3
21.934028724324172,88.06163346879686,5
21.934028724324172,88.07061662163807,5
21.934028724324172,88.07959977447928,5
21.934028724324172,88.08858292732049,3
21.934028724324172,88.09756608016164,0
21.934028724324172,88.10654923300285,0
21.934028724324172,88.11553238584406,0
21.934028724324172,88.12451553868522,0
21.934028724324172,88.13349869152643,0
21.934028724324172,88.14248184436764,0
21.934028724324172,88.15146499720885,0
21.934028724324172,88.16044815005,3
21.934028724324172,88.16943130289121,3
21.934028724324172,88.17841445573242,6
21.934028724324172,88.18739760857363,6
21.934028724324172,88.19638076141479,6
21.934028724324172,88.205363914256,6
21.934028724324172,88.21434706709721,6
21.934028724324172,88.22333021993836,5
21.934028724324172,88.23231337277957,5
21.934028724324172,88.24129652562078,5
21.934028724324172,88.250279678462,6
21.934028724324172,88.25926283130315,8
21.934028724324172,88.26824598414436,6
21.934028724324172,88.27722913698557,6
21.934028724324172,88.28621228982678,7
21.934028724324172,88.29519544266793,6
21.925045571482976,87.50467799264277,9
21.925045571482976,87.51366114548398,11
21.925045571482976,87.52264429832513,8
21.925045571482976,87.53162745116634,7
21.925045571482976,87.54061060400755,6
21.925045571482976,87.54959375684876,7
21.925045571482976,87.55857690968992,6
21.925045571482976,87.56756006253113,7
21.925045571482976,87.57654321537234,7
21.925045571482976,87.58552636821355,6
21.925045571482976,87.5945095210547,5
21.925045571482976,87.60349267389591,4
21.925045571482976,87.61247582673712,4
21.925045571482976,87.62145897957834,4
21.925045571482976,87.63044213241949,3
21.925045571482976,87.6394252852607,3
21.925045571482976,87.64840843810191,4
21.925045571482976,87.65739159094306,4
21.925045571482976,87.66637474378427,4
21.925045571482976,87.67535789662548,4
21.925045571482976,87.6843410494667,4
21.925045571482976,87.69332420230785,5
21.925045571482976,87.70230735514906,5
21.925045571482976,87.71129050799027,5
21.925045571482976,87.72027366083148,5
21.925045571482976,87.72925681367263,4
21.925045571482976,87.73823996651385,5
21.925045571482976,87.74722311935506,6
21.925045571482976,87.75620627219621,5
21.925045571482976,87.76518942503742,5
21.925045571482976,87.77417257787863,6
21.925045571482976,87.78315573071984,6
21.925045571482976,87.792138883561,6
21.925045571482976,87.8011220364022,6
21.925045571482976,87.81010518924342,7
21.925045571482976,87.81908834208463,6
21.925045571482976,87.82807149492578,5
21.925045571482976,87.83705464776699,6
21.925045571482976,87.8460378006082,6
21.925045571482976,87.85502095344941,6
21.925045571482976,87.86400410629057,5
21.925045571482976,87.87298725913178,6
21.925045571482976,87.88197041197299,5
21.925045571482976,87.89095356481414,5
21.925045571482976,87.89993671765535,5
21.925045571482976,87.90891987049656,6
21.925045571482976,87.91790302333777,8
21.925045571482976,87.92688617617893,7
21.925045571482976,87.93586932902014,7
21.925045571482976,87.94485248186135,7
21.925045571482976,87.95383563470256,6
21.925045571482976,87.96281878754371,7
21.925045571482976,87.97180194038492,7
21.925045571482976,87.98078509322613,7
21.925045571482976,87.98976824606729,6
21.925045571482976,87.9987513989085,7
21.925045571482976,88.0077345517497,6
21.925045571482976,88.01671770459092,2
21.925045571482976,88.02570085743207,0
21.925045571482976,88.03468401027328,0
21.925045571482976,88.04366716311449,0
21.925045571482976,88.0526503159557,4
21.925045571482976,88.06163346879686,5
21.925045571482976,88.07061662163807,5
21.925045571482976,88.07959977447928,1
21.925045571482976,88.08858292732049,0
21.925045571482976,88.09756608016164,0
21.925045571482976,88.10654923300285,0
21.925045571482976,88.11553238584406,2
21.925045571482976,88.12451553868522,5
21.925045571482976,88.13349869152643,2
21.925045571482976,88.14248184436764,0
21.925045571482976,88.15146499720885,0
21.925045571482976,88.16044815005,3
21.925045571482976,88.16943130289121,1
21.925045571482976,88.17841445573242,7
21.925045571482976,88.18739760857363,6
21.925045571482976,88.19638076141479,6
21.925045571482976,88.205363914256,6
21.925045571482976,88.21434706709721,5
21.925045571482976,88.22333021993836,4
21.925045571482976,88.23231337277957,6
21.925045571482976,88.24129652562078,7
21.925045571482976,88.250279678462,6
21.925045571482976,88.25926283130315,7
21.925045571482976,88.26824598414436,5
21.925045571482976,88.27722913698557,7
21.925045571482976,88.28621228982678,6
21.925045571482976,88.29519544266793,6
21.916062418641786,87.50467799264277,9
21.916062418641786,87.51366114548398,12
21.916062418641786,87.52264429832513,9
21.916062418641786,87.53162745116634,9
21.916062418641786,87.54061060400755,8
21.916062418641786,87.54959375684876,7
21.916062418641786,87.55857690968992,6
21.916062418641786,87.56756006253113,7
21.916062418641786,87.57654321537234,8
21.916062418641786,87.58552636821355,5
21.916062418641786,87.5945095210547,5
21.916062418641786,87.60349267389591,5
21.916062418641786,87.61247582673712,4
21.916062418641786,87.62145897957834,5
21.916062418641786,87.63044213241949,5
21.916062418641786,87.6394252852607,4
21.916062418641786,87.64840843810191,4
21.916062418641786,87.65739159094306,4
21.916062418641786,87.66637474378427,5
21.916062418641786,87.67535789662548,4
21.916062418641786,87.6843410494667,5
21.916062418641786,87.69332420230785,6
21.916062418641786,87.70230735514906,5
21.916062418641786,87.71129050799027,6
21.916062418641786,87.72027366083148,6
21.916062418641786,87.72925681367263,6
21.916062418641786,87.73823996651385,6
21.916062418641786,87.74722311935506,6
21.916062418641786,87.75620627219621,6
21.916062418641786,87.76518942503742,6
21.916062418641786,87.77417257787863,6
21.916062418641786,87.78315573071984,6
21.916062418641786,87.792138883561,5
21.916062418641786,87.8011220364022,6
21.916062418641786,87.81010518924342,6
21.916062418641786,87.81908834208463,6
21.916062418641786,87.82807149492578,5
21.916062418641786,87.83705464776699,6
21.916062418641786,87.8460378006082,6
21.916062418641786,87.85502095344941,6
21.916062418641786,87.86400410629057,6
21.916062418641786,87.87298725913178,6
21.916062418641786,87.88197041197299,6
21.916062418641786,87.89095356481414,5
21.916062418641786,87.89993671765535,6
21.916062418641786,87.90891987049656,7
21.916062418641786,87.91790302333777,6
21.916062418641786,87.92688617617893,6
21.916062418641786,87.93586932902014,7
21.916062418641786,87.94485248186135,7
21.916062418641786,87.95383563470256,6
21.916062418641786,87.96281878754371,7
21.916062418641786,87.97180194038492,6
21.916062418641786,87.98078509322613,6
21.916062418641786,87.98976824606729,6
21.916062418641786,87.9987513989085,6
21.916062418641786,88.0077345517497,6
21.916062418641786,88.01671770459092,0
21.916062418641786,88.02570085743207,0
21.916062418641786,88.03468401027328,0
21.916062418641786,88.04366716311449,0
21.916062418641786,88.0526503159557,4
21.916062418641786,88.06163346879686,4
21.916062418641786,88.07061662163807,1
21.916062418641786,88.07959977447928,0
21.916062418641786,88.08858292732049,0
21.916062418641786,88.09756608016164,0
21.916062418641786,88.10654923300285,0
21.916062418641786,88.11553238584406,5
21.916062418641786,88.12451553868522,7
21.916062418641786,88.13349869152643,7
21.916062418641786,88.14248184436764,1
21.916062418641786,88.15146499720885,0
21.916062418641786,88.16044815005,0
21.916062418641786,88.16943130289121,2
21.916062418641786,88.17841445573242,7
21.916062418641786,88.18739760857363,6
21.916062418641786,88.19638076141479,6
21.916062418641786,88.205363914256,5
21.916062418641786,88.21434706709721,5
21.916062418641786,88.22333021993836,6
21.916062418641786,88.23231337277957,6
21.916062418641786,88.24129652562078,6
21.916062418641786,88.250279678462,5
21.916062418641786,88.25926283130315,6
21.916062418641786,88.26824598414436,6
21.916062418641786,88.27722913698557,6
21.916062418641786,88.28621228982678,6
21.916062418641786,88.29519544266793,6
21.90707926580059,87.50467799264277,9
21.90707926580059,87.51366114548398,10
21.90707926580059,87.52264429832513,8
21.90707926580059,87.53162745116634,10
21.90707926580059,87.54061060400755,10
21.90707926580059,87.54959375684876,8
21.90707926580059,87.55857690968992,6
21.90707926580059,87.56756006253113,6
21.90707926580059,87.57654321537234,7
21.90707926580059,87.58552636821355,5
21.90707926580059,87.5945095210547,5
21.90707926580059,87.60349267389591,4
21.90707926580059,87.61247582673712,3
21.90707926580059,87.62145897957834,4
21.90707926580059,87.63044213241949,5
21.90707926580059,87.6394252852607,4
21.90707926580059,87.64840843810191,4
21.90707926580059,87.65739159094306,4
21.90707926580059,87.66637474378427,4
21.90707926580059,87.67535789662548,4
21.90707926580059,87.6843410494667,5
21.90707926580059,87.69332420230785,6
21.90707926580059,87.70230735514906,5
21.90707926580059,87.71129050799027,5
21.90707926580059,87.72027366083148,6
21.90707926580059,87.72925681367263,6
21.90707926580059,87.73823996651385,5
21.90707926580059,87.74722311935506,5
21.90707926580059,87.75620627219621,6
21.90707926580059,87.76518942503742,6
21.90707926580059,87.77417257787863,5
21.90707926580059,87.78315573071984,5
21.90707926580059,87.792138883561,5
21.90707926580059,87.8011220364022,5
21.90707926580059,87.81010518924342,6
21.90707926580059,87.81908834208463,6
21.90707926580059,87.82807149492578,6
21.90707926580059,87.83705464776699,6
21.90707926580059,87.8460378006082,6
21.90707926580059,87.85502095344941,6
21.90707926580059,87.86400410629057,6
21.90707926580059,87.87298725913178,5
21.90707926580059,87.88197041197299,6
21.90707926580059,87.89095356481414,6
21.90707926580059,87.89993671765535,5
21.90707926580059,87.90891987049656,6
21.90707926580059,87.91790302333777,5
21.90707926580059,87.92688617617893,6
21.90707926580059,87.93586932902014,6
21.90707926580059,87.94485248186135,5
21.90707926580059,87.95383563470256,6
21.90707926580059,87.96281878754371,7
21.90707926580059,87.97180194038492,6
21.90707926580059,87.98078509322613,7
21.90707926580059,87.98976824606729,7
21.90707926580059,87.9987513989085,6
21.90707926580059,88.0077345517497,3
21.90707926580059,88.01671770459092,0
21.90707926580059,88.02570085743207,0
21.90707926580059,88.03468401027328,0
21.90707926580059,88.04366716311449,0
21.90707926580059,88.0526503159557,0
21.90707926580059,88.06163346879686,0
21.90707926580059,88.07061662163807,0
21.90707926580059,88.07959977447928,0
21.90707926580059,88.08858292732049,0
21.90707926580059,88.09756608016164,0
21.90707926580059,88.10654923300285,0
21.90707926580059,88.11553238584406,1
21.90707926580059,88.12451553868522,7
21.90707926580059,88.13349869152643,4
21.90707926580059,88.14248184436764,0
21.90707926580059,88.15146499720885,0
21.90707926580059,88.16044815005,0
21.90707926580059,88.16943130289121,4
21.90707926580059,88.17841445573242,6
21.90707926580059,88.18739760857363,6
21.90707926580059,88.19638076141479,6
21.90707926580059,88.205363914256,5
21.90707926580059,88.21434706709721,5
21.90707926580059,88.22333021993836,5
21.90707926580059,88.23231337277957,6
21.90707926580059,88.24129652562078,5
21.90707926580059,88.250279678462,6
21.90707926580059,88.25926283130315,7
21.90707926580059,88.26824598414436,5
21.90707926580059,88.27722913698557,6
21.90707926580059,88.28621228982678,6
21.90707926580059,88.29519544266793,6
21.898096112959394,87.50467799264277,9
21.898096112959394,87.51366114548398,8
21.898096112959394,87.52264429832513,8
21.898096112959394,87.53162745116634,12
21.898096112959394,87.54061060400755,10
21.898096112959394,87.54959375684876,7
21.898096112959394,87.55857690968992,6
21.898096112959394,87.56756006253113,5
21.898096112959394,87.57654321537234,8
21.898096112959394,87.58552636821355,5
21.898096112959394,87.5945095210547,5
21.898096112959394,87.60349267389591,4
21.898096112959394,87.61247582673712,4
21.898096112959394,87.62145897957834,4
21.898096112959394,87.63044213241949,4
21.898096112959394,87.6394252852607,4
21.898096112959394,87.64840843810191,3
21.898096112959394,87.65739159094306,5
21.898096112959394,87.66637474378427,5
21.898096112959394,87.67535789662548,4
21.898096112959394,87.6843410494667,4
21.898096112959394,87.69332420230785,4
21.898096112959394,87.70230735514906,5
21.898096112959394,87.71129050799027,6
21.898096112959394,87.72027366083148,6
21.898096112959394,87.72925681367263,5
21.898096112959394,87.73823996651385,5
21.898096112959394,87.74722311935506,5
21.898096112959394,87.75620627219621,5
21.898096112959394,87.76518942503742,5
21.898096112959394,87.77417257787863,6
21.898096112959394,87.78315573071984,5
21.898096112959394,87.792138883561,5
21.898096112959394,87.8011220364022,5
21.898096112959394,87.81010518924342,5
21.898096112959394,87.81908834208463,5
21.898096112959394,87.82807149492578,6
21.898096112959394,87.83705464776699,5
21.898096112959394,87.8460378006082,6
21.898096112959394,87.85502095344941,6
21.898096112959394,87.86400410629057,6
21.898096112959394,87.87298725913178,5
21.898096112959394,87.88197041197299,5
21.898096112959394,87.89095356481414,6
21.898096112959394,87.89993671765535,5
21.898096112959394,87.90891987049656,6
21.898096112959394,87.91790302333777,4
21.898096112959394,87.92688617617893,5
21.898096112959394,87.93586932902014,6
21.898096112959394,87.94485248186135,5
21.898096112959394,87.95383563470256,6
21.898096112959394,87.96281878754371,7
21.898096112959394,87.97180194038492,6
21.898096112959394,87.98078509322613,6
21.898096112959394,87.98976824606729,6
21.898096112959394,87.9987513989085,5
21.898096112959394,88.0077345517497,0
21.898096112959394,88.01671770459092,0
21.898096112959394,88.02570085743207,0
21.898096112959394,88.03468401027328,0
21.898096112959394,88.04366716311449,0
21.898096112959394,88.0526503159557,0
21.898096112959394,88.06163346879686,0
21.898096112959394,88.07061662163807,0
21.898096112959394,88.07959977447928,0
21.898096112959394,88.08858292732049,0
21.898096112959394,88.09756608016164,0
21.898096112959394,88.10654923300285,0
21.898096112959394,88.11553238584406,0
21.898096112959394,88.12451553868522,2
21.898096112959394,88.13349869152643,0
21.898096112959394,88.14248184436764,0
21.898096112959394,88.15146499720885,0
21.898096112959394,88.16044815005,0
21.898096112959394,88.16943130289121,5
21.898096112959394,88.17841445573242,5
21.898096112959394,88.18739760857363,6
21.898096112959394,88.19638076141479,6
21.898096112959394,88.205363914256,6
21.898096112959394,88.21434706709721,6
21.898096112959394,88.22333021993836,6
21.898096112959394,88.23231337277957,6
21.898096112959394,88.24129652562078,6
21.898096112959394,88.250279678462,6
21.898096112959394,88.25926283130315,7
21.898096112959394,88.26824598414436,5
21.898096112959394,88.27722913698557,6
21.898096112959394,88.28621228982678,6
21.898096112959394,88.29519544266793,6
21.889112960118197,87.50467799264277,9
21.889112960118197,87.51366114548398,8
21.889112960118197,87.52264429832513,9
21.889112960118197,87.53162745116634,11
21.889112960118197,87.54061060400755,9
21.889112960118197,87.54959375684876,7
21.889112960118197,87.55857690968992,7
21.889112960118197,87.56756006253113,7
21.889112960118197,87.57654321537234,5
21.889112960118197,87.58552636821355,5
21.889112960118197,87.5945095210547,5
21.889112960118197,87.60349267389591,4
21.889112960118197,87.61247582673712,4
21.889112960118197,87.62145897957834,5
21.889112960118197,87.63044213241949,4
21.889112960118197,87.6394252852607,5
21.889112960118197,87.64840843810191,4
21.889112960118197,87.65739159094306,5
21.889112960118197,87.66637474378427,4
21.889112960118197,87.67535789662548,5
21.889112960118197,87.6843410494667,5
21.889112960118197,87.69332420230785,5
21.889112960118197,87.70230735514906,6
21.889112960118197,87.71129050799027,6
21.889112960118197,87.72027366083148,6
21.889112960118197,87.72925681367263,4
21.889112960118197,87.73823996651385,5
21.889112960118197,87.74722311935506,5
21.889112960118197,87.75620627219621,6
21.889112960118197,87.76518942503742,6
21.889112960118197,87.77417257787863,6
21.889112960118197,87.78315573071984,6
21.889112960118197,87.792138883561,5
21.889112960118197,87.8011220364022,5
21.889112960118197,87.81010518924342,5
21.889112960118197,87.81908834208463,5
21.889112960118197,87.82807149492578,5
21.889112960118197,87.83705464776699,5
21.889112960118197,87.8460378006082,6
21.889112960118197,87.85502095344941,5
21.889112960118197,87.86400410629057,5
21.889112960118197,87.87298725913178,5
21.889112960118197,87.88197041197299,6
21.889112960118197,87.89095356481414,6
21.889112960118197,87.89993671765535,6
21.889112960118197,87.90891987049656,5
21.889112960118197,87.91790302333777,6
21.889112960118197,87.92688617617893,5
21.889112960118197,87.93586932902014,6
21.889112960118197,87.94485248186135,6
21.889112960118197,87.95383563470256,7
21.889112960118197,87.96281878754371,5
21.889112960118197,87.97180194038492,6
21.889112960118197,87.98078509322613,7
21.889112960118197,87.98976824606729,6
21.889112960118197,87.9987513989085,2
21.889112960118197,88.0077345517497,0
21.889112960118197,88.01671770459092,0
21.889112960118197,88.02570085743207,0
21.889112960118197,88.03468401027328,0
21.889112960118197,88.04366716311449,0
21.889112960118197,88.0526503159557,0
21.889112960118197,88.06163346879686,0
21.889112960118197,88.07061662163807,0
21.889112960118197,88.07959977447928,0
21.889112960118197,88.08858292732049,0
21.889112960118197,88.09756608016164,0
21.889112960118197,88.10654923300285,1
21.889112960118197,88.11553238584406,0
21.889112960118197,88.12451553868522,0
21.889112960118197,88.13349869152643,0
21.889112960118197,88.14248184436764,0
21.889112960118197,88.15146499720885,0
21.889112960118197,88.16044815005,2
21.889112960118197,88.16943130289121,5
21.889112960118197,88.17841445573242,5
21.889112960118197,88.18739760857363,7
21.889112960118197,88.19638076141479,5
21.889112960118197,88.205363914256,5
21.889112960118197,88.21434706709721,6
21.889112960118197,88.22333021993836,6
21.889112960118197,88.23231337277957,5
21.889112960118197,88.24129652562078,6
21.889112960118197,88.250279678462,6
21.889112960118197,88.25926283130315,6
21.889112960118197,88.26824598414436,5
21.889112960118197,88.27722913698557,6
21.889112960118197,88.28621228982678,6
21.889112960118197,88.29519544266793,6
21.880129807277,87.50467799264277,10
21.880129807277,87.51366114548398,7
21.880129807277,87.52264429832513,7
21.880129807277,87.53162745116634,8
21.880129807277,87.54061060400755,8
21.880129807277,87.54959375684876,7
21.880129807277,87.55857690968992,8
21.880129807277,87.56756006253113,9
21.880129807277,87.57654321537234,7
21.880129807277,87.58552636821355,8
21.880129807277,87.5945095210547,5
21.880129807277,87.60349267389591,5
21.880129807277,87.61247582673712,4
21.880129807277,87.62145897957834,5
21.880129807277,87.63044213241949,5
21.880129807277,87.6394252852607,5
21.880129807277,87.64840843810191,4
21.880129807277,87.65739159094306,5
21.880129807277,87.66637474378427,5
21.880129807277,87.67535789662548,5
21.880129807277,87.6843410494667,6
21.880129807277,87.69332420230785,6
21.880129807277,87.70230735514906,6
21.880129807277,87.71129050799027,5
21.880129807277,87.72027366083148,5
21.880129807277,87.72925681367263,5
21.880129807277,87.73823996651385,6
21.880129807277,87.74722311935506,5
21.880129807277,87.75620627219621,5
21.880129807277,87.76518942503742,6
21.880129807277,87.77417257787863,5
21.880129807277,87.78315573071984,6
21.880129807277,87.792138883561,6
21.880129807277,87.8011220364022,5
21.880129807277,87.81010518924342,5
21.880129807277,87.81908834208463,6
21.880129807277,87.82807149492578,6
21.880129807277,87.83705464776699,6
21.880129807277,87.8460378006082,5
21.880129807277,87.85502095344941,6
21.880129807277,87.86400410629057,6
21.880129807277,87.87298725913178,6
21.880129807277,87.88197041197299,6
21.880129807277,87.89095356481414,6
21.880129807277,87.89993671765535,6
21.880129807277,87.90891987049656,5
21.880129807277,87.91790302333777,5
21.880129807277,87.92688617617893,6
21.880129807277,87.93586932902014,5
21.880129807277,87.94485248186135,5
21.880129807277,87.95383563470256,5
21.880129807277,87.96281878754371,5
21.880129807277,87.97180194038492,6
21.880129807277,87.98078509322613,6
21.880129807277,87.98976824606729,4
21.880129807277,87.9987513989085,0
21.880129807277,88.0077345517497,0
21.880129807277,88.01671770459092,0
21.880129807277,88.02570085743207,0
21.880129807277,88.03468401027328,0
21.880129807277,88.04366716311449,0
21.880129807277,88.0526503159557,0
21.880129807277,88.06163346879686,0
21.880129807277,88.07061662163807,0
21.880129807277,88.07959977447928,0
21.880129807277,88.08858292732049,0
21.880129807277,88.09756608016164,0
21.880129807277,88.10654923300285,0
21.880129807277,88.11553238584406,0
21.880129807277,88.12451553868522,0
21.880129807277,88.13349869152643,0
21.880129807277,88.14248184436764,0
21.880129807277,88.15146499720885,0
21.880129807277,88.16044815005,2
21.880129807277,88.16943130289121,6
21.880129807277,88.17841445573242,6
21.880129807277,88.18739760857363,7
21.880129807277,88.19638076141479,5
21.880129807277,88.205363914256,5
21.880129807277,88.21434706709721,6
21.880129807277,88.22333021993836,6
21.880129807277,88.23231337277957,6
21.880129807277,88.24129652562078,6
21.880129807277,88.250279678462,6
21.880129807277,88.25926283130315,4
21.880129807277,88.26824598414436,5
21.880129807277,88.27722913698557,5
21.880129807277,88.28621228982678,5
21.880129807277,88.29519544266793,5
21.871146654435805,87.50467799264277,10
21.871146654435805,87.51366114548398,8
21.871146654435805,87.52264429832513,7
21.871146654435805,87.53162745116634,6
21.871146654435805,87.54061060400755,8
21.871146654435805,87.54959375684876,6
21.871146654435805,87.55857690968992,8
21.871146654435805,87.56756006253113,7
21.871146654435805,87.57654321537234,6
21.871146654435805,87.58552636821355,7
21.871146654435805,87.5945095210547,6
21.871146654435805,87.60349267389591,6
21.871146654435805,87.61247582673712,4
21.871146654435805,87.62145897957834,5
21.871146654435805,87.63044213241949,5
21.871146654435805,87.6394252852607,5
21.871146654435805,87.64840843810191,5
21.871146654435805,87.65739159094306,5
21.871146654435805,87.66637474378427,5
21.871146654435805,87.67535789662548,6
21.871146654435805,87.6843410494667,5
21.871146654435805,87.69332420230785,5
21.871146654435805,87.70230735514906,6
21.871146654435805,87.71129050799027,6
21.871146654435805,87.72027366083148,4
21.871146654435805,87.72925681367263,5
21.871146654435805,87.73823996651385,6
21.871146654435805,87.74722311935506,5
21.871146654435805,87.75620627219621,5
21.871146654435805,87.76518942503742,5
21.871146654435805,87.77417257787863,5
21.871146654435805,87.78315573071984,5
21.871146654435805,87.792138883561,5
21.871146654435805,87.8011220364022,5
21.871146654435805,87.81010518924342,6
21.871146654435805,87.81908834208463,6
21.871146654435805,87.82807149492578,5
21.871146654435805,87.83705464776699,6
21.871146654435805,87.8460378006082,6
21.871146654435805,87.85502095344941,5
21.871146654435805,87.86400410629057,6
21.871146654435805,87.87298725913178,7
21.871146654435805,87.88197041197299,6
21.871146654435805,87.89095356481414,6
21.871146654435805,87.89993671765535,6
21.871146654435805,87.90891987049656,5
21.871146654435805,87.91790302333777,6
21.871146654435805,87.92688617617893,6
21.871146654435805,87.93586932902014,5
21.871146654435805,87.94485248186135,6
21.871146654435805,87.95383563470256,5
21.871146654435805,87.96281878754371,6
21.871146654435805,87.97180194038492,8
21.871146654435805,87.98078509322613,7
21.871146654435805,87.98976824606729,2
21.871146654435805,87.9987513989085,0
21.871146654435805,88.0077345517497,0
21.871146654435805,88.01671770459092,0
21.871146654435805,88.02570085743207,0
21.871146654435805,88.03468401027328,0
21.871146654435805,88.04366716311449,0
21.871146654435805,88.0526503159557,0
21.871146654435805,88.06163346879686,0
21.871146654435805,88.07061662163807,0
21.871146654435805,88.07959977447928,0
21.871146654435805,88.08858292732049,0
21.871146654435805,88.09756608016164,0
21.871146654435805,88.10654923300285,0
21.871146654435805,88.11553238584406,0
21.871146654435805,88.12451553868522,4
21.871146654435805,88.13349869152643,4
21.871146654435805,88.14248184436764,0
21.871146654435805,88.15146499720885,0
21.871146654435805,88.16044815005,0
21.871146654435805,88.16943130289121,5
21.871146654435805,88.17841445573242,7
21.871146654435805,88.18739760857363,6
21.871146654435805,88.19638076141479,6
21.871146654435805,88.205363914256,4
21.871146654435805,88.21434706709721,4
21.871146654435805,88.22333021993836,5
21.871146654435805,88.23231337277957,6
21.871146654435805,88.24129652562078,6
21.871146654435805,88.250279678462,5
21.871146654435805,88.25926283130315,6
21.871146654435805,88.26824598414436,6
21.871146654435805,88.27722913698557,5
21.871146654435805,88.28621228982678,6
21.871146654435805,88.29519544266793,5
21.86216350159461,87.50467799264277,7
21.86216350159461,87.51366114548398,10
21.86216350159461,87.52264429832513,7
21.86216350159461,87.53162745116634,7
21.86216350159461,87.54061060400755,8
21.86216350159461,87.54959375684876,6
21.86216350159461,87.55857690968992,5
21.86216350159461,87.56756006253113,7
21.86216350159461,87.57654321537234,6
21.86216350159461,87.58552636821355,7
21.86216350159461,87.5945095210547,6
21.86216350159461,87.60349267389591,5
21.86216350159461,87.61247582673712,5
21.86216350159461,87.62145897957834,5
21.86216350159461,87.63044213241949,6
21.86216350159461,87.6394252852607,6
21.86216350159461,87.64840843810191,5
21.86216350159461,87.65739159094306,5
21.86216350159461,87.66637474378427,6
21.86216350159461,87.67535789662548,5
21.86216350159461,87.6843410494667,6
21.86216350159461,87.69332420230785,6
21.86216350159461,87.70230735514906,6
21.86216350159461,87.71129050799027,5
21.86216350159461,87.72027366083148,4
21.86216350159461,87.72925681367263,5
21.86216350159461,87.73823996651385,6
21.86216350159461,87.74722311935506,5
21.86216350159461,87.75620627219621,6
21.86216350159461,87.76518942503742,5
21.86216350159461,87.77417257787863,5
21.86216350159461,87.78315573071984,4
21.86216350159461,87.792138883561,5
21.86216350159461,87.8011220364022,5
21.86216350159461,87.81010518924342,5
21.86216350159461,87.81908834208463,5
21.86216350159461,87.82807149492578,5
21.86216350159461,87.83705464776699,5
21.86216350159461,87.8460378006082,6
21.86216350159461,87.85502095344941,6
21.86216350159461,87.86400410629057,6
21.86216350159461,87.87298725913178,6
21.86216350159461,87.88197041197299,4
21.86216350159461,87.89095356481414,6
21.86216350159461,87.89993671765535,6
21.86216350159461,87.90891987049656,6
21.86216350159461,87.91790302333777,7
21.86216350159461,87.92688617617893,6
21.86216350159461,87.93586932902014,7
21.86216350159461,87.94485248186135,6
21.86216350159461,87.95383563470256,7
21.86216350159461,87.96281878754371,7
21.86216350159461,87.97180194038492,5
21.86216350159461,87.98078509322613,3
21.86216350159461,87.98976824606729,0
21.86216350159461,87.9987513989085,0
21.86216350159461,88.0077345517497,0
21.86216350159461,88.01671770459092,0
21.86216350159461,88.02570085743207,0
21.86216350159461,88.03468401027328,0
21.86216350159461,88.04366716311449,0
21.86216350159461,88.0526503159557,0
21.86216350159461,88.06163346879686,0
21.86216350159461,88.07061662163807,0
21.86216350159461,88.07959977447928,0
21.86216350159461,88.08858292732049,0
21.86216350159461,88.09756608016164,0
21.86216350159461,88.10654923300285,0
21.86216350159461,88.11553238584406,3
21.86216350159461,88.12451553868522,7
21.86216350159461,88.13349869152643,7
21.86216350159461,88.14248184436764,1
21.86216350159461,88.15146499720885,0
21.86216350159461,88.16044815005,0
21.86216350159461,88.16943130289121,3
21.86216350159461,88.17841445573242,7
21.86216350159461,88.18739760857363,6
21.86216350159461,88.19638076141479,5
21.86216350159461,88.205363914256,5
21.86216350159461,88.21434706709721,5
21.86216350159461,88.22333021993836,6
21.86216350159461,88.23231337277957,6
21.86216350159461,88.24129652562078,6
21.86216350159461,88.250279678462,5
21.86216350159461,88.25926283130315,4
21.86216350159461,88.26824598414436,5
21.86216350159461,88.27722913698557,5
21.86216350159461,88.28621228982678,5
21.86216350159461,88.29519544266793,5
21.85318034875342,87.50467799264277,10
21.85318034875342,87.51366114548398,9
21.85318034875342,87.52264429832513,8
21.85318034875342,87.53162745116634,6
21.85318034875342,87.54061060400755,7
21.85318034875342,87.54959375684876,8
21.85318034875342,87.55857690968992,8
21.85318034875342,87.56756006253113,8
21.85318034875342,87.57654321537234,5
21.85318034875342,87.58552636821355,4
21.85318034875342,87.5945095210547,6
21.85318034875342,87.60349267389591,5
21.85318034875342,87.61247582673712,5
21.85318034875342,87.62145897957834,4
21.85318034875342,87.63044213241949,6
21.85318034875342,87.6394252852607,5
21.85318034875342,87.64840843810191,5
21.85318034875342,87.65739159094306,5
21.85318034875342,87.66637474378427,5
21.85318034875342,87.67535789662548,5
21.85318034875342,87.6843410494667,5
21.85318034875342,87.69332420230785,6
21.85318034875342,87.70230735514906,6
21.85318034875342,87.71129050799027,5
21.85318034875342,87.72027366083148,5
21.85318034875342,87.72925681367263,6
21.85318034875342,87.73823996651385,5
21.85318034875342,87.74722311935506,6
21.85318034875342,87.75620627219621,6
21.85318034875342,87.76518942503742,6
21.85318034875342,87.77417257787863,6
21.85318034875342,87.78315573071984,6
21.85318034875342,87.792138883561,6
21.85318034875342,87.8011220364022,6
21.85318034875342,87.81010518924342,6
21.85318034875342,87.81908834208463,6
21.85318034875342,87.82807149492578,5
21.85318034875342,87.83705464776699,5
21.85318034875342,87.8460378006082,6
21.85318034875342,87.85502095344941,6
21.85318034875342,87.86400410629057,5
21.85318034875342,87.87298725913178,5
21.85318034875342,87.88197041197299,5
21.85318034875342,87.89095356481414,5
21.85318034875342,87.89993671765535,5
21.85318034875342,87.90891987049656,6
21.85318034875342,87.91790302333777,8
21.85318034875342,87.92688617617893,6
21.85318034875342,87.93586932902014,7
21.85318034875342,87.94485248186135,7
21.85318034875342,87.95383563470256,7
21.85318034875342,87.96281878754371,6
21.85318034875342,87.97180194038492,4
21.85318034875342,87.98078509322613,1
21.85318034875342,87.98976824606729,0
21.85318034875342,87.9987513989085,0
21.85318034875342,88.0077345517497,0
21.85318034875342,88.01671770459092,0
21.85318034875342,88.02570085743207,0
21.85318034875342,88.03468401027328,0
21.85318034875342,88.04366716311449,0
21.85318034875342,88.0526503159557,0
21.85318034875342,88.06163346879686,0
21.85318034875342,88.07061662163807,0
21.85318034875342,88.07959977447928,0
21.85318034875342,88.08858292732049,0
21.85318034875342,88.09756608016164,0
21.85318034875342,88.10654923300285,0
21.85318034875342,88.11553238584406,6
21.85318034875342,88.12451553868522,7
21.85318034875342,88.13349869152643,7
21.85318034875342,88.14248184436764,4
21.85318034875342,88.15146499720885,0
21.85318034875342,88.16044815005,0
21.85318034875342,88.16943130289121,1
21.85318034875342,88.17841445573242,5
21.85318034875342,88.18739760857363,5
21.85318034875342,88.19638076141479,6
21.85318034875342,88.205363914256,5
21.85318034875342,88.21434706709721,6
21.85318034875342,88.22333021993836,5
21.85318034875342,88.23231337277957,6
21.85318034875342,88.24129652562078,6
21.85318034875342,88.250279678462,6
21.85318034875342,88.25926283130315,6
21.85318034875342,88.26824598414436,5
21.85318034875342,88.27722913698557,5
21.85318034875342,88.28621228982678,6
21.85318034875342,88.29519544266793,6
21.844197195912223,87.50467799264277,7
21.844197195912223,87.51366114548398,8
21.844197195912223,87.52264429832513,8
21.844197195912223,87.53162745116634,6
21.844197195912223,87.54061060400755,7
21.844197195912223,87.54959375684876,8
21.844197195912223,87.55857690968992,6
21.844197195912223,87.56756006253113,5
21.844197195912223,87.57654321537234,4
21.844197195912223,87.58552636821355,4
21.844197195912223,87.5945095210547,5
21.844197195912223,87.60349267389591,5
21.844197195912223,87.61247582673712,6
21.844197195912223,87.62145897957834,5
21.844197195912223,87.63044213241949,7
21.844197195912223,87.6394252852607,7
21.844197195912223,87.64840843810191,5
21.844197195912223,87.65739159094306,4
21.844197195912223,87.66637474378427,6
21.844197195912223,87.67535789662548,7
21.844197195912223,87.6843410494667,5
21.844197195912223,87.69332420230785,6
21.844197195912223,87.70230735514906,5
21.844197195912223,87.71129050799027,5
21.844197195912223,87.72027366083148,5
21.844197195912223,87.72925681367263,5
21.844197195912223,87.73823996651385,6
21.844197195912223,87.74722311935506,5
21.844197195912223,87.75620627219621,5
21.844197195912223,87.76518942503742,6
21.844197195912223,87.77417257787863,6
21.844197195912223,87.78315573071984,10
21.844197195912223,87.792138883561,8
21.844197195912223,87.8011220364022,4
21.844197195912223,87.81010518924342,4
21.844197195912223,87.81908834208463,5
21.844197195912223,87.82807149492578,6
21.844197195912223,87.83705464776699,5
21.844197195912223,87.8460378006082,5
21.844197195912223,87.85502095344941,5
21.844197195912223,87.86400410629057,6
21.844197195912223,87.87298725913178,4
21.844197195912223,87.88197041197299,5
21.844197195912223,87.89095356481414,5
21.844197195912223,87.89993671765535,6
21.844197195912223,87.90891987049656,5
21.844197195912223,87.91790302333777,5
21.844197195912223,87.92688617617893,4
21.844197195912223,87.93586932902014,6
21.844197195912223,87.94485248186135,6
21.844197195912223,87.95383563470256,5
21.844197195912223,87.96281878754371,5
21.844197195912223,87.97180194038492,1
21.844197195912223,87.98078509322613,0
21.844197195912223,87.98976824606729,0
21.844197195912223,87.9987513989085,0
21.844197195912223,88.0077345517497,0
21.844197195912223,88.01671770459092,0
21.844197195912223,88.02570085743207,0
21.844197195912223,88.03468401027328,0
21.844197195912223,88.04366716311449,0
21.844197195912223,88.0526503159557,0
21.844197195912223,88.06163346879686,0
21.844197195912223,88.07061662163807,0
21.844197195912223,88.07959977447928,0
21.844197195912223,88.08858292732049,0
21.844197195912223,88.09756608016164,0
21.844197195912223,88.10654923300285,3
21.844197195912223,88.11553238584406,7
21.844197195912223,88.12451553868522,7
21.844197195912223,88.13349869152643,7
21.844197195912223,88.14248184436764,5
21.844197195912223,88.15146499720885,0
21.844197195912223,88.16044815005,0
21.844197195912223,88.16943130289121,0
21.844197195912223,88.17841445573242,3
21.844197195912223,88.18739760857363,5
21.844197195912223,88.19638076141479,7
21.844197195912223,88.205363914256,6
21.844197195912223,88.21434706709721,6
21.844197195912223,88.22333021993836,6
21.844197195912223,88.23231337277957,6
21.844197195912223,88.24129652562078,6
21.844197195912223,88.250279678462,6
21.844197195912223,88.25926283130315,6
21.844197195912223,88.26824598414436,5
21.844197195912223,88.27722913698557,6
21.844197195912223,88.28621228982678,6
21.844197195912223,88.29519544266793,6
21.835214043071026,87.50467799264277,8
21.835214043071026,87.51366114548398,7
21.835214043071026,87.52264429832513,8
21.835214043071026,87.53162745116634,6
21.835214043071026,87.54061060400755,5
21.835214043071026,87.54959375684876,5
21.835214043071026,87.55857690968992,4
21.835214043071026,87.56756006253113,4
21.835214043071026,87.57654321537234,5
21.835214043071026,87.58552636821355,5
21.835214043071026,87.5945095210547,6
21.835214043071026,87.60349267389591,7
21.835214043071026,87.61247582673712,6
21.835214043071026,87.62145897957834,5
21.835214043071026,87.63044213241949,7
21.835214043071026,87.6394252852607,5
21.835214043071026,87.64840843810191,5
21.835214043071026,87.65739159094306,5
21.835214043071026,87.66637474378427,5
21.835214043071026,87.67535789662548,7
21.835214043071026,87.6843410494667,6
21.835214043071026,87.69332420230785,5
21.835214043071026,87.70230735514906,5
21.835214043071026,87.71129050799027,5
21.835214043071026,87.72027366083148,6
21.835214043071026,87.72925681367263,6
21.835214043071026,87.73823996651385,6
21.835214043071026,87.74722311935506,6
21.835214043071026,87.75620627219621,6
21.835214043071026,87.76518942503742,5
21.835214043071026,87.77417257787863,5
21.835214043071026,87.78315573071984,7
21.835214043071026,87.792138883561,5
21.835214043071026,87.8011220364022,5
21.835214043071026,87.81010518924342,5
21.835214043071026,87.81908834208463,5
21.835214043071026,87.82807149492578,6
21.835214043071026,87.83705464776699,6
21.835214043071026,87.8460378006082,6
21.835214043071026,87.85502095344941,5
21.835214043071026,87.86400410629057,5
21.835214043071026,87.87298725913178,4
21.835214043071026,87.88197041197299,6
21.835214043071026,87.89095356481414,6
21.835214043071026,87.89993671765535,5
21.835214043071026,87.90891987049656,5
21.835214043071026,87.91790302333777,5
21.835214043071026,87.92688617617893,5
21.835214043071026,87.93586932902014,6
21.835214043071026,87.94485248186135,6
21.835214043071026,87.95383563470256,5
21.835214043071026,87.96281878754371,1
21.835214043071026,87.97180194038492,0
21.835214043071026,87.98078509322613,0
21.835214043071026,87.98976824606729,0
21.835214043071026,87.9987513989085,0
21.835214043071026,88.0077345517497,0
21.835214043071026,88.01671770459092,0
21.835214043071026,88.02570085743207,0
21.835214043071026,88.03468401027328,0
21.835214043071026,88.04366716311449,0
21.835214043071026,88.0526503159557,0
21.835214043071026,88.06163346879686,0
21.835214043071026,88.07061662163807,0
21.835214043071026,88.07959977447928,0
21.835214043071026,88.08858292732049,0
21.835214043071026,88.09756608016164,0
21.835214043071026,88.10654923300285,7
21.835214043071026,88.11553238584406,7
21.835214043071026,88.12451553868522,7
21.835214043071026,88.13349869152643,7
21.835214043071026,88.14248184436764,7
21.835214043071026,88.15146499720885,2
21.835214043071026,88.16044815005,0
21.835214043071026,88.16943130289121,0
21.835214043071026,88.17841445573242,0
21.835214043071026,88.18739760857363,3
21.835214043071026,88.19638076141479,6
21.835214043071026,88.205363914256,6
21.835214043071026,88.21434706709721,6
21.835214043071026,88.22333021993836,6
21.835214043071026,88.23231337277957,6
21.835214043071026,88.24129652562078,5
21.835214043071026,88.250279678462,6
21.835214043071026,88.25926283130315,6
21.835214043071026,88.26824598414436,6
21.835214043071026,88.27722913698557,5
21.835214043071026,88.28621228982678,4
21.835214043071026,88.29519544266793,4
21.82623089022983,87.50467799264277,8
21.82623089022983,87.51366114548398,7
21.82623089022983,87.52264429832513,7
21.82623089022983,87.53162745116634,6
21.82623089022983,87.54061060400755,5
21.82623089022983,87.54959375684876,5
21.82623089022983,87.55857690968992,4
21.82623089022983,87.56756006253113,4
21.82623089022983,87.57654321537234,4
21.82623089022983,87.58552636821355,5
21.82623089022983,87.5945095210547,5
21.82623089022983,87.60349267389591,5
21.82623089022983,87.61247582673712,7
21.82623089022983,87.62145897957834,6
21.82623089022983,87.63044213241949,6
21.82623089022983,87.6394252852607,6
21.82623089022983,87.64840843810191,6
21.82623089022983,87.65739159094306,7
21.82623089022983,87.66637474378427,5
21.82623089022983,87.67535789662548,6
21.82623089022983,87.6843410494667,5
21.82623089022983,87.69332420230785,6
21.82623089022983,87.70230735514906,5
21.82623089022983,87.71129050799027,5
21.82623089022983,87.72027366083148,6
21.82623089022983,87.72925681367263,5
21.82623089022983,87.73823996651385,6
21.82623089022983,87.74722311935506,5
21.82623089022983,87.75620627219621,7
21.82623089022983,87.76518942503742,6
21.82623089022983,87.77417257787863,5
21.82623089022983,87.78315573071984,5
21.82623089022983,87.792138883561,5
21.82623089022983,87.8011220364022,6
21.82623089022983,87.81010518924342,5
21.82623089022983,87.81908834208463,5
21.82623089022983,87.82807149492578,6
21.82623089022983,87.83705464776699,5
21.82623089022983,87.8460378006082,5
21.82623089022983,87.85502095344941,5
21.82623089022983,87.86400410629057,5
21.82623089022983,87.87298725913178,4
21.82623089022983,87.88197041197299,6
21.82623089022983,87.89095356481414,6
21.82623089022983,87.89993671765535,5
21.82623089022983,87.90891987049656,5
21.82623089022983,87.91790302333777,5
21.82623089022983,87.92688617617893,5
21.82623089022983,87.93586932902014,6
21.82623089022983,87.94485248186135,5
21.82623089022983,87.95383563470256,1
21.82623089022983,87.96281878754371,0
21.82623089022983,87.97180194038492,0
21.82623089022983,87.98078509322613,0
21.82623089022983,87.98976824606729,0
21.82623089022983,87.9987513989085,0
21.82623089022983,88.0077345517497,0
21.82623089022983,88.01671770459092,0
21.82623089022983,88.02570085743207,0
21.82623089022983,88.03468401027328,0
21.82623089022983,88.04366716311449,0
21.82623089022983,88.0526503159557,0
21.82623089022983,88.06163346879686,0
21.82623089022983,88.07061662163807,0
21.82623089022983,88.07959977447928,0
21.82623089022983,88.08858292732049,0
21.82623089022983,88.09756608016164,0
21.82623089022983,88.10654923300285,6
21.82623089022983,88.11553238584406,7
21.82623089022983,88.12451553868522,8
21.82623089022983,88.13349869152643,7
21.82623089022983,88.14248184436764,7
21.82623089022983,88.15146499720885,6
21.82623089022983,88.16044815005,1
21.82623089022983,88.16943130289121,0
21.82623089022983,88.17841445573242,1
21.82623089022983,88.18739760857363,0
21.82623089022983,88.19638076141479,5
21.82623089022983,88.205363914256,6
21.82623089022983,88.21434706709721,6
21.82623089022983,88.22333021993836,6
21.82623089022983,88.23231337277957,5
21.82623089022983,88.24129652562078,6
21.82623089022983,88.250279678462,5
21.82623089022983,88.25926283130315,5
21.82623089022983,88.26824598414436,5
21.82623089022983,88.27722913698557,4
21.82623089022983,88.28621228982678,3
21.82623089022983,88.29519544266793,4
21.817247737388634,87.50467799264277,8
21.817247737388634,87.51366114548398,8
21.817247737388634,87.52264429832513,8
21.817247737388634,87.53162745116634,7
21.817247737388634,87.54061060400755,7
21.817247737388634,87.54959375684876,6
21.817247737388634,87.55857690968992,5
21.817247737388634,87.56756006253113,5
21.817247737388634,87.57654321537234,4
21.817247737388634,87.58552636821355,6
21.817247737388634,87.5945095210547,7
21.817247737388634,87.60349267389591,5
21.817247737388634,87.61247582673712,6
21.817247737388634,87.62145897957834,5
21.817247737388634,87.63044213241949,8
21.817247737388634,87.6394252852607,6
21.817247737388634,87.64840843810191,6
21.817247737388634,87.65739159094306,5
21.817247737388634,87.66637474378427,5
21.817247737388634,87.67535789662548,6
21.817247737388634,87.6843410494667,6
21.817247737388634,87.69332420230785,6
21.817247737388634,87.70230735514906,5
21.817247737388634,87.71129050799027,4
21.817247737388634,87.72027366083148,6
21.817247737388634,87.72925681367263,4
21.817247737388634,87.73823996651385,5
21.817247737388634,87.74722311935506,5
21.817247737388634,87.75620627219621,5
21.817247737388634,87.76518942503742,5
21.817247737388634,87.77417257787863,6
21.817247737388634,87.78315573071984,6
21.817247737388634,87.792138883561,6
21.817247737388634,87.8011220364022,6
21.817247737388634,87.81010518924342,5
21.817247737388634,87.81908834208463,5
21.817247737388634,87.82807149492578,5
21.817247737388634,87.83705464776699,6
21.817247737388634,87.8460378006082,4
21.817247737388634,87.85502095344941,5
21.817247737388634,87.86400410629057,5
21.817247737388634,87.87298725913178,4
21.817247737388634,87.88197041197299,5
21.817247737388634,87.89095356481414,6
21.817247737388634,87.89993671765535,6
21.817247737388634,87.90891987049656,5
21.817247737388634,87.91790302333777,5
21.817247737388634,87.92688617617893,7
21.817247737388634,87.93586932902014,5
21.817247737388634,87.94485248186135,1
21.817247737388634,87.95383563470256,0
21.817247737388634,87.96281878754371,0
21.817247737388634,87.97180194038492,0
21.817247737388634,87.98078509322613,0
21.817247737388634,87.98976824606729,0
21.817247737388634,87.9987513989085,0
21.817247737388634,88.0077345517497,0
21.817247737388634,88.01671770459092,0
21.817247737388634,88.02570085743207,0
21.817247737388634,88.03468401027328,0
21.817247737388634,88.04366716311449,0
21.817247737388634,88.0526503159557,0
21.817247737388634,88.06163346879686,0
21.817247737388634,88.07061662163807,0
21.817247737388634,88.07959977447928,0
21.817247737388634,88.08858292732049,0
21.817247737388634,88.09756608016164,1
21.817247737388634,88.10654923300285,6
21.817247737388634,88.11553238584406,7
21.817247737388634,88.12451553868522,6
21.817247737388634,88.13349869152643,7
21.817247737388634,88.14248184436764,7
21.817247737388634,88.15146499720885,6
21.817247737388634,88.16044815005,6
21.817247737388634,88.16943130289121,1
21.817247737388634,88.17841445573242,0
21.817247737388634,88.18739760857363,0
21.817247737388634,88.19638076141479,2
21.817247737388634,88.205363914256,6
21.817247737388634,88.21434706709721,6
21.817247737388634,88.22333021993836,6
21.817247737388634,88.23231337277957,5
21.817247737388634,88.24129652562078,6
21.817247737388634,88.250279678462,6
21.817247737388634,88.25926283130315,5
21.817247737388634,88.26824598414436,5
21.817247737388634,88.27722913698557,3
21.817247737388634,88.28621228982678,4
21.817247737388634,88.29519544266793,4
21.808264584547437,87.50467799264277,8
21.808264584547437,87.51366114548398,9
21.808264584547437,87.52264429832513,8
21.808264584547437,87.53162745116634,7
21.808264584547437,87.54061060400755,6
21.808264584547437,87.54959375684876,8
21.808264584547437,87.55857690968992,9
21.808264584547437,87.56756006253113,6
21.808264584547437,87.57654321537234,6
21.808264584547437,87.58552636821355,6
21.808264584547437,87.5945095210547,6
21.808264584547437,87.60349267389591,6
21.808264584547437,87.61247582673712,6
21.808264584547437,87.62145897957834,7
21.808264584547437,87.63044213241949,7
21.808264584547437,87.6394252852607,5
21.808264584547437,87.64840843810191,6
21.808264584547437,87.65739159094306,5
21.808264584547437,87.66637474378427,6
21.808264584547437,87.67535789662548,5
21.808264584547437,87.6843410494667,6
21.808264584547437,87.69332420230785,6
21.808264584547437,87.70230735514906,6
21.808264584547437,87.71129050799027,6
21.808264584547437,87.72027366083148,5
21.808264584547437,87.72925681367263,5
21.808264584547437,87.73823996651385,6
21.808264584547437,87.74722311935506,6
21.808264584547437,87.75620627219621,5
21.808264584547437,87.76518942503742,7
21.808264584547437,87.77417257787863,6
21.808264584547437,87.78315573071984,6
21.808264584547437,87.792138883561,8
21.808264584547437,87.8011220364022,4
21.808264584547437,87.81010518924342,5
21.808264584547437,87.81908834208463,6
21.808264584547437,87.82807149492578,5
21.808264584547437,87.83705464776699,5
21.808264584547437,87.8460378006082,4
21.808264584547437,87.85502095344941,5
21.808264584547437,87.86400410629057,5
21.808264584547437,87.87298725913178,4
21.808264584547437,87.88197041197299,4
21.808264584547437,87.89095356481414,5
21.808264584547437,87.89993671765535,6
21.808264584547437,87.90891987049656,8
21.808264584547437,87.91790302333777,10
21.808264584547437,87.92688617617893,6
21.808264584547437,87.93586932902014,1
21.808264584547437,87.94485248186135,0
21.808264584547437,87.95383563470256,0
21.808264584547437,87.96281878754371,0
21.808264584547437,87.97180194038492,0
21.808264584547437,87.98078509322613,0
21.808264584547437,87.98976824606729,0
21.808264584547437,87.9987513989085,0
21.808264584547437,88.0077345517497,0
21.808264584547437,88.01671770459092,0
21.808264584547437,88.02570085743207,0
21.808264584547437,88.03468401027328,0
21.808264584547437,88.04366716311449,0
21.808264584547437,88.0526503159557,0
21.808264584547437,88.06163346879686,0
21.808264584547437,88.07061662163807,0
21.808264584547437,88.07959977447928,0
21.808264584547437,88.08858292732049,0
21.808264584547437,88.09756608016164,4
21.808264584547437,88.10654923300285,7
21.808264584547437,88.11553238584406,7
21.808264584547437,88.12451553868522,6
21.808264584547437,88.13349869152643,6
21.808264584547437,88.14248184436764,6
21.808264584547437,88.15146499720885,7
21.808264584547437,88.16044815005,5
21.808264584547437,88.16943130289121,2
21.808264584547437,88.17841445573242,0
21.808264584547437,88.18739760857363,0
21.808264584547437,88.19638076141479,0
21.808264584547437,88.205363914256,5
21.808264584547437,88.21434706709721,6
21.808264584547437,88.22333021993836,6
21.808264584547437,88.23231337277957,6
21.808264584547437,88.24129652562078,5
21.808264584547437,88.250279678462,6
21.808264584547437,88.25926283130315,5
21.808264584547437,88.26824598414436,6
21.808264584547437,88.27722913698557,5
21.808264584547437,88.28621228982678,5
21.808264584547437,88.29519544266793,5
21.799281431706248,87.50467799264277,8
21.799281431706248,87.51366114548398,9
21.799281431706248,87.52264429832513,7
21.799281431706248,87.53162745116634,7
21.799281431706248,87.54061060400755,6
21.799281431706248,87.54959375684876,8
21.799281431706248,87.55857690968992,7
21.799281431706248,87.56756006253113,7
21.799281431706248,87.57654321537234,5
21.799281431706248,87.58552636821355,4
21.799281431706248,87.5945095210547,5
21.799281431706248,87.60349267389591,6
21.799281431706248,87.61247582673712,7
21.799281431706248,87.62145897957834,6
21.799281431706248,87.63044213241949,7
21.799281431706248,87.6394252852607,6
21.799281431706248,87.64840843810191,6
21.799281431706248,87.65739159094306,5
21.799281431706248,87.66637474378427,6
21.799281431706248,87.67535789662548,6
21.799281431706248,87.6843410494667,6
21.799281431706248,87.69332420230785,6
21.799281431706248,87.70230735514906,6
21.799281431706248,87.71129050799027,5
21.799281431706248,87.72027366083148,5
21.799281431706248,87.72925681367263,6
21.799281431706248,87.73823996651385,5
21.799281431706248,87.74722311935506,6
21.799281431706248,87.75620627219621,6
21.799281431706248,87.76518942503742,5
21.799281431706248,87.77417257787863,4
21.799281431706248,87.78315573071984,6
21.799281431706248,87.792138883561,4
21.799281431706248,87.8011220364022,5
21.799281431706248,87.81010518924342,7
21.799281431706248,87.81908834208463,6
21.799281431706248,87.82807149492578,6
21.799281431706248,87.83705464776699,5
21.799281431706248,87.8460378006082,5
21.799281431706248,87.85502095344941,7
21.799281431706248,87.86400410629057,5
21.799281431706248,87.87298725913178,5
21.799281431706248,87.88197041197299,3
21.799281431706248,87.89095356481414,5
21.799281431706248,87.89993671765535,10
21.799281431706248,87.90891987049656,10
21.799281431706248,87.91790302333777,6
21.799281431706248,87.92688617617893,2
21.799281431706248,87.93586932902014,0
21.799281431706248,87.94485248186135,0
21.799281431706248,87.95383563470256,0
21.799281431706248,87.96281878754371,0
21.799281431706248,87.97180194038492,0
21.799281431706248,87.98078509322613,0
21.799281431706248,87.98976824606729,0
21.799281431706248,87.9987513989085,0
21.799281431706248,88.0077345517497,0
21.799281431706248,88.01671770459092,0
21.799281431706248,88.02570085743207,0
21.799281431706248,88.03468401027328,0
21.799281431706248,88.04366716311449,0
21.799281431706248,88.0526503159557,0
21.799281431706248,88.06163346879686,0
21.799281431706248,88.07061662163807,0
21.799281431706248,88.07959977447928,0
21.799281431706248,88.08858292732049,1
21.799281431706248,88.09756608016164,6
21.799281431706248,88.10654923300285,7
21.799281431706248,88.11553238584406,6
21.799281431706248,88.12451553868522,6
21.799281431706248,88.13349869152643,6
21.799281431706248,88.14248184436764,6
21.799281431706248,88.15146499720885,6
21.799281431706248,88.16044815005,4
21.799281431706248,88.16943130289121,2
21.799281431706248,88.17841445573242,0
21.799281431706248,88.18739760857363,0
21.799281431706248,88.19638076141479,0
21.799281431706248,88.205363914256,2
21.799281431706248,88.21434706709721,6
21.799281431706248,88.22333021993836,6
21.799281431706248,88.23231337277957,5
21.799281431706248,88.24129652562078,5
21.799281431706248,88.250279678462,4
21.799281431706248,88.25926283130315,5
21.799281431706248,88.26824598414436,5
21.799281431706248,88.27722913698557,5
21.799281431706248,88.28621228982678,5
21.799281431706248,88.29519544266793,5
21.790298278865052,87.50467799264277,10
21.790298278865052,87.51366114548398,8
21.790298278865052,87.52264429832513,8
21.790298278865052,87.53162745116634,7
21.790298278865052,87.54061060400755,7
21.790298278865052,87.54959375684876,6
21.790298278865052,87.55857690968992,5
21.790298278865052,87.56756006253113,5
21.790298278865052,87.57654321537234,5
21.790298278865052,87.58552636821355,5
21.790298278865052,87.5945095210547,7
21.790298278865052,87.60349267389591,5
21.790298278865052,87.61247582673712,6
21.790298278865052,87.62145897957834,6
21.790298278865052,87.63044213241949,7
21.790298278865052,87.6394252852607,7
21.790298278865052,87.64840843810191,7
21.790298278865052,87.65739159094306,5
21.790298278865052,87.66637474378427,6
21.790298278865052,87.67535789662548,6
21.790298278865052,87.6843410494667,5
21.790298278865052,87.69332420230785,6
21.790298278865052,87.70230735514906,5
21.790298278865052,87.71129050799027,6
21.790298278865052,87.72027366083148,5
21.790298278865052,87.72925681367263,5
21.790298278865052,87.73823996651385,5
21.790298278865052,87.74722311935506,5
21.790298278865052,87.75620627219621,5
21.790298278865052,87.76518942503742,7
21.790298278865052,87.77417257787863,7
21.790298278865052,87.78315573071984,7
21.790298278865052,87.792138883561,8
21.790298278865052,87.8011220364022,10
21.790298278865052,87.81010518924342,9
21.790298278865052,87.81908834208463,7
21.790298278865052,87.82807149492578,6
21.790298278865052,87.83705464776699,7
21.790298278865052,87.8460378006082,9
21.790298278865052,87.85502095344941,8
21.790298278865052,87.86400410629057,9
21.790298278865052,87.87298725913178,8
21.790298278865052,87.88197041197299,5
21.790298278865052,87.89095356481414,3
21.790298278865052,87.89993671765535,1
21.790298278865052,87.90891987049656,0
21.790298278865052,87.91790302333777,0
21.790298278865052,87.92688617617893,0
21.790298278865052,87.93586932902014,0
21.790298278865052,87.94485248186135,0
21.790298278865052,87.95383563470256,0
21.790298278865052,87.96281878754371,0
21.790298278865052,87.97180194038492,0
21.790298278865052,87.98078509322613,0
21.790298278865052,87.98976824606729,0
21.790298278865052,87.9987513989085,0
21.790298278865052,88.0077345517497,0
21.790298278865052,88.01671770459092,0
21.790298278865052,88.02570085743207,0
21.790298278865052,88.03468401027328,0
21.790298278865052,88.04366716311449,0
21.790298278865052,88.0526503159557,0
21.790298278865052,88.06163346879686,0
21.790298278865052,88.07061662163807,0
21.790298278865052,88.07959977447928,0
21.790298278865052,88.08858292732049,4
21.790298278865052,88.09756608016164,6
21.790298278865052,88.10654923300285,6
21.790298278865052,88.11553238584406,6
21.790298278865052,88.12451553868522,5
21.790298278865052,88.13349869152643,6
21.790298278865052,88.14248184436764,6
21.790298278865052,88.15146499720885,6
21.790298278865052,88.16044815005,4
21.790298278865052,88.16943130289121,1
21.790298278865052,88.17841445573242,3
21.790298278865052,88.18739760857363,0
21.790298278865052,88.19638076141479,0
21.790298278865052,88.205363914256,1
21.790298278865052,88.21434706709721,5
21.790298278865052,88.22333021993836,6
21.790298278865052,88.23231337277957,5
21.790298278865052,88.24129652562078,5
21.790298278865052,88.250279678462,4
21.790298278865052,88.25926283130315,3
21.790298278865052,88.26824598414436,4
21.790298278865052,88.27722913698557,5
21.790298278865052,88.28621228982678,4
21.790298278865052,88.29519544266793,6
21.781315126023856,87.50467799264277,9
21.781315126023856,87.51366114548398,7
21.781315126023856,87.52264429832513,9
21.781315126023856,87.53162745116634,7
21.781315126023856,87.54061060400755,8
21.781315126023856,87.54959375684876,6
21.781315126023856,87.55857690968992,5
21.781315126023856,87.56756006253113,5
21.781315126023856,87.57654321537234,4
21.781315126023856,87.58552636821355,5
21.781315126023856,87.5945095210547,5
21.781315126023856,87.60349267389591,6
21.781315126023856,87.61247582673712,5
21.781315126023856,87.62145897957834,7
21.781315126023856,87.63044213241949,7
21.781315126023856,87.6394252852607,5
21.781315126023856,87.64840843810191,7
21.781315126023856,87.65739159094306,5
21.781315126023856,87.66637474378427,6
21.781315126023856,87.67535789662548,6
21.781315126023856,87.6843410494667,7
21.781315126023856,87.69332420230785,5
21.781315126023856,87.70230735514906,5
21.781315126023856,87.71129050799027,5
21.781315126023856,87.72027366083148,6
21.781315126023856,87.72925681367263,7
21.781315126023856,87.73823996651385,8
21.781315126023856,87.74722311935506,9
21.781315126023856,87.75620627219621,9
21.781315126023856,87.76518942503742,11
21.781315126023856,87.77417257787863,11
21.781315126023856,87.78315573071984,12
21.781315126023856,87.792138883561,12
21.781315126023856,87.8011220364022,11
21.781315126023856,87.81010518924342,9
21.781315126023856,87.81908834208463,6
21.781315126023856,87.82807149492578,6
21.781315126023856,87.83705464776699,6
21.781315126023856,87.8460378006082,6
21.781315126023856,87.85502095344941,5
21.781315126023856,87.86400410629057,5
21.781315126023856,87.87298725913178,5
21.781315126023856,87.88197041197299,5
21.781315126023856,87.89095356481414,2
21.781315126023856,87.89993671765535,0
21.781315126023856,87.90891987049656,0
21.781315126023856,87.91790302333777,0
21.781315126023856,87.92688617617893,0
21.781315126023856,87.93586932902014,0
21.781315126023856,87.94485248186135,0
21.781315126023856,87.95383563470256,0
21.781315126023856,87.96281878754371,0
21.781315126023856,87.97180194038492,0
21.781315126023856,87.98078509322613,0
21.781315126023856,87.98976824606729,0
21.781315126023856,87.9987513989085,0
21.781315126023856,88.0077345517497,0
21.781315126023856,88.01671770459092,0
21.781315126023856,88.02570085743207,0
21.781315126023856,88.03468401027328,0
21.781315126023856,88.04366716311449,0
21.781315126023856,88.0526503159557,0
21.781315126023856,88.06163346879686,0
21.781315126023856,88.07061662163807,0
21.781315126023856,88.07959977447928,2
21.781315126023856,88.08858292732049,5
21.781315126023856,88.09756608016164,6
21.781315126023856,88.10654923300285,6
21.781315126023856,88.11553238584406,6
21.781315126023856,88.12451553868522,5
21.781315126023856,88.13349869152643,6
21.781315126023856,88.14248184436764,5
21.781315126023856,88.15146499720885,6
21.781315126023856,88.16044815005,6
21.781315126023856,88.16943130289121,0
21.781315126023856,88.17841445573242,0
21.781315126023856,88.18739760857363,0
21.781315126023856,88.19638076141479,0
21.781315126023856,88.205363914256,0
21.781315126023856,88.21434706709721,3
21.781315126023856,88.22333021993836,5
21.781315126023856,88.23231337277957,5
21.781315126023856,88.24129652562078,5
21.781315126023856,88.250279678462,4
21.781315126023856,88.25926283130315,4
21.781315126023856,88.26824598414436,5
21.781315126023856,88.27722913698557,6
21.781315126023856,88.28621228982678,4
21.781315126023856,88.29519544266793,5
21.77233197318266,87.50467799264277,9
21.77233197318266,87.51366114548398,10
21.77233197318266,87.52264429832513,8
21.77233197318266,87.53162745116634,8
21.77233197318266,87.54061060400755,8
21.77233197318266,87.54959375684876,6
21.77233197318266,87.55857690968992,5
21.77233197318266,87.56756006253113,5
21.77233197318266,87.57654321537234,5
21.77233197318266,87.58552636821355,4
21.77233197318266,87.5945095210547,4
21.77233197318266,87.60349267389591,5
21.77233197318266,87.61247582673712,5
21.77233197318266,87.62145897957834,5
21.77233197318266,87.63044213241949,5
21.77233197318266,87.6394252852607,5
21.77233197318266,87.64840843810191,7
21.77233197318266,87.65739159094306,7
21.77233197318266,87.66637474378427,5
21.77233197318266,87.67535789662548,5
21.77233197318266,87.6843410494667,6
21.77233197318266,87.69332420230785,10
21.77233197318266,87.70230735514906,10
21.77233197318266,87.71129050799027,11
21.77233197318266,87.72027366083148,11
21.77233197318266,87.72925681367263,10
21.77233197318266,87.73823996651385,8
21.77233197318266,87.74722311935506,9
21.77233197318266,87.75620627219621,7
21.77233197318266,87.76518942503742,6
21.77233197318266,87.77417257787863,4
21.77233197318266,87.78315573071984,4
21.77233197318266,87.792138883561,4
21.77233197318266,87.8011220364022,4
21.77233197318266,87.81010518924342,4
21.77233197318266,87.81908834208463,4
21.77233197318266,87.82807149492578,5
21.77233197318266,87.83705464776699,5
21.77233197318266,87.8460378006082,6
21.77233197318266,87.85502095344941,5
21.77233197318266,87.86400410629057,5
21.77233197318266,87.87298725913178,6
21.77233197318266,87.88197041197299,2
21.77233197318266,87.89095356481414,0
21.77233197318266,87.89993671765535,0
21.77233197318266,87.90891987049656,0
21.77233197318266,87.91790302333777,0
21.77233197318266,87.92688617617893,0
21.77233197318266,87.93586932902014,0
21.77233197318266,87.94485248186135,0
21.77233197318266,87.95383563470256,0
21.77233197318266,87.96281878754371,0
21.77233197318266,87.97180194038492,0
21.77233197318266,87.98078509322613,0
21.77233197318266,87.98976824606729,0
21.77233197318266,87.9987513989085,0
21.77233197318266,88.0077345517497,0
21.77233197318266,88.01671770459092,0
21.77233197318266,88.02570085743207,0
21.77233197318266,88.03468401027328,0
21.77233197318266,88.04366716311449,0
21.77233197318266,88.0526503159557,0
21.77233197318266,88.06163346879686,0
21.77233197318266,88.07061662163807,0
21.77233197318266,88.07959977447928,4
21.77233197318266,88.08858292732049,6
21.77233197318266,88.09756608016164,7
21.77233197318266,88.10654923300285,5
21.77233197318266,88.11553238584406,5
21.77233197318266,88.12451553868522,5
21.77233197318266,88.13349869152643,5
21.77233197318266,88.14248184436764,6
21.77233197318266,88.15146499720885,6
21.77233197318266,88.16044815005,6
21.77233197318266,88.16943130289121,1
21.77233197318266,88.17841445573242,0
21.77233197318266,88.18739760857363,0
21.77233197318266,88.19638076141479,0
21.77233197318266,88.205363914256,0
21.77233197318266,88.21434706709721,2
21.77233197318266,88.22333021993836,5
21.77233197318266,88.23231337277957,5
21.77233197318266,88.24129652562078,5
21.77233197318266,88.250279678462,5
21.77233197318266,88.25926283130315,4
21.77233197318266,88.26824598414436,4
21.77233197318266,88.27722913698557,4
21.77233197318266,88.28621228982678,4
21.77233197318266,88.29519544266793,4
21.763348820341463,87.50467799264277,8
21.763348820341463,87.51366114548398,9
21.763348820341463,87.52264429832513,7
21.763348820341463,87.53162745116634,6
21.763348820341463,87.54061060400755,7
21.763348820341463,87.54959375684876,6
21.763348820341463,87.55857690968992,7
21.763348820341463,87.56756006253113,8
21.763348820341463,87.57654321537234,5
21.763348820341463,87.58552636821355,4
21.763348820341463,87.5945095210547,4
21.763348820341463,87.60349267389591,5
21.763348820341463,87.61247582673712,4
21.763348820341463,87.62145897957834,7
21.763348820341463,87.63044213241949,8
21.763348820341463,87.6394252852607,8
21.763348820341463,87.64840843810191,9
21.763348820341463,87.65739159094306,7
21.763348820341463,87.66637474378427,11
21.763348820341463,87.67535789662548,11
21.763348820341463,87.6843410494667,11
21.763348820341463,87.69332420230785,11
21.763348820341463,87.70230735514906,9
21.763348820341463,87.71129050799027,8
21.763348820341463,87.72027366083148,5
21.763348820341463,87.72925681367263,5
21.763348820341463,87.73823996651385,5
21.763348820341463,87.74722311935506,5
21.763348820341463,87.75620627219621,6
21.763348820341463,87.76518942503742,5
21.763348820341463,87.77417257787863,5
21.763348820341463,87.78315573071984,5
21.763348820341463,87.792138883561,5
21.763348820341463,87.8011220364022,5
21.763348820341463,87.81010518924342,4
21.763348820341463,87.81908834208463,5
21.763348820341463,87.82807149492578,5
21.763348820341463,87.83705464776699,5
21.763348820341463,87.8460378006082,5
21.763348820341463,87.85502095344941,6
21.763348820341463,87.86400410629057,6
21.763348820341463,87.87298725913178,3
21.763348820341463,87.88197041197299,1
21.763348820341463,87.89095356481414,0
21.763348820341463,87.89993671765535,0
21.763348820341463,87.90891987049656,0
21.763348820341463,87.91790302333777,0
21.763348820341463,87.92688617617893,0
21.763348820341463,87.93586932902014,0
21.763348820341463,87.94485248186135,0
21.763348820341463,87.95383563470256,0
21.763348820341463,87.96281878754371,0
21.763348820341463,87.97180194038492,0
21.763348820341463,87.98078509322613,0
21.763348820341463,87.98976824606729,0
21.763348820341463,87.9987513989085,0
21.763348820341463,88.0077345517497,0
21.763348820341463,88.01671770459092,0
21.763348820341463,88.02570085743207,0
21.763348820341463,88.03468401027328,0
21.763348820341463,88.04366716311449,0
21.763348820341463,88.0526503159557,0
21.763348820341463,88.06163346879686,0
21.763348820341463,88.07061662163807,1
21.763348820341463,88.07959977447928,5
21.763348820341463,88.08858292732049,7
21.763348820341463,88.09756608016164,6
21.763348820341463,88.10654923300285,6
21.763348820341463,88.11553238584406,6
21.763348820341463,88.12451553868522,5
21.763348820341463,88.13349869152643,5
21.763348820341463,88.14248184436764,5
21.763348820341463,88.15146499720885,6
21.763348820341463,88.16044815005,5
21.763348820341463,88.16943130289121,1
21.763348820341463,88.17841445573242,0
21.763348820341463,88.18739760857363,0
21.763348820341463,88.19638076141479,3
21.763348820341463,88.205363914256,0
21.763348820341463,88.21434706709721,3
21.763348820341463,88.22333021993836,6
21.763348820341463,88.23231337277957,6
21.763348820341463,88.24129652562078,6
21.763348820341463,88.250279678462,6
21.763348820341463,88.25926283130315,5
21.763348820341463,88.26824598414436,4
21.763348820341463,88.27722913698557,3
21.763348820341463,88.28621228982678,4
21.763348820341463,88.29519544266793,4
21.754365667500267,87.50467799264277,9
21.754365667500267,87.51366114548398,7
21.754365667500267,87.52264429832513,7
21.754365667500267,87.53162745116634,8
21.754365667500267,87.54061060400755,10
21.754365667500267,87.54959375684876,9
21.754365667500267,87.55857690968992,6
21.754365667500267,87.56756006253113,5
21.754365667500267,87.57654321537234,6
21.754365667500267,87.58552636821355,5
21.754365667500267,87.5945095210547,8
21.754365667500267,87.60349267389591,9
21.754365667500267,87.61247582673712,8
21.754365667500267,87.62145897957834,11
21.754365667500267,87.63044213241949,10
21.754365667500267,87.6394252852607,7
21.754365667500267,87.64840843810191,6
21.754365667500267,87.65739159094306,5
21.754365667500267,87.66637474378427,7
21.754365667500267,87.67535789662548,9
21.754365667500267,87.6843410494667,8
21.754365667500267,87.69332420230785,6
21.754365667500267,87.70230735514906,6
21.754365667500267,87.71129050799027,6
21.754365667500267,87.72027366083148,5
21.754365667500267,87.72925681367263,5
21.754365667500267,87.73823996651385,5
21.754365667500267,87.74722311935506,6
21.754365667500267,87.75620627219621,4
21.754365667500267,87.76518942503742,5
21.754365667500267,87.77417257787863,5
21.754365667500267,87.78315573071984,5
21.754365667500267,87.792138883561,5
21.754365667500267,87.8011220364022,5
21.754365667500267,87.81010518924342,4
21.754365667500267,87.81908834208463,4
21.754365667500267,87.82807149492578,4
21.754365667500267,87.83705464776699,6
21.754365667500267,87.8460378006082,5
21.754365667500267,87.85502095344941,6
21.754365667500267,87.86400410629057,2
21.754365667500267,87.87298725913178,0
21.754365667500267,87.88197041197299,0
21.754365667500267,87.89095356481414,0
21.754365667500267,87.89993671765535,0
21.754365667500267,87.90891987049656,0
21.754365667500267,87.91790302333777,0
21.754365667500267,87.92688617617893,0
21.754365667500267,87.93586932902014,0
21.754365667500267,87.94485248186135,0
21.754365667500267,87.95383563470256,0
21.754365667500267,87.96281878754371,0
21.754365667500267,87.97180194038492,0
21.754365667500267,87.98078509322613,0
21.754365667500267,87.98976824606729,0
21.754365667500267,87.9987513989085,0
21.754365667500267,88.0077345517497,0
21.754365667500267,88.01671770459092,0
21.754365667500267,88.02570085743207,0
21.754365667500267,88.03468401027328,0
21.754365667500267,88.04366716311449,0
21.754365667500267,88.0526503159557,0
21.754365667500267,88.06163346879686,0
21.754365667500267,88.07061662163807,1
21.754365667500267,88.07959977447928,5
21.754365667500267,88.08858292732049,6
21.754365667500267,88.09756608016164,6
21.754365667500267,88.10654923300285,6
21.754365667500267,88.11553238584406,6
21.754365667500267,88.12451553868522,6
21.754365667500267,88.13349869152643,6
21.754365667500267,88.14248184436764,5
21.754365667500267,88.15146499720885,5
21.754365667500267,88.16044815005,5
21.754365667500267,88.16943130289121,1
21.754365667500267,88.17841445573242,0
21.754365667500267,88.18739760857363,0
21.754365667500267,88.19638076141479,1
21.754365667500267,88.205363914256,0
21.754365667500267,88.21434706709721,4
21.754365667500267,88.22333021993836,5
21.754365667500267,88.23231337277957,6
21.754365667500267,88.24129652562078,5
21.754365667500267,88.250279678462,5
21.754365667500267,88.25926283130315,5
21.754365667500267,88.26824598414436,5
21.754365667500267,88.27722913698557,4
21.754365667500267,88.28621228982678,4
21.754365667500267,88.29519544266793,5
21.745382514659077,87.50467799264277,8
21.745382514659077,87.51366114548398,7
21.745382514659077,87.52264429832513,8
21.745382514659077,87.53162745116634,9
21.745382514659077,87.54061060400755,8
21.745382514659077,87.54959375684876,7
21.745382514659077,87.55857690968992,8
21.745382514659077,87.56756006253113,11
21.745382514659077,87.57654321537234,11
21.745382514659077,87.58552636821355,12
21.745382514659077,87.5945095210547,9
21.745382514659077,87.60349267389591,10
21.745382514659077,87.61247582673712,8
21.745382514659077,87.62145897957834,6
21.745382514659077,87.63044213241949,6
21.745382514659077,87.6394252852607,6
21.745382514659077,87.64840843810191,6
21.745382514659077,87.65739159094306,6
21.745382514659077,87.66637474378427,6
21.745382514659077,87.67535789662548,5
21.745382514659077,87.6843410494667,5
21.745382514659077,87.69332420230785,5
21.745382514659077,87.70230735514906,4
21.745382514659077,87.71129050799027,6
21.745382514659077,87.72027366083148,6
21.745382514659077,87.72925681367263,5
21.745382514659077,87.73823996651385,5
21.745382514659077,87.74722311935506,5
21.745382514659077,87.75620627219621,5
21.745382514659077,87.76518942503742,4
21.745382514659077,87.77417257787863,5
21.745382514659077,87.78315573071984,4
21.745382514659077,87.792138883561,5
21.745382514659077,87.8011220364022,4
21.745382514659077,87.81010518924342,3
21.745382514659077,87.81908834208463,4
21.745382514659077,87.82807149492578,4
21.745382514659077,87.83705464776699,5
21.745382514659077,87.8460378006082,5
21.745382514659077,87.85502095344941,1
21.745382514659077,87.86400410629057,0
21.745382514659077,87.87298725913178,0
21.745382514659077,87.88197041197299,0
21.745382514659077,87.89095356481414,0
21.745382514659077,87.89993671765535,0
21.745382514659077,87.90891987049656,0
21.745382514659077,87.91790302333777,0
21.745382514659077,87.92688617617893,0
21.745382514659077,87.93586932902014,0
21.745382514659077,87.94485248186135,0
21.745382514659077,87.95383563470256,0
21.745382514659077,87.96281878754371,0
21.745382514659077,87.97180194038492,0
21.745382514659077,87.98078509322613,0
21.745382514659077,87.98976824606729,0
21.745382514659077,87.9987513989085,0
21.745382514659077,88.0077345517497,0
21.745382514659077,88.01671770459092,0
21.745382514659077,88.02570085743207,0
21.745382514659077,88.03468401027328,0
21.745382514659077,88.04366716311449,0
21.745382514659077,88.0526503159557,0
21.745382514659077,88.06163346879686,0
21.745382514659077,88.07061662163807,2
21.745382514659077,88.07959977447928,5
21.745382514659077,88.08858292732049,5
21.745382514659077,88.09756608016164,6
21.745382514659077,88.10654923300285,6
21.745382514659077,88.11553238584406,6
21.745382514659077,88.12451553868522,6
21.745382514659077,88.13349869152643,6
21.745382514659077,88.14248184436764,5
21.745382514659077,88.15146499720885,5
21.745382514659077,88.16044815005,5
21.745382514659077,88.16943130289121,1
21.745382514659077,88.17841445573242,0
21.745382514659077,88.18739760857363,0
21.745382514659077,88.19638076141479,0
21.745382514659077,88.205363914256,0
21.745382514659077,88.21434706709721,4
21.745382514659077,88.22333021993836,5
21.745382514659077,88.23231337277957,6
21.745382514659077,88.24129652562078,5
21.745382514659077,88.250279678462,5
21.745382514659077,88.25926283130315,5
21.745382514659077,88.26824598414436,4
21.745382514659077,88.27722913698557,2
21.745382514659077,88.28621228982678,5
21.745382514659077,88.29519544266793,5
21.73639936181788,87.50467799264277,6
21.73639936181788,87.51366114548398,7
21.73639936181788,87.52264429832513,10
21.73639936181788,87.53162745116634,11
21.73639936181788,87.54061060400755,11
21.73639936181788,87.54959375684876,12
21.73639936181788,87.55857690968992,12
21.73639936181788,87.56756006253113,11
21.73639936181788,87.57654321537234,9
21.73639936181788,87.58552636821355,7
21.73639936181788,87.5945095210547,6
21.73639936181788,87.60349267389591,6
21.73639936181788,87.61247582673712,5
21.73639936181788,87.62145897957834,5
21.73639936181788,87.63044213241949,6
21.73639936181788,87.6394252852607,4
21.73639936181788,87.64840843810191,5
21.73639936181788,87.65739159094306,6
21.73639936181788,87.66637474378427,6
21.73639936181788,87.67535789662548,5
21.73639936181788,87.6843410494667,5
21.73639936181788,87.69332420230785,6
21.73639936181788,87.70230735514906,6
21.73639936181788,87.71129050799027,5
21.73639936181788,87.72027366083148,5
21.73639936181788,87.72925681367263,6
21.73639936181788,87.73823996651385,5
21.73639936181788,87.74722311935506,5
21.73639936181788,87.75620627219621,6
21.73639936181788,87.76518942503742,5
21.73639936181788,87.77417257787863,5
21.73639936181788,87.78315573071984,4
21.73639936181788,87.792138883561,5
21.73639936181788,87.8011220364022,4
21.73639936181788,87.81010518924342,5
21.73639936181788,87.81908834208463,5
21.73639936181788,87.82807149492578,8
21.73639936181788,87.83705464776699,7
21.73639936181788,87.8460378006082,1
21.73639936181788,87.85502095344941,0
21.73639936181788,87.86400410629057,0
21.73639936181788,87.87298725913178,0
21.73639936181788,87.88197041197299,0
21.73639936181788,87.89095356481414,0
21.73639936181788,87.89993671765535,0
21.73639936181788,87.90891987049656,0
21.73639936181788,87.91790302333777,0
21.73639936181788,87.92688617617893,0
21.73639936181788,87.93586932902014,0
21.73639936181788,87.94485248186135,0
21.73639936181788,87.95383563470256,0
21.73639936181788,87.96281878754371,0
21.73639936181788,87.97180194038492,0
21.73639936181788,87.98078509322613,0
21.73639936181788,87.98976824606729,0
21.73639936181788,87.9987513989085,0
21.73639936181788,88.0077345517497,0
21.73639936181788,88.01671770459092,0
21.73639936181788,88.02570085743207,0
21.73639936181788,88.03468401027328,0
21.73639936181788,88.04366716311449,0
21.73639936181788,88.0526503159557,0
21.73639936181788,88.06163346879686,0
21.73639936181788,88.07061662163807,3
21.73639936181788,88.07959977447928,6
21.73639936181788,88.08858292732049,5
21.73639936181788,88.09756608016164,5
21.73639936181788,88.10654923300285,6
21.73639936181788,88.11553238584406,6
21.73639936181788,88.12451553868522,6
21.73639936181788,88.13349869152643,5
21.73639936181788,88.14248184436764,5
21.73639936181788,88.15146499720885,5
21.73639936181788,88.16044815005,5
21.73639936181788,88.16943130289121,1
21.73639936181788,88.17841445573242,0
21.73639936181788,88.18739760857363,0
21.73639936181788,88.19638076141479,0
21.73639936181788,88.205363914256,0
21.73639936181788,88.21434706709721,5
21.73639936181788,88.22333021993836,5
21.73639936181788,88.23231337277957,5
21.73639936181788,88.24129652562078,6
21.73639936181788,88.250279678462,6
21.73639936181788,88.25926283130315,5
21.73639936181788,88.26824598414436,4
21.73639936181788,88.27722913698557,4
21.73639936181788,88.28621228982678,6
21.73639936181788,88.29519544266793,6
21.727416208976685,87.50467799264277,10
21.727416208976685,87.51366114548398,12
21.727416208976685,87.52264429832513,11
21.727416208976685,87.53162745116634,11
21.727416208976685,87.54061060400755,11
21.727416208976685,87.54959375684876,10
21.727416208976685,87.55857690968992,8
21.727416208976685,87.56756006253113,8
21.727416208976685,87.57654321537234,7
21.727416208976685,87.58552636821355,6
21.727416208976685,87.5945095210547,6
21.727416208976685,87.60349267389591,6
21.727416208976685,87.61247582673712,6
21.727416208976685,87.62145897957834,5
21.727416208976685,87.63044213241949,6
21.727416208976685,87.6394252852607,5
21.727416208976685,87.64840843810191,6
21.727416208976685,87.65739159094306,6
21.727416208976685,87.66637474378427,7
21.727416208976685,87.67535789662548,5
21.727416208976685,87.6843410494667,4
21.727416208976685,87.69332420230785,4
21.727416208976685,87.70230735514906,5
21.727416208976685,87.71129050799027,5
21.727416208976685,87.72027366083148,5
21.727416208976685,87.72925681367263,5
21.727416208976685,87.73823996651385,5
21.727416208976685,87.74722311935506,4
21.727416208976685,87.75620627219621,4
21.727416208976685,87.76518942503742,3
21.727416208976685,87.77417257787863,4
21.727416208976685,87.78315573071984,4
21.727416208976685,87.792138883561,5
21.727416208976685,87.8011220364022,5
21.727416208976685,87.81010518924342,6
21.727416208976685,87.81908834208463,8
21.727416208976685,87.82807149492578,5
21.727416208976685,87.83705464776699,0
21.727416208976685,87.8460378006082,0
21.727416208976685,87.85502095344941,0
21.727416208976685,87.86400410629057,0
21.727416208976685,87.87298725913178,0
21.727416208976685,87.88197041197299,0
21.727416208976685,87.89095356481414,0
21.727416208976685,87.89993671765535,0
21.727416208976685,87.90891987049656,0
21.727416208976685,87.91790302333777,0
21.727416208976685,87.92688617617893,0
21.727416208976685,87.93586932902014,0
21.727416208976685,87.94485248186135,0
21.727416208976685,87.95383563470256,0
21.727416208976685,87.96281878754371,0
21.727416208976685,87.97180194038492,0
21.727416208976685,87.98078509322613,0
21.727416208976685,87.98976824606729,0
21.727416208976685,87.9987513989085,0
21.727416208976685,88.0077345517497,0
21.727416208976685,88.01671770459092,0
21.727416208976685,88.02570085743207,0
21.727416208976685,88.03468401027328,0
21.727416208976685,88.04366716311449,0
21.727416208976685,88.0526503159557,0
21.727416208976685,88.06163346879686,2
21.727416208976685,88.07061662163807,6
21.727416208976685,88.07959977447928,5
21.727416208976685,88.08858292732049,6
21.727416208976685,88.09756608016164,6
21.727416208976685,88.10654923300285,6
21.727416208976685,88.11553238584406,6
21.727416208976685,88.12451553868522,5
21.727416208976685,88.13349869152643,6
21.727416208976685,88.14248184436764,6
21.727416208976685,88.15146499720885,5
21.727416208976685,88.16044815005,4
21.727416208976685,88.16943130289121,0
21.727416208976685,88.17841445573242,0
21.727416208976685,88.18739760857363,0
21.727416208976685,88.19638076141479,2
21.727416208976685,88.205363914256,1
21.727416208976685,88.21434706709721,5
21.727416208976685,88.22333021993836,5
21.727416208976685,88.23231337277957,5
21.727416208976685,88.24129652562078,5
21.727416208976685,88.250279678462,5
21.727416208976685,88.25926283130315,4
21.727416208976685,88.26824598414436,3
21.727416208976685,88.27722913698557,4
21.727416208976685,88.28621228982678,6
21.727416208976685,88.29519544266793,6
21.71843305613549,87.50467799264277,11
21.71843305613549,87.51366114548398,10
21.71843305613549,87.52264429832513,10
21.71843305613549,87.53162745116634,8
21.71843305613549,87.54061060400755,7
21.71843305613549,87.54959375684876,7
21.71843305613549,87.55857690968992,7
21.71843305613549,87.56756006253113,7
21.71843305613549,87.57654321537234,7
21.71843305613549,87.58552636821355,7
21.71843305613549,87.5945095210547,6
21.71843305613549,87.60349267389591,6
21.71843305613549,87.61247582673712,7
21.71843305613549,87.62145897957834,6
21.71843305613549,87.63044213241949,5
21.71843305613549,87.6394252852607,5
21.71843305613549,87.64840843810191,5
21.71843305613549,87.65739159094306,6
21.71843305613549,87.66637474378427,6
21.71843305613549,87.67535789662548,6
21.71843305613549,87.6843410494667,4
21.71843305613549,87.69332420230785,4
21.71843305613549,87.70230735514906,5
21.71843305613549,87.71129050799027,5
21.71843305613549,87.72027366083148,6
21.71843305613549,87.72925681367263,4
21.71843305613549,87.73823996651385,5
21.71843305613549,87.74722311935506,4
21.71843305613549,87.75620627219621,4
21.71843305613549,87.76518942503742,5
21.71843305613549,87.77417257787863,4
21.71843305613549,87.78315573071984,5
21.71843305613549,87.792138883561,5
21.71843305613549,87.8011220364022,6
21.71843305613549,87.81010518924342,8
21.71843305613549,87.81908834208463,6
21.71843305613549,87.82807149492578,1
21.71843305613549,87.83705464776699,0
21.71843305613549,87.8460378006082,0
21.71843305613549,87.85502095344941,0
21.71843305613549,87.86400410629057,0
21.71843305613549,87.87298725913178,0
21.71843305613549,87.88197041197299,0
21.71843305613549,87.89095356481414,0
21.71843305613549,87.89993671765535,0
21.71843305613549,87.90891987049656,0
21.71843305613549,87.91790302333777,0
21.71843305613549,87.92688617617893,0
21.71843305613549,87.93586932902014,0
21.71843305613549,87.94485248186135,0
21.71843305613549,87.95383563470256,0
21.71843305613549,87.96281878754371,0
21.71843305613549,87.97180194038492,0
21.71843305613549,87.98078509322613,0
21.71843305613549,87.98976824606729,0
21.71843305613549,87.9987513989085,0
21.71843305613549,88.0077345517497,0
21.71843305613549,88.01671770459092,0
21.71843305613549,88.02570085743207,0
21.71843305613549,88.03468401027328,0
21.71843305613549,88.04366716311449,0
21.71843305613549,88.0526503159557,0
21.71843305613549,88.06163346879686,4
21.71843305613549,88.07061662163807,6
21.71843305613549,88.07959977447928,5
21.71843305613549,88.08858292732049,6
21.71843305613549,88.09756608016164,5
21.71843305613549,88.10654923300285,4
21.71843305613549,88.11553238584406,4
21.71843305613549,88.12451553868522,5
21.71843305613549,88.13349869152643,5
21.71843305613549,88.14248184436764,5
21.71843305613549,88.15146499720885,5
21.71843305613549,88.16044815005,2
21.71843305613549,88.16943130289121,0
21.71843305613549,88.17841445573242,0
21.71843305613549,88.18739760857363,0
21.71843305613549,88.19638076141479,2
21.71843305613549,88.205363914256,1
21.71843305613549,88.21434706709721,5
21.71843305613549,88.22333021993836,5
21.71843305613549,88.23231337277957,4
21.71843305613549,88.24129652562078,5
21.71843305613549,88.250279678462,5
21.71843305613549,88.25926283130315,4
21.71843305613549,88.26824598414436,5
21.71843305613549,88.27722913698557,2
21.71843305613549,88.28621228982678,5
21.71843305613549,88.29519544266793,6
21.709449903294292,87.50467799264277,7
21.709449903294292,87.51366114548398,6
21.709449903294292,87.52264429832513,6
21.709449903294292,87.53162745116634,7
21.709449903294292,87.54061060400755,6
21.709449903294292,87.54959375684876,6
21.709449903294292,87.55857690968992,6
21.709449903294292,87.56756006253113,6
21.709449903294292,87.57654321537234,7
21.709449903294292,87.58552636821355,7
21.709449903294292,87.5945095210547,6
21.709449903294292,87.60349267389591,8
21.709449903294292,87.61247582673712,7
21.709449903294292,87.62145897957834,6
21.709449903294292,87.63044213241949,7
21.709449903294292,87.6394252852607,6
21.709449903294292,87.64840843810191,6
21.709449903294292,87.65739159094306,7
21.709449903294292,87.66637474378427,7
21.709449903294292,87.67535789662548,6
21.709449903294292,87.6843410494667,5
21.709449903294292,87.69332420230785,6
21.709449903294292,87.70230735514906,5
21.709449903294292,87.71129050799027,5
21.709449903294292,87.72027366083148,5
21.709449903294292,87.72925681367263,5
21.709449903294292,87.73823996651385,4
21.709449903294292,87.74722311935506,4
21.709449903294292,87.75620627219621,4
21.709449903294292,87.76518942503742,4
21.709449903294292,87.77417257787863,5
21.709449903294292,87.78315573071984,5
21.709449903294292,87.792138883561,6
21.709449903294292,87.8011220364022,9
21.709449903294292,87.81010518924342,10
21.709449903294292,87.81908834208463,2
21.709449903294292,87.82807149492578,0
21.709449903294292,87.83705464776699,0
21.709449903294292,87.8460378006082,0
21.709449903294292,87.85502095344941,0
21.709449903294292,87.86400410629057,0
21.709449903294292,87.87298725913178,0
21.709449903294292,87.88197041197299,0
21.709449903294292,87.89095356481414,0
21.709449903294292,87.89993671765535,0
21.709449903294292,87.90891987049656,0
21.709449903294292,87.91790302333777,0
21.709449903294292,87.92688617617893,0
21.709449903294292,87.93586932902014,0
21.709449903294292,87.94485248186135,0
21.709449903294292,87.95383563470256,0
21.709449903294292,87.96281878754371,0
21.709449903294292,87.97180194038492,0
21.709449903294292,87.98078509322613,0
21.709449903294292,87.98976824606729,0
21.709449903294292,87.9987513989085,0
21.709449903294292,88.0077345517497,0
21.709449903294292,88.01671770459092,0
21.709449903294292,88.02570085743207,0
21.709449903294292,88.03468401027328,0
21.709449903294292,88.04366716311449,0
21.709449903294292,88.0526503159557,2
21.709449903294292,88.06163346879686,6
21.709449903294292,88.07061662163807,5
21.709449903294292,88.07959977447928,5
21.709449903294292,88.08858292732049,4
21.709449903294292,88.09756608016164,5
21.709449903294292,88.10654923300285,4
21.709449903294292,88.11553238584406,4
21.709449903294292,88.12451553868522,5
21.709449903294292,88.13349869152643,5
21.709449903294292,88.14248184436764,5
21.709449903294292,88.15146499720885,5
21.709449903294292,88.16044815005,0
21.709449903294292,88.16943130289121,0
21.709449903294292,88.17841445573242,0
21.709449903294292,88.18739760857363,2
21.709449903294292,88.19638076141479,5
21.709449903294292,88.205363914256,4
21.709449903294292,88.21434706709721,3
21.709449903294292,88.22333021993836,4
21.709449903294292,88.23231337277957,4
21.709449903294292,88.24129652562078,4
21.709449903294292,88.250279678462,4
21.709449903294292,88.25926283130315,4
21.709449903294292,88.26824598414436,5
21.709449903294292,88.27722913698557,3
21.709449903294292,88.28621228982678,2
21.709449903294292,88.29519544266793,7
21.700466750453096,87.50467799264277,7
21.700466750453096,87.51366114548398,7
21.700466750453096,87.52264429832513,7
21.700466750453096,87.53162745116634,6
21.700466750453096,87.54061060400755,7
21.700466750453096,87.54959375684876,7
21.700466750453096,87.55857690968992,7
21.700466750453096,87.56756006253113,7
21.700466750453096,87.57654321537234,6
21.700466750453096,87.58552636821355,6
21.700466750453096,87.5945095210547,6
21.700466750453096,87.60349267389591,6
21.700466750453096,87.61247582673712,5
21.700466750453096,87.62145897957834,5
21.700466750453096,87.63044213241949,5
21.700466750453096,87.6394252852607,5
21.700466750453096,87.64840843810191,6
21.700466750453096,87.65739159094306,5
21.700466750453096,87.66637474378427,6
21.700466750453096,87.67535789662548,6
21.700466750453096,87.6843410494667,6
21.700466750453096,87.69332420230785,4
21.700466750453096,87.70230735514906,5
21.700466750453096,87.71129050799027,4
21.700466750453096,87.72027366083148,4
21.700466750453096,87.72925681367263,4
21.700466750453096,87.73823996651385,5
21.700466750453096,87.74722311935506,5
21.700466750453096,87.75620627219621,5
21.700466750453096,87.76518942503742,7
21.700466750453096,87.77417257787863,9
21.700466750453096,87.78315573071984,10
21.700466750453096,87.792138883561,11
21.700466750453096,87.8011220364022,6
21.700466750453096,87.81010518924342,2
21.700466750453096,87.81908834208463,0
21.700466750453096,87.82807149492578,0
21.700466750453096,87.83705464776699,0
21.700466750453096,87.8460378006082,0
21.700466750453096,87.85502095344941,0
21.700466750453096,87.86400410629057,0
21.700466750453096,87.87298725913178,0
21.700466750453096,87.88197041197299,0
21.700466750453096,87.89095356481414,0
21.700466750453096,87.89993671765535,0
21.700466750453096,87.90891987049656,0
21.700466750453096,87.91790302333777,0
21.700466750453096,87.92688617617893,0
21.700466750453096,87.93586932902014,0
21.700466750453096,87.94485248186135,0
21.700466750453096,87.95383563470256,0
21.700466750453096,87.96281878754371,0
21.700466750453096,87.97180194038492,0
21.700466750453096,87.98078509322613,0
21.700466750453096,87.98976824606729,0
21.700466750453096,87.9987513989085,0
21.700466750453096,88.0077345517497,0
21.700466750453096,88.01671770459092,0
21.700466750453096,88.02570085743207,0
21.700466750453096,88.03468401027328,0
21.700466750453096,88.04366716311449,0
21.700466750453096,88.0526503159557,3
21.700466750453096,88.06163346879686,5
21.700466750453096,88.07061662163807,5
21.700466750453096,88.07959977447928,5
21.700466750453096,88.08858292732049,5
21.700466750453096,88.09756608016164,5
21.700466750453096,88.10654923300285,4
21.700466750453096,88.11553238584406,4
21.700466750453096,88.12451553868522,4
21.700466750453096,88.13349869152643,5
21.700466750453096,88.14248184436764,5
21.700466750453096,88.15146499720885,3
21.700466750453096,88.16044815005,0
21.700466750453096,88.16943130289121,0
21.700466750453096,88.17841445573242,0
21.700466750453096,88.18739760857363,5
21.700466750453096,88.19638076141479,5
21.700466750453096,88.205363914256,5
21.700466750453096,88.21434706709721,2
21.700466750453096,88.22333021993836,5
21.700466750453096,88.23231337277957,5
21.700466750453096,88.24129652562078,4
21.700466750453096,88.250279678462,4
21.700466750453096,88.25926283130315,4
21.700466750453096,88.26824598414436,4
21.700466750453096,88.27722913698557,4
21.700466750453096,88.28621228982678,2
21.700466750453096,88.29519544266793,1
21.6914835976119,87.50467799264277,8
21.6914835976119,87.51366114548398,8
21.6914835976119,87.52264429832513,8
21.6914835976119,87.53162745116634,8
21.6914835976119,87.54061060400755,7
21.6914835976119,87.54959375684876,7
21.6914835976119,87.55857690968992,7
21.6914835976119,87.56756006253113,7
21.6914835976119,87.57654321537234,8
21.6914835976119,87.58552636821355,8
21.6914835976119,87.5945095210547,7
21.6914835976119,87.60349267389591,7
21.6914835976119,87.61247582673712,7
21.6914835976119,87.62145897957834,6
21.6914835976119,87.63044213241949,5
21.6914835976119,87.6394252852607,5
21.6914835976119,87.64840843810191,6
21.6914835976119,87.65739159094306,6
21.6914835976119,87.66637474378427,6
21.6914835976119,87.67535789662548,6
21.6914835976119,87.6843410494667,4
21.6914835976119,87.69332420230785,4
21.6914835976119,87.70230735514906,4
21.6914835976119,87.71129050799027,3
21.6914835976119,87.72027366083148,4
21.6914835976119,87.72925681367263,4
21.6914835976119,87.73823996651385,4
21.6914835976119,87.74722311935506,5
21.6914835976119,87.75620627219621,1
21.6914835976119,87.76518942503742,2
21.6914835976119,87.77417257787863,6
21.6914835976119,87.78315573071984,5
21.6914835976119,87.792138883561,3
21.6914835976119,87.8011220364022,0
21.6914835976119,87.81010518924342,0
21.6914835976119,87.81908834208463,0
21.6914835976119,87.82807149492578,0
21.6914835976119,87.83705464776699,0
21.6914835976119,87.8460378006082,0
21.6914835976119,87.85502095344941,0
21.6914835976119,87.86400410629057,0
21.6914835976119,87.87298725913178,0
21.6914835976119,87.88197041197299,0
21.6914835976119,87.89095356481414,0
21.6914835976119,87.89993671765535,0
21.6914835976119,87.90891987049656,0
21.6914835976119,87.91790302333777,0
21.6914835976119,87.92688617617893,0
21.6914835976119,87.93586932902014,0
21.6914835976119,87.94485248186135,0
21.6914835976119,87.95383563470256,0
21.6914835976119,87.96281878754371,0
21.6914835976119,87.97180194038492,0
21.6914835976119,87.98078509322613,0
21.6914835976119,87.98976824606729,0
21.6914835976119,87.9987513989085,0
21.6914835976119,88.0077345517497,0
21.6914835976119,88.01671770459092,0
21.6914835976119,88.02570085743207,0
21.6914835976119,88.03468401027328,0
21.6914835976119,88.04366716311449,0
21.6914835976119,88.0526503159557,4
21.6914835976119,88.06163346879686,5
21.6914835976119,88.07061662163807,5
21.6914835976119,88.07959977447928,4
21.6914835976119,88.08858292732049,5
21.6914835976119,88.09756608016164,4
21.6914835976119,88.10654923300285,5
21.6914835976119,88.11553238584406,5
21.6914835976119,88.12451553868522,5
21.6914835976119,88.13349869152643,5
21.6914835976119,88.14248184436764,5
21.6914835976119,88.15146499720885,2
21.6914835976119,88.16044815005,0
21.6914835976119,88.16943130289121,0
21.6914835976119,88.17841445573242,1
21.6914835976119,88.18739760857363,5
21.6914835976119,88.19638076141479,3
21.6914835976119,88.205363914256,2
21.6914835976119,88.21434706709721,4
21.6914835976119,88.22333021993836,5
21.6914835976119,88.23231337277957,4
21.6914835976119,88.24129652562078,5
21.6914835976119,88.250279678462,4
21.6914835976119,88.25926283130315,3
21.6914835976119,88.26824598414436,4
21.6914835976119,88.27722913698557,4
21.6914835976119,88.28621228982678,4
21.6914835976119,88.29519544266793,2
21.68250044477071,87.50467799264277,7
21.68250044477071,87.51366114548398,7
21.68250044477071,87.52264429832513,8
21.68250044477071,87.53162745116634,8
21.68250044477071,87.54061060400755,8
21.68250044477071,87.54959375684876,8
21.68250044477071,87.55857690968992,8
21.68250044477071,87.56756006253113,9
21.68250044477071,87.57654321537234,8
21.68250044477071,87.58552636821355,10
21.68250044477071,87.5945095210547,10
21.68250044477071,87.60349267389591,8
21.68250044477071,87.61247582673712,9
21.68250044477071,87.62145897957834,8
21.68250044477071,87.63044213241949,7
21.68250044477071,87.6394252852607,6
21.68250044477071,87.64840843810191,4
21.68250044477071,87.65739159094306,5
21.68250044477071,87.66637474378427,5
21.68250044477071,87.67535789662548,6
21.68250044477071,87.6843410494667,6
21.68250044477071,87.69332420230785,4
21.68250044477071,87.70230735514906,4
21.68250044477071,87.71129050799027,4
21.68250044477071,87.72027366083148,4
21.68250044477071,87.72925681367263,4
21.68250044477071,87.73823996651385,6
21.68250044477071,87.74722311935506,4
21.68250044477071,87.75620627219621,0
21.68250044477071,87.76518942503742,0
21.68250044477071,87.77417257787863,0
21.68250044477071,87.78315573071984,0
21.68250044477071,87.792138883561,0
21.68250044477071,87.8011220364022,0
21.68250044477071,87.81010518924342,0
21.68250044477071,87.81908834208463,0
21.68250044477071,87.82807149492578,0
21.68250044477071,87.83705464776699,0
21.68250044477071,87.8460378006082,0
21.68250044477071,87.85502095344941,0
21.68250044477071,87.86400410629057,0
21.68250044477071,87.87298725913178,0
21.68250044477071,87.88197041197299,0
21.68250044477071,87.89095356481414,0
21.68250044477071,87.89993671765535,0
21.68250044477071,87.90891987049656,0
21.68250044477071,87.91790302333777,0
21.68250044477071,87.92688617617893,0
21.68250044477071,87.93586932902014,0
21.68250044477071,87.94485248186135,0
21.68250044477071,87.95383563470256,0
21.68250044477071,87.96281878754371,0
21.68250044477071,87.97180194038492,0
21.68250044477071,87.98078509322613,0
21.68250044477071,87.98976824606729,0
21.68250044477071,87.9987513989085,0
21.68250044477071,88.0077345517497,0
21.68250044477071,88.01671770459092,0
21.68250044477071,88.02570085743207,0
21.68250044477071,88.03468401027328,0
21.68250044477071,88.04366716311449,1
21.68250044477071,88.0526503159557,4
21.68250044477071,88.06163346879686,4
21.68250044477071,88.07061662163807,5
21.68250044477071,88.07959977447928,4
21.68250044477071,88.08858292732049,4
21.68250044477071,88.09756608016164,5
21.68250044477071,88.10654923300285,5
21.68250044477071,88.11553238584406,5
21.68250044477071,88.12451553868522,5
21.68250044477071,88.13349869152643,5
21.68250044477071,88.14248184436764,5
21.68250044477071,88.15146499720885,2
21.68250044477071,88.16044815005,0
21.68250044477071,88.16943130289121,0
21.68250044477071,88.17841445573242,2
21.68250044477071,88.18739760857363,4
21.68250044477071,88.19638076141479,3
21.68250044477071,88.205363914256,5
21.68250044477071,88.21434706709721,5
21.68250044477071,88.22333021993836,5
21.68250044477071,88.23231337277957,5
21.68250044477071,88.24129652562078,5
21.68250044477071,88.250279678462,4
21.68250044477071,88.25926283130315,4
21.68250044477071,88.26824598414436,4
21.68250044477071,88.27722913698557,3
21.68250044477071,88.28621228982678,3
21.68250044477071,88.29519544266793,3
21.673517291929514,87.50467799264277,10
21.673517291929514,87.51366114548398,10
21.673517291929514,87.52264429832513,11
21.673517291929514,87.53162745116634,10
21.673517291929514,87.54061060400755,10
21.673517291929514,87.54959375684876,10
21.673517291929514,87.55857690968992,8
21.673517291929514,87.56756006253113,10
21.673517291929514,87.57654321537234,10
21.673517291929514,87.58552636821355,8
21.673517291929514,87.5945095210547,7
21.673517291929514,87.60349267389591,6
21.673517291929514,87.61247582673712,3
21.673517291929514,87.62145897957834,5
21.673517291929514,87.63044213241949,5
21.673517291929514,87.6394252852607,4
21.673517291929514,87.64840843810191,4
21.673517291929514,87.65739159094306,4
21.673517291929514,87.66637474378427,4
21.673517291929514,87.67535789662548,5
21.673517291929514,87.6843410494667,4
21.673517291929514,87.69332420230785,5
21.673517291929514,87.70230735514906,5
21.673517291929514,87.71129050799027,6
21.673517291929514,87.72027366083148,7
21.673517291929514,87.72925681367263,7
21.673517291929514,87.73823996651385,2
21.673517291929514,87.74722311935506,0
21.673517291929514,87.75620627219621,0
21.673517291929514,87.76518942503742,0
21.673517291929514,87.77417257787863,0
21.673517291929514,87.78315573071984,0
21.673517291929514,87.792138883561,0
21.673517291929514,87.8011220364022,0
21.673517291929514,87.81010518924342,0
21.673517291929514,87.81908834208463,0
21.673517291929514,87.82807149492578,0
21.673517291929514,87.83705464776699,0
21.673517291929514,87.8460378006082,0
21.673517291929514,87.85502095344941,0
21.673517291929514,87.86400410629057,0
21.673517291929514,87.87298725913178,0
21.673517291929514,87.88197041197299,0
21.673517291929514,87.89095356481414,0
21.673517291929514,87.89993671765535,0
21.673517291929514,87.90891987049656,0
21.673517291929514,87.91790302333777,0
21.673517291929514,87.92688617617893,0
21.673517291929514,87.93586932902014,0
21.673517291929514,87.94485248186135,0
21.673517291929514,87.95383563470256,0
21.673517291929514,87.96281878754371,0
21.673517291929514,87.97180194038492,0
21.673517291929514,87.98078509322613,0
21.673517291929514,87.98976824606729,0
21.673517291929514,87.9987513989085,0
21.673517291929514,88.0077345517497,0
21.673517291929514,88.01671770459092,0
21.673517291929514,88.02570085743207,0
21.673517291929514,88.03468401027328,0
21.673517291929514,88.04366716311449,2
21.673517291929514,88.0526503159557,4
21.673517291929514,88.06163346879686,4
21.673517291929514,88.07061662163807,4
21.673517291929514,88.07959977447928,5
21.673517291929514,88.08858292732049,5
21.673517291929514,88.09756608016164,5
21.673517291929514,88.10654923300285,5
21.673517291929514,88.11553238584406,6
21.673517291929514,88.12451553868522,5
21.673517291929514,88.13349869152643,5
21.673517291929514,88.14248184436764,5
21.673517291929514,88.15146499720885,3
21.673517291929514,88.16044815005,0
21.673517291929514,88.16943130289121,0
21.673517291929514,88.17841445573242,1
21.673517291929514,88.18739760857363,5
21.673517291929514,88.19638076141479,3
21.673517291929514,88.205363914256,2
21.673517291929514,88.21434706709721,3
21.673517291929514,88.22333021993836,3
21.673517291929514,88.23231337277957,4
21.673517291929514,88.24129652562078,5
21.673517291929514,88.250279678462,4
21.673517291929514,88.25926283130315,4
21.673517291929514,88.26824598414436,3
21.673517291929514,88.27722913698557,3
21.673517291929514,88.28621228982678,3
21.673517291929514,88.29519544266793,3
21.664534139088317,87.50467799264277,11
21.664534139088317,87.51366114548398,11
21.664534139088317,87.52264429832513,9
21.664534139088317,87.53162745116634,9
21.664534139088317,87.54061060400755,7
21.664534139088317,87.54959375684876,6
21.664534139088317,87.55857690968992,5
21.664534139088317,87.56756006253113,6
21.664534139088317,87.57654321537234,5
21.664534139088317,87.58552636821355,6
21.664534139088317,87.5945095210547,5
21.664534139088317,87.60349267389591,4
21.664534139088317,87.61247582673712,3
21.664534139088317,87.62145897957834,4
21.664534139088317,87.63044213241949,4
21.664534139088317,87.6394252852607,4
21.664534139088317,87.64840843810191,4
21.664534139088317,87.65739159094306,4
21.664534139088317,87.66637474378427,4
21.664534139088317,87.67535789662548,4
21.664534139088317,87.6843410494667,5
21.664534139088317,87.69332420230785,5
21.664534139088317,87.70230735514906,7
21.664534139088317,87.71129050799027,6
21.664534139088317,87.72027366083148,2
21.664534139088317,87.72925681367263,0
21.664534139088317,87.73823996651385,0
21.664534139088317,87.74722311935506,0
21.664534139088317,87.75620627219621,0
21.664534139088317,87.76518942503742,0
21.664534139088317,87.77417257787863,0
21.664534139088317,87.78315573071984,0
21.664534139088317,87.792138883561,0
21.664534139088317,87.8011220364022,0
21.664534139088317,87.81010518924342,0
21.664534139088317,87.81908834208463,0
21.664534139088317,87.82807149492578,0
21.664534139088317,87.83705464776699,0
21.664534139088317,87.8460378006082,0
21.664534139088317,87.85502095344941,0
21.664534139088317,87.86400410629057,0
21.664534139088317,87.87298725913178,0
21.664534139088317,87.88197041197299,0
21.664534139088317,87.89095356481414,0
21.664534139088317,87.89993671765535,0
21.664534139088317,87.90891987049656,0
21.664534139088317,87.91790302333777,0
21.664534139088317,87.92688617617893,0
21.664534139088317,87.93586932902014,0
21.664534139088317,87.94485248186135,0
21.664534139088317,87.95383563470256,0
21.664534139088317,87.96281878754371,0
21.664534139088317,87.97180194038492,0
21.664534139088317,87.98078509322613,0
21.664534139088317,87.98976824606729,0
21.664534139088317,87.9987513989085,0
21.664534139088317,88.0077345517497,0
21.664534139088317,88.01671770459092,0
21.664534139088317,88.02570085743207,0
21.664534139088317,88.03468401027328,0
21.664534139088317,88.04366716311449,3
21.664534139088317,88.0526503159557,5
21.664534139088317,88.06163346879686,5
21.664534139088317,88.07061662163807,5
21.664534139088317,88.07959977447928,5
21.664534139088317,88.08858292732049,5
21.664534139088317,88.09756608016164,5
21.664534139088317,88.10654923300285,5
21.664534139088317,88.11553238584406,5
21.664534139088317,88.12451553868522,5
21.664534139088317,88.13349869152643,5
21.664534139088317,88.14248184436764,4
21.664534139088317,88.15146499720885,2
21.664534139088317,88.16044815005,0
21.664534139088317,88.16943130289121,0
21.664534139088317,88.17841445573242,0
21.664534139088317,88.18739760857363,4
21.664534139088317,88.19638076141479,5
21.664534139088317,88.205363914256,4
21.664534139088317,88.21434706709721,4
21.664534139088317,88.22333021993836,3
21.664534139088317,88.23231337277957,3
21.664534139088317,88.24129652562078,4
21.664534139088317,88.250279678462,4
21.664534139088317,88.25926283130315,4
21.664534139088317,88.26824598414436,4
21.664534139088317,88.27722913698557,4
21.664534139088317,88.28621228982678,4
21.664534139088317,88.29519544266793,3
21.65555098624712,87.50467799264277,7
21.65555098624712,87.51366114548398,6
21.65555098624712,87.52264429832513,5
21.65555098624712,87.53162745116634,5
21.65555098624712,87.54061060400755,5
21.65555098624712,87.54959375684876,5
21.65555098624712,87.55857690968992,5
21.65555098624712,87.56756006253113,5
21.65555098624712,87.57654321537234,5
21.65555098624712,87.58552636821355,6
21.65555098624712,87.5945095210547,6
21.65555098624712,87.60349267389591,5
21.65555098624712,87.61247582673712,4
21.65555098624712,87.62145897957834,5
21.65555098624712,87.63044213241949,5
21.65555098624712,87.6394252852607,4
21.65555098624712,87.64840843810191,4
21.65555098624712,87.65739159094306,5
21.65555098624712,87.66637474378427,5
21.65555098624712,87.67535789662548,6
21.65555098624712,87.6843410494667,5
21.65555098624712,87.69332420230785,3
21.65555098624712,87.70230735514906,1
21.65555098624712,87.71129050799027,0
21.65555098624712,87.72027366083148,0
21.65555098624712,87.72925681367263,0
21.65555098624712,87.73823996651385,0
21.65555098624712,87.74722311935506,0
21.65555098624712,87.75620627219621,0
21.65555098624712,87.76518942503742,0
21.65555098624712,87.77417257787863,0
21.65555098624712,87.78315573071984,0
21.65555098624712,87.792138883561,0
21.65555098624712,87.8011220364022,0
21.65555098624712,87.81010518924342,0
21.65555098624712,87.81908834208463,0
21.65555098624712,87.82807149492578,0
21.65555098624712,87.83705464776699,0
21.65555098624712,87.8460378006082,0
21.65555098624712,87.85502095344941,0
21.65555098624712,87.86400410629057,0
21.65555098624712,87.87298725913178,0
21.65555098624712,87.88197041197299,0
21.65555098624712,87.89095356481414,0
21.65555098624712,87.89993671765535,0
21.65555098624712,87.90891987049656,0
21.65555098624712,87.91790302333777,0
21.65555098624712,87.92688617617893,0
21.65555098624712,87.93586932902014,0
21.65555098624712,87.94485248186135,0
21.65555098624712,87.95383563470256,0
21.65555098624712,87.96281878754371,0
21.65555098624712,87.97180194038492,0
21.65555098624712,87.98078509322613,0
21.65555098624712,87.98976824606729,0
21.65555098624712,87.9987513989085,0
21.65555098624712,88.0077345517497,0
21.65555098624712,88.01671770459092,0
21.65555098624712,88.02570085743207,0
21.65555098624712,88.03468401027328,0
21.65555098624712,88.04366716311449,2
21.65555098624712,88.0526503159557,6
21.65555098624712,88.06163346879686,4
21.65555098624712,88.07061662163807,5
21.65555098624712,88.07959977447928,5
21.65555098624712,88.08858292732049,5
21.65555098624712,88.09756608016164,5
21.65555098624712,88.10654923300285,4
21.65555098624712,88.11553238584406,5
21.65555098624712,88.12451553868522,5
21.65555098624712,88.13349869152643,4
21.65555098624712,88.14248184436764,4
21.65555098624712,88.15146499720885,1
21.65555098624712,88.16044815005,0
21.65555098624712,88.16943130289121,0
21.65555098624712,88.17841445573242,0
21.65555098624712,88.18739760857363,3
21.65555098624712,88.19638076141479,4
21.65555098624712,88.205363914256,4
21.65555098624712,88.21434706709721,3
21.65555098624712,88.22333021993836,3
21.65555098624712,88.23231337277957,3
21.65555098624712,88.24129652562078,4
21.65555098624712,88.250279678462,3
21.65555098624712,88.25926283130315,4
21.65555098624712,88.26824598414436,3
21.65555098624712,88.27722913698557,4
21.65555098624712,88.28621228982678,4
21.65555098624712,88.29519544266793,3
21.646567833405925,87.50467799264277,8
21.646567833405925,87.51366114548398,6
21.646567833405925,87.52264429832513,7
21.646567833405925,87.53162745116634,7
21.646567833405925,87.54061060400755,6
21.646567833405925,87.54959375684876,6
21.646567833405925,87.55857690968992,6
21.646567833405925,87.56756006253113,5
21.646567833405925,87.57654321537234,5
21.646567833405925,87.58552636821355,6
21.646567833405925,87.5945095210547,5
21.646567833405925,87.60349267389591,6
21.646567833405925,87.61247582673712,7
21.646567833405925,87.62145897957834,8
21.646567833405925,87.63044213241949,5
21.646567833405925,87.6394252852607,1
21.646567833405925,87.64840843810191,4
21.646567833405925,87.65739159094306,3
21.646567833405925,87.66637474378427,2
21.646567833405925,87.67535789662548,1
21.646567833405925,87.6843410494667,0
21.646567833405925,87.69332420230785,0
21.646567833405925,87.70230735514906,0
21.646567833405925,87.71129050799027,0
21.646567833405925,87.72027366083148,0
21.646567833405925,87.72925681367263,0
21.646567833405925,87.73823996651385,0
21.646567833405925,87.74722311935506,0
21.646567833405925,87.75620627219621,0
21.646567833405925,87.76518942503742,0
21.646567833405925,87.77417257787863,0
21.646567833405925,87.78315573071984,0
21.646567833405925,87.792138883561,0
21.646567833405925,87.8011220364022,0
21.646567833405925,87.81010518924342,0
21.646567833405925,87.81908834208463,0
21.646567833405925,87.82807149492578,0
21.646567833405925,87.83705464776699,0
21.646567833405925,87.8460378006082,0
21.646567833405925,87.85502095344941,0
21.646567833405925,87.86400410629057,0
21.646567833405925,87.87298725913178,0
21.646567833405925,87.88197041197299,0
21.646567833405925,87.89095356481414,0
21.646567833405925,87.89993671765535,0
21.646567833405925,87.90891987049656,0
21.646567833405925,87.91790302333777,0
21.646567833405925,87.92688617617893,0
21.646567833405925,87.93586932902014,0
21.646567833405925,87.94485248186135,0
21.646567833405925,87.95383563470256,0
21.646567833405925,87.96281878754371,0
21.646567833405925,87.97180194038492,0
21.646567833405925,87.98078509322613,0
21.646567833405925,87.98976824606729,0
21.646567833405925,87.9987513989085,0
21.646567833405925,88.0077345517497,0
21.646567833405925,88.01671770459092,0
21.646567833405925,88.02570085743207,0
21.646567833405925,88.03468401027328,0
21.646567833405925,88.04366716311449,0
21.646567833405925,88.0526503159557,4
21.646567833405925,88.06163346879686,5
21.646567833405925,88.07061662163807,5
21.646567833405925,88.07959977447928,5
21.646567833405925,88.08858292732049,5
21.646567833405925,88.09756608016164,5
21.646567833405925,88.10654923300285,4
21.646567833405925,88.11553238584406,4
21.646567833405925,88.12451553868522,4
21.646567833405925,88.13349869152643,4
21.646567833405925,88.14248184436764,4
21.646567833405925,88.15146499720885,1
21.646567833405925,88.16044815005,0
21.646567833405925,88.16943130289121,0
21.646567833405925,88.17841445573242,0
21.646567833405925,88.18739760857363,2
21.646567833405925,88.19638076141479,4
21.646567833405925,88.205363914256,4
21.646567833405925,88.21434706709721,4
21.646567833405925,88.22333021993836,3
21.646567833405925,88.23231337277957,2
21.646567833405925,88.24129652562078,3
21.646567833405925,88.250279678462,3
21.646567833405925,88.25926283130315,3
21.646567833405925,88.26824598414436,4
21.646567833405925,88.27722913698557,4
21.646567833405925,88.28621228982678,4
21.646567833405925,88.29519544266793,3
21.63758468056473,87.50467799264277,7
21.63758468056473,87.51366114548398,6
21.63758468056473,87.52264429832513,7
21.63758468056473,87.53162745116634,6
21.63758468056473,87.54061060400755,6
21.63758468056473,87.54959375684876,5
21.63758468056473,87.55857690968992,6
21.63758468056473,87.56756006253113,8
21.63758468056473,87.57654321537234,11
21.63758468056473,87.58552636821355,5
21.63758468056473,87.5945095210547,4
21.63758468056473,87.60349267389591,3
21.63758468056473,87.61247582673712,1
21.63758468056473,87.62145897957834,0
21.63758468056473,87.63044213241949,0
21.63758468056473,87.6394252852607,0
21.63758468056473,87.64840843810191,0
21.63758468056473,87.65739159094306,0
21.63758468056473,87.66637474378427,0
21.63758468056473,87.67535789662548,0
21.63758468056473,87.6843410494667,0
21.63758468056473,87.69332420230785,0
21.63758468056473,87.70230735514906,0
21.63758468056473,87.71129050799027,0
21.63758468056473,87.72027366083148,0
21.63758468056473,87.72925681367263,0
21.63758468056473,87.73823996651385,0
21.63758468056473,87.74722311935506,0
21.63758468056473,87.75620627219621,0
21.63758468056473,87.76518942503742,0
21.63758468056473,87.77417257787863,0
21.63758468056473,87.78315573071984,0
21.63758468056473,87.792138883561,0
21.63758468056473,87.8011220364022,0
21.63758468056473,87.81010518924342,0
21.63758468056473,87.81908834208463,0
21.63758468056473,87.82807149492578,0
21.63758468056473,87.83705464776699,0
21.63758468056473,87.8460378006082,0
21.63758468056473,87.85502095344941,0
21.63758468056473,87.86400410629057,0
21.63758468056473,87.87298725913178,0
21.63758468056473,87.88197041197299,0
21.63758468056473,87.89095356481414,0
21.63758468056473,87.89993671765535,0
21.63758468056473,87.90891987049656,0
21.63758468056473,87.91790302333777,0
21.63758468056473,87.92688617617893,0
21.63758468056473,87.93586932902014,0
21.63758468056473,87.94485248186135,0
21.63758468056473,87.95383563470256,0
21.63758468056473,87.96281878754371,0
21.63758468056473,87.97180194038492,0
21.63758468056473,87.98078509322613,0
21.63758468056473,87.98976824606729,0
21.63758468056473,87.9987513989085,0
21.63758468056473,88.0077345517497,0
21.63758468056473,88.01671770459092,0
21.63758468056473,88.02570085743207,0
21.63758468056473,88.03468401027328,0
21.63758468056473,88.04366716311449,0
21.63758468056473,88.0526503159557,0
21.63758468056473,88.06163346879686,3
21.63758468056473,88.07061662163807,5
21.63758468056473,88.07959977447928,5
21.63758468056473,88.08858292732049,5
21.63758468056473,88.09756608016164,5
21.63758468056473,88.10654923300285,4
21.63758468056473,88.11553238584406,4
21.63758468056473,88.12451553868522,4
21.63758468056473,88.13349869152643,4
21.63758468056473,88.14248184436764,1
21.63758468056473,88.15146499720885,0
21.63758468056473,88.16044815005,0
21.63758468056473,88.16943130289121,0
21.63758468056473,88.17841445573242,0
21.63758468056473,88.18739760857363,1
21.63758468056473,88.19638076141479,4
21.63758468056473,88.205363914256,3
21.63758468056473,88.21434706709721,3
21.63758468056473,88.22333021993836,3
21.63758468056473,88.23231337277957,2
21.63758468056473,88.24129652562078,3
21.63758468056473,88.250279678462,3
21.63758468056473,88.25926283130315,3
21.63758468056473,88.26824598414436,3
21.63758468056473,88.27722913698557,4
21.63758468056473,88.28621228982678,4
21.63758468056473,88.29519544266793,1
21.62860152772354,87.50467799264277,6
21.62860152772354,87.51366114548398,7
21.62860152772354,87.52264429832513,7
21.62860152772354,87.53162745116634,5
21.62860152772354,87.54061060400755,5
21.62860152772354,87.54959375684876,1
21.62860152772354,87.55857690968992,3
21.62860152772354,87.56756006253113,2
21.62860152772354,87.57654321537234,0
21.62860152772354,87.58552636821355,0
21.62860152772354,87.5945095210547,0
21.62860152772354,87.60349267389591,0
21.62860152772354,87.61247582673712,0
21.62860152772354,87.62145897957834,0
21.62860152772354,87.63044213241949,0
21.62860152772354,87.6394252852607,0
21.62860152772354,87.64840843810191,0
21.62860152772354,87.65739159094306,0
21.62860152772354,87.66637474378427,0
21.62860152772354,87.67535789662548,0
21.62860152772354,87.6843410494667,0
21.62860152772354,87.69332420230785,0
21.62860152772354,87.70230735514906,0
21.62860152772354,87.71129050799027,0
21.62860152772354,87.72027366083148,0
21.62860152772354,87.72925681367263,0
21.62860152772354,87.73823996651385,0
21.62860152772354,87.74722311935506,0
21.62860152772354,87.75620627219621,0
21.62860152772354,87.76518942503742,0
21.62860152772354,87.77417257787863,0
21.62860152772354,87.78315573071984,0
21.62860152772354,87.792138883561,0
21.62860152772354,87.8011220364022,0
21.62860152772354,87.81010518924342,0
21.62860152772354,87.81908834208463,0
21.62860152772354,87.82807149492578,0
21.62860152772354,87.83705464776699,0
21.62860152772354,87.8460378006082,0
21.62860152772354,87.85502095344941,0
21.62860152772354,87.86400410629057,0
21.62860152772354,87.87298725913178,0
21.62860152772354,87.88197041197299,0
21.62860152772354,87.89095356481414,0
21.62860152772354,87.89993671765535,0
21.62860152772354,87.90891987049656,0
21.62860152772354,87.91790302333777,0
21.62860152772354,87.92688617617893,0
21.62860152772354,87.93586932902014,0
21.62860152772354,87.94485248186135,0
21.62860152772354,87.95383563470256,0
21.62860152772354,87.96281878754371,0
21.62860152772354,87.97180194038492,0
21.62860152772354,87.98078509322613,0
21.62860152772354,87.98976824606729,0
21.62860152772354,87.9987513989085,0
21.62860152772354,88.0077345517497,0
21.62860152772354,88.01671770459092,0
21.62860152772354,88.02570085743207,0
21.62860152772354,88.03468401027328,0
21.62860152772354,88.04366716311449,0
21.62860152772354,88.0526503159557,0
21.62860152772354,88.06163346879686,0
21.62860152772354,88.07061662163807,0
21.62860152772354,88.07959977447928,1
21.62860152772354,88.08858292732049,2
21.62860152772354,88.09756608016164,5
21.62860152772354,88.10654923300285,5
21.62860152772354,88.11553238584406,4
21.62860152772354,88.12451553868522,4
21.62860152772354,88.13349869152643,2
21.62860152772354,88.14248184436764,0
21.62860152772354,88.15146499720885,0
21.62860152772354,88.16044815005,0
21.62860152772354,88.16943130289121,0
21.62860152772354,88.17841445573242,0
21.62860152772354,88.18739760857363,0
21.62860152772354,88.19638076141479,3
21.62860152772354,88.205363914256,3
21.62860152772354,88.21434706709721,3
21.62860152772354,88.22333021993836,1
21.62860152772354,88.23231337277957,3
21.62860152772354,88.24129652562078,3
21.62860152772354,88.250279678462,4
21.62860152772354,88.25926283130315,4
21.62860152772354,88.26824598414436,4
21.62860152772354,88.27722913698557,4
21.62860152772354,88.28621228982678,4
21.62860152772354,88.29519544266793,0
21.619618374882343,87.50467799264277,10
21.619618374882343,87.51366114548398,8
21.619618374882343,87.52264429832513,6
21.619618374882343,87.53162745116634,2
21.619618374882343,87.54061060400755,0
21.619618374882343,87.54959375684876,0
21.619618374882343,87.55857690968992,0
21.619618374882343,87.56756006253113,0
21.619618374882343,87.57654321537234,0
21.619618374882343,87.58552636821355,0
21.619618374882343,87.5945095210547,0
21.619618374882343,87.60349267389591,0
21.619618374882343,87.61247582673712,0
21.619618374882343,87.62145897957834,0
21.619618374882343,87.63044213241949,0
21.619618374882343,87.6394252852607,0
21.619618374882343,87.64840843810191,0
21.619618374882343,87.65739159094306,0
21.619618374882343,87.66637474378427,0
21.619618374882343,87.67535789662548,0
21.619618374882343,87.6843410494667,0
21.619618374882343,87.69332420230785,0
21.619618374882343,87.70230735514906,0
21.619618374882343,87.71129050799027,0
21.619618374882343,87.72027366083148,0
21.619618374882343,87.72925681367263,0
21.619618374882343,87.73823996651385,0
21.619618374882343,87.74722311935506,0
21.619618374882343,87.75620627219621,0
21.619618374882343,87.76518942503742,0
21.619618374882343,87.77417257787863,0
21.619618374882343,87.78315573071984,0
21.619618374882343,87.792138883561,0
21.619618374882343,87.8011220364022,0
21.619618374882343,87.81010518924342,0
21.619618374882343,87.81908834208463,0
21.619618374882343,87.82807149492578,0
21.619618374882343,87.83705464776699,0
21.619618374882343,87.8460378006082,0
21.619618374882343,87.85502095344941,0
21.619618374882343,87.86400410629057,0
21.619618374882343,87.87298725913178,0
21.619618374882343,87.88197041197299,0
21.619618374882343,87.89095356481414,0
21.619618374882343,87.89993671765535,0
21.619618374882343,87.90891987049656,0
21.619618374882343,87.91790302333777,0
21.619618374882343,87.92688617617893,0
21.619618374882343,87.93586932902014,0
21.619618374882343,87.94485248186135,0
21.619618374882343,87.95383563470256,0
21.619618374882343,87.96281878754371,0
21.619618374882343,87.97180194038492,0
21.619618374882343,87.98078509322613,0
21.619618374882343,87.98976824606729,0
21.619618374882343,87.9987513989085,0
21.619618374882343,88.0077345517497,0
21.619618374882343,88.01671770459092,0
21.619618374882343,88.02570085743207,0
21.619618374882343,88.03468401027328,0
21.619618374882343,88.04366716311449,0
21.619618374882343,88.0526503159557,0
21.619618374882343,88.06163346879686,0
21.619618374882343,88.07061662163807,0
21.619618374882343,88.07959977447928,0
21.619618374882343,88.08858292732049,0
21.619618374882343,88.09756608016164,0
21.619618374882343,88.10654923300285,1
21.619618374882343,88.11553238584406,0
21.619618374882343,88.12451553868522,0
21.619618374882343,88.13349869152643,0
21.619618374882343,88.14248184436764,0
21.619618374882343,88.15146499720885,0
21.619618374882343,88.16044815005,0
21.619618374882343,88.16943130289121,0
21.619618374882343,88.17841445573242,0
21.619618374882343,88.18739760857363,0
21.619618374882343,88.19638076141479,2
21.619618374882343,88.205363914256,3
21.619618374882343,88.21434706709721,1
21.619618374882343,88.22333021993836,3
21.619618374882343,88.23231337277957,4
21.619618374882343,88.24129652562078,3
21.619618374882343,88.250279678462,3
21.619618374882343,88.25926283130315,4
21.619618374882343,88.26824598414436,4
21.619618374882343,88.27722913698557,3
21.619618374882343,88.28621228982678,2
21.619618374882343,88.29519544266793,0
21.610635222041147,87.50467799264277,0
21.610635222041147,87.51366114548398,0
21.610635222041147,87.52264429832513,0
21.610635222041147,87.53162745116634,0
21.610635222041147,87.54061060400755,0
21.610635222041147,87.54959375684876,0
21.610635222041147,87.55857690968992,0
21.610635222041147,87.56756006253113,0
21.610635222041147,87.57654321537234,0
21.610635222041147,87.58552636821355,0
21.610635222041147,87.5945095210547,0
21.610635222041147,87.60349267389591,0
21.610635222041147,87.61247582673712,0
21.610635222041147,87.62145897957834,0
21.610635222041147,87.63044213241949,0
21.610635222041147,87.6394252852607,0
21.610635222041147,87.64840843810191,0
21.610635222041147,87.65739159094306,0
21.610635222041147,87.66637474378427,0
21.610635222041147,87.67535789662548,0
21.610635222041147,87.6843410494667,0
21.610635222041147,87.69332420230785,0
21.610635222041147,87.70230735514906,0
21.610635222041147,87.71129050799027,0
21.610635222041147,87.72027366083148,0
21.610635222041147,87.72925681367263,0
21.610635222041147,87.73823996651385,0
21.610635222041147,87.74722311935506,0
21.610635222041147,87.75620627219621,0
21.610635222041147,87.76518942503742,0
21.610635222041147,87.77417257787863,0
21.610635222041147,87.78315573071984,0
21.610635222041147,87.792138883561,0
21.610635222041147,87.8011220364022,0
21.610635222041147,87.81010518924342,0
21.610635222041147,87.81908834208463,0
21.610635222041147,87.82807149492578,0
21.610635222041147,87.83705464776699,0
21.610635222041147,87.8460378006082,0
21.610635222041147,87.85502095344941,0
21.610635222041147,87.86400410629057,0
21.610635222041147,87.87298725913178,0
21.610635222041147,87.88197041197299,0
21.610635222041147,87.89095356481414,0
21.610635222041147,87.89993671765535,0
21.610635222041147,87.90891987049656,0
21.610635222041147,87.91790302333777,0
21.610635222041147,87.92688617617893,0
21.610635222041147,87.93586932902014,0
21.610635222041147,87.94485248186135,0
21.610635222041147,87.95383563470256,0
21.610635222041147,87.96281878754371,0
21.610635222041147,87.97180194038492,0
21.610635222041147,87.98078509322613,0
21.610635222041147,87.98976824606729,0
21.610635222041147,87.9987513989085,0
21.610635222041147,88.0077345517497,0
21.610635222041147,88.01671770459092,0
21.610635222041147,88.02570085743207,0
21.610635222041147,88.03468401027328,0
21.610635222041147,88.04366716311449,0
21.610635222041147,88.0526503159557,0
21.610635222041147,88.06163346879686,0
21.610635222041147,88.07061662163807,0
21.610635222041147,88.07959977447928,0
21.610635222041147,88.08858292732049,0
21.610635222041147,88.09756608016164,0
21.610635222041147,88.10654923300285,0
21.610635222041147,88.11553238584406,0
21.610635222041147,88.12451553868522,0
21.610635222041147,88.13349869152643,0
21.610635222041147,88.14248184436764,0
21.610635222041147,88.15146499720885,0
21.610635222041147,88.16044815005,0
21.610635222041147,88.16943130289121,0
21.610635222041147,88.17841445573242,0
21.610635222041147,88.18739760857363,0
21.610635222041147,88.19638076141479,1
21.610635222041147,88.205363914256,3
21.610635222041147,88.21434706709721,1
21.610635222041147,88.22333021993836,3
21.610635222041147,88.23231337277957,3
21.610635222041147,88.24129652562078,4
21.610635222041147,88.250279678462,4
21.610635222041147,88.25926283130315,4
21.610635222041147,88.26824598414436,4
21.610635222041147,88.27722913698557,4
21.610635222041147,88.28621228982678,1
21.610635222041147,88.29519544266793,0
21.60165206919995,87.50467799264277,0
21.60165206919995,87.51366114548398,0
21.60165206919995,87.52264429832513,0
21.60165206919995,87.53162745116634,0
21.60165206919995,87.54061060400755,0
21.60165206919995,87.54959375684876,0
21.60165206919995,87.55857690968992,0
21.60165206919995,87.56756006253113,0
21.60165206919995,87.57654321537234,0
21.60165206919995,87.58552636821355,0
21.60165206919995,87.5945095210547,0
21.60165206919995,87.60349267389591,0
21.60165206919995,87.61247582673712,0
21.60165206919995,87.62145897957834,0
21.60165206919995,87.63044213241949,0
21.60165206919995,87.6394252852607,0
21.60165206919995,87.64840843810191,0
21.60165206919995,87.65739159094306,0
21.60165206919995,87.66637474378427,0
21.60165206919995,87.67535789662548,0
21.60165206919995,87.6843410494667,0
21.60165206919995,87.69332420230785,0
21.60165206919995,87.70230735514906,0
21.60165206919995,87.71129050799027,0
21.60165206919995,87.72027366083148,0
21.60165206919995,87.72925681367263,0
21.60165206919995,87.73823996651385,0
21.60165206919995,87.74722311935506,0
21.60165206919995,87.75620627219621,0
21.60165206919995,87.76518942503742,0
21.60165206919995,87.77417257787863,0
21.60165206919995,87.78315573071984,0
21.60165206919995,87.792138883561,0
21.60165206919995,87.8011220364022,0
21.60165206919995,87.81010518924342,0
21.60165206919995,87.81908834208463,0
21.60165206919995,87.82807149492578,0
21.60165206919995,87.83705464776699,0
21.60165206919995,87.8460378006082,0
21.60165206919995,87.85502095344941,0
21.60165206919995,87.86400410629057,0
21.60165206919995,87.87298725913178,0
21.60165206919995,87.88197041197299,0
21.60165206919995,87.89095356481414,0
21.60165206919995,87.89993671765535,0
21.60165206919995,87.90891987049656,0
21.60165206919995,87.91790302333777,0
21.60165206919995,87.92688617617893,0
21.60165206919995,87.93586932902014,0
21.60165206919995,87.94485248186135,0
21.60165206919995,87.95383563470256,0
21.60165206919995,87.96281878754371,0
21.60165206919995,87.97180194038492,0
21.60165206919995,87.98078509322613,0
21.60165206919995,87.98976824606729,0
21.60165206919995,87.9987513989085,0
21.60165206919995,88.0077345517497,0
21.60165206919995,88.01671770459092,0
21.60165206919995,88.02570085743207,0
21.60165206919995,88.03468401027328,0
21.60165206919995,88.04366716311449,0
21.60165206919995,88.0526503159557,0
21.60165206919995,88.06163346879686,0
21.60165206919995,88.07061662163807,0
21.60165206919995,88.07959977447928,0
21.60165206919995,88.08858292732049,0
21.60165206919995,88.09756608016164,0
21.60165206919995,88.10654923300285,0
21.60165206919995,88.11553238584406,0
21.60165206919995,88.12451553868522,0
21.60165206919995,88.13349869152643,0
21.60165206919995,88.14248184436764,0
21.60165206919995,88.15146499720885,0
21.60165206919995,88.16044815005,0
21.60165206919995,88.16943130289121,0
21.60165206919995,88.17841445573242,0
21.60165206919995,88.18739760857363,0
21.60165206919995,88.19638076141479,0
21.60165206919995,88.205363914256,1
21.60165206919995,88.21434706709721,0
21.60165206919995,88.22333021993836,0
21.60165206919995,88.23231337277957,1
21.60165206919995,88.24129652562078,3
21.60165206919995,88.250279678462,4
21.60165206919995,88.25926283130315,4
21.60165206919995,88.26824598414436,4
21.60165206919995,88.27722913698557,4
21.60165206919995,88.28621228982678,1
21.60165206919995,88.29519544266793,0
21.592668916358754,87.50467799264277,0
21.592668916358754,87.51366114548398,0
21.592668916358754,87.52264429832513,0
21.592668916358754,87.53162745116634,0
21.592668916358754,87.54061060400755,0
21.592668916358754,87.54959375684876,0
21.592668916358754,87.55857690968992,0
21.592668916358754,87.56756006253113,0
21.592668916358754,87.57654321537234,0
21.592668916358754,87.58552636821355,0
21.592668916358754,87.5945095210547,0
21.592668916358754,87.60349267389591,0
21.592668916358754,87.61247582673712,0
21.592668916358754,87.62145897957834,0
21.592668916358754,87.63044213241949,0
21.592668916358754,87.6394252852607,0
21.592668916358754,87.64840843810191,0
21.592668916358754,87.65739159094306,0
21.592668916358754,87.66637474378427,0
21.592668916358754,87.67535789662548,0
21.592668916358754,87.6843410494667,0
21.592668916358754,87.69332420230785,0
21.592668916358754,87.70230735514906,0
21.592668916358754,87.71129050799027,0
21.592668916358754,87.72027366083148,0
21.592668916358754,87.72925681367263,0
21.592668916358754,87.73823996651385,0
21.592668916358754,87.74722311935506,0
21.592668916358754,87.75620627219621,0
21.592668916358754,87.76518942503742,0
21.592668916358754,87.77417257787863,0
21.592668916358754,87.78315573071984,0
21.592668916358754,87.792138883561,0
21.592668916358754,87.8011220364022,0
21.592668916358754,87.81010518924342,0
21.592668916358754,87.81908834208463,0
21.592668916358754,87.82807149492578,0
21.592668916358754,87.83705464776699,0
21.592668916358754,87.8460378006082,0
21.592668916358754,87.85502095344941,0
21.592668916358754,87.86400410629057,0
21.592668916358754,87.87298725913178,0
21.592668916358754,87.88197041197299,0
21.592668916358754,87.89095356481414,0
21.592668916358754,87.89993671765535,0
21.592668916358754,87.90891987049656,0
21.592668916358754,87.91790302333777,0
21.592668916358754,87.92688617617893,0
21.592668916358754,87.93586932902014,0
21.592668916358754,87.94485248186135,0
21.592668916358754,87.95383563470256,0
21.592668916358754,87.96281878754371,0
21.592668916358754,87.97180194038492,0
21.592668916358754,87.98078509322613,0
21.592668916358754,87.98976824606729,0
21.592668916358754,87.9987513989085,0
21.592668916358754,88.0077345517497,0
21.592668916358754,88.01671770459092,0
21.592668916358754,88.02570085743207,0
21.592668916358754,88.03468401027328,0
21.592668916358754,88.04366716311449,0
21.592668916358754,88.0526503159557,0
21.592668916358754,88.06163346879686,0
21.592668916358754,88.07061662163807,0
21.592668916358754,88.07959977447928,0
21.592668916358754,88.08858292732049,0
21.592668916358754,88.09756608016164,0
21.592668916358754,88.10654923300285,0
21.592668916358754,88.11553238584406,0
21.592668916358754,88.12451553868522,0
21.592668916358754,88.13349869152643,0
21.592668916358754,88.14248184436764,0
21.592668916358754,88.15146499720885,0
21.592668916358754,88.16044815005,0
21.592668916358754,88.16943130289121,4
21.592668916358754,88.17841445573242,0
21.592668916358754,88.18739760857363,0
21.592668916358754,88.19638076141479,0
21.592668916358754,88.205363914256,0
21.592668916358754,88.21434706709721,0
21.592668916358754,88.22333021993836,0
21.592668916358754,88.23231337277957,0
21.592668916358754,88.24129652562078,2
21.592668916358754,88.250279678462,5
21.592668916358754,88.25926283130315,4
21.592668916358754,88.26824598414436,4
21.592668916358754,88.27722913698557,4
21.592668916358754,88.28621228982678,3
21.592668916358754,88.29519544266793,1
21.583685763517558,87.50467799264277,0
21.583685763517558,87.51366114548398,0
21.583685763517558,87.52264429832513,0
21.583685763517558,87.53162745116634,0
21.583685763517558,87.54061060400755,0
21.583685763517558,87.54959375684876,0
21.583685763517558,87.55857690968992,0
21.583685763517558,87.56756006253113,0
21.583685763517558,87.57654321537234,0
21.583685763517558,87.58552636821355,0
21.583685763517558,87.5945095210547,0
21.583685763517558,87.60349267389591,0
21.583685763517558,87.61247582673712,0
21.583685763517558,87.62145897957834,0
21.583685763517558,87.63044213241949,0
21.583685763517558,87.6394252852607,0
21.583685763517558,87.64840843810191,0
21.583685763517558,87.65739159094306,0
21.583685763517558,87.66637474378427,0
21.583685763517558,87.67535789662548,0
21.583685763517558,87.6843410494667,0
21.583685763517558,87.69332420230785,0
21.583685763517558,87.70230735514906,0
21.583685763517558,87.71129050799027,0
21.583685763517558,87.72027366083148,0
21.583685763517558,87.72925681367263,0
21.583685763517558,87.73823996651385,0
21.583685763517558,87.74722311935506,0
21.583685763517558,87.75620627219621,0
21.583685763517558,87.76518942503742,0
21.583685763517558,87.77417257787863,0
21.583685763517558,87.78315573071984,0
21.583685763517558,87.792138883561,0
21.583685763517558,87.8011220364022,0
21.583685763517558,87.81010518924342,0
21.583685763517558,87.81908834208463,0
21.583685763517558,87.82807149492578,0
21.583685763517558,87.83705464776699,0
21.583685763517558,87.8460378006082,0
21.583685763517558,87.85502095344941,0
21.583685763517558,87.86400410629057,0
21.583685763517558,87.87298725913178,0
21.583685763517558,87.88197041197299,0
21.583685763517558,87.89095356481414,0
21.583685763517558,87.89993671765535,0
21.583685763517558,87.90891987049656,0
21.583685763517558,87.91790302333777,0
21.583685763517558,87.92688617617893,0
21.583685763517558,87.93586932902014,0
21.583685763517558,87.94485248186135,0
21.583685763517558,87.95383563470256,0
21.583685763517558,87.96281878754371,0
21.583685763517558,87.97180194038492,0
21.583685763517558,87.98078509322613,0
21.583685763517558,87.98976824606729,0
21.583685763517558,87.9987513989085,0
21.583685763517558,88.0077345517497,0
21.583685763517558,88.01671770459092,0
21.583685763517558,88.02570085743207,0
21.583685763517558,88.03468401027328,0
21.583685763517558,88.04366716311449,0
21.583685763517558,88.0526503159557,0
21.583685763517558,88.06163346879686,0
21.583685763517558,88.07061662163807,0
21.583685763517558,88.07959977447928,0
21.583685763517558,88.08858292732049,0
21.583685763517558,88.09756608016164,0
21.583685763517558,88.10654923300285,0
21.583685763517558,88.11553238584406,0
21.583685763517558,88.12451553868522,0
21.583685763517558,88.13349869152643,0
21.583685763517558,88.14248184436764,0
21.583685763517558,88.15146499720885,0
21.583685763517558,88.16044815005,0
21.583685763517558,88.16943130289121,5
21.583685763517558,88.17841445573242,2
21.583685763517558,88.18739760857363,0
21.583685763517558,88.19638076141479,0
21.583685763517558,88.205363914256,0
21.583685763517558,88.21434706709721,0
21.583685763517558,88.22333021993836,0
21.583685763517558,88.23231337277957,0
21.583685763517558,88.24129652562078,1
21.583685763517558,88.250279678462,4
21.583685763517558,88.25926283130315,4
21.583685763517558,88.26824598414436,4
21.583685763517558,88.27722913698557,4
21.583685763517558,88.28621228982678,4
21.583685763517558,88.29519544266793,4
21.57470261067636,87.50467799264277,0
21.57470261067636,87.51366114548398,0
21.57470261067636,87.52264429832513,0
21.57470261067636,87.53162745116634,0
21.57470261067636,87.54061060400755,0
21.57470261067636,87.54959375684876,0
21.57470261067636,87.55857690968992,0
21.57470261067636,87.56756006253113,0
21.57470261067636,87.57654321537234,0
21.57470261067636,87.58552636821355,0
21.57470261067636,87.5945095210547,0
21.57470261067636,87.60349267389591,0
21.57470261067636,87.61247582673712,0
21.57470261067636,87.62145897957834,0
21.57470261067636,87.63044213241949,0
21.57470261067636,87.6394252852607,0
21.57470261067636,87.64840843810191,0
21.57470261067636,87.65739159094306,0
21.57470261067636,87.66637474378427,0
21.57470261067636,87.67535789662548,0
21.57470261067636,87.6843410494667,0
21.57470261067636,87.69332420230785,0
21.57470261067636,87.70230735514906,0
21.57470261067636,87.71129050799027,0
21.57470261067636,87.72027366083148,0
21.57470261067636,87.72925681367263,0
21.57470261067636,87.73823996651385,0
21.57470261067636,87.74722311935506,0
21.57470261067636,87.75620627219621,0
21.57470261067636,87.76518942503742,0
21.57470261067636,87.77417257787863,0
21.57470261067636,87.78315573071984,0
21.57470261067636,87.792138883561,0
21.57470261067636,87.8011220364022,0
21.57470261067636,87.81010518924342,0
21.57470261067636,87.81908834208463,0
21.57470261067636,87.82807149492578,0
21.57470261067636,87.83705464776699,0
21.57470261067636,87.8460378006082,0
21.57470261067636,87.85502095344941,0
21.57470261067636,87.86400410629057,0
21.57470261067636,87.87298725913178,0
21.57470261067636,87.88197041197299,0
21.57470261067636,87.89095356481414,0
21.57470261067636,87.89993671765535,0
21.57470261067636,87.90891987049656,0
21.57470261067636,87.91790302333777,0
21.57470261067636,87.92688617617893,0
21.57470261067636,87.93586932902014,0
21.57470261067636,87.94485248186135,0
21.57470261067636,87.95383563470256,0
21.57470261067636,87.96281878754371,0
21.57470261067636,87.97180194038492,0
21.57470261067636,87.98078509322613,0
21.57470261067636,87.98976824606729,0
21.57470261067636,87.9987513989085,0
21.57470261067636,88.0077345517497,0
21.57470261067636,88.01671770459092,1
21.57470261067636,88.02570085743207,0
21.57470261067636,88.03468401027328,0
21.57470261067636,88.04366716311449,0
21.57470261067636,88.0526503159557,0
21.57470261067636,88.06163346879686,0
21.57470261067636,88.07061662163807,0
21.57470261067636,88.07959977447928,0
21.57470261067636,88.08858292732049,0
21.57470261067636,88.09756608016164,0
21.57470261067636,88.10654923300285,0
21.57470261067636,88.11553238584406,0
21.57470261067636,88.12451553868522,0
21.57470261067636,88.13349869152643,0
21.57470261067636,88.14248184436764,0
21.57470261067636,88.15146499720885,0
21.57470261067636,88.16044815005,0
21.57470261067636,88.16943130289121,3
21.57470261067636,88.17841445573242,6
21.57470261067636,88.18739760857363,0
21.57470261067636,88.19638076141479,0
21.57470261067636,88.205363914256,0
21.57470261067636,88.21434706709721,0
21.57470261067636,88.22333021993836,0
21.57470261067636,88.23231337277957,0
21.57470261067636,88.24129652562078,3
21.57470261067636,88.250279678462,4
21.57470261067636,88.25926283130315,4
21.57470261067636,88.26824598414436,4
21.57470261067636,88.27722913698557,3
21.57470261067636,88.28621228982678,4
21.57470261067636,88.29519544266793,3
21.565719457835172,87.50467799264277,0
21.565719457835172,87.51366114548398,0
21.565719457835172,87.52264429832513,0
21.565719457835172,87.53162745116634,0
21.565719457835172,87.54061060400755,0
21.565719457835172,87.54959375684876,0
21.565719457835172,87.55857690968992,0
21.565719457835172,87.56756006253113,0
21.565719457835172,87.57654321537234,0
21.565719457835172,87.58552636821355,0
21.565719457835172,87.5945095210547,0
21.565719457835172,87.60349267389591,0
21.565719457835172,87.61247582673712,0
21.565719457835172,87.62145897957834,0
21.565719457835172,87.63044213241949,0
21.565719457835172,87.6394252852607,0
21.565719457835172,87.64840843810191,0
21.565719457835172,87.65739159094306,0
21.565719457835172,87.66637474378427,0
21.565719457835172,87.67535789662548,0
21.565719457835172,87.6843410494667,0
21.565719457835172,87.69332420230785,0
21.565719457835172,87.70230735514906,0
21.565719457835172,87.71129050799027,0
21.565719457835172,87.72027366083148,0
21.565719457835172,87.72925681367263,0
21.565719457835172,87.73823996651385,0
21.565719457835172,87.74722311935506,0
21.565719457835172,87.75620627219621,0
21.565719457835172,87.76518942503742,0
21.565719457835172,87.77417257787863,0
21.565719457835172,87.78315573071984,0
21.565719457835172,87.792138883561,0
21.565719457835172,87.8011220364022,0
21.565719457835172,87.81010518924342,0
21.565719457835172,87.81908834208463,0
21.565719457835172,87.82807149492578,0
21.565719457835172,87.83705464776699,0
21.565719457835172,87.8460378006082,0
21.565719457835172,87.85502095344941,0
21.565719457835172,87.86400410629057,0
21.565719457835172,87.87298725913178,0
21.565719457835172,87.88197041197299,0
21.565719457835172,87.89095356481414,0
21.565719457835172,87.89993671765535,0
21.565719457835172,87.90891987049656,0
21.565719457835172,87.91790302333777,0
21.565719457835172,87.92688617617893,0
21.565719457835172,87.93586932902014,0
21.565719457835172,87.94485248186135,0
21.565719457835172,87.95383563470256,0
21.565719457835172,87.96281878754371,0
21.565719457835172,87.97180194038492,0
21.565719457835172,87.98078509322613,0
21.565719457835172,87.98976824606729,0
21.565719457835172,87.9987513989085,0
21.565719457835172,88.0077345517497,0
21.565719457835172,88.01671770459092,0
21.565719457835172,88.02570085743207,1
21.565719457835172,88.03468401027328,0
21.565719457835172,88.04366716311449,0
21.565719457835172,88.0526503159557,0
21.565719457835172,88.06163346879686,0
21.565719457835172,88.07061662163807,0
21.565719457835172,88.07959977447928,0
21.565719457835172,88.08858292732049,0
21.565719457835172,88.09756608016164,0
21.565719457835172,88.10654923300285,0
21.565719457835172,88.11553238584406,0
21.565719457835172,88.12451553868522,0
21.565719457835172,88.13349869152643,0
21.565719457835172,88.14248184436764,0
21.565719457835172,88.15146499720885,0
21.565719457835172,88.16044815005,0
21.565719457835172,88.16943130289121,1
21.565719457835172,88.17841445573242,4
21.565719457835172,88.18739760857363,0
21.565719457835172,88.19638076141479,0
21.565719457835172,88.205363914256,0
21.565719457835172,88.21434706709721,0
21.565719457835172,88.22333021993836,0
21.565719457835172,88.23231337277957,0
21.565719457835172,88.24129652562078,3
21.565719457835172,88.250279678462,4
21.565719457835172,88.25926283130315,4
21.565719457835172,88.26824598414436,3
21.565719457835172,88.27722913698557,3
21.565719457835172,88.28621228982678,3
21.565719457835172,88.29519544266793,2
21.556736304993976,87.50467799264277,0
21.556736304993976,87.51366114548398,0
21.556736304993976,87.52264429832513,0
21.556736304993976,87.53162745116634,0
21.556736304993976,87.54061060400755,0
21.556736304993976,87.54959375684876,0
21.556736304993976,87.55857690968992,0
21.556736304993976,87.56756006253113,0
21.556736304993976,87.57654321537234,0
21.556736304993976,87.58552636821355,0
21.556736304993976,87.5945095210547,0
21.556736304993976,87.60349267389591,0
21.556736304993976,87.61247582673712,0
21.556736304993976,87.62145897957834,0
21.556736304993976,87.63044213241949,0
21.556736304993976,87.6394252852607,0
21.556736304993976,87.64840843810191,0
21.556736304993976,87.65739159094306,0
21.556736304993976,87.66637474378427,0
21.556736304993976,87.67535789662548,0
21.556736304993976,87.6843410494667,0
21.556736304993976,87.69332420230785,0
21.556736304993976,87.70230735514906,0
21.556736304993976,87.71129050799027,0
21.556736304993976,87.72027366083148,0
21.556736304993976,87.72925681367263,0
21.556736304993976,87.73823996651385,0
21.556736304993976,87.74722311935506,0
21.556736304993976,87.75620627219621,0
21.556736304993976,87.76518942503742,0
21.556736304993976,87.77417257787863,0
21.556736304993976,87.78315573071984,0
21.556736304993976,87.792138883561,0
21.556736304993976,87.8011220364022,0
21.556736304993976,87.81010518924342,0
21.556736304993976,87.81908834208463,0
21.556736304993976,87.82807149492578,0
21.556736304993976,87.83705464776699,0
21.556736304993976,87.8460378006082,0
21.556736304993976,87.85502095344941,0
21.556736304993976,87.86400410629057,0
21.556736304993976,87.87298725913178,0
21.556736304993976,87.88197041197299,0
21.556736304993976,87.89095356481414,0
21.556736304993976,87.89993671765535,0
21.556736304993976,87.90891987049656,0
21.556736304993976,87.91790302333777,0
21.556736304993976,87.92688617617893,0
21.556736304993976,87.93586932902014,0
21.556736304993976,87.94485248186135,0
21.556736304993976,87.95383563470256,0
21.556736304993976,87.96281878754371,0
21.556736304993976,87.97180194038492,0
21.556736304993976,87.98078509322613,0
21.556736304993976,87.98976824606729,0
21.556736304993976,87.9987513989085,0
21.556736304993976,88.0077345517497,0
21.556736304993976,88.01671770459092,0
21.556736304993976,88.02570085743207,0
21.556736304993976,88.03468401027328,0
21.556736304993976,88.04366716311449,0
21.556736304993976,88.0526503159557,0
21.556736304993976,88.06163346879686,0
21.556736304993976,88.07061662163807,0
21.556736304993976,88.07959977447928,0
21.556736304993976,88.08858292732049,0
21.556736304993976,88.09756608016164,0
21.556736304993976,88.10654923300285,0
21.556736304993976,88.11553238584406,0
21.556736304993976,88.12451553868522,0
21.556736304993976,88.13349869152643,0
21.556736304993976,88.14248184436764,0
21.556736304993976,88.15146499720885,0
21.556736304993976,88.16044815005,0
21.556736304993976,88.16943130289121,0
21.556736304993976,88.17841445573242,2
21.556736304993976,88.18739760857363,0
21.556736304993976,88.19638076141479,0
21.556736304993976,88.205363914256,0
21.556736304993976,88.21434706709721,0
21.556736304993976,88.22333021993836,0
21.556736304993976,88.23231337277957,0
21.556736304993976,88.24129652562078,0
21.556736304993976,88.250279678462,2
21.556736304993976,88.25926283130315,2
21.556736304993976,88.26824598414436,3
21.556736304993976,88.27722913698557,3
21.556736304993976,88.28621228982678,1
21.556736304993976,88.29519544266793,0
21.54775315215278,87.50467799264277,0
21.54775315215278,87.51366114548398,0
21.54775315215278,87.52264429832513,0
21.54775315215278,87.53162745116634,0
21.54775315215278,87.54061060400755,0
21.54775315215278,87.54959375684876,0
21.54775315215278,87.55857690968992,0
21.54775315215278,87.56756006253113,0
21.54775315215278,87.57654321537234,0
21.54775315215278,87.58552636821355,0
21.54775315215278,87.5945095210547,0
21.54775315215278,87.60349267389591,0
21.54775315215278,87.61247582673712,0
21.54775315215278,87.62145897957834,0
21.54775315215278,87.63044213241949,0
21.54775315215278,87.6394252852607,0
21.54775315215278,87.64840843810191,0
21.54775315215278,87.65739159094306,0
21.54775315215278,87.66637474378427,0
21.54775315215278,87.67535789662548,0
21.54775315215278,87.6843410494667,0
21.54775315215278,87.69332420230785,0
21.54775315215278,87.70230735514906,0
21.54775315215278,87.71129050799027,0
21.54775315215278,87.72027366083148,0
21.54775315215278,87.72925681367263,0
21.54775315215278,87.73823996651385,0
21.54775315215278,87.74722311935506,0
21.54775315215278,87.75620627219621,0
21.54775315215278,87.76518942503742,0
21.54775315215278,87.77417257787863,0
21.54775315215278,87.78315573071984,0
21.54775315215278,87.792138883561,0
21.54775315215278,87.8011220364022,0
21.54775315215278,87.81010518924342,0
21.54775315215278,87.81908834208463,0
21.54775315215278,87.82807149492578,0
21.54775315215278,87.83705464776699,0
21.54775315215278,87.8460378006082,0
21.54775315215278,87.85502095344941,0
21.54775315215278,87.86400410629057,0
21.54775315215278,87.87298725913178,0
21.54775315215278,87.88197041197299,0
21.54775315215278,87.89095356481414,0
21.54775315215278,87.89993671765535,0
21.54775315215278,87.90891987049656,0
21.54775315215278,87.91790302333777,0
21.54775315215278,87.92688617617893,0
21.54775315215278,87.93586932902014,0
21.54775315215278,87.94485248186135,0
21.54775315215278,87.95383563470256,0
21.54775315215278,87.96281878754371,0
21.54775315215278,87.97180194038492,0
21.54775315215278,87.98078509322613,0
21.54775315215278,87.98976824606729,0
21.54775315215278,87.9987513989085,0
21.54775315215278,88.0077345517497,0
21.54775315215278,88.01671770459092,0
21.54775315215278,88.02570085743207,0
21.54775315215278,88.03468401027328,0
21.54775315215278,88.04366716311449,0
21.54775315215278,88.0526503159557,0
21.54775315215278,88.06163346879686,0
21.54775315215278,88.07061662163807,0
21.54775315215278,88.07959977447928,0
21.54775315215278,88.08858292732049,0
21.54775315215278,88.09756608016164,0
21.54775315215278,88.10654923300285,0
21.54775315215278,88.11553238584406,0
21.54775315215278,88.12451553868522,0
21.54775315215278,88.13349869152643,0
21.54775315215278,88.14248184436764,0
21.54775315215278,88.15146499720885,0
21.54775315215278,88.16044815005,0
21.54775315215278,88.16943130289121,0
21.54775315215278,88.17841445573242,0
21.54775315215278,88.18739760857363,0
21.54775315215278,88.19638076141479,0
21.54775315215278,88.205363914256,0
21.54775315215278,88.21434706709721,0
21.54775315215278,88.22333021993836,0
21.54775315215278,88.23231337277957,0
21.54775315215278,88.24129652562078,0
21.54775315215278,88.250279678462,0
21.54775315215278,88.25926283130315,0
21.54775315215278,88.26824598414436,0
21.54775315215278,88.27722913698557,0
21.54775315215278,88.28621228982678,0
21.54775315215278,88.29519544266793,0
21.538769999311583,87.50467799264277,0
21.538769999311583,87.51366114548398,0
21.538769999311583,87.52264429832513,0
21.538769999311583,87.53162745116634,0
21.538769999311583,87.54061060400755,0
21.538769999311583,87.54959375684876,0
21.538769999311583,87.55857690968992,0
21.538769999311583,87.56756006253113,0
21.538769999311583,87.57654321537234,0
21.538769999311583,87.58552636821355,0
21.538769999311583,87.5945095210547,0
21.538769999311583,87.60349267389591,0
21.538769999311583,87.61247582673712,0
21.538769999311583,87.62145897957834,0
21.538769999311583,87.63044213241949,0
21.538769999311583,87.6394252852607,0
21.538769999311583,87.64840843810191,0
21.538769999311583,87.65739159094306,0
21.538769999311583,87.66637474378427,0
21.538769999311583,87.67535789662548,0
21.538769999311583,87.6843410494667,0
21.538769999311583,87.69332420230785,0
21.538769999311583,87.70230735514906,0
21.538769999311583,87.71129050799027,0
21.538769999311583,87.72027366083148,0
21.538769999311583,87.72925681367263,0
21.538769999311583,87.73823996651385,0
21.538769999311583,87.74722311935506,0
21.538769999311583,87.75620627219621,0
21.538769999311583,87.76518942503742,0
21.538769999311583,87.77417257787863,0
21.538769999311583,87.78315573071984,0
21.538769999311583,87.792138883561,0
21.538769999311583,87.8011220364022,0
21.538769999311583,87.81010518924342,0
21.538769999311583,87.81908834208463,0
21.538769999311583,87.82807149492578,0
21.538769999311583,87.83705464776699,0
21.538769999311583,87.8460378006082,0
21.538769999311583,87.85502095344941,0
21.538769999311583,87.86400410629057,0
21.538769999311583,87.87298725913178,0
21.538769999311583,87.88197041197299,0
21.538769999311583,87.89095356481414,0
21.538769999311583,87.89993671765535,0
21.538769999311583,87.90891987049656,0
21.538769999311583,87.91790302333777,0
21.538769999311583,87.92688617617893,0
21.538769999311583,87.93586932902014,0
21.538769999311583,87.94485248186135,0
21.538769999311583,87.95383563470256,0
21.538769999311583,87.96281878754371,0
21.538769999311583,87.97180194038492,0
21.538769999311583,87.98078509322613,0
21.538769999311583,87.98976824606729,0
21.538769999311583,87.9987513989085,0
21.538769999311583,88.0077345517497,0
21.538769999311583,88.01671770459092,0
21.538769999311583,88.02570085743207,0
21.538769999311583,88.03468401027328,0
21.538769999311583,88.04366716311449,0
21.538769999311583,88.0526503159557,0
21.538769999311583,88.06163346879686,0
21.538769999311583,88.07061662163807,0
21.538769999311583,88.07959977447928,0
21.538769999311583,88.08858292732049,0
21.538769999311583,88.09756608016164,0
21.538769999311583,88.10654923300285,0
21.538769999311583,88.11553238584406,0
21.538769999311583,88.12451553868522,0
21.538769999311583,88.13349869152643,0
21.538769999311583,88.14248184436764,0
21.538769999311583,88.15146499720885,0
21.538769999311583,88.16044815005,0
21.538769999311583,88.16943130289121,0
21.538769999311583,88.17841445573242,0
21.538769999311583,88.18739760857363,0
21.538769999311583,88.19638076141479,0
21.538769999311583,88.205363914256,0
21.538769999311583,88.21434706709721,0
21.538769999311583,88.22333021993836,0
21.538769999311583,88.23231337277957,0
21.538769999311583,88.24129652562078,0
21.538769999311583,88.250279678462,0
21.538769999311583,88.25926283130315,0
21.538769999311583,88.26824598414436,0
21.538769999311583,88.27722913698557,0
21.538769999311583,88.28621228982678,0
21.538769999311583,88.29519544266793,0
21.529786846470387,87.50467799264277,0
21.529786846470387,87.51366114548398,0
21.529786846470387,87.52264429832513,0
21.529786846470387,87.53162745116634,0
21.529786846470387,87.54061060400755,0
21.529786846470387,87.54959375684876,0
21.529786846470387,87.55857690968992,0
21.529786846470387,87.56756006253113,0
21.529786846470387,87.57654321537234,0
21.529786846470387,87.58552636821355,0
21.529786846470387,87.5945095210547,0
21.529786846470387,87.60349267389591,0
21.529786846470387,87.61247582673712,0
21.529786846470387,87.62145897957834,0
21.529786846470387,87.63044213241949,0
21.529786846470387,87.6394252852607,0
21.529786846470387,87.64840843810191,0
21.529786846470387,87.65739159094306,0
21.529786846470387,87.66637474378427,0
21.529786846470387,87.67535789662548,0
21.529786846470387,87.6843410494667,0
21.529786846470387,87.69332420230785,0
21.529786846470387,87.70230735514906,0
21.529786846470387,87.71129050799027,0
21.529786846470387,87.72027366083148,0
21.529786846470387,87.72925681367263,0
21.529786846470387,87.73823996651385,0
21.529786846470387,87.74722311935506,0
21.529786846470387,87.75620627219621,0
21.529786846470387,87.76518942503742,0
21.529786846470387,87.77417257787863,0
21.529786846470387,87.78315573071984,0
21.529786846470387,87.792138883561,0
21.529786846470387,87.8011220364022,0
21.529786846470387,87.81010518924342,0
21.529786846470387,87.81908834208463,0
21.529786846470387,87.82807149492578,0
21.529786846470387,87.83705464776699,0
21.529786846470387,87.8460378006082,0
21.529786846470387,87.85502095344941,0
21.529786846470387,87.86400410629057,0
21.529786846470387,87.87298725913178,0
21.529786846470387,87.88197041197299,0
21.529786846470387,87.89095356481414,0
21.529786846470387,87.89993671765535,0
21.529786846470387,87.90891987049656,0
21.529786846470387,87.91790302333777,0
21.529786846470387,87.92688617617893,0
21.529786846470387,87.93586932902014,0
21.529786846470387,87.94485248186135,0
21.529786846470387,87.95383563470256,0
21.529786846470387,87.96281878754371,0
21.529786846470387,87.97180194038492,0
21.529786846470387,87.98078509322613,0
21.529786846470387,87.98976824606729,0
21.529786846470387,87.9987513989085,0
21.529786846470387,88.0077345517497,0
21.529786846470387,88.01671770459092,0
21.529786846470387,88.02570085743207,0
21.529786846470387,88.03468401027328,0
21.529786846470387,88.04366716311449,0
21.529786846470387,88.0526503159557,0
21.529786846470387,88.06163346879686,0
21.529786846470387,88.07061662163807,0
21.529786846470387,88.07959977447928,0
21.529786846470387,88.08858292732049,0
21.529786846470387,88.09756608016164,0
21.529786846470387,88.10654923300285,0
21.529786846470387,88.11553238584406,0
21.529786846470387,88.12451553868522,0
21.529786846470387,88.13349869152643,0
21.529786846470387,88.14248184436764,0
21.529786846470387,88.15146499720885,0
21.529786846470387,88.16044815005,0
21.529786846470387,88.16943130289121,0
21.529786846470387,88.17841445573242,0
21.529786846470387,88.18739760857363,0
21.529786846470387,88.19638076141479,0
21.529786846470387,88.205363914256,0
21.529786846470387,88.21434706709721,0
21.529786846470387,88.22333021993836,0
21.529786846470387,88.23231337277957,0
21.529786846470387,88.24129652562078,0
21.529786846470387,88.250279678462,0
21.529786846470387,88.25926283130315,0
21.529786846470387,88.26824598414436,0
21.529786846470387,88.27722913698557,0
21.529786846470387,88.28621228982678,0
21.529786846470387,88.29519544266793,0
21.52080369362919,87.50467799264277,0
21.52080369362919,87.51366114548398,0
21.52080369362919,87.52264429832513,0
21.52080369362919,87.53162745116634,0
21.52080369362919,87.54061060400755,0
21.52080369362919,87.54959375684876,0
21.52080369362919,87.55857690968992,0
21.52080369362919,87.56756006253113,0
21.52080369362919,87.57654321537234,0
21.52080369362919,87.58552636821355,0
21.52080369362919,87.5945095210547,0
21.52080369362919,87.60349267389591,0
21.52080369362919,87.61247582673712,0
21.52080369362919,87.62145897957834,0
21.52080369362919,87.63044213241949,0
21.52080369362919,87.6394252852607,0
21.52080369362919,87.64840843810191,0
21.52080369362919,87.65739159094306,0
21.52080369362919,87.66637474378427,0
21.52080369362919,87.67535789662548,0
21.52080369362919,87.6843410494667,0
21.52080369362919,87.69332420230785,0
21.52080369362919,87.70230735514906,0
21.52080369362919,87.71129050799027,0
21.52080369362919,87.72027366083148,0
21.52080369362919,87.72925681367263,0
21.52080369362919,87.73823996651385,0
21.52080369362919,87.74722311935506,0
21.52080369362919,87.75620627219621,0
21.52080369362919,87.76518942503742,0
21.52080369362919,87.77417257787863,0
21.52080369362919,87.78315573071984,0
21.52080369362919,87.792138883561,0
21.52080369362919,87.8011220364022,0
21.52080369362919,87.81010518924342,0
21.52080369362919,87.81908834208463,0
21.52080369362919,87.82807149492578,0
21.52080369362919,87.83705464776699,0
21.52080369362919,87.8460378006082,0
21.52080369362919,87.85502095344941,0
21.52080369362919,87.86400410629057,0
21.52080369362919,87.87298725913178,0
21.52080369362919,87.88197041197299,0
21.52080369362919,87.89095356481414,0
21.52080369362919,87.89993671765535,0
21.52080369362919,87.90891987049656,0
21.52080369362919,87.91790302333777,0
21.52080369362919,87.92688617617893,0
21.52080369362919,87.93586932902014,0
21.52080369362919,87.94485248186135,0
21.52080369362919,87.95383563470256,0
21.52080369362919,87.96281878754371,0
21.52080369362919,87.97180194038492,0
21.52080369362919,87.98078509322613,0
21.52080369362919,87.98976824606729,0
21.52080369362919,87.9987513989085,0
21.52080369362919,88.0077345517497,0
21.52080369362919,88.01671770459092,0
21.52080369362919,88.02570085743207,0
21.52080369362919,88.03468401027328,0
21.52080369362919,88.04366716311449,0
21.52080369362919,88.0526503159557,0
21.52080369362919,88.06163346879686,0
21.52080369362919,88.07061662163807,0
21.52080369362919,88.07959977447928,0
21.52080369362919,88.08858292732049,0
21.52080369362919,88.09756608016164,0
21.52080369362919,88.10654923300285,0
21.52080369362919,88.11553238584406,0
21.52080369362919,88.12451553868522,0
21.52080369362919,88.13349869152643,0
21.52080369362919,88.14248184436764,0
21.52080369362919,88.15146499720885,0
21.52080369362919,88.16044815005,0
21.52080369362919,88.16943130289121,0
21.52080369362919,88.17841445573242,0
21.52080369362919,88.18739760857363,0
21.52080369362919,88.19638076141479,0
21.52080369362919,88.205363914256,0
21.52080369362919,88.21434706709721,0
21.52080369362919,88.22333021993836,0
21.52080369362919,88.23231337277957,0
21.52080369362919,88.24129652562078,0
21.52080369362919,88.250279678462,0
21.52080369362919,88.25926283130315,0
21.52080369362919,88.26824598414436,0
21.52080369362919,88.27722913698557,0
21.52080369362919,88.28621228982678,0
21.52080369362919,88.29519544266793,0
21.511820540788,87.50467799264277,0
21.511820540788,87.51366114548398,0
21.511820540788,87.52264429832513,0
21.511820540788,87.53162745116634,0
21.511820540788,87.54061060400755,0
21.511820540788,87.54959375684876,0
21.511820540788,87.55857690968992,0
21.511820540788,87.56756006253113,0
21.511820540788,87.57654321537234,0
21.511820540788,87.58552636821355,0
21.511820540788,87.5945095210547,0
21.511820540788,87.60349267389591,0
21.511820540788,87.61247582673712,0
21.511820540788,87.62145897957834,0
21.511820540788,87.63044213241949,0
21.511820540788,87.6394252852607,0
21.511820540788,87.64840843810191,0
21.511820540788,87.65739159094306,0
21.511820540788,87.66637474378427,0
21.511820540788,87.67535789662548,0
21.511820540788,87.6843410494667,0
21.511820540788,87.69332420230785,0
21.511820540788,87.70230735514906,0
21.511820540788,87.71129050799027,0
21.511820540788,87.72027366083148,0
21.511820540788,87.72925681367263,0
21.511820540788,87.73823996651385,0
21.511820540788,87.74722311935506,0
21.511820540788,87.75620627219621,0
21.511820540788,87.76518942503742,0
21.511820540788,87.77417257787863,0
21.511820540788,87.78315573071984,0
21.511820540788,87.792138883561,0
21.511820540788,87.8011220364022,0
21.511820540788,87.81010518924342,0
21.511820540788,87.81908834208463,0
21.511820540788,87.82807149492578,0
21.511820540788,87.83705464776699,0
21.511820540788,87.8460378006082,0
21.511820540788,87.85502095344941,0
21.511820540788,87.86400410629057,0
21.511820540788,87.87298725913178,0
21.511820540788,87.88197041197299,0
21.511820540788,87.89095356481414,0
21.511820540788,87.89993671765535,0
21.511820540788,87.90891987049656,0
21.511820540788,87.91790302333777,0
21.511820540788,87.92688617617893,0
21.511820540788,87.93586932902014,0
21.511820540788,87.94485248186135,0
21.511820540788,87.95383563470256,0
21.511820540788,87.96281878754371,0
21.511820540788,87.97180194038492,0
21.511820540788,87.98078509322613,0
21.511820540788,87.98976824606729,0
21.511820540788,87.9987513989085,0
21.511820540788,88.0077345517497,0
21.511820540788,88.01671770459092,0
21.511820540788,88.02570085743207,0
21.511820540788,88.03468401027328,0
21.511820540788,88.04366716311449,0
21.511820540788,88.0526503159557,0
21.511820540788,88.06163346879686,0
21.511820540788,88.07061662163807,0
21.511820540788,88.07959977447928,0
21.511820540788,88.08858292732049,0
21.511820540788,88.09756608016164,0
21.511820540788,88.10654923300285,0
21.511820540788,88.11553238584406,0
21.511820540788,88.12451553868522,0
21.511820540788,88.13349869152643,0
21.511820540788,88.14248184436764,0
21.511820540788,88.15146499720885,0
21.511820540788,88.16044815005,0
21.511820540788,88.16943130289121,0
21.511820540788,88.17841445573242,0
21.511820540788,88.18739760857363,0
21.511820540788,88.19638076141479,0
21.511820540788,88.205363914256,0
21.511820540788,88.21434706709721,0
21.511820540788,88.22333021993836,0
21.511820540788,88.23231337277957,0
21.511820540788,88.24129652562078,0
21.511820540788,88.250279678462,0
21.511820540788,88.25926283130315,0
21.511820540788,88.26824598414436,0
21.511820540788,88.27722913698557,0
21.511820540788,88.28621228982678,0
21.511820540788,88.29519544266793,0
21.502837387946805,87.50467799264277,0
21.502837387946805,87.51366114548398,0
21.502837387946805,87.52264429832513,0
21.502837387946805,87.53162745116634,0
21.502837387946805,87.54061060400755,0
21.502837387946805,87.54959375684876,0
21.502837387946805,87.55857690968992,0
21.502837387946805,87.56756006253113,0
21.502837387946805,87.57654321537234,0
21.502837387946805,87.58552636821355,0
21.502837387946805,87.5945095210547,0
21.502837387946805,87.60349267389591,0
21.502837387946805,87.61247582673712,0
21.502837387946805,87.62145897957834,0
21.502837387946805,87.63044213241949,0
21.502837387946805,87.6394252852607,0
21.502837387946805,87.64840843810191,0
21.502837387946805,87.65739159094306,0
21.502837387946805,87.66637474378427,0
21.502837387946805,87.67535789662548,0
21.502837387946805,87.6843410494667,0
21.502837387946805,87.69332420230785,0
21.502837387946805,87.70230735514906,0
21.502837387946805,87.71129050799027,0
21.502837387946805,87.72027366083148,0
21.502837387946805,87.72925681367263,0
21.502837387946805,87.73823996651385,0
21.502837387946805,87.74722311935506,0
21.502837387946805,87.75620627219621,0
21.502837387946805,87.76518942503742,0
21.502837387946805,87.77417257787863,0
21.502837387946805,87.78315573071984,0
21.502837387946805,87.792138883561,0
21.502837387946805,87.8011220364022,0
21.502837387946805,87.81010518924342,0
21.502837387946805,87.81908834208463,0
21.502837387946805,87.82807149492578,0
21.502837387946805,87.83705464776699,0
21.502837387946805,87.8460378006082,0
21.502837387946805,87.85502095344941,0
21.502837387946805,87.86400410629057,0
21.502837387946805,87.87298725913178,0
21.502837387946805,87.88197041197299,0
21.502837387946805,87.89095356481414,0
21.502837387946805,87.89993671765535,0
21.502837387946805,87.90891987049656,0
21.502837387946805,87.91790302333777,0
21.502837387946805,87.92688617617893,0
21.502837387946805,87.93586932902014,0
21.502837387946805,87.94485248186135,0
21.502837387946805,87.95383563470256,0
21.502837387946805,87.96281878754371,0
21.502837387946805,87.97180194038492,0
21.502837387946805,87.98078509322613,0
21.502837387946805,87.98976824606729,0
21.502837387946805,87.9987513989085,0
21.502837387946805,88.0077345517497,0
21.502837387946805,88.01671770459092,0
21.502837387946805,88.02570085743207,0
21.502837387946805,88.03468401027328,0
21.502837387946805,88.04366716311449,0
21.502837387946805,88.0526503159557,0
21.502837387946805,88.06163346879686,0
21.502837387946805,88.07061662163807,0
21.502837387946805,88.07959977447928,0
21.502837387946805,88.08858292732049,0
21.502837387946805,88.09756608016164,0
21.502837387946805,88.10654923300285,0
21.502837387946805,88.11553238584406,0
21.502837387946805,88.12451553868522,0
21.502837387946805,88.13349869152643,0
21.502837387946805,88.14248184436764,0
21.502837387946805,88.15146499720885,0
21.502837387946805,88.16044815005,0
21.502837387946805,88.16943130289121,0
21.502837387946805,88.17841445573242,0
21.502837387946805,88.18739760857363,0
21.502837387946805,88.19638076141479,0
21.502837387946805,88.205363914256,0
21.502837387946805,88.21434706709721,0
21.502837387946805,88.22333021993836,0
21.502837387946805,88.23231337277957,0
21.502837387946805,88.24129652562078,0
21.502837387946805,88.250279678462,0
21.502837387946805,88.25926283130315,0
21.502837387946805,88.26824598414436,0
21.502837387946805,88.27722913698557,0
21.502837387946805,88.28621228982678,0
21.502837387946805,88.29519544266793,0
21.49385423510561,87.50467799264277,0
21.49385423510561,87.51366114548398,0
21.49385423510561,87.52264429832513,0
21.49385423510561,87.53162745116634,0
21.49385423510561,87.54061060400755,0
21.49385423510561,87.54959375684876,0
21.49385423510561,87.55857690968992,0
21.49385423510561,87.56756006253113,0
21.49385423510561,87.57654321537234,0
21.49385423510561,87.58552636821355,0
21.49385423510561,87.5945095210547,0
21.49385423510561,87.60349267389591,0
21.49385423510561,87.61247582673712,0
21.49385423510561,87.62145897957834,0
21.49385423510561,87.63044213241949,0
21.49385423510561,87.6394252852607,0
21.49385423510561,87.64840843810191,0
21.49385423510561,87.65739159094306,0
21.49385423510561,87.66637474378427,0
21.49385423510561,87.67535789662548,0
21.49385423510561,87.6843410494667,0
21.49385423510561,87.69332420230785,0
21.49385423510561,87.70230735514906,0
21.49385423510561,87.71129050799027,0
21.49385423510561,87.72027366083148,0
21.49385423510561,87.72925681367263,0
21.49385423510561,87.73823996651385,0
21.49385423510561,87.74722311935506,0
21.49385423510561,87.75620627219621,0
21.49385423510561,87.76518942503742,0
21.49385423510561,87.77417257787863,0
21.49385423510561,87.78315573071984,0
21.49385423510561,87.792138883561,0
21.49385423510561,87.8011220364022,0
21.49385423510561,87.81010518924342,0
21.49385423510561,87.81908834208463,0
21.49385423510561,87.82807149492578,0
21.49385423510561,87.83705464776699,0
21.49385423510561,87.8460378006082,0
21.49385423510561,87.85502095344941,0
21.49385423510561,87.86400410629057,0
21.49385423510561,87.87298725913178,0
21.49385423510561,87.88197041197299,0
21.49385423510561,87.89095356481414,0
21.49385423510561,87.89993671765535,0
21.49385423510561,87.90891987049656,0
21.49385423510561,87.91790302333777,0
21.49385423510561,87.92688617617893,0
21.49385423510561,87.93586932902014,0
21.49385423510561,87.94485248186135,0
21.49385423510561,87.95383563470256,0
21.49385423510561,87.96281878754371,0
21.49385423510561,87.97180194038492,0
21.49385423510561,87.98078509322613,0
21.49385423510561,87.98976824606729,0
21.49385423510561,87.9987513989085,0
21.49385423510561,88.0077345517497,0
21.49385423510561,88.01671770459092,0
21.49385423510561,88.02570085743207,0
21.49385423510561,88.03468401027328,0
21.49385423510561,88.04366716311449,0
21.49385423510561,88.0526503159557,0
21.49385423510561,88.06163346879686,0
21.49385423510561,88.07061662163807,0
21.49385423510561,88.07959977447928,0
21.49385423510561,88.08858292732049,0
21.49385423510561,88.09756608016164,0
21.49385423510561,88.10654923300285,0
21.49385423510561,88.11553238584406,0
21.49385423510561,88.12451553868522,0
21.49385423510561,88.13349869152643,0
21.49385423510561,88.14248184436764,0
21.49385423510561,88.15146499720885,0
21.49385423510561,88.16044815005,0
21.49385423510561,88.16943130289121,0
21.49385423510561,88.17841445573242,0
21.49385423510561,88.18739760857363,0
21.49385423510561,88.19638076141479,0
21.49385423510561,88.205363914256,0
21.49385423510561,88.21434706709721,0
21.49385423510561,88.22333021993836,0
21.49385423510561,88.23231337277957,0
21.49385423510561,88.24129652562078,0
21.49385423510561,88.250279678462,0
21.49385423510561,88.25926283130315,0
21.49385423510561,88.26824598414436,0
21.49385423510561,88.27722913698557,0
21.49385423510561,88.28621228982678,0
21.49385423510561,88.29519544266793,0
21.484871082264412,87.50467799264277,0
21.484871082264412,87.51366114548398,0
21.484871082264412,87.52264429832513,0
21.484871082264412,87.53162745116634,0
21.484871082264412,87.54061060400755,0
21.484871082264412,87.54959375684876,0
21.484871082264412,87.55857690968992,0
21.484871082264412,87.56756006253113,0
21.484871082264412,87.57654321537234,0
21.484871082264412,87.58552636821355,0
21.484871082264412,87.5945095210547,0
21.484871082264412,87.60349267389591,0
21.484871082264412,87.61247582673712,0
21.484871082264412,87.62145897957834,0
21.484871082264412,87.63044213241949,0
21.484871082264412,87.6394252852607,0
21.484871082264412,87.64840843810191,0
21.484871082264412,87.65739159094306,0
21.484871082264412,87.66637474378427,0
21.484871082264412,87.67535789662548,0
21.484871082264412,87.6843410494667,0
21.484871082264412,87.69332420230785,0
21.484871082264412,87.70230735514906,0
21.484871082264412,87.71129050799027,0
21.484871082264412,87.72027366083148,0
21.484871082264412,87.72925681367263,0
21.484871082264412,87.73823996651385,0
21.484871082264412,87.74722311935506,0
21.484871082264412,87.75620627219621,0
21.484871082264412,87.76518942503742,0
21.484871082264412,87.77417257787863,0
21.484871082264412,87.78315573071984,0
21.484871082264412,87.792138883561,0
21.484871082264412,87.8011220364022,0
21.484871082264412,87.81010518924342,0
21.484871082264412,87.81908834208463,0
21.484871082264412,87.82807149492578,0
21.484871082264412,87.83705464776699,0
21.484871082264412,87.8460378006082,0
21.484871082264412,87.85502095344941,0
21.484871082264412,87.86400410629057,0
21.484871082264412,87.87298725913178,0
21.484871082264412,87.88197041197299,0
21.484871082264412,87.89095356481414,0
21.484871082264412,87.89993671765535,0
21.484871082264412,87.90891987049656,0
21.484871082264412,87.91790302333777,0
21.484871082264412,87.92688617617893,0
21.484871082264412,87.93586932902014,0
21.484871082264412,87.94485248186135,0
21.484871082264412,87.95383563470256,0
21.484871082264412,87.96281878754371,0
21.484871082264412,87.97180194038492,0
21.484871082264412,87.98078509322613,0
21.484871082264412,87.98976824606729,0
21.484871082264412,87.9987513989085,0
21.484871082264412,88.0077345517497,0
21.484871082264412,88.01671770459092,0
21.484871082264412,88.02570085743207,0
21.484871082264412,88.03468401027328,0
21.484871082264412,88.04366716311449,0
21.484871082264412,88.0526503159557,0
21.484871082264412,88.06163346879686,0
21.484871082264412,88.07061662163807,0
21.484871082264412,88.07959977447928,0
21.484871082264412,88.08858292732049,0
21.484871082264412,88.09756608016164,0
21.484871082264412,88.10654923300285,0
21.484871082264412,88.11553238584406,0
21.484871082264412,88.12451553868522,0
21.484871082264412,88.13349869152643,0
21.484871082264412,88.14248184436764,0
21.484871082264412,88.15146499720885,0
21.484871082264412,88.16044815005,0
21.484871082264412,88.16943130289121,0
21.484871082264412,88.17841445573242,0
21.484871082264412,88.18739760857363,0
21.484871082264412,88.19638076141479,0
21.484871082264412,88.205363914256,0
21.484871082264412,88.21434706709721,0
21.484871082264412,88.22333021993836,0
21.484871082264412,88.23231337277957,0
21.484871082264412,88.24129652562078,0
21.484871082264412,88.250279678462,0
21.484871082264412,88.25926283130315,0
21.484871082264412,88.26824598414436,0
21.484871082264412,88.27722913698557,0
21.484871082264412,88.28621228982678,0
21.484871082264412,88.29519544266793,0
21.475887929423216,87.50467799264277,0
21.475887929423216,87.51366114548398,0
21.475887929423216,87.52264429832513,0
21.475887929423216,87.53162745116634,0
21.475887929423216,87.54061060400755,0
21.475887929423216,87.54959375684876,0
21.475887929423216,87.55857690968992,0
21.475887929423216,87.56756006253113,0
21.475887929423216,87.57654321537234,0
21.475887929423216,87.58552636821355,0
21.475887929423216,87.5945095210547,0
21.475887929423216,87.60349267389591,0
21.475887929423216,87.61247582673712,0
21.475887929423216,87.62145897957834,0
21.475887929423216,87.63044213241949,0
21.475887929423216,87.6394252852607,0
21.475887929423216,87.64840843810191,0
21.475887929423216,87.65739159094306,0
21.475887929423216,87.66637474378427,0
21.475887929423216,87.67535789662548,0
21.475887929423216,87.6843410494667,0
21.475887929423216,87.69332420230785,0
21.475887929423216,87.70230735514906,0
21.475887929423216,87.71129050799027,0
21.475887929423216,87.72027366083148,0
21.475887929423216,87.72925681367263,0
21.475887929423216,87.73823996651385,0
21.475887929423216,87.74722311935506,0
21.475887929423216,87.75620627219621,0
21.475887929423216,87.76518942503742,0
21.475887929423216,87.77417257787863,0
21.475887929423216,87.78315573071984,0
21.475887929423216,87.792138883561,0
21.475887929423216,87.8011220364022,0
21.475887929423216,87.81010518924342,0
21.475887929423216,87.81908834208463,0
21.475887929423216,87.82807149492578,0
21.475887929423216,87.83705464776699,0
21.475887929423216,87.8460378006082,0
21.475887929423216,87.85502095344941,0
21.475887929423216,87.86400410629057,0
21.475887929423216,87.87298725913178,0
21.475887929423216,87.88197041197299,0
21.475887929423216,87.89095356481414,0
21.475887929423216,87.89993671765535,0
21.475887929423216,87.90891987049656,0
21.475887929423216,87.91790302333777,0
21.475887929423216,87.92688617617893,0
21.475887929423216,87.93586932902014,0
21.475887929423216,87.94485248186135,0
21.475887929423216,87.95383563470256,0
21.475887929423216,87.96281878754371,0
21.475887929423216,87.97180194038492,0
21.475887929423216,87.98078509322613,0
21.475887929423216,87.98976824606729,0
21.475887929423216,87.9987513989085,0
21.475887929423216,88.0077345517497,0
21.475887929423216,88.01671770459092,0
21.475887929423216,88.02570085743207,0
21.475887929423216,88.03468401027328,0
21.475887929423216,88.04366716311449,0
21.475887929423216,88.0526503159557,0
21.475887929423216,88.06163346879686,0
21.475887929423216,88.07061662163807,0
21.475887929423216,88.07959977447928,0
21.475887929423216,88.08858292732049,0
21.475887929423216,88.09756608016164,0
21.475887929423216,88.10654923300285,0
21.475887929423216,88.11553238584406,0
21.475887929423216,88.12451553868522,0
21.475887929423216,88.13349869152643,0
21.475887929423216,88.14248184436764,0
21.475887929423216,88.15146499720885,0
21.475887929423216,88.16044815005,0
21.475887929423216,88.16943130289121,0
21.475887929423216,88.17841445573242,0
21.475887929423216,88.18739760857363,0
21.475887929423216,88.19638076141479,0
21.475887929423216,88.205363914256,0
21.475887929423216,88.21434706709721,0
21.475887929423216,88.22333021993836,0
21.475887929423216,88.23231337277957,0
21.475887929423216,88.24129652562078,0
21.475887929423216,88.250279678462,0
21.475887929423216,88.25926283130315,0
21.475887929423216,88.26824598414436,0
21.475887929423216,88.27722913698557,0
21.475887929423216,88.28621228982678,0
21.475887929423216,88.29519544266793,0
21.46690477658202,87.50467799264277,0
21.46690477658202,87.51366114548398,0
21.46690477658202,87.52264429832513,0
21.46690477658202,87.53162745116634,0
21.46690477658202,87.54061060400755,0
21.46690477658202,87.54959375684876,0
21.46690477658202,87.55857690968992,0
21.46690477658202,87.56756006253113,0
21.46690477658202,87.57654321537234,0
21.46690477658202,87.58552636821355,0
21.46690477658202,87.5945095210547,0
21.46690477658202,87.60349267389591,0
21.46690477658202,87.61247582673712,0
21.46690477658202,87.62145897957834,0
21.46690477658202,87.63044213241949,0
21.46690477658202,87.6394252852607,0
21.46690477658202,87.64840843810191,0
21.46690477658202,87.65739159094306,0
21.46690477658202,87.66637474378427,0
21.46690477658202,87.67535789662548,0
21.46690477658202,87.6843410494667,0
21.46690477658202,87.69332420230785,0
21.46690477658202,87.70230735514906,0
21.46690477658202,87.71129050799027,0
21.46690477658202,87.72027366083148,0
21.46690477658202,87.72925681367263,0
21.46690477658202,87.73823996651385,0
21.46690477658202,87.74722311935506,0
21.46690477658202,87.75620627219621,0
21.46690477658202,87.76518942503742,0
21.46690477658202,87.77417257787863,0
21.46690477658202,87.78315573071984,0
21.46690477658202,87.792138883561,0
21.46690477658202,87.8011220364022,0
21.46690477658202,87.81010518924342,0
21.46690477658202,87.81908834208463,0
21.46690477658202,87.82807149492578,0
21.46690477658202,87.83705464776699,0
21.46690477658202,87.8460378006082,0
21.46690477658202,87.85502095344941,0
21.46690477658202,87.86400410629057,0
21.46690477658202,87.87298725913178,0
21.46690477658202,87.88197041197299,0
21.46690477658202,87.89095356481414,0
21.46690477658202,87.89993671765535,0
21.46690477658202,87.90891987049656,0
21.46690477658202,87.91790302333777,0
21.46690477658202,87.92688617617893,0
21.46690477658202,87.93586932902014,0
21.46690477658202,87.94485248186135,0
21.46690477658202,87.95383563470256,0
21.46690477658202,87.96281878754371,0
21.46690477658202,87.97180194038492,0
21.46690477658202,87.98078509322613,0
21.46690477658202,87.98976824606729,0
21.46690477658202,87.9987513989085,0
21.46690477658202,88.0077345517497,0
21.46690477658202,88.01671770459092,0
21.46690477658202,88.02570085743207,0
21.46690477658202,88.03468401027328,0
21.46690477658202,88.04366716311449,0
21.46690477658202,88.0526503159557,0
21.46690477658202,88.06163346879686,0
21.46690477658202,88.07061662163807,0
21.46690477658202,88.07959977447928,0
21.46690477658202,88.08858292732049,0
21.46690477658202,88.09756608016164,0
21.46690477658202,88.10654923300285,0
21.46690477658202,88.11553238584406,0
21.46690477658202,88.12451553868522,0
21.46690477658202,88.13349869152643,0
21.46690477658202,88.14248184436764,0
21.46690477658202,88.15146499720885,0
21.46690477658202,88.16044815005,0
21.46690477658202,88.16943130289121,0
21.46690477658202,88.17841445573242,0
21.46690477658202,88.18739760857363,0
21.46690477658202,88.19638076141479,0
21.46690477658202,88.205363914256,0
21.46690477658202,88.21434706709721,0
21.46690477658202,88.22333021993836,0
21.46690477658202,88.23231337277957,0
21.46690477658202,88.24129652562078,0
21.46690477658202,88.250279678462,0
21.46690477658202,88.25926283130315,0
21.46690477658202,88.26824598414436,0
21.46690477658202,88.27722913698557,0
21.46690477658202,88.28621228982678,0
21.46690477658202,88.29519544266793,0
21.45792162374083,87.50467799264277,0
21.45792162374083,87.51366114548398,0
21.45792162374083,87.52264429832513,0
21.45792162374083,87.53162745116634,0
21.45792162374083,87.54061060400755,0
21.45792162374083,87.54959375684876,0
21.45792162374083,87.55857690968992,0
21.45792162374083,87.56756006253113,0
21.45792162374083,87.57654321537234,0
21.45792162374083,87.58552636821355,0
21.45792162374083,87.5945095210547,0
21.45792162374083,87.60349267389591,0
21.45792162374083,87.61247582673712,0
21.45792162374083,87.62145897957834,0
21.45792162374083,87.63044213241949,0
21.45792162374083,87.6394252852607,0
21.45792162374083,87.64840843810191,0
21.45792162374083,87.65739159094306,0
21.45792162374083,87.66637474378427,0
21.45792162374083,87.67535789662548,0
21.45792162374083,87.6843410494667,0
21.45792162374083,87.69332420230785,0
21.45792162374083,87.70230735514906,0
21.45792162374083,87.71129050799027,0
21.45792162374083,87.72027366083148,0
21.45792162374083,87.72925681367263,0
21.45792162374083,87.73823996651385,0
21.45792162374083,87.74722311935506,0
21.45792162374083,87.75620627219621,0
21.45792162374083,87.76518942503742,0
21.45792162374083,87.77417257787863,0
21.45792162374083,87.78315573071984,0
21.45792162374083,87.792138883561,0
21.45792162374083,87.8011220364022,0
21.45792162374083,87.81010518924342,0
21.45792162374083,87.81908834208463,0
21.45792162374083,87.82807149492578,0
21.45792162374083,87.83705464776699,0
21.45792162374083,87.8460378006082,0
21.45792162374083,87.85502095344941,0
21.45792162374083,87.86400410629057,0
21.45792162374083,87.87298725913178,0
21.45792162374083,87.88197041197299,0
21.45792162374083,87.89095356481414,0
21.45792162374083,87.89993671765535,0
21.45792162374083,87.90891987049656,0
21.45792162374083,87.91790302333777,0
21.45792162374083,87.92688617617893,0
21.45792162374083,87.93586932902014,0
21.45792162374083,87.94485248186135,0
21.45792162374083,87.95383563470256,0
21.45792162374083,87.96281878754371,0
21.45792162374083,87.97180194038492,0
21.45792162374083,87.98078509322613,0
21.45792162374083,87.98976824606729,0
21.45792162374083,87.9987513989085,0
21.45792162374083,88.0077345517497,0
21.45792162374083,88.01671770459092,0
21.45792162374083,88.02570085743207,0
21.45792162374083,88.03468401027328,0
21.45792162374083,88.04366716311449,0
21.45792162374083,88.0526503159557,0
21.45792162374083,88.06163346879686,0
21.45792162374083,88.07061662163807,0
21.45792162374083,88.07959977447928,0
21.45792162374083,88.08858292732049,0
21.45792162374083,88.09756608016164,0
21.45792162374083,88.10654923300285,0
21.45792162374083,88.11553238584406,0
21.45792162374083,88.12451553868522,0
21.45792162374083,88.13349869152643,0
21.45792162374083,88.14248184436764,0
21.45792162374083,88.15146499720885,0
21.45792162374083,88.16044815005,0
21.45792162374083,88.16943130289121,0
21.45792162374083,88.17841445573242,0
21.45792162374083,88.18739760857363,0
21.45792162374083,88.19638076141479,0
21.45792162374083,88.205363914256,0
21.45792162374083,88.21434706709721,0
21.45792162374083,88.22333021993836,0
21.45792162374083,88.23231337277957,0
21.45792162374083,88.24129652562078,0
21.45792162374083,88.250279678462,0
21.45792162374083,88.25926283130315,0
21.45792162374083,88.26824598414436,0
21.45792162374083,88.27722913698557,0
21.45792162374083,88.28621228982678,0
21.45792162374083,88.29519544266793,0
21.448938470899634,87.50467799264277,0
21.448938470899634,87.51366114548398,0
21.448938470899634,87.52264429832513,0
21.448938470899634,87.53162745116634,0
21.448938470899634,87.54061060400755,0
21.448938470899634,87.54959375684876,0
21.448938470899634,87.55857690968992,0
21.448938470899634,87.56756006253113,0
21.448938470899634,87.57654321537234,0
21.448938470899634,87.58552636821355,0
21.448938470899634,87.5945095210547,0
21.448938470899634,87.60349267389591,0
21.448938470899634,87.61247582673712,0
21.448938470899634,87.62145897957834,0
21.448938470899634,87.63044213241949,0
21.448938470899634,87.6394252852607,0
21.448938470899634,87.64840843810191,0
21.448938470899634,87.65739159094306,0
21.448938470899634,87.66637474378427,0
21.448938470899634,87.67535789662548,0
21.448938470899634,87.6843410494667,0
21.448938470899634,87.69332420230785,0
21.448938470899634,87.70230735514906,0
21.448938470899634,87.71129050799027,0
21.448938470899634,87.72027366083148,0
21.448938470899634,87.72925681367263,0
21.448938470899634,87.73823996651385,0
21.448938470899634,87.74722311935506,0
21.448938470899634,87.75620627219621,0
21.448938470899634,87.76518942503742,0
21.448938470899634,87.77417257787863,0
21.448938470899634,87.78315573071984,0
21.448938470899634,87.792138883561,0
21.448938470899634,87.8011220364022,0
21.448938470899634,87.81010518924342,0
21.448938470899634,87.81908834208463,0
21.448938470899634,87.82807149492578,0
21.448938470899634,87.83705464776699,0
21.448938470899634,87.8460378006082,0
21.448938470899634,87.85502095344941,0
21.448938470899634,87.86400410629057,0
21.448938470899634,87.87298725913178,0
21.448938470899634,87.88197041197299,0
21.448938470899634,87.89095356481414,0
21.448938470899634,87.89993671765535,0
21.448938470899634,87.90891987049656,0
21.448938470899634,87.91790302333777,0
21.448938470899634,87.92688617617893,0
21.448938470899634,87.93586932902014,0
21.448938470899634,87.94485248186135,0
21.448938470899634,87.95383563470256,0
21.448938470899634,87.96281878754371,0
21.448938470899634,87.97180194038492,0
21.448938470899634,87.98078509322613,0
21.448938470899634,87.98976824606729,0
21.448938470899634,87.9987513989085,0
21.448938470899634,88.0077345517497,0
21.448938470899634,88.01671770459092,0
21.448938470899634,88.02570085743207,0
21.448938470899634,88.03468401027328,0
21.448938470899634,88.04366716311449,0
21.448938470899634,88.0526503159557,0
21.448938470899634,88.06163346879686,0
21.448938470899634,88.07061662163807,0
21.448938470899634,88.07959977447928,0
21.448938470899634,88.08858292732049,0
21.448938470899634,88.09756608016164,0
21.448938470899634,88.10654923300285,0
21.448938470899634,88.11553238584406,0
21.448938470899634,88.12451553868522,0
21.448938470899634,88.13349869152643,0
21.448938470899634,88.14248184436764,0
21.448938470899634,88.15146499720885,0
21.448938470899634,88.16044815005,0
21.448938470899634,88.16943130289121,0
21.448938470899634,88.17841445573242,0
21.448938470899634,88.18739760857363,0
21.448938470899634,88.19638076141479,0
21.448938470899634,88.205363914256,0
21.448938470899634,88.21434706709721,0
21.448938470899634,88.22333021993836,0
21.448938470899634,88.23231337277957,0
21.448938470899634,88.24129652562078,0
21.448938470899634,88.250279678462,0
21.448938470899634,88.25926283130315,0
21.448938470899634,88.26824598414436,0
21.448938470899634,88.27722913698557,0
21.448938470899634,88.28621228982678,0
21.448938470899634,88.29519544266793,0
21.439955318058438,87.50467799264277,0
21.439955318058438,87.51366114548398,0
21.439955318058438,87.52264429832513,0
21.439955318058438,87.53162745116634,0
21.439955318058438,87.54061060400755,0
21.439955318058438,87.54959375684876,0
21.439955318058438,87.55857690968992,0
21.439955318058438,87.56756006253113,0
21.439955318058438,87.57654321537234,0
21.439955318058438,87.58552636821355,0
21.439955318058438,87.5945095210547,0
21.439955318058438,87.60349267389591,0
21.439955318058438,87.61247582673712,0
21.439955318058438,87.62145897957834,0
21.439955318058438,87.63044213241949,0
21.439955318058438,87.6394252852607,0
21.439955318058438,87.64840843810191,0
21.439955318058438,87.65739159094306,0
21.439955318058438,87.66637474378427,0
21.439955318058438,87.67535789662548,0
21.439955318058438,87.6843410494667,0
21.439955318058438,87.69332420230785,0
21.439955318058438,87.70230735514906,0
21.439955318058438,87.71129050799027,0
21.439955318058438,87.72027366083148,0
21.439955318058438,87.72925681367263,0
21.439955318058438,87.73823996651385,0
21.439955318058438,87.74722311935506,0
21.439955318058438,87.75620627219621,0
21.439955318058438,87.76518942503742,0
21.439955318058438,87.77417257787863,0
21.439955318058438,87.78315573071984,0
21.439955318058438,87.792138883561,0
21.439955318058438,87.8011220364022,0
21.439955318058438,87.81010518924342,0
21.439955318058438,87.81908834208463,0
21.439955318058438,87.82807149492578,0
21.439955318058438,87.83705464776699,0
21.439955318058438,87.8460378006082,0
21.439955318058438,87.85502095344941,0
21.439955318058438,87.86400410629057,0
21.439955318058438,87.87298725913178,0
21.439955318058438,87.88197041197299,0
21.439955318058438,87.89095356481414,0
21.439955318058438,87.89993671765535,0
21.439955318058438,87.90891987049656,0
21.439955318058438,87.91790302333777,0
21.439955318058438,87.92688617617893,0
21.439955318058438,87.93586932902014,0
21.439955318058438,87.94485248186135,0
21.439955318058438,87.95383563470256,0
21.439955318058438,87.96281878754371,0
21.439955318058438,87.97180194038492,0
21.439955318058438,87.98078509322613,0
21.439955318058438,87.98976824606729,0
21.439955318058438,87.9987513989085,0
21.439955318058438,88.0077345517497,0
21.439955318058438,88.01671770459092,0
21.439955318058438,88.02570085743207,0
21.439955318058438,88.03468401027328,0
21.439955318058438,88.04366716311449,0
21.439955318058438,88.0526503159557,0
21.439955318058438,88.06163346879686,0
21.439955318058438,88.07061662163807,0
21.439955318058438,88.07959977447928,0
21.439955318058438,88.08858292732049,0
21.439955318058438,88.09756608016164,0
21.439955318058438,88.10654923300285,0
21.439955318058438,88.11553238584406,0
21.439955318058438,88.12451553868522,0
21.439955318058438,88.13349869152643,0
21.439955318058438,88.14248184436764,0
21.439955318058438,88.15146499720885,0
21.439955318058438,88.16044815005,0
21.439955318058438,88.16943130289121,0
21.439955318058438,88.17841445573242,0
21.439955318058438,88.18739760857363,0
21.439955318058438,88.19638076141479,0
21.439955318058438,88.205363914256,0
21.439955318058438,88.21434706709721,0
21.439955318058438,88.22333021993836,0
21.439955318058438,88.23231337277957,0
21.439955318058438,88.24129652562078,0
21.439955318058438,88.250279678462,0
21.439955318058438,88.25926283130315,0
21.439955318058438,88.26824598414436,0
21.439955318058438,88.27722913698557,0
21.439955318058438,88.28621228982678,0
21.439955318058438,88.29519544266793,0
21.43097216521724,87.50467799264277,0
21.43097216521724,87.51366114548398,0
21.43097216521724,87.52264429832513,0
21.43097216521724,87.53162745116634,0
21.43097216521724,87.54061060400755,0
21.43097216521724,87.54959375684876,0
21.43097216521724,87.55857690968992,0
21.43097216521724,87.56756006253113,0
21.43097216521724,87.57654321537234,0
21.43097216521724,87.58552636821355,0
21.43097216521724,87.5945095210547,0
21.43097216521724,87.60349267389591,0
21.43097216521724,87.61247582673712,0
21.43097216521724,87.62145897957834,0
21.43097216521724,87.63044213241949,0
21.43097216521724,87.6394252852607,0
21.43097216521724,87.64840843810191,0
21.43097216521724,87.65739159094306,0
21.43097216521724,87.66637474378427,0
21.43097216521724,87.67535789662548,0
21.43097216521724,87.6843410494667,0
21.43097216521724,87.69332420230785,0
21.43097216521724,87.70230735514906,0
21.43097216521724,87.71129050799027,0
21.43097216521724,87.72027366083148,0
21.43097216521724,87.72925681367263,0
21.43097216521724,87.73823996651385,0
21.43097216521724,87.74722311935506,0
21.43097216521724,87.75620627219621,0
21.43097216521724,87.76518942503742,0
21.43097216521724,87.77417257787863,0
21.43097216521724,87.78315573071984,0
21.43097216521724,87.792138883561,0
21.43097216521724,87.8011220364022,0
21.43097216521724,87.81010518924342,0
21.43097216521724,87.81908834208463,0
21.43097216521724,87.82807149492578,0
21.43097216521724,87.83705464776699,0
21.43097216521724,87.8460378006082,0
21.43097216521724,87.85502095344941,0
21.43097216521724,87.86400410629057,0
21.43097216521724,87.87298725913178,0
21.43097216521724,87.88197041197299,0
21.43097216521724,87.89095356481414,0
21.43097216521724,87.89993671765535,0
21.43097216521724,87.90891987049656,0
21.43097216521724,87.91790302333777,0
21.43097216521724,87.92688617617893,0
21.43097216521724,87.93586932902014,0
21.43097216521724,87.94485248186135,0
21.43097216521724,87.95383563470256,0
21.43097216521724,87.96281878754371,0
21.43097216521724,87.97180194038492,0
21.43097216521724,87.98078509322613,0
21.43097216521724,87.98976824606729,0
21.43097216521724,87.9987513989085,0
21.43097216521724,88.0077345517497,0
21.43097216521724,88.01671770459092,0
21.43097216521724,88.02570085743207,0
21.43097216521724,88.03468401027328,0
21.43097216521724,88.04366716311449,0
21.43097216521724,88.0526503159557,0
21.43097216521724,88.06163346879686,0
21.43097216521724,88.07061662163807,0
21.43097216521724,88.07959977447928,0
21.43097216521724,88.08858292732049,0
21.43097216521724,88.09756608016164,0
21.43097216521724,88.10654923300285,0
21.43097216521724,88.11553238584406,0
21.43097216521724,88.12451553868522,0
21.43097216521724,88.13349869152643,0
21.43097216521724,88.14248184436764,0
21.43097216521724,88.15146499720885,0
21.43097216521724,88.16044815005,0
21.43097216521724,88.16943130289121,0
21.43097216521724,88.17841445573242,0
21.43097216521724,88.18739760857363,0
21.43097216521724,88.19638076141479,0
21.43097216521724,88.205363914256,0
21.43097216521724,88.21434706709721,0
21.43097216521724,88.22333021993836,0
21.43097216521724,88.23231337277957,0
21.43097216521724,88.24129652562078,0
21.43097216521724,88.250279678462,0
21.43097216521724,88.25926283130315,0
21.43097216521724,88.26824598414436,0
21.43097216521724,88.27722913698557,0
21.43097216521724,88.28621228982678,0
21.43097216521724,88.29519544266793,0
21.421989012376045,87.50467799264277,0
21.421989012376045,87.51366114548398,0
21.421989012376045,87.52264429832513,0
21.421989012376045,87.53162745116634,0
21.421989012376045,87.54061060400755,0
21.421989012376045,87.54959375684876,0
21.421989012376045,87.55857690968992,0
21.421989012376045,87.56756006253113,0
21.421989012376045,87.57654321537234,0
21.421989012376045,87.58552636821355,0
21.421989012376045,87.5945095210547,0
21.421989012376045,87.60349267389591,0
21.421989012376045,87.61247582673712,0
21.421989012376045,87.62145897957834,0
21.421989012376045,87.63044213241949,0
21.421989012376045,87.6394252852607,0
21.421989012376045,87.64840843810191,0
21.421989012376045,87.65739159094306,0
21.421989012376045,87.66637474378427,0
21.421989012376045,87.67535789662548,0
21.421989012376045,87.6843410494667,0
21.421989012376045,87.69332420230785,0
21.421989012376045,87.70230735514906,0
21.421989012376045,87.71129050799027,0
21.421989012376045,87.72027366083148,0
21.421989012376045,87.72925681367263,0
21.421989012376045,87.73823996651385,0
21.421989012376045,87.74722311935506,0
21.421989012376045,87.75620627219621,0
21.421989012376045,87.76518942503742,0
21.421989012376045,87.77417257787863,0
21.421989012376045,87.78315573071984,0
21.421989012376045,87.792138883561,0
21.421989012376045,87.8011220364022,0
21.421989012376045,87.81010518924342,0
21.421989012376045,87.81908834208463,0
21.421989012376045,87.82807149492578,0
21.421989012376045,87.83705464776699,0
21.421989012376045,87.8460378006082,0
21.421989012376045,87.85502095344941,0
21.421989012376045,87.86400410629057,0
21.421989012376045,87.87298725913178,0
21.421989012376045,87.88197041197299,0
21.421989012376045,87.89095356481414,0
21.421989012376045,87.89993671765535,0
21.421989012376045,87.90891987049656,0
21.421989012376045,87.91790302333777,0
21.421989012376045,87.92688617617893,0
21.421989012376045,87.93586932902014,0
21.421989012376045,87.94485248186135,0
21.421989012376045,87.95383563470256,0
21.421989012376045,87.96281878754371,0
21.421989012376045,87.97180194038492,0
21.421989012376045,87.98078509322613,0
21.421989012376045,87.98976824606729,0
21.421989012376045,87.9987513989085,0
21.421989012376045,88.0077345517497,0
21.421989012376045,88.01671770459092,0
21.421989012376045,88.02570085743207,0
21.421989012376045,88.03468401027328,0
21.421989012376045,88.04366716311449,0
21.421989012376045,88.0526503159557,0
21.421989012376045,88.06163346879686,0
21.421989012376045,88.07061662163807,0
21.421989012376045,88.07959977447928,0
21.421989012376045,88.08858292732049,0
21.421989012376045,88.09756608016164,0
21.421989012376045,88.10654923300285,0
21.421989012376045,88.11553238584406,0
21.421989012376045,88.12451553868522,0
21.421989012376045,88.13349869152643,0
21.421989012376045,88.14248184436764,0
21.421989012376045,88.15146499720885,0
21.421989012376045,88.16044815005,0
21.421989012376045,88.16943130289121,0
21.421989012376045,88.17841445573242,0
21.421989012376045,88.18739760857363,0
21.421989012376045,88.19638076141479,0
21.421989012376045,88.205363914256,0
21.421989012376045,88.21434706709721,0
21.421989012376045,88.22333021993836,0
21.421989012376045,88.23231337277957,0
21.421989012376045,88.24129652562078,0
21.421989012376045,88.250279678462,0
21.421989012376045,88.25926283130315,0
21.421989012376045,88.26824598414436,0
21.421989012376045,88.27722913698557,0
21.421989012376045,88.28621228982678,0
21.421989012376045,88.29519544266793,0
21.41300585953485,87.50467799264277,0
21.41300585953485,87.51366114548398,0
21.41300585953485,87.52264429832513,0
21.41300585953485,87.53162745116634,0
21.41300585953485,87.54061060400755,0
21.41300585953485,87.54959375684876,0
21.41300585953485,87.55857690968992,0
21.41300585953485,87.56756006253113,0
21.41300585953485,87.57654321537234,0
21.41300585953485,87.58552636821355,0
21.41300585953485,87.5945095210547,0
21.41300585953485,87.60349267389591,0
21.41300585953485,87.61247582673712,0
21.41300585953485,87.62145897957834,0
21.41300585953485,87.63044213241949,0
21.41300585953485,87.6394252852607,0
21.41300585953485,87.64840843810191,0
21.41300585953485,87.65739159094306,0
21.41300585953485,87.66637474378427,0
21.41300585953485,87.67535789662548,0
21.41300585953485,87.6843410494667,0
21.41300585953485,87.69332420230785,0
21.41300585953485,87.70230735514906,0
21.41300585953485,87.71129050799027,0
21.41300585953485,87.72027366083148,0
21.41300585953485,87.72925681367263,0
21.41300585953485,87.73823996651385,0
21.41300585953485,87.74722311935506,0
21.41300585953485,87.75620627219621,0
21.41300585953485,87.76518942503742,0
21.41300585953485,87.77417257787863,0
21.41300585953485,87.78315573071984,0
21.41300585953485,87.792138883561,0
21.41300585953485,87.8011220364022,0
21.41300585953485,87.81010518924342,0
21.41300585953485,87.81908834208463,0
21.41300585953485,87.82807149492578,0
21.41300585953485,87.83705464776699,0
21.41300585953485,87.8460378006082,0
21.41300585953485,87.85502095344941,0
21.41300585953485,87.86400410629057,0
21.41300585953485,87.87298725913178,0
21.41300585953485,87.88197041197299,0
21.41300585953485,87.89095356481414,0
21.41300585953485,87.89993671765535,0
21.41300585953485,87.90891987049656,0
21.41300585953485,87.91790302333777,0
21.41300585953485,87.92688617617893,0
21.41300585953485,87.93586932902014,0
21.41300585953485,87.94485248186135,0
21.41300585953485,87.95383563470256,0
21.41300585953485,87.96281878754371,0
21.41300585953485,87.97180194038492,0
21.41300585953485,87.98078509322613,0
21.41300585953485,87.98976824606729,0
21.41300585953485,87.9987513989085,0
21.41300585953485,88.0077345517497,0
21.41300585953485,88.01671770459092,0
21.41300585953485,88.02570085743207,0
21.41300585953485,88.03468401027328,0
21.41300585953485,88.04366716311449,0
21.41300585953485,88.0526503159557,0
21.41300585953485,88.06163346879686,0
21.41300585953485,88.07061662163807,0
21.41300585953485,88.07959977447928,0
21.41300585953485,88.08858292732049,0
21.41300585953485,88.09756608016164,0
21.41300585953485,88.10654923300285,0
21.41300585953485,88.11553238584406,0
21.41300585953485,88.12451553868522,0
21.41300585953485,88.13349869152643,0
21.41300585953485,88.14248184436764,0
21.41300585953485,88.15146499720885,0
21.41300585953485,88.16044815005,0
21.41300585953485,88.16943130289121,0
21.41300585953485,88.17841445573242,0
21.41300585953485,88.18739760857363,0
21.41300585953485,88.19638076141479,0
21.41300585953485,88.205363914256,0
21.41300585953485,88.21434706709721,0
21.41300585953485,88.22333021993836,0
21.41300585953485,88.23231337277957,0
21.41300585953485,88.24129652562078,0
21.41300585953485,88.250279678462,0
21.41300585953485,88.25926283130315,0
21.41300585953485,88.26824598414436,0
21.41300585953485,88.27722913698557,0
21.41300585953485,88.28621228982678,0
21.41300585953485,88.29519544266793,0
21.404022706693652,87.50467799264277,0
21.404022706693652,87.51366114548398,0
21.404022706693652,87.52264429832513,0
21.404022706693652,87.53162745116634,0
21.404022706693652,87.54061060400755,0
21.404022706693652,87.54959375684876,0
21.404022706693652,87.55857690968992,0
21.404022706693652,87.56756006253113,0
21.404022706693652,87.57654321537234,0
21.404022706693652,87.58552636821355,0
21.404022706693652,87.5945095210547,0
21.404022706693652,87.60349267389591,0
21.404022706693652,87.61247582673712,0
21.404022706693652,87.62145897957834,0
21.404022706693652,87.63044213241949,0
21.404022706693652,87.6394252852607,0
21.404022706693652,87.64840843810191,0
21.404022706693652,87.65739159094306,0
21.404022706693652,87.66637474378427,0
21.404022706693652,87.67535789662548,0
21.404022706693652,87.6843410494667,0
21.404022706693652,87.69332420230785,0
21.404022706693652,87.70230735514906,0
21.404022706693652,87.71129050799027,0
21.404022706693652,87.72027366083148,0
21.404022706693652,87.72925681367263,0
21.404022706693652,87.73823996651385,0
21.404022706693652,87.74722311935506,0
21.404022706693652,87.75620627219621,0
21.404022706693652,87.76518942503742,0
21.404022706693652,87.77417257787863,0
21.404022706693652,87.78315573071984,0
21.404022706693652,87.792138883561,0
21.404022706693652,87.8011220364022,0
21.404022706693652,87.81010518924342,0
21.404022706693652,87.81908834208463,0
21.404022706693652,87.82807149492578,0
21.404022706693652,87.83705464776699,0
21.404022706693652,87.8460378006082,0
21.404022706693652,87.85502095344941,0
21.404022706693652,87.86400410629057,0
21.404022706693652,87.87298725913178,0
21.404022706693652,87.88197041197299,0
21.404022706693652,87.89095356481414,0
21.404022706693652,87.89993671765535,0
21.404022706693652,87.90891987049656,0
21.404022706693652,87.91790302333777,0
21.404022706693652,87.92688617617893,0
21.404022706693652,87.93586932902014,0
21.404022706693652,87.94485248186135,0
21.404022706693652,87.95383563470256,0
21.404022706693652,87.96281878754371,0
21.404022706693652,87.97180194038492,0
21.404022706693652,87.98078509322613,0
21.404022706693652,87.98976824606729,0
21.404022706693652,87.9987513989085,0
21.404022706693652,88.0077345517497,0
21.404022706693652,88.01671770459092,0
21.404022706693652,88.02570085743207,0
21.404022706693652,88.03468401027328,0
21.404022706693652,88.04366716311449,0
21.404022706693652,88.0526503159557,0
21.404022706693652,88.06163346879686,0
21.404022706693652,88.07061662163807,0
21.404022706693652,88.07959977447928,0
21.404022706693652,88.08858292732049,0
21.404022706693652,88.09756608016164,0
21.404022706693652,88.10654923300285,0
21.404022706693652,88.11553238584406,0
21.404022706693652,88.12451553868522,0
21.404022706693652,88.13349869152643,0
21.404022706693652,88.14248184436764,0
21.404022706693652,88.15146499720885,0
21.404022706693652,88.16044815005,0
21.404022706693652,88.16943130289121,0
21.404022706693652,88.17841445573242,0
21.404022706693652,88.18739760857363,0
21.404022706693652,88.19638076141479,0
21.404022706693652,88.205363914256,0
21.404022706693652,88.21434706709721,0
21.404022706693652,88.22333021993836,0
21.404022706693652,88.23231337277957,0
21.404022706693652,88.24129652562078,0
21.404022706693652,88.250279678462,0
21.404022706693652,88.25926283130315,0
21.404022706693652,88.26824598414436,0
21.404022706693652,88.27722913698557,0
21.404022706693652,88.28621228982678,0
21.404022706693652,88.29519544266793,0
