latitude,longitude,population_count
21.55507524244792,88.2549850883224,17.1171
21.55507524244792,88.26396824116358,18.980278
21.55507524244792,88.27295139400478,12.509611
21.55507524244792,88.28193454684597,7.908152
21.564058395289113,88.18311986559283,2.4872239
21.564058395289113,88.2460019354812,19.383867
21.564058395289113,88.2549850883224,19.501297
21.564058395289113,88.26396824116358,19.784536
21.564058395289113,88.27295139400478,13.671592
21.564058395289113,88.28193454684597,8.062589
21.564058395289113,88.29091769968717,5.4162245
21.57304154813031,88.01243996161013,0.20752242
21.57304154813031,88.02142311445132,0.25497228
21.57304154813031,88.17413671275163,2.6017094
21.57304154813031,88.18311986559283,2.5188556
21.57304154813031,88.2460019354812,19.933344
21.57304154813031,88.2549850883224,20.648924
21.57304154813031,88.26396824116358,18.76269
21.57304154813031,88.27295139400478,14.151754
21.57304154813031,88.28193454684597,11.280829
21.57304154813031,88.29091769968717,11.00724
21.57304154813031,88.29990085252837,4.932911
21.582024700971505,88.17413671275163,1.5461483
21.582024700971505,88.18311986559283,0.98585397
21.582024700971505,88.2460019354812,12.785478
21.582024700971505,88.2549850883224,17.334177
21.582024700971505,88.26396824116358,19.385868
21.582024700971505,88.27295139400478,13.400473
21.582024700971505,88.28193454684597,10.291338
21.582024700971505,88.29091769968717,5.738931
21.582024700971505,88.29990085252837,4.3702307
21.5910078538127,88.17413671275163,1.5549653
21.5910078538127,88.18311986559283,0.91482294
21.5910078538127,88.2460019354812,7.584635
21.5910078538127,88.2549850883224,11.518845
21.5910078538127,88.26396824116358,17.744541
21.5910078538127,88.27295139400478,12.147034
21.5910078538127,88.28193454684597,10.604492
21.5910078538127,88.29091769968717,7.8543878
21.5910078538127,88.29990085252837,4.4723654
21.599991006653894,88.17413671275163,3.0081782
21.599991006653894,88.2460019354812,7.4846773
21.599991006653894,88.2549850883224,10.644158
21.599991006653894,88.26396824116358,15.679211
21.599991006653894,88.27295139400478,10.919624
21.599991006653894,88.28193454684597,10.023344
21.599991006653894,88.29091769968717,7.4336395
21.60897415949509,88.20108617127522,6.48811
21.60897415949509,88.21006932411642,7.377364
21.60897415949509,88.21905247695761,8.83514
21.60897415949509,88.22803562979881,10.916338
21.60897415949509,88.23701878264,10.676359
21.60897415949509,88.2460019354812,13.105043
21.60897415949509,88.2549850883224,12.463662
21.60897415949509,88.26396824116358,12.690253
21.60897415949509,88.27295139400478,10.579204
21.60897415949509,88.28193454684597,11.673858
21.60897415949509,88.29091769968717,7.39971
21.617957312336287,87.500400249662,107.03248
21.617957312336287,87.50938340250319,106.26336
21.617957312336287,87.51836655534439,99.16009
21.617957312336287,88.20108617127522,7.260645
21.617957312336287,88.21006932411642,7.770279
21.617957312336287,88.21905247695761,10.282585
21.617957312336287,88.22803562979881,10.184202
21.617957312336287,88.23701878264,10.819176
21.617957312336287,88.2460019354812,11.877762
21.617957312336287,88.2549850883224,12.175547
21.617957312336287,88.26396824116358,12.310925
21.617957312336287,88.27295139400478,10.809121
21.617957312336287,88.28193454684597,11.449441
21.617957312336287,88.29091769968717,8.436263
21.62694046517748,87.500400249662,101.93078
21.62694046517748,87.50938340250319,108.18573
21.62694046517748,87.51836655534439,103.143875
21.62694046517748,87.52734970818558,99.74109
21.62694046517748,87.53633286102678,71.28541
21.62694046517748,87.54531601386797,51.783073
21.62694046517748,88.10227149002208,8.810565
21.62694046517748,88.11125464286327,8.222738
21.62694046517748,88.20108617127522,7.0472965
21.62694046517748,88.21006932411642,7.834833
21.62694046517748,88.21905247695761,10.998662
21.62694046517748,88.22803562979881,10.856088
21.62694046517748,88.23701878264,10.770796
21.62694046517748,88.2460019354812,11.885632
21.62694046517748,88.2549850883224,13.890691
21.62694046517748,88.26396824116358,13.645239
21.62694046517748,88.27295139400478,10.374934
21.62694046517748,88.28193454684597,11.031553
21.62694046517748,88.29091769968717,9.04455
21.635923618018676,87.500400249662,59.761833
21.635923618018676,87.50938340250319,71.802414
21.635923618018676,87.51836655534439,77.3538
21.635923618018676,87.52734970818558,106.90526
21.635923618018676,87.53633286102678,82.39193
21.635923618018676,87.54531601386797,53.204407
21.635923618018676,87.55429916670917,7.4228225
21.635923618018676,87.56328231955037,7.88912
21.635923618018676,87.57226547239156,8.373432
21.635923618018676,87.58124862523275,7.3022695
21.635923618018676,87.59023177807394,6.6610026
21.635923618018676,88.0573557258161,9.49083
21.635923618018676,88.06633887865729,11.300992
21.635923618018676,88.07532203149849,15.440935
21.635923618018676,88.08430518433968,13.477204
21.635923618018676,88.09328833718088,8.524128
21.635923618018676,88.10227149002208,7.925167
21.635923618018676,88.11125464286327,8.004168
21.635923618018676,88.12023779570447,8.189021
21.635923618018676,88.12922094854567,7.7929497
21.635923618018676,88.13820410138686,7.6560516
21.635923618018676,88.14718725422806,6.3433247
21.635923618018676,88.19210301843403,4.951869
21.635923618018676,88.20108617127522,6.0047064
21.635923618018676,88.21006932411642,7.4353085
21.635923618018676,88.21905247695761,6.9115934
21.635923618018676,88.22803562979881,7.613119
21.635923618018676,88.23701878264,11.147939
21.635923618018676,88.2460019354812,11.013487
21.635923618018676,88.2549850883224,12.324844
21.635923618018676,88.26396824116358,12.108555
21.635923618018676,88.27295139400478,10.130785
21.635923618018676,88.28193454684597,9.755328
21.635923618018676,88.29091769968717,10.619679
21.644906770859873,87.500400249662,32.776665
21.644906770859873,87.50938340250319,46.11491
21.644906770859873,87.51836655534439,51.180294
21.644906770859873,87.52734970818558,87.064186
21.644906770859873,87.53633286102678,48.468304
21.644906770859873,87.54531601386797,14.138078
21.644906770859873,87.55429916670917,8.084787
21.644906770859873,87.56328231955037,8.576508
21.644906770859873,87.57226547239156,9.477057
21.644906770859873,87.58124862523275,6.847662
21.644906770859873,87.59023177807394,6.520832
21.644906770859873,87.59921493091514,7.1311216
21.644906770859873,87.60819808375633,7.6671515
21.644906770859873,87.61718123659753,7.950352
21.644906770859873,87.62616438943873,8.0642185
21.644906770859873,88.0483725729749,8.834451
21.644906770859873,88.0573557258161,9.847941
21.644906770859873,88.06633887865729,9.75037
21.644906770859873,88.07532203149849,11.987712
21.644906770859873,88.08430518433968,12.13208
21.644906770859873,88.09328833718088,9.102731
21.644906770859873,88.10227149002208,8.1143
21.644906770859873,88.11125464286327,8.411474
21.644906770859873,88.12023779570447,7.722168
21.644906770859873,88.12922094854567,7.275223
21.644906770859873,88.13820410138686,8.047974
21.644906770859873,88.14718725422806,6.4110928
21.644906770859873,88.19210301843403,4.3566747
21.644906770859873,88.20108617127522,4.488222
21.644906770859873,88.21006932411642,4.650989
21.644906770859873,88.21905247695761,5.7248774
21.644906770859873,88.22803562979881,7.6592355
21.644906770859873,88.23701878264,11.220577
21.644906770859873,88.2460019354812,10.555134
21.644906770859873,88.2549850883224,11.842854
21.644906770859873,88.26396824116358,11.827242
21.644906770859873,88.27295139400478,10.51133
21.644906770859873,88.28193454684597,10.098122
21.644906770859873,88.29091769968717,10.986179
21.653889923701065,87.500400249662,6.54262
21.653889923701065,87.50938340250319,6.7375083
21.653889923701065,87.51836655534439,6.9845266
21.653889923701065,87.52734970818558,11.230639
21.653889923701065,87.53633286102678,13.484637
21.653889923701065,87.54531601386797,10.480844
21.653889923701065,87.55429916670917,8.441341
21.653889923701065,87.56328231955037,8.902916
21.653889923701065,87.57226547239156,8.975389
21.653889923701065,87.58124862523275,7.3723173
21.653889923701065,87.59023177807394,7.4971166
21.653889923701065,87.59921493091514,7.767869
21.653889923701065,87.60819808375633,9.29925
21.653889923701065,87.61718123659753,10.126067
21.653889923701065,87.62616438943873,8.790079
21.653889923701065,87.63514754227992,8.478948
21.653889923701065,87.64413069512112,5.6365867
21.653889923701065,87.65311384796232,5.9616275
21.653889923701065,87.66209700080351,5.7438827
21.653889923701065,87.67108015364471,5.6850305
21.653889923701065,88.0393894201337,10.960608
21.653889923701065,88.0483725729749,10.385065
21.653889923701065,88.0573557258161,8.710567
21.653889923701065,88.06633887865729,8.612637
21.653889923701065,88.07532203149849,9.509181
21.653889923701065,88.08430518433968,9.809502
21.653889923701065,88.09328833718088,8.705743
21.653889923701065,88.10227149002208,8.461903
21.653889923701065,88.11125464286327,8.069412
21.653889923701065,88.12023779570447,7.265133
21.653889923701065,88.12922094854567,7.1125474
21.653889923701065,88.13820410138686,7.596816
21.653889923701065,88.14718725422806,7.044883
21.653889923701065,88.15617040706924,6.042434
21.653889923701065,88.19210301843403,5.548809
21.653889923701065,88.20108617127522,4.193451
21.653889923701065,88.21006932411642,2.4346013
21.653889923701065,88.21905247695761,6.073528
21.653889923701065,88.22803562979881,7.83456
21.653889923701065,88.23701878264,11.812641
21.653889923701065,88.2460019354812,11.286629
21.653889923701065,88.2549850883224,13.028954
21.653889923701065,88.26396824116358,12.672674
21.653889923701065,88.27295139400478,9.9726
21.653889923701065,88.28193454684597,10.791496
21.653889923701065,88.29091769968717,11.714771
21.653889923701065,88.29990085252837,8.743078
21.66287307654226,87.500400249662,5.235344
21.66287307654226,87.50938340250319,6.353213
21.66287307654226,87.51836655534439,7.2967896
21.66287307654226,87.52734970818558,9.297116
21.66287307654226,87.53633286102678,9.330901
21.66287307654226,87.54531601386797,10.223799
21.66287307654226,87.55429916670917,9.273496
21.66287307654226,87.56328231955037,10.310874
21.66287307654226,87.57226547239156,9.692692
21.66287307654226,87.58124862523275,7.6164913
21.66287307654226,87.59023177807394,7.097294
21.66287307654226,87.59921493091514,8.751345
21.66287307654226,87.60819808375633,10.407762
21.66287307654226,87.61718123659753,9.667977
21.66287307654226,87.62616438943873,7.22906
21.66287307654226,87.63514754227992,6.657239
21.66287307654226,87.64413069512112,5.5578065
21.66287307654226,87.65311384796232,5.8287287
21.66287307654226,87.66209700080351,6.0031543
21.66287307654226,87.67108015364471,5.8610225
21.66287307654226,87.6800633064859,5.976039
21.66287307654226,87.68904645932709,6.266802
21.66287307654226,87.69802961216828,6.994696
21.66287307654226,87.70701276500948,6.7999134
21.66287307654226,87.71599591785068,6.3301454
21.66287307654226,88.0393894201337,10.445302
21.66287307654226,88.0483725729749,8.768613
21.66287307654226,88.0573557258161,8.741513
21.66287307654226,88.06633887865729,8.523304
21.66287307654226,88.07532203149849,8.720799
21.66287307654226,88.08430518433968,9.9114065
21.66287307654226,88.09328833718088,8.045537
21.66287307654226,88.10227149002208,7.3834004
21.66287307654226,88.11125464286327,7.430135
21.66287307654226,88.12023779570447,6.9243593
21.66287307654226,88.12922094854567,6.4513206
21.66287307654226,88.13820410138686,6.8152614
21.66287307654226,88.14718725422806,6.2618237
21.66287307654226,88.15617040706924,6.6269956
21.66287307654226,88.19210301843403,6.611971
21.66287307654226,88.20108617127522,6.2067685
21.66287307654226,88.21006932411642,6.7428217
21.66287307654226,88.21905247695761,5.114771
21.66287307654226,88.22803562979881,5.598483
21.66287307654226,88.23701878264,11.256616
21.66287307654226,88.2460019354812,13.880347
21.66287307654226,88.2549850883224,13.867767
21.66287307654226,88.26396824116358,12.646719
21.66287307654226,88.27295139400478,10.084814
21.66287307654226,88.28193454684597,10.085129
21.66287307654226,88.29091769968717,10.042668
21.66287307654226,88.29990085252837,8.727477
21.671856229383458,87.500400249662,4.990679
21.671856229383458,87.50938340250319,5.6870313
21.671856229383458,87.51836655534439,6.655071
21.671856229383458,87.52734970818558,8.074156
21.671856229383458,87.53633286102678,8.1029
21.671856229383458,87.54531601386797,10.112127
21.671856229383458,87.55429916670917,11.291542
21.671856229383458,87.56328231955037,11.598394
21.671856229383458,87.57226547239156,9.622607
21.671856229383458,87.58124862523275,8.293036
21.671856229383458,87.59023177807394,8.353216
21.671856229383458,87.59921493091514,9.319637
21.671856229383458,87.60819808375633,10.313465
21.671856229383458,87.61718123659753,8.878972
21.671856229383458,87.62616438943873,7.655541
21.671856229383458,87.63514754227992,6.124079
21.671856229383458,87.64413069512112,5.751604
21.671856229383458,87.65311384796232,5.343927
21.671856229383458,87.66209700080351,5.4443226
21.671856229383458,87.67108015364471,5.208738
21.671856229383458,87.6800633064859,4.96687
21.671856229383458,87.68904645932709,5.261433
21.671856229383458,87.69802961216828,5.9499235
21.671856229383458,87.70701276500948,6.359486
21.671856229383458,87.71599591785068,5.596629
21.671856229383458,87.72497907069187,4.6507607
21.671856229383458,88.0393894201337,9.328867
21.671856229383458,88.0483725729749,8.289201
21.671856229383458,88.0573557258161,8.429461
21.671856229383458,88.06633887865729,8.550807
21.671856229383458,88.07532203149849,8.815711
21.671856229383458,88.08430518433968,9.304835
21.671856229383458,88.09328833718088,7.770108
21.671856229383458,88.10227149002208,7.2985296
21.671856229383458,88.11125464286327,7.9201126
21.671856229383458,88.12023779570447,7.148869
21.671856229383458,88.12922094854567,7.242164
21.671856229383458,88.13820410138686,7.501318
21.671856229383458,88.14718725422806,6.6198378
21.671856229383458,88.15617040706924,6.505516
21.671856229383458,88.18311986559283,7.143095
21.671856229383458,88.19210301843403,7.2958174
21.671856229383458,88.20108617127522,8.082085
21.671856229383458,88.21006932411642,7.8847857
21.671856229383458,88.21905247695761,5.298683
21.671856229383458,88.22803562979881,9.471212
21.671856229383458,88.23701878264,11.356555
21.671856229383458,88.2460019354812,12.555591
21.671856229383458,88.2549850883224,12.847146
21.671856229383458,88.26396824116358,11.936848
21.671856229383458,88.27295139400478,9.956366
21.671856229383458,88.28193454684597,10.287453
21.671856229383458,88.29091769968717,9.483886
21.671856229383458,88.29990085252837,7.749582
21.68083938222465,87.500400249662,4.834305
21.68083938222465,87.50938340250319,5.0074525
21.68083938222465,87.51836655534439,6.358778
21.68083938222465,87.52734970818558,6.558266
21.68083938222465,87.53633286102678,7.1811986
21.68083938222465,87.54531601386797,8.3302555
21.68083938222465,87.55429916670917,12.38554
21.68083938222465,87.56328231955037,15.00367
21.68083938222465,87.57226547239156,9.678147
21.68083938222465,87.58124862523275,9.011595
21.68083938222465,87.59023177807394,10.038462
21.68083938222465,87.59921493091514,10.089689
21.68083938222465,87.60819808375633,9.546912
21.68083938222465,87.61718123659753,10.142945
21.68083938222465,87.62616438943873,8.724123
21.68083938222465,87.63514754227992,7.2843876
21.68083938222465,87.64413069512112,6.151948
21.68083938222465,87.65311384796232,5.494295
21.68083938222465,87.66209700080351,5.650541
21.68083938222465,87.67108015364471,5.635341
21.68083938222465,87.6800633064859,4.725348
21.68083938222465,87.68904645932709,5.5145535
21.68083938222465,87.69802961216828,5.976547
21.68083938222465,87.70701276500948,4.1968985
21.68083938222465,87.71599591785068,10.586267
21.68083938222465,87.72497907069187,10.9283085
21.68083938222465,87.73396222353307,12.7076845
21.68083938222465,87.74294537637427,11.237026
21.68083938222465,88.0393894201337,7.8364897
21.68083938222465,88.0483725729749,7.847591
21.68083938222465,88.0573557258161,8.005582
21.68083938222465,88.06633887865729,8.506517
21.68083938222465,88.07532203149849,8.233368
21.68083938222465,88.08430518433968,8.781891
21.68083938222465,88.09328833718088,8.086109
21.68083938222465,88.10227149002208,8.003172
21.68083938222465,88.11125464286327,8.303324
21.68083938222465,88.12023779570447,8.772122
21.68083938222465,88.12922094854567,9.0155
21.68083938222465,88.13820410138686,8.193001
21.68083938222465,88.14718725422806,7.419408
21.68083938222465,88.15617040706924,5.600055
21.68083938222465,88.18311986559283,7.3880825
21.68083938222465,88.19210301843403,7.612934
21.68083938222465,88.20108617127522,7.803337
21.68083938222465,88.21006932411642,8.956508
21.68083938222465,88.21905247695761,10.282545
21.68083938222465,88.22803562979881,10.189684
21.68083938222465,88.23701878264,10.270773
21.68083938222465,88.2460019354812,12.336958
21.68083938222465,88.2549850883224,12.066913
21.68083938222465,88.26396824116358,10.850179
21.68083938222465,88.27295139400478,11.003325
21.68083938222465,88.28193454684597,10.576448
21.68083938222465,88.29091769968717,9.406837
21.68083938222465,88.29990085252837,9.275342
21.689822535065847,87.500400249662,6.5551963
21.689822535065847,87.50938340250319,6.7966924
21.689822535065847,87.51836655534439,5.564891
21.689822535065847,87.52734970818558,6.4402347
21.689822535065847,87.53633286102678,6.4221168
21.689822535065847,87.54531601386797,6.7663717
21.689822535065847,87.55429916670917,8.9777
21.689822535065847,87.56328231955037,10.6329565
21.689822535065847,87.57226547239156,7.9628305
21.689822535065847,87.58124862523275,7.6050396
21.689822535065847,87.59023177807394,7.4460707
21.689822535065847,87.59921493091514,7.7432847
21.689822535065847,87.60819808375633,7.8509398
21.689822535065847,87.61718123659753,7.7609158
21.689822535065847,87.62616438943873,9.975764
21.689822535065847,87.63514754227992,10.249057
21.689822535065847,87.64413069512112,8.024798
21.689822535065847,87.65311384796232,7.127328
21.689822535065847,87.66209700080351,7.100172
21.689822535065847,87.67108015364471,7.3367624
21.689822535065847,87.6800633064859,19.679527
21.689822535065847,87.68904645932709,13.309889
21.689822535065847,87.69802961216828,12.037942
21.689822535065847,87.70701276500948,11.970242
21.689822535065847,87.71599591785068,12.629149
21.689822535065847,87.72497907069187,11.168662
21.689822535065847,87.73396222353307,12.624906
21.689822535065847,87.74294537637427,13.555274
21.689822535065847,87.75192852921546,14.487312
21.689822535065847,87.77887798773905,11.1081505
21.689822535065847,88.0393894201337,8.966785
21.689822535065847,88.0483725729749,7.3005495
21.689822535065847,88.0573557258161,7.4908366
21.689822535065847,88.06633887865729,8.251505
21.689822535065847,88.07532203149849,8.212019
21.689822535065847,88.08430518433968,7.7168016
21.689822535065847,88.09328833718088,7.6144304
21.689822535065847,88.10227149002208,8.248642
21.689822535065847,88.11125464286327,9.279446
21.689822535065847,88.12023779570447,7.6686096
21.689822535065847,88.12922094854567,7.8185983
21.689822535065847,88.13820410138686,7.297054
21.689822535065847,88.14718725422806,6.5297236
21.689822535065847,88.15617040706924,6.8584776
21.689822535065847,88.18311986559283,7.55124
21.689822535065847,88.19210301843403,7.591709
21.689822535065847,88.20108617127522,8.461504
21.689822535065847,88.21006932411642,9.053564
21.689822535065847,88.21905247695761,10.013695
21.689822535065847,88.22803562979881,10.273291
21.689822535065847,88.23701878264,10.926547
21.689822535065847,88.2460019354812,13.211767
21.689822535065847,88.2549850883224,11.770916
21.689822535065847,88.26396824116358,10.298969
21.689822535065847,88.27295139400478,11.782801
21.689822535065847,88.28193454684597,10.236786
21.689822535065847,88.29091769968717,11.6118
21.689822535065847,88.29990085252837,9.915894
21.698805687907043,87.500400249662,6.889087
21.698805687907043,87.50938340250319,6.721754
21.698805687907043,87.51836655534439,5.7100563
21.698805687907043,87.52734970818558,5.6239843
21.698805687907043,87.53633286102678,5.769854
21.698805687907043,87.54531601386797,6.7386
21.698805687907043,87.55429916670917,8.872033
21.698805687907043,87.56328231955037,10.103561
21.698805687907043,87.57226547239156,7.6280985
21.698805687907043,87.58124862523275,7.4220543
21.698805687907043,87.59023177807394,6.9608936
21.698805687907043,87.59921493091514,7.2000046
21.698805687907043,87.60819808375633,6.9489527
21.698805687907043,87.61718123659753,6.669254
21.698805687907043,87.62616438943873,7.513309
21.698805687907043,87.63514754227992,9.330807
21.698805687907043,87.64413069512112,8.796553
21.698805687907043,87.65311384796232,11.528418
21.698805687907043,87.66209700080351,19.448467
21.698805687907043,87.67108015364471,25.276321
21.698805687907043,87.6800633064859,15.192338
21.698805687907043,87.68904645932709,12.105766
21.698805687907043,87.69802961216828,12.814114
21.698805687907043,87.70701276500948,13.985901
21.698805687907043,87.71599591785068,14.119078
21.698805687907043,87.72497907069187,12.762537
21.698805687907043,87.73396222353307,12.753815
21.698805687907043,87.74294537637427,14.456455
21.698805687907043,87.75192852921546,16.294771
21.698805687907043,87.76091168205666,17.371382
21.698805687907043,87.76989483489785,14.434267
21.698805687907043,87.77887798773905,11.247895
21.698805687907043,87.78786114058025,11.051557
21.698805687907043,87.79684429342144,14.5385065
21.698805687907043,88.0483725729749,6.4072204
21.698805687907043,88.0573557258161,7.065296
21.698805687907043,88.06633887865729,7.709775
21.698805687907043,88.07532203149849,7.0338774
21.698805687907043,88.08430518433968,7.559903
21.698805687907043,88.09328833718088,7.9778643
21.698805687907043,88.10227149002208,8.170905
21.698805687907043,88.11125464286327,8.544588
21.698805687907043,88.12023779570447,8.137173
21.698805687907043,88.12922094854567,7.1523137
21.698805687907043,88.13820410138686,7.1491804
21.698805687907043,88.14718725422806,6.8617105
21.698805687907043,88.15617040706924,6.674494
21.698805687907043,88.18311986559283,7.404924
21.698805687907043,88.19210301843403,6.7699723
21.698805687907043,88.20108617127522,7.513847
21.698805687907043,88.21006932411642,7.7121563
21.698805687907043,88.21905247695761,11.531724
21.698805687907043,88.22803562979881,9.885466
21.698805687907043,88.23701878264,9.787885
21.698805687907043,88.2460019354812,12.1057415
21.698805687907043,88.2549850883224,10.216888
21.698805687907043,88.26396824116358,11.019967
21.698805687907043,88.27295139400478,9.758056
21.698805687907043,88.28193454684597,9.697871
21.698805687907043,88.29091769968717,10.790664
21.698805687907043,88.29990085252837,2.8195598
21.707788840748236,87.500400249662,5.8215547
21.707788840748236,87.50938340250319,5.6812744
21.707788840748236,87.51836655534439,5.3804765
21.707788840748236,87.52734970818558,5.3505383
21.707788840748236,87.53633286102678,5.4099874
21.707788840748236,87.54531601386797,5.5386086
21.707788840748236,87.55429916670917,7.9874706
21.707788840748236,87.56328231955037,8.892557
21.707788840748236,87.57226547239156,7.003164
21.707788840748236,87.58124862523275,6.7134666
21.707788840748236,87.59023177807394,6.198529
21.707788840748236,87.59921493091514,6.631583
21.707788840748236,87.60819808375633,6.48239
21.707788840748236,87.61718123659753,6.2148395
21.707788840748236,87.62616438943873,6.949368
21.707788840748236,87.63514754227992,9.012059
21.707788840748236,87.64413069512112,27.969137
21.707788840748236,87.65311384796232,25.213894
21.707788840748236,87.66209700080351,21.060028
21.707788840748236,87.67108015364471,21.204733
21.707788840748236,87.6800633064859,14.261488
21.707788840748236,87.68904645932709,13.965473
21.707788840748236,87.69802961216828,13.139161
21.707788840748236,87.70701276500948,14.148194
21.707788840748236,87.71599591785068,14.009098
21.707788840748236,87.72497907069187,11.540101
21.707788840748236,87.73396222353307,13.270622
21.707788840748236,87.74294537637427,13.692629
21.707788840748236,87.75192852921546,14.323602
21.707788840748236,87.76091168205666,16.73156
21.707788840748236,87.76989483489785,15.522217
21.707788840748236,87.77887798773905,14.620416
21.707788840748236,87.78786114058025,16.19705
21.707788840748236,87.79684429342144,15.371681
21.707788840748236,87.80582744626263,5.982594
21.707788840748236,88.0483725729749,5.44934
21.707788840748236,88.0573557258161,6.7337995
21.707788840748236,88.06633887865729,7.6690946
21.707788840748236,88.07532203149849,7.5778475
21.707788840748236,88.08430518433968,8.023019
21.707788840748236,88.09328833718088,7.720776
21.707788840748236,88.10227149002208,7.7427235
21.707788840748236,88.11125464286327,8.062269
21.707788840748236,88.12023779570447,7.868662
21.707788840748236,88.12922094854567,7.114186
21.707788840748236,88.13820410138686,7.2815294
21.707788840748236,88.14718725422806,7.4642096
21.707788840748236,88.15617040706924,6.9687734
21.707788840748236,88.19210301843403,6.3601894
21.707788840748236,88.20108617127522,7.305304
21.707788840748236,88.21006932411642,7.1407223
21.707788840748236,88.21905247695761,10.735796
21.707788840748236,88.22803562979881,10.079817
21.707788840748236,88.23701878264,9.577709
21.707788840748236,88.2460019354812,11.600346
21.707788840748236,88.2549850883224,9.732197
21.707788840748236,88.26396824116358,9.480038
21.707788840748236,88.27295139400478,9.253601
21.707788840748236,88.28193454684597,10.117033
21.707788840748236,88.29091769968717,9.276697
21.707788840748236,88.29990085252837,1.9956043
21.716771993589433,87.500400249662,4.2911477
21.716771993589433,87.50938340250319,3.943951
21.716771993589433,87.51836655534439,3.964012
21.716771993589433,87.52734970818558,4.719072
21.716771993589433,87.53633286102678,5.3097124
21.716771993589433,87.54531601386797,5.74543
21.716771993589433,87.55429916670917,8.0889435
21.716771993589433,87.56328231955037,6.914625
21.716771993589433,87.57226547239156,5.383544
21.716771993589433,87.58124862523275,5.6389933
21.716771993589433,87.59023177807394,5.3212843
21.716771993589433,87.59921493091514,5.0855126
21.716771993589433,87.60819808375633,5.2015133
21.716771993589433,87.61718123659753,5.0895376
21.716771993589433,87.62616438943873,7.141743
21.716771993589433,87.63514754227992,8.298907
21.716771993589433,87.64413069512112,9.063859
21.716771993589433,87.65311384796232,16.765484
21.716771993589433,87.66209700080351,27.08437
21.716771993589433,87.67108015364471,19.58642
21.716771993589433,87.6800633064859,15.180089
21.716771993589433,87.68904645932709,12.445664
21.716771993589433,87.69802961216828,12.51641
21.716771993589433,87.70701276500948,13.729429
21.716771993589433,87.71599591785068,14.819592
21.716771993589433,87.72497907069187,13.110791
21.716771993589433,87.73396222353307,12.669014
21.716771993589433,87.74294537637427,12.528357
21.716771993589433,87.75192852921546,12.943897
21.716771993589433,87.76091168205666,12.489976
21.716771993589433,87.76989483489785,13.740255
21.716771993589433,87.77887798773905,15.475404
21.716771993589433,87.78786114058025,14.577815
21.716771993589433,87.79684429342144,10.026417
21.716771993589433,87.80582744626263,7.1404266
21.716771993589433,87.81481059910382,6.777467
21.716771993589433,87.82379375194502,6.125666
21.716771993589433,88.0573557258161,8.013109
21.716771993589433,88.06633887865729,9.918962
21.716771993589433,88.07532203149849,8.406034
21.716771993589433,88.08430518433968,8.899356
21.716771993589433,88.09328833718088,7.9454947
21.716771993589433,88.10227149002208,8.097444
21.716771993589433,88.11125464286327,7.8857975
21.716771993589433,88.12023779570447,7.9281135
21.716771993589433,88.12922094854567,8.550205
21.716771993589433,88.13820410138686,7.699727
21.716771993589433,88.14718725422806,7.5335436
21.716771993589433,88.15617040706924,7.8890495
21.716771993589433,88.16515355991044,7.93739
21.716771993589433,88.20108617127522,6.0264444
21.716771993589433,88.21006932411642,6.0203857
21.716771993589433,88.21905247695761,8.832796
21.716771993589433,88.22803562979881,9.493761
21.716771993589433,88.23701878264,9.051704
21.716771993589433,88.2460019354812,11.144272
21.716771993589433,88.2549850883224,10.197899
21.716771993589433,88.26396824116358,9.869859
21.716771993589433,88.27295139400478,9.947932
21.716771993589433,88.28193454684597,1.9214383
21.716771993589433,88.29091769968717,2.2633457
21.716771993589433,88.29990085252837,3.028307
21.72575514643063,87.500400249662,7.151171
21.72575514643063,87.50938340250319,5.1358438
21.72575514643063,87.51836655534439,3.3770971
21.72575514643063,87.52734970818558,4.663265
21.72575514643063,87.53633286102678,5.3544307
21.72575514643063,87.54531601386797,5.889538
21.72575514643063,87.55429916670917,7.4849706
21.72575514643063,87.56328231955037,6.3906775
21.72575514643063,87.57226547239156,5.455503
21.72575514643063,87.58124862523275,5.32788
21.72575514643063,87.59023177807394,5.0148935
21.72575514643063,87.59921493091514,5.121944
21.72575514643063,87.60819808375633,5.267606
21.72575514643063,87.61718123659753,5.229005
21.72575514643063,87.62616438943873,6.994914
21.72575514643063,87.63514754227992,8.408007
21.72575514643063,87.64413069512112,8.237439
21.72575514643063,87.65311384796232,21.137411
21.72575514643063,87.66209700080351,27.043839
21.72575514643063,87.67108015364471,26.498226
21.72575514643063,87.6800633064859,14.51539
21.72575514643063,87.68904645932709,12.405066
21.72575514643063,87.69802961216828,11.096647
21.72575514643063,87.70701276500948,13.992193
21.72575514643063,87.71599591785068,14.265869
21.72575514643063,87.72497907069187,14.175374
21.72575514643063,87.73396222353307,12.3531065
21.72575514643063,87.74294537637427,12.222591
21.72575514643063,87.75192852921546,12.553653
21.72575514643063,87.76091168205666,12.065371
21.72575514643063,87.76989483489785,13.439577
21.72575514643063,87.77887798773905,15.505178
21.72575514643063,87.78786114058025,13.539783
21.72575514643063,87.79684429342144,5.474208
21.72575514643063,87.80582744626263,8.030431
21.72575514643063,87.81481059910382,7.559431
21.72575514643063,87.82379375194502,6.540892
21.72575514643063,88.0573557258161,8.97283
21.72575514643063,88.06633887865729,9.577795
21.72575514643063,88.07532203149849,8.05183
21.72575514643063,88.08430518433968,8.218133
21.72575514643063,88.09328833718088,8.094489
21.72575514643063,88.10227149002208,9.0451355
21.72575514643063,88.11125464286327,9.263747
21.72575514643063,88.12023779570447,8.196586
21.72575514643063,88.12922094854567,9.516249
21.72575514643063,88.13820410138686,8.010885
21.72575514643063,88.14718725422806,7.5247674
21.72575514643063,88.15617040706924,7.4326887
21.72575514643063,88.16515355991044,8.213327
21.72575514643063,88.19210301843403,4.2268906
21.72575514643063,88.21006932411642,7.9721675
21.72575514643063,88.21905247695761,9.357484
21.72575514643063,88.22803562979881,10.305335
21.72575514643063,88.23701878264,9.758625
21.72575514643063,88.2460019354812,11.791644
21.72575514643063,88.2549850883224,10.753427
21.72575514643063,88.26396824116358,11.139961
21.72575514643063,88.27295139400478,6.75761
21.72575514643063,88.28193454684597,1.8888755
21.72575514643063,88.29091769968717,1.7931798
21.72575514643063,88.29990085252837,2.4465783
21.734738299271825,87.500400249662,8.230311
21.734738299271825,87.50938340250319,6.17804
21.734738299271825,87.51836655534439,8.135617
21.734738299271825,87.52734970818558,12.953929
21.734738299271825,87.53633286102678,10.950241
21.734738299271825,87.54531601386797,11.193489
21.734738299271825,87.55429916670917,10.587042
21.734738299271825,87.56328231955037,9.954114
21.734738299271825,87.57226547239156,5.090394
21.734738299271825,87.58124862523275,4.9455566
21.734738299271825,87.59023177807394,4.91288
21.734738299271825,87.59921493091514,4.5804024
21.734738299271825,87.60819808375633,4.842721
21.734738299271825,87.61718123659753,4.6556053
21.734738299271825,87.62616438943873,4.74951
21.734738299271825,87.63514754227992,5.9400263
21.734738299271825,87.64413069512112,7.111386
21.734738299271825,87.65311384796232,9.662376
21.734738299271825,87.66209700080351,9.938691
21.734738299271825,87.67108015364471,12.017036
21.734738299271825,87.6800633064859,19.131874
21.734738299271825,87.68904645932709,21.521633
21.734738299271825,87.69802961216828,18.58809
21.734738299271825,87.70701276500948,13.61593
21.734738299271825,87.71599591785068,13.427917
21.734738299271825,87.72497907069187,12.559732
21.734738299271825,87.73396222353307,12.747057
21.734738299271825,87.74294537637427,13.578863
21.734738299271825,87.75192852921546,13.433621
21.734738299271825,87.76091168205666,13.558042
21.734738299271825,87.76989483489785,14.152517
21.734738299271825,87.77887798773905,12.998733
21.734738299271825,87.78786114058025,7.365736
21.734738299271825,87.79684429342144,7.8548293
21.734738299271825,87.80582744626263,5.440748
21.734738299271825,87.81481059910382,5.51212
21.734738299271825,87.82379375194502,6.3824615
21.734738299271825,87.83277690478621,6.4657793
21.734738299271825,87.84176005762741,6.88266
21.734738299271825,88.06633887865729,7.1840477
21.734738299271825,88.07532203149849,7.5150623
21.734738299271825,88.08430518433968,7.6297426
21.734738299271825,88.09328833718088,8.979679
21.734738299271825,88.10227149002208,9.376465
21.734738299271825,88.11125464286327,8.462369
21.734738299271825,88.12023779570447,7.235146
21.734738299271825,88.12922094854567,7.0238523
21.734738299271825,88.13820410138686,7.0676036
21.734738299271825,88.14718725422806,7.1093645
21.734738299271825,88.15617040706924,7.196615
21.734738299271825,88.16515355991044,7.532167
21.734738299271825,88.21905247695761,6.480036
21.734738299271825,88.22803562979881,11.282056
21.734738299271825,88.23701878264,12.081322
21.734738299271825,88.2460019354812,12.06775
21.734738299271825,88.2549850883224,9.148349
21.734738299271825,88.26396824116358,7.054797
21.734738299271825,88.27295139400478,3.985722
21.734738299271825,88.28193454684597,1.6175328
21.734738299271825,88.29091769968717,1.1641254
21.734738299271825,88.29990085252837,2.460364
21.743721452113018,87.500400249662,9.280121
21.743721452113018,87.50938340250319,7.545007
21.743721452113018,87.51836655534439,8.85774
21.743721452113018,87.52734970818558,15.470249
21.743721452113018,87.53633286102678,15.060337
21.743721452113018,87.54531601386797,13.035756
21.743721452113018,87.55429916670917,10.531238
21.743721452113018,87.56328231955037,9.477834
21.743721452113018,87.57226547239156,7.42787
21.743721452113018,87.58124862523275,4.909318
21.743721452113018,87.59023177807394,4.7346396
21.743721452113018,87.59921493091514,4.580494
21.743721452113018,87.60819808375633,4.5976267
21.743721452113018,87.61718123659753,4.5278797
21.743721452113018,87.62616438943873,5.612919
21.743721452113018,87.63514754227992,6.8528605
21.743721452113018,87.64413069512112,8.409805
21.743721452113018,87.65311384796232,9.883327
21.743721452113018,87.66209700080351,9.764777
21.743721452113018,87.67108015364471,8.659373
21.743721452113018,87.6800633064859,7.2027116
21.743721452113018,87.68904645932709,12.285041
21.743721452113018,87.69802961216828,19.534681
21.743721452113018,87.70701276500948,16.003405
21.743721452113018,87.71599591785068,14.174292
21.743721452113018,87.72497907069187,12.842156
21.743721452113018,87.73396222353307,13.122899
21.743721452113018,87.74294537637427,14.023469
21.743721452113018,87.75192852921546,13.745302
21.743721452113018,87.76091168205666,13.129795
21.743721452113018,87.76989483489785,14.415352
21.743721452113018,87.77887798773905,9.770135
21.743721452113018,87.78786114058025,7.6244345
21.743721452113018,87.79684429342144,6.19963
21.743721452113018,87.80582744626263,5.2167826
21.743721452113018,87.81481059910382,5.002094
21.743721452113018,87.82379375194502,5.1792717
21.743721452113018,87.83277690478621,6.113063
21.743721452113018,87.84176005762741,7.0847344
21.743721452113018,87.85074321046861,7.34569
21.743721452113018,88.06633887865729,6.453228
21.743721452113018,88.07532203149849,7.388544
21.743721452113018,88.08430518433968,7.647027
21.743721452113018,88.09328833718088,10.340839
21.743721452113018,88.10227149002208,10.680474
21.743721452113018,88.11125464286327,8.290182
21.743721452113018,88.12023779570447,7.260064
21.743721452113018,88.12922094854567,6.887976
21.743721452113018,88.13820410138686,7.045582
21.743721452113018,88.14718725422806,6.723708
21.743721452113018,88.15617040706924,6.9602613
21.743721452113018,88.16515355991044,6.8794003
21.743721452113018,88.21905247695761,7.4282675
21.743721452113018,88.22803562979881,10.215121
21.743721452113018,88.23701878264,11.003551
21.743721452113018,88.2460019354812,8.251865
21.743721452113018,88.2549850883224,6.846059
21.743721452113018,88.26396824116358,6.8738966
21.743721452113018,88.27295139400478,6.0211062
21.743721452113018,88.28193454684597,2.0047383
21.743721452113018,88.29091769968717,2.1649783
21.743721452113018,88.29990085252837,2.760566
21.752704604954214,87.500400249662,9.562303
21.752704604954214,87.50938340250319,8.918467
21.752704604954214,87.51836655534439,9.59255
21.752704604954214,87.52734970818558,14.476496
21.752704604954214,87.53633286102678,17.07094
21.752704604954214,87.54531601386797,14.025362
21.752704604954214,87.55429916670917,10.536257
21.752704604954214,87.56328231955037,9.70578
21.752704604954214,87.57226547239156,9.210062
21.752704604954214,87.58124862523275,8.303421
21.752704604954214,87.59023177807394,5.849216
21.752704604954214,87.59921493091514,4.8601527
21.752704604954214,87.60819808375633,4.984644
21.752704604954214,87.61718123659753,5.024354
21.752704604954214,87.62616438943873,6.533106
21.752704604954214,87.63514754227992,6.776319
21.752704604954214,87.64413069512112,8.739751
21.752704604954214,87.65311384796232,8.969786
21.752704604954214,87.66209700080351,8.304787
21.752704604954214,87.67108015364471,7.8625717
21.752704604954214,87.6800633064859,7.3021884
21.752704604954214,87.68904645932709,7.0210266
21.752704604954214,87.69802961216828,7.3884
21.752704604954214,87.70701276500948,16.112116
21.752704604954214,87.71599591785068,19.02683
21.752704604954214,87.72497907069187,16.070019
21.752704604954214,87.73396222353307,14.024099
21.752704604954214,87.74294537637427,14.635361
21.752704604954214,87.75192852921546,14.726681
21.752704604954214,87.76091168205666,14.167582
21.752704604954214,87.76989483489785,18.049362
21.752704604954214,87.77887798773905,7.2256036
21.752704604954214,87.78786114058025,5.2754335
21.752704604954214,87.79684429342144,5.3383856
21.752704604954214,87.80582744626263,5.1766267
21.752704604954214,87.81481059910382,5.0695167
21.752704604954214,87.82379375194502,4.817092
21.752704604954214,87.83277690478621,5.9550967
21.752704604954214,87.84176005762741,6.8419294
21.752704604954214,87.85074321046861,7.5595446
21.752704604954214,88.06633887865729,7.249811
21.752704604954214,88.07532203149849,7.2524443
21.752704604954214,88.08430518433968,7.2865677
21.752704604954214,88.09328833718088,9.644089
21.752704604954214,88.10227149002208,8.543215
21.752704604954214,88.11125464286327,7.706762
21.752704604954214,88.12023779570447,6.2722435
21.752704604954214,88.12922094854567,5.884133
21.752704604954214,88.13820410138686,5.63932
21.752704604954214,88.14718725422806,6.4651556
21.752704604954214,88.15617040706924,6.7649913
21.752704604954214,88.16515355991044,6.598115
21.752704604954214,88.21905247695761,7.9154205
21.752704604954214,88.22803562979881,10.034172
21.752704604954214,88.23701878264,10.050756
21.752704604954214,88.2460019354812,6.7219577
21.752704604954214,88.2549850883224,7.148905
21.752704604954214,88.26396824116358,7.373346
21.752704604954214,88.27295139400478,6.2046614
21.752704604954214,88.28193454684597,4.5767875
21.752704604954214,88.29091769968717,2.8236604
21.752704604954214,88.29990085252837,5.790721
21.76168775779541,87.500400249662,8.872517
21.76168775779541,87.50938340250319,10.445594
21.76168775779541,87.51836655534439,10.874508
21.76168775779541,87.52734970818558,8.059053
21.76168775779541,87.53633286102678,8.25991
21.76168775779541,87.54531601386797,9.646988
21.76168775779541,87.55429916670917,7.3497787
21.76168775779541,87.56328231955037,8.788351
21.76168775779541,87.57226547239156,8.285414
21.76168775779541,87.58124862523275,5.93686
21.76168775779541,87.59023177807394,4.1992254
21.76168775779541,87.59921493091514,3.3180275
21.76168775779541,87.60819808375633,5.5848927
21.76168775779541,87.61718123659753,5.956538
21.76168775779541,87.62616438943873,6.387374
21.76168775779541,87.63514754227992,8.0115385
21.76168775779541,87.64413069512112,8.495981
21.76168775779541,87.65311384796232,9.390631
21.76168775779541,87.66209700080351,11.35827
21.76168775779541,87.67108015364471,13.234245
21.76168775779541,87.6800633064859,17.36538
21.76168775779541,87.68904645932709,17.310802
21.76168775779541,87.69802961216828,13.452105
21.76168775779541,87.70701276500948,9.698345
21.76168775779541,87.71599591785068,9.273117
21.76168775779541,87.72497907069187,12.565455
21.76168775779541,87.73396222353307,9.362989
21.76168775779541,87.74294537637427,9.698853
21.76168775779541,87.75192852921546,15.455645
21.76168775779541,87.76091168205666,30.663929
21.76168775779541,87.76989483489785,14.401285
21.76168775779541,87.77887798773905,5.432584
21.76168775779541,87.78786114058025,5.3553843
21.76168775779541,87.79684429342144,5.263
21.76168775779541,87.80582744626263,4.9584556
21.76168775779541,87.81481059910382,5.1082234
21.76168775779541,87.82379375194502,5.3773975
21.76168775779541,87.83277690478621,6.110592
21.76168775779541,87.84176005762741,6.3211527
21.76168775779541,87.85074321046861,6.041641
21.76168775779541,87.8597263633098,6.5176463
21.76168775779541,87.868709516151,6.636789
21.76168775779541,87.8776926689922,5.2040544
21.76168775779541,88.06633887865729,6.708712
21.76168775779541,88.07532203149849,7.1167827
21.76168775779541,88.08430518433968,6.9557123
21.76168775779541,88.09328833718088,7.6591835
21.76168775779541,88.10227149002208,7.562726
21.76168775779541,88.11125464286327,6.677577
21.76168775779541,88.12023779570447,7.071085
21.76168775779541,88.12922094854567,6.909881
21.76168775779541,88.13820410138686,6.7114472
21.76168775779541,88.14718725422806,6.171258
21.76168775779541,88.15617040706924,5.397373
21.76168775779541,88.16515355991044,5.254717
21.76168775779541,88.19210301843403,2.8702097
21.76168775779541,88.20108617127522,3.0257096
21.76168775779541,88.21905247695761,8.06559
21.76168775779541,88.22803562979881,10.384043
21.76168775779541,88.23701878264,12.158945
21.76168775779541,88.2460019354812,7.1213956
21.76168775779541,88.2549850883224,7.178613
21.76168775779541,88.26396824116358,7.8392134
21.76168775779541,88.27295139400478,6.0512238
21.76168775779541,88.28193454684597,4.780322
21.76168775779541,88.29091769968717,2.3648658
21.76168775779541,88.29990085252837,14.026686
21.770670910636603,87.500400249662,10.05217
21.770670910636603,87.50938340250319,11.437791
21.770670910636603,87.51836655534439,11.972731
21.770670910636603,87.52734970818558,10.195869
21.770670910636603,87.53633286102678,10.232485
21.770670910636603,87.54531601386797,9.57463
21.770670910636603,87.55429916670917,4.693987
21.770670910636603,87.56328231955037,5.273908
21.770670910636603,87.57226547239156,7.30811
21.770670910636603,87.58124862523275,5.7664332
21.770670910636603,87.59023177807394,4.1308093
21.770670910636603,87.59921493091514,5.6381145
21.770670910636603,87.60819808375633,5.9560413
21.770670910636603,87.61718123659753,5.7449646
21.770670910636603,87.62616438943873,6.343811
21.770670910636603,87.63514754227992,6.822112
21.770670910636603,87.64413069512112,7.090763
21.770670910636603,87.65311384796232,7.6997957
21.770670910636603,87.66209700080351,8.649287
21.770670910636603,87.67108015364471,10.988759
21.770670910636603,87.6800633064859,15.972694
21.770670910636603,87.68904645932709,16.091772
21.770670910636603,87.69802961216828,12.583402
21.770670910636603,87.70701276500948,13.168791
21.770670910636603,87.71599591785068,14.21014
21.770670910636603,87.72497907069187,14.413457
21.770670910636603,87.73396222353307,21.687475
21.770670910636603,87.74294537637427,26.954216
21.770670910636603,87.75192852921546,26.344791
21.770670910636603,87.76091168205666,18.810568
21.770670910636603,87.76989483489785,6.8383827
21.770670910636603,87.77887798773905,5.6174636
21.770670910636603,87.78786114058025,5.3287425
21.770670910636603,87.79684429342144,5.1146092
21.770670910636603,87.80582744626263,4.8513374
21.770670910636603,87.81481059910382,5.058641
21.770670910636603,87.82379375194502,5.472948
21.770670910636603,87.83277690478621,5.6578674
21.770670910636603,87.84176005762741,6.005321
21.770670910636603,87.85074321046861,6.001972
21.770670910636603,87.8597263633098,6.260027
21.770670910636603,87.868709516151,6.4767523
21.770670910636603,87.8776926689922,6.2359643
21.770670910636603,88.07532203149849,7.7845845
21.770670910636603,88.08430518433968,7.3941226
21.770670910636603,88.09328833718088,8.180617
21.770670910636603,88.10227149002208,7.537365
21.770670910636603,88.11125464286327,7.1224527
21.770670910636603,88.12023779570447,7.078564
21.770670910636603,88.12922094854567,6.97988
21.770670910636603,88.13820410138686,6.922639
21.770670910636603,88.14718725422806,6.8862576
21.770670910636603,88.15617040706924,6.246662
21.770670910636603,88.16515355991044,5.9071574
21.770670910636603,88.21905247695761,7.843348
21.770670910636603,88.22803562979881,10.681848
21.770670910636603,88.23701878264,12.185783
21.770670910636603,88.2460019354812,7.031742
21.770670910636603,88.2549850883224,7.286495
21.770670910636603,88.26396824116358,7.441172
21.770670910636603,88.27295139400478,3.9818377
21.770670910636603,88.28193454684597,2.0618975
21.770670910636603,88.29091769968717,2.5490294
21.770670910636603,88.29990085252837,13.549767
21.7796540634778,87.500400249662,9.596607
21.7796540634778,87.50938340250319,11.122146
21.7796540634778,87.51836655534439,12.861555
21.7796540634778,87.52734970818558,9.75221
21.7796540634778,87.53633286102678,8.570223
21.7796540634778,87.54531601386797,9.619717
21.7796540634778,87.55429916670917,4.3466644
21.7796540634778,87.56328231955037,3.9525766
21.7796540634778,87.57226547239156,4.0495396
21.7796540634778,87.58124862523275,3.9156985
21.7796540634778,87.59023177807394,4.246627
21.7796540634778,87.59921493091514,7.009391
21.7796540634778,87.60819808375633,6.55418
21.7796540634778,87.61718123659753,6.217963
21.7796540634778,87.62616438943873,6.8183017
21.7796540634778,87.63514754227992,6.2947226
21.7796540634778,87.64413069512112,7.014616
21.7796540634778,87.65311384796232,7.0152516
21.7796540634778,87.66209700080351,6.9847374
21.7796540634778,87.67108015364471,8.264719
21.7796540634778,87.6800633064859,8.327692
21.7796540634778,87.68904645932709,8.621677
21.7796540634778,87.69802961216828,8.396688
21.7796540634778,87.70701276500948,9.085001
21.7796540634778,87.71599591785068,11.743858
21.7796540634778,87.72497907069187,16.149286
21.7796540634778,87.73396222353307,27.429081
21.7796540634778,87.74294537637427,37.752037
21.7796540634778,87.75192852921546,42.309326
21.7796540634778,87.76091168205666,21.412739
21.7796540634778,87.76989483489785,14.110807
21.7796540634778,87.77887798773905,9.714904
21.7796540634778,87.78786114058025,7.472375
21.7796540634778,87.79684429342144,7.1560707
21.7796540634778,87.80582744626263,5.152988
21.7796540634778,87.81481059910382,5.0807514
21.7796540634778,87.82379375194502,5.2850447
21.7796540634778,87.83277690478621,5.474731
21.7796540634778,87.84176005762741,5.8702383
21.7796540634778,87.85074321046861,6.0241623
21.7796540634778,87.8597263633098,6.4763613
21.7796540634778,87.868709516151,6.2002516
21.7796540634778,87.8776926689922,6.947746
21.7796540634778,87.88667582183339,8.054541
21.7796540634778,88.07532203149849,8.308489
21.7796540634778,88.08430518433968,8.900325
21.7796540634778,88.09328833718088,8.618208
21.7796540634778,88.10227149002208,7.352358
21.7796540634778,88.11125464286327,7.410404
21.7796540634778,88.12023779570447,7.3724527
21.7796540634778,88.12922094854567,7.152383
21.7796540634778,88.13820410138686,7.1014256
21.7796540634778,88.14718725422806,7.3560534
21.7796540634778,88.15617040706924,7.4678874
21.7796540634778,88.16515355991044,7.705857
21.7796540634778,88.21905247695761,8.051427
21.7796540634778,88.22803562979881,9.111963
21.7796540634778,88.23701878264,8.964446
21.7796540634778,88.2460019354812,8.015674
21.7796540634778,88.2549850883224,7.809659
21.7796540634778,88.26396824116358,6.3381915
21.7796540634778,88.27295139400478,2.2490556
21.7796540634778,88.28193454684597,2.1933556
21.7796540634778,88.29091769968717,3.1129694
21.7796540634778,88.29990085252837,13.496962
21.788637216318996,87.500400249662,10.061024
21.788637216318996,87.50938340250319,11.330335
21.788637216318996,87.51836655534439,11.970888
21.788637216318996,87.52734970818558,9.124126
21.788637216318996,87.53633286102678,8.88822
21.788637216318996,87.54531601386797,8.079643
21.788637216318996,87.55429916670917,4.178832
21.788637216318996,87.56328231955037,3.9508808
21.788637216318996,87.57226547239156,4.282471
21.788637216318996,87.58124862523275,5.105089
21.788637216318996,87.59023177807394,8.754361
21.788637216318996,87.59921493091514,8.357762
21.788637216318996,87.60819808375633,7.138124
21.788637216318996,87.61718123659753,6.5739923
21.788637216318996,87.62616438943873,6.666405
21.788637216318996,87.63514754227992,6.382662
21.788637216318996,87.64413069512112,6.552389
21.788637216318996,87.65311384796232,6.73851
21.788637216318996,87.66209700080351,6.566208
21.788637216318996,87.67108015364471,6.8219805
21.788637216318996,87.6800633064859,9.269744
21.788637216318996,87.68904645932709,10.628246
21.788637216318996,87.69802961216828,11.8766
21.788637216318996,87.70701276500948,10.773948
21.788637216318996,87.71599591785068,11.133909
21.788637216318996,87.72497907069187,10.840557
21.788637216318996,87.73396222353307,7.4222116
21.788637216318996,87.74294537637427,8.860937
21.788637216318996,87.75192852921546,11.067399
21.788637216318996,87.76091168205666,8.135892
21.788637216318996,87.76989483489785,11.277054
21.788637216318996,87.77887798773905,6.0892477
21.788637216318996,87.78786114058025,5.7420673
21.788637216318996,87.79684429342144,5.66889
21.788637216318996,87.80582744626263,5.4768963
21.788637216318996,87.81481059910382,5.189996
21.788637216318996,87.82379375194502,5.0224113
21.788637216318996,87.83277690478621,5.279647
21.788637216318996,87.84176005762741,5.9908514
21.788637216318996,87.85074321046861,6.4910364
21.788637216318996,87.8597263633098,6.352291
21.788637216318996,87.868709516151,6.2779765
21.788637216318996,87.8776926689922,6.305182
21.788637216318996,87.88667582183339,11.218084
21.788637216318996,87.89565897467459,10.518523
21.788637216318996,88.08430518433968,8.014773
21.788637216318996,88.09328833718088,7.2309175
21.788637216318996,88.10227149002208,7.621839
21.788637216318996,88.11125464286327,7.760521
21.788637216318996,88.12023779570447,7.0646005
21.788637216318996,88.12922094854567,7.3284163
21.788637216318996,88.13820410138686,7.6265993
21.788637216318996,88.14718725422806,7.4478927
21.788637216318996,88.15617040706924,7.439092
21.788637216318996,88.16515355991044,7.239786
21.788637216318996,88.18311986559283,4.0000677
21.788637216318996,88.21905247695761,7.9436717
21.788637216318996,88.22803562979881,8.647928
21.788637216318996,88.23701878264,8.507978
21.788637216318996,88.2460019354812,7.4589686
21.788637216318996,88.2549850883224,5.5899315
21.788637216318996,88.26396824116358,3.695853
21.788637216318996,88.27295139400478,4.8769383
21.788637216318996,88.28193454684597,5.80651
21.788637216318996,88.29091769968717,6.264316
21.788637216318996,88.29990085252837,13.6044855
21.79762036916019,87.500400249662,11.092276
21.79762036916019,87.50938340250319,11.790079
21.79762036916019,87.51836655534439,11.452396
21.79762036916019,87.52734970818558,7.58117
21.79762036916019,87.53633286102678,8.069883
21.79762036916019,87.54531601386797,5.3477793
21.79762036916019,87.55429916670917,5.515259
21.79762036916019,87.56328231955037,7.0686502
21.79762036916019,87.57226547239156,6.360242
21.79762036916019,87.58124862523275,4.579184
21.79762036916019,87.59023177807394,7.4761353
21.79762036916019,87.59921493091514,9.160271
21.79762036916019,87.60819808375633,9.028214
21.79762036916019,87.61718123659753,7.524051
21.79762036916019,87.62616438943873,6.5021343
21.79762036916019,87.63514754227992,6.697466
21.79762036916019,87.64413069512112,6.608904
21.79762036916019,87.65311384796232,7.169655
21.79762036916019,87.66209700080351,8.675215
21.79762036916019,87.67108015364471,10.442156
21.79762036916019,87.6800633064859,9.733635
21.79762036916019,87.68904645932709,8.781601
21.79762036916019,87.69802961216828,7.751028
21.79762036916019,87.70701276500948,6.9169917
21.79762036916019,87.71599591785068,6.756701
21.79762036916019,87.72497907069187,7.3251443
21.79762036916019,87.73396222353307,8.884992
21.79762036916019,87.74294537637427,9.732281
21.79762036916019,87.75192852921546,15.931061
21.79762036916019,87.76091168205666,6.748059
21.79762036916019,87.76989483489785,8.900532
21.79762036916019,87.77887798773905,5.6629767
21.79762036916019,87.78786114058025,5.417968
21.79762036916019,87.79684429342144,5.4800167
21.79762036916019,87.80582744626263,5.1624203
21.79762036916019,87.81481059910382,5.2274017
21.79762036916019,87.82379375194502,4.9520874
21.79762036916019,87.83277690478621,5.4280176
21.79762036916019,87.84176005762741,5.7115517
21.79762036916019,87.85074321046861,6.3169265
21.79762036916019,87.8597263633098,6.325904
21.79762036916019,87.868709516151,6.682726
21.79762036916019,87.8776926689922,7.006762
21.79762036916019,87.88667582183339,11.758077
21.79762036916019,87.89565897467459,10.973292
21.79762036916019,87.90464212751579,9.251318
21.79762036916019,87.91362528035698,5.072507
21.79762036916019,87.92260843319816,3.8949575
21.79762036916019,88.08430518433968,6.427507
21.79762036916019,88.09328833718088,7.435435
21.79762036916019,88.10227149002208,7.441449
21.79762036916019,88.11125464286327,7.4385033
21.79762036916019,88.12023779570447,7.3463745
21.79762036916019,88.12922094854567,7.513361
21.79762036916019,88.13820410138686,7.4289856
21.79762036916019,88.14718725422806,7.5168176
21.79762036916019,88.15617040706924,7.4261546
21.79762036916019,88.16515355991044,7.122512
21.79762036916019,88.21006932411642,6.631844
21.79762036916019,88.21905247695761,7.300375
21.79762036916019,88.22803562979881,7.5312705
21.79762036916019,88.23701878264,7.5303473
21.79762036916019,88.2460019354812,7.2136717
21.79762036916019,88.2549850883224,6.363014
21.79762036916019,88.26396824116358,5.49178
21.79762036916019,88.27295139400478,5.8267827
21.79762036916019,88.28193454684597,5.731348
21.79762036916019,88.29091769968717,6.179887
21.79762036916019,88.29990085252837,13.524321
21.806603522001385,87.500400249662,10.923549
21.806603522001385,87.50938340250319,13.1394
21.806603522001385,87.51836655534439,11.887236
21.806603522001385,87.52734970818558,6.192971
21.806603522001385,87.53633286102678,5.7595544
21.806603522001385,87.54531601386797,5.8150406
21.806603522001385,87.55429916670917,8.822526
21.806603522001385,87.56328231955037,9.506349
21.806603522001385,87.57226547239156,8.421218
21.806603522001385,87.58124862523275,8.737025
21.806603522001385,87.59023177807394,9.236447
21.806603522001385,87.59921493091514,8.207585
21.806603522001385,87.60819808375633,8.28778
21.806603522001385,87.61718123659753,8.22576
21.806603522001385,87.62616438943873,6.65458
21.806603522001385,87.63514754227992,6.709165
21.806603522001385,87.64413069512112,7.554521
21.806603522001385,87.65311384796232,9.825929
21.806603522001385,87.66209700080351,10.163943
21.806603522001385,87.67108015364471,9.052331
21.806603522001385,87.6800633064859,6.8769875
21.806603522001385,87.68904645932709,6.892538
21.806603522001385,87.69802961216828,6.772657
21.806603522001385,87.70701276500948,6.7384977
21.806603522001385,87.71599591785068,6.691619
21.806603522001385,87.72497907069187,6.7205424
21.806603522001385,87.73396222353307,7.4848747
21.806603522001385,87.74294537637427,8.096466
21.806603522001385,87.75192852921546,12.80339
21.806603522001385,87.76091168205666,6.1417675
21.806603522001385,87.76989483489785,5.8581243
21.806603522001385,87.77887798773905,5.6548877
21.806603522001385,87.78786114058025,5.433323
21.806603522001385,87.79684429342144,5.3776507
21.806603522001385,87.80582744626263,5.4320908
21.806603522001385,87.81481059910382,5.7626963
21.806603522001385,87.82379375194502,5.065992
21.806603522001385,87.83277690478621,5.2687902
21.806603522001385,87.84176005762741,5.4380445
21.806603522001385,87.85074321046861,5.6533833
21.806603522001385,87.8597263633098,6.6048336
21.806603522001385,87.868709516151,6.566566
21.806603522001385,87.8776926689922,7.198478
21.806603522001385,87.88667582183339,9.903203
21.806603522001385,87.89565897467459,8.675518
21.806603522001385,87.90464212751579,7.580888
21.806603522001385,87.91362528035698,7.821412
21.806603522001385,87.92260843319816,7.554845
21.806603522001385,87.93159158603936,5.887774
21.806603522001385,88.09328833718088,8.099821
21.806603522001385,88.10227149002208,7.141565
21.806603522001385,88.11125464286327,7.2860827
21.806603522001385,88.12023779570447,8.006773
21.806603522001385,88.12922094854567,7.8422136
21.806603522001385,88.13820410138686,7.2855496
21.806603522001385,88.14718725422806,7.524286
21.806603522001385,88.15617040706924,7.562342
21.806603522001385,88.16515355991044,7.37819
21.806603522001385,88.21006932411642,6.899968
21.806603522001385,88.21905247695761,7.5318565
21.806603522001385,88.22803562979881,7.572342
21.806603522001385,88.23701878264,7.3411117
21.806603522001385,88.2460019354812,7.0211177
21.806603522001385,88.2549850883224,6.8233786
21.806603522001385,88.26396824116358,6.015184
21.806603522001385,88.27295139400478,5.3894196
21.806603522001385,88.28193454684597,5.3656077
21.806603522001385,88.29091769968717,5.8967466
21.806603522001385,88.29990085252837,13.089555
21.81558667484258,87.500400249662,11.178736
21.81558667484258,87.50938340250319,12.01026
21.81558667484258,87.51836655534439,11.958904
21.81558667484258,87.52734970818558,9.728654
21.81558667484258,87.53633286102678,9.588735
21.81558667484258,87.54531601386797,8.75531
21.81558667484258,87.55429916670917,7.740314
21.81558667484258,87.56328231955037,5.2775264
21.81558667484258,87.57226547239156,6.3921776
21.81558667484258,87.58124862523275,9.359713
21.81558667484258,87.59023177807394,10.215101
21.81558667484258,87.59921493091514,9.590113
21.81558667484258,87.60819808375633,8.616923
21.81558667484258,87.61718123659753,7.7988005
21.81558667484258,87.62616438943873,6.663619
21.81558667484258,87.63514754227992,9.113439
21.81558667484258,87.64413069512112,11.921147
21.81558667484258,87.65311384796232,6.867672
21.81558667484258,87.66209700080351,6.985147
21.81558667484258,87.67108015364471,7.275722
21.81558667484258,87.6800633064859,6.543127
21.81558667484258,87.68904645932709,6.759437
21.81558667484258,87.69802961216828,6.80439
21.81558667484258,87.70701276500948,6.6557217
21.81558667484258,87.71599591785068,6.693098
21.81558667484258,87.72497907069187,6.5208206
21.81558667484258,87.73396222353307,6.616025
21.81558667484258,87.74294537637427,6.122074
21.81558667484258,87.75192852921546,7.8929815
21.81558667484258,87.76091168205666,5.4478207
21.81558667484258,87.76989483489785,5.679556
21.81558667484258,87.77887798773905,5.462488
21.81558667484258,87.78786114058025,5.6812067
21.81558667484258,87.79684429342144,5.2913876
21.81558667484258,87.80582744626263,5.032647
21.81558667484258,87.81481059910382,4.9829006
21.81558667484258,87.82379375194502,5.012277
21.81558667484258,87.83277690478621,5.209264
21.81558667484258,87.84176005762741,5.352545
21.81558667484258,87.85074321046861,5.354236
21.81558667484258,87.8597263633098,5.7013607
21.81558667484258,87.868709516151,6.209699
21.81558667484258,87.8776926689922,5.874135
21.81558667484258,87.88667582183339,11.050609
21.81558667484258,87.89565897467459,11.622848
21.81558667484258,87.90464212751579,9.559905
21.81558667484258,87.91362528035698,8.084032
21.81558667484258,87.92260843319816,9.137731
21.81558667484258,87.93159158603936,11.0048
21.81558667484258,88.09328833718088,7.4063215
21.81558667484258,88.10227149002208,8.232669
21.81558667484258,88.11125464286327,7.428276
21.81558667484258,88.12023779570447,8.394905
21.81558667484258,88.12922094854567,8.3112135
21.81558667484258,88.13820410138686,7.914849
21.81558667484258,88.14718725422806,8.755405
21.81558667484258,88.15617040706924,11.129209
21.81558667484258,88.16515355991044,14.839433
21.81558667484258,88.20108617127522,6.895618
21.81558667484258,88.21006932411642,6.2495184
21.81558667484258,88.21905247695761,8.038122
21.81558667484258,88.22803562979881,8.635528
21.81558667484258,88.23701878264,7.892287
21.81558667484258,88.2460019354812,6.9927883
21.81558667484258,88.2549850883224,7.041185
21.81558667484258,88.26396824116358,6.9462366
21.81558667484258,88.27295139400478,6.5134416
21.81558667484258,88.28193454684597,6.5193024
21.81558667484258,88.29091769968717,6.6084447
21.81558667484258,88.29990085252837,5.8742085
21.824569827683774,87.500400249662,7.338203
21.824569827683774,87.50938340250319,9.556204
21.824569827683774,87.51836655534439,10.617701
21.824569827683774,87.52734970818558,8.78116
21.824569827683774,87.53633286102678,7.4594374
21.824569827683774,87.54531601386797,5.9235067
21.824569827683774,87.55429916670917,4.2315226
21.824569827683774,87.56328231955037,4.015071
21.824569827683774,87.57226547239156,8.110411
21.824569827683774,87.58124862523275,9.877979
21.824569827683774,87.59023177807394,9.499425
21.824569827683774,87.59921493091514,9.230561
21.824569827683774,87.60819808375633,8.671546
21.824569827683774,87.61718123659753,8.018164
21.824569827683774,87.62616438943873,7.5633993
21.824569827683774,87.63514754227992,9.24194
21.824569827683774,87.64413069512112,8.507663
21.824569827683774,87.65311384796232,6.50917
21.824569827683774,87.66209700080351,6.292556
21.824569827683774,87.67108015364471,6.42826
21.824569827683774,87.6800633064859,6.962356
21.824569827683774,87.68904645932709,7.324837
21.824569827683774,87.69802961216828,6.6785965
21.824569827683774,87.70701276500948,6.5287056
21.824569827683774,87.71599591785068,6.5813766
21.824569827683774,87.72497907069187,6.560783
21.824569827683774,87.73396222353307,5.942545
21.824569827683774,87.74294537637427,5.837285
21.824569827683774,87.75192852921546,8.458947
21.824569827683774,87.76091168205666,5.409739
21.824569827683774,87.76989483489785,5.5118527
21.824569827683774,87.77887798773905,5.366083
21.824569827683774,87.78786114058025,5.0902696
21.824569827683774,87.79684429342144,5.2169147
21.824569827683774,87.80582744626263,4.9810457
21.824569827683774,87.81481059910382,5.0530577
21.824569827683774,87.82379375194502,5.0609345
21.824569827683774,87.83277690478621,5.0996017
21.824569827683774,87.84176005762741,5.290327
21.824569827683774,87.85074321046861,5.494469
21.824569827683774,87.8597263633098,5.731663
21.824569827683774,87.868709516151,6.2152715
21.824569827683774,87.8776926689922,6.0688243
21.824569827683774,87.88667582183339,10.557369
21.824569827683774,87.89565897467459,10.983202
21.824569827683774,87.90464212751579,11.264235
21.824569827683774,87.91362528035698,9.977011
21.824569827683774,87.92260843319816,10.196911
21.824569827683774,87.93159158603936,10.097809
21.824569827683774,87.94057473888056,12.049329
21.824569827683774,87.94955789172175,11.675804
21.824569827683774,88.10227149002208,9.493189
21.824569827683774,88.11125464286327,7.7096663
21.824569827683774,88.12023779570447,9.322756
21.824569827683774,88.12922094854567,9.5517235
21.824569827683774,88.13820410138686,8.768047
21.824569827683774,88.14718725422806,8.075152
21.824569827683774,88.15617040706924,10.308531
21.824569827683774,88.16515355991044,13.481671
21.824569827683774,88.18311986559283,5.498232
21.824569827683774,88.19210301843403,6.6326547
21.824569827683774,88.20108617127522,7.2636
21.824569827683774,88.21006932411642,6.560272
21.824569827683774,88.21905247695761,8.373383
21.824569827683774,88.22803562979881,8.940384
21.824569827683774,88.23701878264,8.188053
21.824569827683774,88.2460019354812,6.9574804
21.824569827683774,88.2549850883224,6.445058
21.824569827683774,88.26396824116358,7.1586413
21.824569827683774,88.27295139400478,6.843469
21.824569827683774,88.28193454684597,6.1744394
21.824569827683774,88.29091769968717,5.4782977
21.824569827683774,88.29990085252837,6.67442
21.83355298052497,87.500400249662,3.981983
21.83355298052497,87.50938340250319,6.077081
21.83355298052497,87.51836655534439,7.963987
21.83355298052497,87.52734970818558,5.6603336
21.83355298052497,87.53633286102678,3.8639824
21.83355298052497,87.54531601386797,2.8442087
21.83355298052497,87.55429916670917,3.3143554
21.83355298052497,87.56328231955037,3.3476326
21.83355298052497,87.57226547239156,6.5493093
21.83355298052497,87.58124862523275,6.457731
21.83355298052497,87.59023177807394,6.05519
21.83355298052497,87.59921493091514,6.3977823
21.83355298052497,87.60819808375633,6.323572
21.83355298052497,87.61718123659753,6.6964684
21.83355298052497,87.62616438943873,11.200571
21.83355298052497,87.63514754227992,8.488212
21.83355298052497,87.64413069512112,6.4685106
21.83355298052497,87.65311384796232,6.340541
21.83355298052497,87.66209700080351,6.29029
21.83355298052497,87.67108015364471,6.1792107
21.83355298052497,87.6800633064859,6.9457645
21.83355298052497,87.68904645932709,7.3311315
21.83355298052497,87.69802961216828,6.845517
21.83355298052497,87.70701276500948,6.4674125
21.83355298052497,87.71599591785068,6.5215693
21.83355298052497,87.72497907069187,6.606167
21.83355298052497,87.73396222353307,6.317184
21.83355298052497,87.74294537637427,5.977768
21.83355298052497,87.75192852921546,8.195953
21.83355298052497,87.76091168205666,5.446312
21.83355298052497,87.76989483489785,5.2234426
21.83355298052497,87.77887798773905,5.4345226
21.83355298052497,87.78786114058025,5.1718616
21.83355298052497,87.79684429342144,5.183386
21.83355298052497,87.80582744626263,5.1419487
21.83355298052497,87.81481059910382,5.1707506
21.83355298052497,87.82379375194502,5.0342417
21.83355298052497,87.83277690478621,5.0951424
21.83355298052497,87.84176005762741,5.2043157
21.83355298052497,87.85074321046861,5.5168066
21.83355298052497,87.8597263633098,5.4613123
21.83355298052497,87.868709516151,5.7455077
21.83355298052497,87.8776926689922,6.187086
21.83355298052497,87.88667582183339,11.027435
21.83355298052497,87.89565897467459,10.605448
21.83355298052497,87.90464212751579,10.964691
21.83355298052497,87.91362528035698,10.601788
21.83355298052497,87.92260843319816,10.304748
21.83355298052497,87.93159158603936,10.50931
21.83355298052497,87.94057473888056,13.183187
21.83355298052497,87.94955789172175,12.146545
21.83355298052497,87.95854104456295,9.441532
21.83355298052497,88.10227149002208,8.538509
21.83355298052497,88.11125464286327,8.219924
21.83355298052497,88.12023779570447,10.336446
21.83355298052497,88.12922094854567,10.554777
21.83355298052497,88.13820410138686,8.836857
21.83355298052497,88.14718725422806,8.812287
21.83355298052497,88.15617040706924,9.933361
21.83355298052497,88.19210301843403,7.3278265
21.83355298052497,88.20108617127522,7.2357473
21.83355298052497,88.21006932411642,7.227177
21.83355298052497,88.21905247695761,7.5867443
21.83355298052497,88.22803562979881,8.03836
21.83355298052497,88.23701878264,6.9245114
21.83355298052497,88.2460019354812,6.2481318
21.83355298052497,88.2549850883224,6.194707
21.83355298052497,88.26396824116358,6.339604
21.83355298052497,88.27295139400478,7.366229
21.83355298052497,88.28193454684597,6.9626694
21.83355298052497,88.29091769968717,6.6711206
21.83355298052497,88.29990085252837,6.1233497
21.842536133366167,87.500400249662,6.1690073
21.842536133366167,87.50938340250319,7.6170855
21.842536133366167,87.51836655534439,9.756712
21.842536133366167,87.52734970818558,7.33569
21.842536133366167,87.53633286102678,6.1698246
21.842536133366167,87.54531601386797,7.4400234
21.842536133366167,87.55429916670917,6.8380146
21.842536133366167,87.56328231955037,6.5763865
21.842536133366167,87.57226547239156,3.8722625
21.842536133366167,87.58124862523275,3.5834093
21.842536133366167,87.59023177807394,6.0296373
21.842536133366167,87.59921493091514,6.744876
21.842536133366167,87.60819808375633,6.7246985
21.842536133366167,87.61718123659753,8.582534
21.842536133366167,87.62616438943873,7.476944
21.842536133366167,87.63514754227992,6.305162
21.842536133366167,87.64413069512112,5.544714
21.842536133366167,87.65311384796232,4.8479643
21.842536133366167,87.66209700080351,5.1560006
21.842536133366167,87.67108015364471,5.6162615
21.842536133366167,87.6800633064859,6.4578137
21.842536133366167,87.68904645932709,7.0485024
21.842536133366167,87.69802961216828,7.301949
21.842536133366167,87.70701276500948,6.44809
21.842536133366167,87.71599591785068,6.537189
21.842536133366167,87.72497907069187,6.531274
21.842536133366167,87.73396222353307,6.6148453
21.842536133366167,87.74294537637427,5.6306934
21.842536133366167,87.75192852921546,6.891294
21.842536133366167,87.76091168205666,5.489234
21.842536133366167,87.76989483489785,5.364357
21.842536133366167,87.77887798773905,5.3745403
21.842536133366167,87.78786114058025,5.319527
21.842536133366167,87.79684429342144,5.2086325
21.842536133366167,87.80582744626263,5.1026983
21.842536133366167,87.81481059910382,5.1965156
21.842536133366167,87.82379375194502,5.1935287
21.842536133366167,87.83277690478621,5.1535783
21.842536133366167,87.84176005762741,5.181365
21.842536133366167,87.85074321046861,5.44912
21.842536133366167,87.8597263633098,5.26814
21.842536133366167,87.868709516151,5.7586446
21.842536133366167,87.8776926689922,6.0025496
21.842536133366167,87.88667582183339,9.462854
21.842536133366167,87.89565897467459,10.602144
21.842536133366167,87.90464212751579,11.206902
21.842536133366167,87.91362528035698,9.724854
21.842536133366167,87.92260843319816,9.831586
21.842536133366167,87.93159158603936,10.488858
21.842536133366167,87.94057473888056,10.743806
21.842536133366167,87.94955789172175,10.290001
21.842536133366167,87.95854104456295,10.561205
21.842536133366167,88.11125464286327,8.611241
21.842536133366167,88.12023779570447,7.8186374
21.842536133366167,88.12922094854567,7.907322
21.842536133366167,88.13820410138686,8.04415
21.842536133366167,88.14718725422806,8.453008
21.842536133366167,88.18311986559283,7.9626036
21.842536133366167,88.19210301843403,8.917995
21.842536133366167,88.20108617127522,9.339612
21.842536133366167,88.21006932411642,8.617367
21.842536133366167,88.21905247695761,7.0163455
21.842536133366167,88.22803562979881,6.8391533
21.842536133366167,88.23701878264,6.585047
21.842536133366167,88.2460019354812,6.6703787
21.842536133366167,88.2549850883224,6.7600293
21.842536133366167,88.26396824116358,7.070989
21.842536133366167,88.27295139400478,7.7978277
21.842536133366167,88.28193454684597,7.479282
21.842536133366167,88.29091769968717,7.522208
21.842536133366167,88.29990085252837,7.853616
21.85151928620736,87.500400249662,9.614741
21.85151928620736,87.50938340250319,10.456104
21.85151928620736,87.51836655534439,11.517263
21.85151928620736,87.52734970818558,8.649065
21.85151928620736,87.53633286102678,8.232086
21.85151928620736,87.54531601386797,8.093702
21.85151928620736,87.55429916670917,7.09903
21.85151928620736,87.56328231955037,6.903169
21.85151928620736,87.57226547239156,6.0560203
21.85151928620736,87.58124862523275,5.847001
21.85151928620736,87.59023177807394,6.270865
21.85151928620736,87.59921493091514,7.1767583
21.85151928620736,87.60819808375633,8.639016
21.85151928620736,87.61718123659753,8.162317
21.85151928620736,87.62616438943873,6.7259183
21.85151928620736,87.63514754227992,6.534425
21.85151928620736,87.64413069512112,5.6693783
21.85151928620736,87.65311384796232,5.231582
21.85151928620736,87.66209700080351,5.54387
21.85151928620736,87.67108015364471,5.5963106
21.85151928620736,87.6800633064859,6.392389
21.85151928620736,87.68904645932709,6.782846
21.85151928620736,87.69802961216828,7.3687787
21.85151928620736,87.70701276500948,6.5815926
21.85151928620736,87.71599591785068,6.6394405
21.85151928620736,87.72497907069187,6.585144
21.85151928620736,87.73396222353307,6.52571
21.85151928620736,87.74294537637427,5.545055
21.85151928620736,87.75192852921546,7.250357
21.85151928620736,87.76091168205666,6.0840545
21.85151928620736,87.76989483489785,5.4807653
21.85151928620736,87.77887798773905,5.4582305
21.85151928620736,87.78786114058025,5.3447385
21.85151928620736,87.79684429342144,5.272295
21.85151928620736,87.80582744626263,5.124266
21.85151928620736,87.81481059910382,5.2476783
21.85151928620736,87.82379375194502,5.2782793
21.85151928620736,87.83277690478621,5.232711
21.85151928620736,87.84176005762741,5.258171
21.85151928620736,87.85074321046861,5.3178463
21.85151928620736,87.8597263633098,5.1358056
21.85151928620736,87.868709516151,5.755502
21.85151928620736,87.8776926689922,8.6484375
21.85151928620736,87.88667582183339,8.876964
21.85151928620736,87.89565897467459,9.110405
21.85151928620736,87.90464212751579,9.840167
21.85151928620736,87.91362528035698,11.551892
21.85151928620736,87.92260843319816,11.879914
21.85151928620736,87.93159158603936,11.718739
21.85151928620736,87.94057473888056,11.090207
21.85151928620736,87.94955789172175,10.220788
21.85151928620736,87.95854104456295,9.6024885
21.85151928620736,87.96752419740415,9.721526
21.85151928620736,88.12023779570447,8.059296
21.85151928620736,88.12922094854567,7.935699
21.85151928620736,88.13820410138686,8.117195
21.85151928620736,88.14718725422806,8.783087
21.85151928620736,88.17413671275163,9.223077
21.85151928620736,88.18311986559283,8.771196
21.85151928620736,88.19210301843403,10.583805
21.85151928620736,88.20108617127522,9.321407
21.85151928620736,88.21006932411642,7.916425
21.85151928620736,88.21905247695761,7.0760355
21.85151928620736,88.22803562979881,7.331029
21.85151928620736,88.23701878264,7.2414093
21.85151928620736,88.2460019354812,8.133576
21.85151928620736,88.2549850883224,7.9768095
21.85151928620736,88.26396824116358,7.9547806
21.85151928620736,88.27295139400478,7.5974193
21.85151928620736,88.28193454684597,7.4613724
21.85151928620736,88.29091769968717,7.3994956
21.85151928620736,88.29990085252837,6.689838
21.860502439048556,87.500400249662,10.698675
21.860502439048556,87.50938340250319,11.5366745
21.860502439048556,87.51836655534439,12.287507
21.860502439048556,87.52734970818558,11.136103
21.860502439048556,87.53633286102678,9.469143
21.860502439048556,87.54531601386797,8.598309
21.860502439048556,87.55429916670917,6.6908646
21.860502439048556,87.56328231955037,6.8245473
21.860502439048556,87.57226547239156,7.781086
21.860502439048556,87.58124862523275,8.393455
21.860502439048556,87.59023177807394,8.251721
21.860502439048556,87.59921493091514,9.893449
21.860502439048556,87.60819808375633,8.5274725
21.860502439048556,87.61718123659753,6.500664
21.860502439048556,87.62616438943873,6.5635767
21.860502439048556,87.63514754227992,6.3780246
21.860502439048556,87.64413069512112,6.2989216
21.860502439048556,87.65311384796232,5.569553
21.860502439048556,87.66209700080351,5.724282
21.860502439048556,87.67108015364471,5.6394405
21.860502439048556,87.6800633064859,6.496067
21.860502439048556,87.68904645932709,6.7918262
21.860502439048556,87.69802961216828,6.981347
21.860502439048556,87.70701276500948,6.665087
21.860502439048556,87.71599591785068,6.5854445
21.860502439048556,87.72497907069187,6.4791975
21.860502439048556,87.73396222353307,6.497337
21.860502439048556,87.74294537637427,5.8468437
21.860502439048556,87.75192852921546,7.2489357
21.860502439048556,87.76091168205666,7.81378
21.860502439048556,87.76989483489785,5.524544
21.860502439048556,87.77887798773905,5.3793354
21.860502439048556,87.78786114058025,5.3063965
21.860502439048556,87.79684429342144,5.2562833
21.860502439048556,87.80582744626263,5.2142253
21.860502439048556,87.81481059910382,5.268314
21.860502439048556,87.82379375194502,5.277794
21.860502439048556,87.83277690478621,5.219694
21.860502439048556,87.84176005762741,5.257632
21.860502439048556,87.85074321046861,5.510306
21.860502439048556,87.8597263633098,5.1735754
21.860502439048556,87.868709516151,7.1130886
21.860502439048556,87.8776926689922,9.320419
21.860502439048556,87.88667582183339,8.813138
21.860502439048556,87.89565897467459,8.742875
21.860502439048556,87.90464212751579,9.031982
21.860502439048556,87.91362528035698,11.633144
21.860502439048556,87.92260843319816,11.208536
21.860502439048556,87.93159158603936,11.774182
21.860502439048556,87.94057473888056,11.42357
21.860502439048556,87.94955789172175,10.904191
21.860502439048556,87.95854104456295,10.358977
21.860502439048556,87.96752419740415,11.265399
21.860502439048556,87.97650735024534,9.7573
21.860502439048556,88.12023779570447,8.945257
21.860502439048556,88.12922094854567,7.9392557
21.860502439048556,88.13820410138686,9.06542
21.860502439048556,88.17413671275163,12.420272
21.860502439048556,88.18311986559283,10.881979
21.860502439048556,88.19210301843403,13.524223
21.860502439048556,88.20108617127522,10.33519
21.860502439048556,88.21006932411642,8.475635
21.860502439048556,88.21905247695761,8.254173
21.860502439048556,88.22803562979881,8.5991745
21.860502439048556,88.23701878264,7.918593
21.860502439048556,88.2460019354812,9.055132
21.860502439048556,88.2549850883224,8.377247
21.860502439048556,88.26396824116358,7.8061767
21.860502439048556,88.27295139400478,7.0284605
21.860502439048556,88.28193454684597,6.8592997
21.860502439048556,88.29091769968717,6.9445186
21.860502439048556,88.29990085252837,6.4607124
21.869485591889752,87.500400249662,8.001036
21.869485591889752,87.50938340250319,9.070327
21.869485591889752,87.51836655534439,8.593471
21.869485591889752,87.52734970818558,11.841307
21.869485591889752,87.53633286102678,14.510453
21.869485591889752,87.54531601386797,11.116852
21.869485591889752,87.55429916670917,9.332049
21.869485591889752,87.56328231955037,9.338689
21.869485591889752,87.57226547239156,11.240287
21.869485591889752,87.58124862523275,15.790984
21.869485591889752,87.59023177807394,14.456561
21.869485591889752,87.59921493091514,6.2649293
21.869485591889752,87.60819808375633,6.138294
21.869485591889752,87.61718123659753,6.16576
21.869485591889752,87.62616438943873,5.9323997
21.869485591889752,87.63514754227992,6.039902
21.869485591889752,87.64413069512112,6.2031326
21.869485591889752,87.65311384796232,5.4762287
21.869485591889752,87.66209700080351,5.360288
21.869485591889752,87.67108015364471,5.6050353
21.869485591889752,87.6800633064859,6.506032
21.869485591889752,87.68904645932709,6.5766916
21.869485591889752,87.69802961216828,6.765929
21.869485591889752,87.70701276500948,6.7238398
21.869485591889752,87.71599591785068,6.677574
21.869485591889752,87.72497907069187,6.653632
21.869485591889752,87.73396222353307,6.8674684
21.869485591889752,87.74294537637427,6.240698
21.869485591889752,87.75192852921546,6.0706267
21.869485591889752,87.76091168205666,4.6903744
21.869485591889752,87.76989483489785,5.574148
21.869485591889752,87.77887798773905,5.5519304
21.869485591889752,87.78786114058025,5.4705796
21.869485591889752,87.79684429342144,5.3252487
21.869485591889752,87.80582744626263,5.201714
21.869485591889752,87.81481059910382,5.1499715
21.869485591889752,87.82379375194502,5.2134376
21.869485591889752,87.83277690478621,5.3476925
21.869485591889752,87.84176005762741,5.339664
21.869485591889752,87.85074321046861,5.2648053
21.869485591889752,87.8597263633098,8.763501
21.869485591889752,87.868709516151,9.402573
21.869485591889752,87.8776926689922,9.235659
21.869485591889752,87.88667582183339,7.9779544
21.869485591889752,87.89565897467459,8.440703
21.869485591889752,87.90464212751579,8.0661745
21.869485591889752,87.91362528035698,9.969788
21.869485591889752,87.92260843319816,11.060956
21.869485591889752,87.93159158603936,11.608913
21.869485591889752,87.94057473888056,10.918676
21.869485591889752,87.94955789172175,10.958871
21.869485591889752,87.95854104456295,10.793262
21.869485591889752,87.96752419740415,10.519014
21.869485591889752,87.97650735024534,12.269017
21.869485591889752,88.12023779570447,9.037023
21.869485591889752,88.12922094854567,9.137754
21.869485591889752,88.13820410138686,9.444
21.869485591889752,88.17413671275163,18.109007
21.869485591889752,88.18311986559283,24.043886
21.869485591889752,88.19210301843403,16.286852
21.869485591889752,88.20108617127522,9.956963
21.869485591889752,88.21006932411642,7.4660664
21.869485591889752,88.21905247695761,7.475605
21.869485591889752,88.22803562979881,7.1007237
21.869485591889752,88.23701878264,6.8377233
21.869485591889752,88.2460019354812,7.3694305
21.869485591889752,88.2549850883224,7.552471
21.869485591889752,88.26396824116358,6.827286
21.869485591889752,88.27295139400478,5.590096
21.869485591889752,88.28193454684597,5.4528766
21.869485591889752,88.29091769968717,5.331443
21.869485591889752,88.29990085252837,5.849455
21.87846874473095,87.500400249662,7.770304
21.87846874473095,87.50938340250319,7.903896
21.87846874473095,87.51836655534439,7.824107
21.87846874473095,87.52734970818558,13.017462
21.87846874473095,87.53633286102678,18.997295
21.87846874473095,87.54531601386797,15.859768
21.87846874473095,87.55429916670917,12.917923
21.87846874473095,87.56328231955037,11.373455
21.87846874473095,87.57226547239156,8.765151
21.87846874473095,87.58124862523275,7.821972
21.87846874473095,87.59023177807394,8.174966
21.87846874473095,87.59921493091514,5.8540635
21.87846874473095,87.60819808375633,5.9833493
21.87846874473095,87.61718123659753,5.9023967
21.87846874473095,87.62616438943873,5.609175
21.87846874473095,87.63514754227992,5.574714
21.87846874473095,87.64413069512112,5.509363
21.87846874473095,87.65311384796232,5.350562
21.87846874473095,87.66209700080351,5.261119
21.87846874473095,87.67108015364471,5.3771973
21.87846874473095,87.6800633064859,6.7704954
21.87846874473095,87.68904645932709,6.8217883
21.87846874473095,87.69802961216828,6.8664813
21.87846874473095,87.70701276500948,6.9817696
21.87846874473095,87.71599591785068,6.6837354
21.87846874473095,87.72497907069187,6.652095
21.87846874473095,87.73396222353307,7.0309744
21.87846874473095,87.74294537637427,5.8369045
21.87846874473095,87.75192852921546,6.346388
21.87846874473095,87.76091168205666,6.814062
21.87846874473095,87.76989483489785,6.1370344
21.87846874473095,87.77887798773905,5.563754
21.87846874473095,87.78786114058025,5.5257187
21.87846874473095,87.79684429342144,5.359916
21.87846874473095,87.80582744626263,5.2231035
21.87846874473095,87.81481059910382,5.1620297
21.87846874473095,87.82379375194502,5.193096
21.87846874473095,87.83277690478621,5.3992186
21.87846874473095,87.84176005762741,5.408692
21.87846874473095,87.85074321046861,5.4171133
21.87846874473095,87.8597263633098,9.480495
21.87846874473095,87.868709516151,8.1892605
21.87846874473095,87.8776926689922,8.454811
21.87846874473095,87.88667582183339,7.876261
21.87846874473095,87.89565897467459,7.8536983
21.87846874473095,87.90464212751579,7.801666
21.87846874473095,87.91362528035698,8.084714
21.87846874473095,87.92260843319816,9.027856
21.87846874473095,87.93159158603936,10.630964
21.87846874473095,87.94057473888056,12.272038
21.87846874473095,87.94955789172175,11.10683
21.87846874473095,87.95854104456295,11.431105
21.87846874473095,87.96752419740415,11.100264
21.87846874473095,87.97650735024534,17.747719
21.87846874473095,87.98549050308654,23.946865
21.87846874473095,88.13820410138686,7.311092
21.87846874473095,88.16515355991044,13.6077
21.87846874473095,88.17413671275163,11.48832
21.87846874473095,88.18311986559283,14.829103
21.87846874473095,88.19210301843403,9.6824665
21.87846874473095,88.20108617127522,7.6864076
21.87846874473095,88.21006932411642,7.861598
21.87846874473095,88.21905247695761,7.6077094
21.87846874473095,88.22803562979881,7.2208185
21.87846874473095,88.23701878264,7.263635
21.87846874473095,88.2460019354812,6.601606
21.87846874473095,88.2549850883224,6.814062
21.87846874473095,88.26396824116358,6.983733
21.87846874473095,88.27295139400478,5.6024647
21.87846874473095,88.28193454684597,5.3990893
21.87846874473095,88.29091769968717,5.317456
21.87846874473095,88.29990085252837,6.143819
21.88745189757214,87.500400249662,6.088696
21.88745189757214,87.50938340250319,6.597908
21.88745189757214,87.51836655534439,7.927395
21.88745189757214,87.52734970818558,11.812899
21.88745189757214,87.53633286102678,18.657742
21.88745189757214,87.54531601386797,19.541582
21.88745189757214,87.55429916670917,13.6690035
21.88745189757214,87.56328231955037,10.0040655
21.88745189757214,87.57226547239156,7.226556
21.88745189757214,87.58124862523275,6.742187
21.88745189757214,87.59023177807394,7.109758
21.88745189757214,87.59921493091514,5.881877
21.88745189757214,87.60819808375633,5.678177
21.88745189757214,87.61718123659753,5.814881
21.88745189757214,87.62616438943873,5.5358353
21.88745189757214,87.63514754227992,5.5221844
21.88745189757214,87.64413069512112,5.54178
21.88745189757214,87.65311384796232,5.1639233
21.88745189757214,87.66209700080351,5.5202513
21.88745189757214,87.67108015364471,5.7223625
21.88745189757214,87.6800633064859,6.885475
21.88745189757214,87.68904645932709,6.656397
21.88745189757214,87.69802961216828,6.589018
21.88745189757214,87.70701276500948,7.244336
21.88745189757214,87.71599591785068,6.661473
21.88745189757214,87.72497907069187,6.7370486
21.88745189757214,87.73396222353307,6.6090126
21.88745189757214,87.74294537637427,5.480658
21.88745189757214,87.75192852921546,5.634547
21.88745189757214,87.76091168205666,9.478144
21.88745189757214,87.76989483489785,5.9454675
21.88745189757214,87.77887798773905,5.5174713
21.88745189757214,87.78786114058025,5.5621433
21.88745189757214,87.79684429342144,5.4706244
21.88745189757214,87.80582744626263,5.3094993
21.88745189757214,87.81481059910382,5.325461
21.88745189757214,87.82379375194502,5.362172
21.88745189757214,87.83277690478621,5.559161
21.88745189757214,87.84176005762741,5.691372
21.88745189757214,87.85074321046861,7.5340943
21.88745189757214,87.8597263633098,8.923156
21.88745189757214,87.868709516151,7.666256
21.88745189757214,87.8776926689922,7.6215806
21.88745189757214,87.88667582183339,7.4186525
21.88745189757214,87.89565897467459,7.6475844
21.88745189757214,87.90464212751579,8.57756
21.88745189757214,87.91362528035698,8.1665745
21.88745189757214,87.92260843319816,8.291727
21.88745189757214,87.93159158603936,9.791693
21.88745189757214,87.94057473888056,10.666387
21.88745189757214,87.94955789172175,10.328621
21.88745189757214,87.95854104456295,10.989049
21.88745189757214,87.96752419740415,11.389195
21.88745189757214,87.97650735024534,22.188019
21.88745189757214,87.98549050308654,23.981728
21.88745189757214,87.99447365592773,21.715359
21.88745189757214,88.16515355991044,14.671004
21.88745189757214,88.17413671275163,10.641677
21.88745189757214,88.18311986559283,10.168024
21.88745189757214,88.19210301843403,11.291447
21.88745189757214,88.20108617127522,8.469758
21.88745189757214,88.21006932411642,8.08996
21.88745189757214,88.21905247695761,6.60717
21.88745189757214,88.22803562979881,6.597079
21.88745189757214,88.23701878264,6.8088274
21.88745189757214,88.2460019354812,5.7775784
21.88745189757214,88.2549850883224,5.8058333
21.88745189757214,88.26396824116358,6.8428774
21.88745189757214,88.27295139400478,6.592114
21.88745189757214,88.28193454684597,5.4983926
21.88745189757214,88.29091769968717,5.4077053
21.88745189757214,88.29990085252837,6.4157386
21.896435050413338,87.500400249662,6.8748045
21.896435050413338,87.50938340250319,7.644117
21.896435050413338,87.51836655534439,8.645696
21.896435050413338,87.52734970818558,15.450105
21.896435050413338,87.53633286102678,23.67182
21.896435050413338,87.54531601386797,23.228674
21.896435050413338,87.55429916670917,11.491578
21.896435050413338,87.56328231955037,9.364857
21.896435050413338,87.57226547239156,7.100709
21.896435050413338,87.58124862523275,6.8829346
21.896435050413338,87.59023177807394,7.7857437
21.896435050413338,87.59921493091514,5.904606
21.896435050413338,87.60819808375633,5.505375
21.896435050413338,87.61718123659753,5.429655
21.896435050413338,87.62616438943873,5.8185825
21.896435050413338,87.63514754227992,5.846958
21.896435050413338,87.64413069512112,6.729434
21.896435050413338,87.65311384796232,8.522524
21.896435050413338,87.66209700080351,7.257893
21.896435050413338,87.67108015364471,7.184543
21.896435050413338,87.6800633064859,7.237525
21.896435050413338,87.68904645932709,7.115504
21.896435050413338,87.69802961216828,6.684964
21.896435050413338,87.70701276500948,6.969618
21.896435050413338,87.71599591785068,7.4810734
21.896435050413338,87.72497907069187,7.0845866
21.896435050413338,87.73396222353307,6.040615
21.896435050413338,87.74294537637427,5.463116
21.896435050413338,87.75192852921546,5.5943575
21.896435050413338,87.76091168205666,7.9758315
21.896435050413338,87.76989483489785,9.222083
21.896435050413338,87.77887798773905,5.64406
21.896435050413338,87.78786114058025,5.6148267
21.896435050413338,87.79684429342144,5.705754
21.896435050413338,87.80582744626263,5.7534447
21.896435050413338,87.81481059910382,5.639964
21.896435050413338,87.82379375194502,5.7389197
21.896435050413338,87.83277690478621,7.8207536
21.896435050413338,87.84176005762741,12.692718
21.896435050413338,87.85074321046861,12.373661
21.896435050413338,87.8597263633098,10.394492
21.896435050413338,87.868709516151,7.979044
21.896435050413338,87.8776926689922,6.93269
21.896435050413338,87.88667582183339,8.596182
21.896435050413338,87.89565897467459,7.6907897
21.896435050413338,87.90464212751579,7.5224633
21.896435050413338,87.91362528035698,7.790593
21.896435050413338,87.92260843319816,8.475002
21.896435050413338,87.93159158603936,8.928019
21.896435050413338,87.94057473888056,7.946062
21.896435050413338,87.94955789172175,9.111936
21.896435050413338,87.95854104456295,10.547281
21.896435050413338,87.96752419740415,11.251242
21.896435050413338,87.97650735024534,22.122719
21.896435050413338,87.98549050308654,24.086687
21.896435050413338,87.99447365592773,21.96123
21.896435050413338,88.00345680876893,20.950703
21.896435050413338,88.12922094854567,6.128354
21.896435050413338,88.17413671275163,12.285351
21.896435050413338,88.18311986559283,12.011855
21.896435050413338,88.19210301843403,11.846918
21.896435050413338,88.20108617127522,8.073767
21.896435050413338,88.21006932411642,7.5199995
21.896435050413338,88.21905247695761,6.169644
21.896435050413338,88.22803562979881,6.2019124
21.896435050413338,88.23701878264,6.7938657
21.896435050413338,88.2460019354812,5.913831
21.896435050413338,88.2549850883224,5.7107673
21.896435050413338,88.26396824116358,5.4190884
21.896435050413338,88.27295139400478,6.8282647
21.896435050413338,88.28193454684597,6.0005727
21.896435050413338,88.29091769968717,5.854249
21.896435050413338,88.29990085252837,6.3360567
21.905418203254534,87.500400249662,6.944104
21.905418203254534,87.50938340250319,6.88562
21.905418203254534,87.51836655534439,9.014739
21.905418203254534,87.52734970818558,18.59184
21.905418203254534,87.53633286102678,23.002008
21.905418203254534,87.54531601386797,21.929176
21.905418203254534,87.55429916670917,10.282536
21.905418203254534,87.56328231955037,9.178204
21.905418203254534,87.57226547239156,7.0603404
21.905418203254534,87.58124862523275,6.9710784
21.905418203254534,87.59023177807394,7.4845586
21.905418203254534,87.59921493091514,5.804848
21.905418203254534,87.60819808375633,6.3003173
21.905418203254534,87.61718123659753,6.684451
21.905418203254534,87.62616438943873,7.632408
21.905418203254534,87.63514754227992,8.750898
21.905418203254534,87.64413069512112,8.820603
21.905418203254534,87.65311384796232,8.845321
21.905418203254534,87.66209700080351,7.9842033
21.905418203254534,87.67108015364471,7.7848787
21.905418203254534,87.6800633064859,7.6572227
21.905418203254534,87.68904645932709,7.802324
21.905418203254534,87.69802961216828,7.251199
21.905418203254534,87.70701276500948,6.9629493
21.905418203254534,87.71599591785068,7.1359935
21.905418203254534,87.72497907069187,7.7044926
21.905418203254534,87.73396222353307,5.982729
21.905418203254534,87.74294537637427,5.718304
21.905418203254534,87.75192852921546,6.2980294
21.905418203254534,87.76091168205666,7.245598
21.905418203254534,87.76989483489785,10.928996
21.905418203254534,87.77887798773905,9.52636
21.905418203254534,87.78786114058025,7.9087687
21.905418203254534,87.79684429342144,6.177437
21.905418203254534,87.80582744626263,6.0254607
21.905418203254534,87.81481059910382,6.7019324
21.905418203254534,87.82379375194502,10.4568
21.905418203254534,87.83277690478621,13.364007
21.905418203254534,87.84176005762741,13.464441
21.905418203254534,87.85074321046861,12.143494
21.905418203254534,87.8597263633098,10.583614
21.905418203254534,87.868709516151,10.367857
21.905418203254534,87.8776926689922,10.103103
21.905418203254534,87.88667582183339,8.478532
21.905418203254534,87.89565897467459,7.3523164
21.905418203254534,87.90464212751579,6.807495
21.905418203254534,87.91362528035698,7.2097626
21.905418203254534,87.92260843319816,8.133056
21.905418203254534,87.93159158603936,8.875177
21.905418203254534,87.94057473888056,7.1339893
21.905418203254534,87.94955789172175,8.643768
21.905418203254534,87.95854104456295,10.577891
21.905418203254534,87.96752419740415,13.503269
21.905418203254534,87.97650735024534,25.607655
21.905418203254534,87.98549050308654,25.790995
21.905418203254534,87.99447365592773,26.069643
21.905418203254534,88.00345680876893,25.322653
21.905418203254534,88.12023779570447,6.6029468
21.905418203254534,88.12922094854567,6.741552
21.905418203254534,88.13820410138686,6.6872573
21.905418203254534,88.17413671275163,11.436264
21.905418203254534,88.18311986559283,13.169372
21.905418203254534,88.19210301843403,8.895188
21.905418203254534,88.20108617127522,7.6817417
21.905418203254534,88.21006932411642,7.5304375
21.905418203254534,88.21905247695761,6.177128
21.905418203254534,88.22803562979881,6.6365914
21.905418203254534,88.23701878264,6.5079727
21.905418203254534,88.2460019354812,5.84556
21.905418203254534,88.2549850883224,5.6307764
21.905418203254534,88.26396824116358,5.3394647
21.905418203254534,88.27295139400478,6.6961393
21.905418203254534,88.28193454684597,6.742536
21.905418203254534,88.29091769968717,6.7452183
21.905418203254534,88.29990085252837,6.3306
21.914401356095727,87.500400249662,7.5779915
21.914401356095727,87.50938340250319,9.677346
21.914401356095727,87.51836655534439,12.279797
21.914401356095727,87.52734970818558,17.902187
21.914401356095727,87.53633286102678,20.766422
21.914401356095727,87.54531601386797,16.956089
21.914401356095727,87.55429916670917,9.210812
21.914401356095727,87.56328231955037,8.275929
21.914401356095727,87.57226547239156,6.585052
21.914401356095727,87.58124862523275,6.599169
21.914401356095727,87.59023177807394,6.3997183
21.914401356095727,87.59921493091514,7.49695
21.914401356095727,87.60819808375633,8.269703
21.914401356095727,87.61718123659753,8.642661
21.914401356095727,87.62616438943873,8.675672
21.914401356095727,87.63514754227992,9.121902
21.914401356095727,87.64413069512112,8.921558
21.914401356095727,87.65311384796232,8.993036
21.914401356095727,87.66209700080351,8.911564
21.914401356095727,87.67108015364471,7.6499214
21.914401356095727,87.6800633064859,7.3567553
21.914401356095727,87.68904645932709,7.587203
21.914401356095727,87.69802961216828,7.530508
21.914401356095727,87.70701276500948,6.9888234
21.914401356095727,87.71599591785068,7.1706204
21.914401356095727,87.72497907069187,7.7171817
21.914401356095727,87.73396222353307,7.354022
21.914401356095727,87.74294537637427,7.2021036
21.914401356095727,87.75192852921546,7.337341
21.914401356095727,87.76091168205666,7.384967
21.914401356095727,87.76989483489785,8.411413
21.914401356095727,87.77887798773905,7.2790246
21.914401356095727,87.78786114058025,6.935728
21.914401356095727,87.79684429342144,5.8159866
21.914401356095727,87.80582744626263,6.4532557
21.914401356095727,87.81481059910382,9.015648
21.914401356095727,87.82379375194502,13.256982
21.914401356095727,87.83277690478621,13.230285
21.914401356095727,87.84176005762741,12.906973
21.914401356095727,87.85074321046861,12.777907
21.914401356095727,87.8597263633098,10.978636
21.914401356095727,87.868709516151,10.740363
21.914401356095727,87.8776926689922,11.576921
21.914401356095727,87.88667582183339,9.247967
21.914401356095727,87.89565897467459,7.5171204
21.914401356095727,87.90464212751579,7.847639
21.914401356095727,87.91362528035698,7.4560046
21.914401356095727,87.92260843319816,7.63815
21.914401356095727,87.93159158603936,8.55635
21.914401356095727,87.94057473888056,8.139538
21.914401356095727,87.94955789172175,8.680649
21.914401356095727,87.95854104456295,10.37235
21.914401356095727,87.96752419740415,19.56793
21.914401356095727,87.97650735024534,26.039497
21.914401356095727,87.98549050308654,22.743658
21.914401356095727,87.99447365592773,23.624866
21.914401356095727,88.00345680876893,24.280928
21.914401356095727,88.0483725729749,17.37284
21.914401356095727,88.0573557258161,17.423653
21.914401356095727,88.12023779570447,6.8323083
21.914401356095727,88.12922094854567,6.2647486
21.914401356095727,88.13820410138686,6.350559
21.914401356095727,88.17413671275163,10.195525
21.914401356095727,88.18311986559283,13.711403
21.914401356095727,88.19210301843403,9.493181
21.914401356095727,88.20108617127522,7.901807
21.914401356095727,88.21006932411642,7.6691685
21.914401356095727,88.21905247695761,7.016872
21.914401356095727,88.22803562979881,6.6731834
21.914401356095727,88.23701878264,6.4188657
21.914401356095727,88.2460019354812,5.8311763
21.914401356095727,88.2549850883224,5.390491
21.914401356095727,88.26396824116358,5.5921516
21.914401356095727,88.27295139400478,6.945957
21.914401356095727,88.28193454684597,6.7201514
21.914401356095727,88.29091769968717,6.2838483
21.914401356095727,88.29990085252837,6.2031035
21.923384508936923,87.500400249662,9.062531
21.923384508936923,87.50938340250319,9.241461
21.923384508936923,87.51836655534439,9.258621
21.923384508936923,87.52734970818558,11.31364
21.923384508936923,87.53633286102678,13.275381
21.923384508936923,87.54531601386797,10.791463
21.923384508936923,87.55429916670917,7.6400437
21.923384508936923,87.56328231955037,7.318273
21.923384508936923,87.57226547239156,7.359109
21.923384508936923,87.58124862523275,6.670606
21.923384508936923,87.59023177807394,7.3376055
21.923384508936923,87.59921493091514,8.263803
21.923384508936923,87.60819808375633,8.287159
21.923384508936923,87.61718123659753,9.040304
21.923384508936923,87.62616438943873,8.640511
21.923384508936923,87.63514754227992,7.5820127
21.923384508936923,87.64413069512112,7.508089
21.923384508936923,87.65311384796232,8.67424
21.923384508936923,87.66209700080351,8.765974
21.923384508936923,87.67108015364471,8.301549
21.923384508936923,87.6800633064859,7.0155187
21.923384508936923,87.68904645932709,6.7645473
21.923384508936923,87.69802961216828,6.961463
21.923384508936923,87.70701276500948,7.3061066
21.923384508936923,87.71599591785068,7.6555686
21.923384508936923,87.72497907069187,7.570546
21.923384508936923,87.73396222353307,7.0231347
21.923384508936923,87.74294537637427,6.891536
21.923384508936923,87.75192852921546,6.682921
21.923384508936923,87.76091168205666,7.7372766
21.923384508936923,87.76989483489785,7.6825657
21.923384508936923,87.77887798773905,19.317446
21.923384508936923,87.78786114058025,16.383127
21.923384508936923,87.79684429342144,12.904934
21.923384508936923,87.80582744626263,12.42828
21.923384508936923,87.81481059910382,12.592039
21.923384508936923,87.82379375194502,11.987905
21.923384508936923,87.83277690478621,12.597846
21.923384508936923,87.84176005762741,13.675556
21.923384508936923,87.85074321046861,13.265933
21.923384508936923,87.8597263633098,11.560524
21.923384508936923,87.868709516151,10.541396
21.923384508936923,87.8776926689922,10.987525
21.923384508936923,87.88667582183339,10.698539
21.923384508936923,87.89565897467459,11.898764
21.923384508936923,87.90464212751579,12.33536
21.923384508936923,87.91362528035698,9.233063
21.923384508936923,87.92260843319816,8.598797
21.923384508936923,87.93159158603936,8.770918
21.923384508936923,87.94057473888056,9.619802
21.923384508936923,87.94955789172175,12.513533
21.923384508936923,87.95854104456295,16.509886
21.923384508936923,87.96752419740415,23.385975
21.923384508936923,87.97650735024534,26.036535
21.923384508936923,87.98549050308654,24.52856
21.923384508936923,87.99447365592773,26.714674
21.923384508936923,88.00345680876893,24.510897
21.923384508936923,88.0483725729749,18.407768
21.923384508936923,88.0573557258161,16.879251
21.923384508936923,88.06633887865729,10.36311
21.923384508936923,88.07532203149849,6.5000625
21.923384508936923,88.12023779570447,7.1394305
21.923384508936923,88.12922094854567,7.0308533
21.923384508936923,88.13820410138686,6.875823
21.923384508936923,88.16515355991044,7.3038135
21.923384508936923,88.17413671275163,9.712902
21.923384508936923,88.18311986559283,10.283287
21.923384508936923,88.19210301843403,9.650103
21.923384508936923,88.20108617127522,7.931434
21.923384508936923,88.21006932411642,7.191761
21.923384508936923,88.21905247695761,7.130957
21.923384508936923,88.22803562979881,6.4052467
21.923384508936923,88.23701878264,6.0942388
21.923384508936923,88.2460019354812,7.5340443
21.923384508936923,88.2549850883224,8.025994
21.923384508936923,88.26396824116358,8.563015
21.923384508936923,88.27295139400478,6.529606
21.923384508936923,88.28193454684597,5.660527
21.923384508936923,88.29091769968717,5.653358
21.923384508936923,88.29990085252837,5.235906
21.93236766177812,87.500400249662,14.618173
21.93236766177812,87.50938340250319,9.057459
21.93236766177812,87.51836655534439,7.620252
21.93236766177812,87.52734970818558,9.600746
21.93236766177812,87.53633286102678,10.779147
21.93236766177812,87.54531601386797,9.66432
21.93236766177812,87.55429916670917,8.112307
21.93236766177812,87.56328231955037,7.941885
21.93236766177812,87.57226547239156,6.929553
21.93236766177812,87.58124862523275,7.0008316
21.93236766177812,87.59023177807394,8.233556
21.93236766177812,87.59921493091514,8.847412
21.93236766177812,87.60819808375633,8.795902
21.93236766177812,87.61718123659753,9.117964
21.93236766177812,87.62616438943873,8.740669
21.93236766177812,87.63514754227992,8.126381
21.93236766177812,87.64413069512112,7.944876
21.93236766177812,87.65311384796232,8.296897
21.93236766177812,87.66209700080351,8.143289
21.93236766177812,87.67108015364471,8.091276
21.93236766177812,87.6800633064859,6.678595
21.93236766177812,87.68904645932709,6.6995087
21.93236766177812,87.69802961216828,7.132158
21.93236766177812,87.70701276500948,7.8169265
21.93236766177812,87.71599591785068,7.4779425
21.93236766177812,87.72497907069187,6.9781847
21.93236766177812,87.73396222353307,6.591732
21.93236766177812,87.74294537637427,6.5907183
21.93236766177812,87.75192852921546,6.9075923
21.93236766177812,87.76091168205666,7.2555923
21.93236766177812,87.76989483489785,9.712775
21.93236766177812,87.77887798773905,21.603931
21.93236766177812,87.78786114058025,15.363253
21.93236766177812,87.79684429342144,11.210861
21.93236766177812,87.80582744626263,10.970428
21.93236766177812,87.81481059910382,11.305033
21.93236766177812,87.82379375194502,11.715122
21.93236766177812,87.83277690478621,11.623649
21.93236766177812,87.84176005762741,13.259487
21.93236766177812,87.85074321046861,13.625129
21.93236766177812,87.8597263633098,11.863536
21.93236766177812,87.868709516151,11.090231
21.93236766177812,87.8776926689922,12.02579
21.93236766177812,87.88667582183339,10.770377
21.93236766177812,87.89565897467459,12.159248
21.93236766177812,87.90464212751579,12.548841
21.93236766177812,87.91362528035698,12.388815
21.93236766177812,87.92260843319816,10.304339
21.93236766177812,87.93159158603936,8.995958
21.93236766177812,87.94057473888056,17.479649
21.93236766177812,87.94955789172175,20.155724
21.93236766177812,87.95854104456295,20.482405
21.93236766177812,87.96752419740415,20.889107
21.93236766177812,87.97650735024534,23.750244
21.93236766177812,87.98549050308654,25.619102
21.93236766177812,87.99447365592773,24.772793
21.93236766177812,88.00345680876893,22.293606
21.93236766177812,88.01243996161013,23.677542
21.93236766177812,88.0483725729749,19.06172
21.93236766177812,88.0573557258161,18.54287
21.93236766177812,88.06633887865729,12.011907
21.93236766177812,88.07532203149849,8.289687
21.93236766177812,88.08430518433968,6.588817
21.93236766177812,88.16515355991044,6.5820446
21.93236766177812,88.17413671275163,9.196197
21.93236766177812,88.18311986559283,9.994003
21.93236766177812,88.19210301843403,10.546783
21.93236766177812,88.20108617127522,7.7457943
21.93236766177812,88.21006932411642,6.671631
21.93236766177812,88.21905247695761,6.841054
21.93236766177812,88.22803562979881,6.3188214
21.93236766177812,88.23701878264,6.4745207
21.93236766177812,88.2460019354812,8.705515
21.93236766177812,88.2549850883224,8.40954
21.93236766177812,88.26396824116358,8.472361
21.93236766177812,88.27295139400478,6.544902
21.93236766177812,88.28193454684597,5.9236135
21.93236766177812,88.29091769968717,6.1042614
21.93236766177812,88.29990085252837,5.576676
21.941350814619312,87.500400249662,8.025603
21.941350814619312,87.50938340250319,6.8114347
21.941350814619312,87.51836655534439,7.2349434
21.941350814619312,87.52734970818558,9.323805
21.941350814619312,87.53633286102678,9.910545
21.941350814619312,87.54531601386797,8.840805
21.941350814619312,87.55429916670917,7.0826135
21.941350814619312,87.56328231955037,7.027844
21.941350814619312,87.57226547239156,6.9447618
21.941350814619312,87.58124862523275,7.628869
21.941350814619312,87.59023177807394,7.8011785
21.941350814619312,87.59921493091514,8.558604
21.941350814619312,87.60819808375633,8.814115
21.941350814619312,87.61718123659753,7.874316
21.941350814619312,87.62616438943873,7.568885
21.941350814619312,87.63514754227992,7.5061393
21.941350814619312,87.64413069512112,7.2973447
21.941350814619312,87.65311384796232,7.6005745
21.941350814619312,87.66209700080351,8.1059675
21.941350814619312,87.67108015364471,8.386099
21.941350814619312,87.6800633064859,7.370227
21.941350814619312,87.68904645932709,6.51015
21.941350814619312,87.69802961216828,6.4575176
21.941350814619312,87.70701276500948,6.4510517
21.941350814619312,87.71599591785068,6.341664
21.941350814619312,87.72497907069187,5.9300222
21.941350814619312,87.73396222353307,6.253541
21.941350814619312,87.74294537637427,6.266309
21.941350814619312,87.75192852921546,7.0295615
21.941350814619312,87.76091168205666,7.541846
21.941350814619312,87.76989483489785,12.09695
21.941350814619312,87.77887798773905,14.101138
21.941350814619312,87.78786114058025,17.78857
21.941350814619312,87.79684429342144,15.151604
21.941350814619312,87.80582744626263,11.184008
21.941350814619312,87.81481059910382,11.944342
21.941350814619312,87.82379375194502,13.214836
21.941350814619312,87.83277690478621,10.904534
21.941350814619312,87.84176005762741,10.967196
21.941350814619312,87.85074321046861,13.39805
21.941350814619312,87.8597263633098,13.962611
21.941350814619312,87.868709516151,13.308559
21.941350814619312,87.8776926689922,11.8900795
21.941350814619312,87.88667582183339,12.808092
21.941350814619312,87.89565897467459,12.653765
21.941350814619312,87.90464212751579,12.611862
21.941350814619312,87.91362528035698,13.984337
21.941350814619312,87.92260843319816,18.142262
21.941350814619312,87.93159158603936,19.270636
21.941350814619312,87.94057473888056,19.616583
21.941350814619312,87.94955789172175,19.242706
21.941350814619312,87.95854104456295,19.87511
21.941350814619312,87.96752419740415,19.489492
21.941350814619312,87.97650735024534,22.14054
21.941350814619312,87.98549050308654,25.355307
21.941350814619312,87.99447365592773,25.612198
21.941350814619312,88.00345680876893,24.75444
21.941350814619312,88.01243996161013,25.428856
21.941350814619312,88.02142311445132,23.061255
21.941350814619312,88.0483725729749,17.197823
21.941350814619312,88.0573557258161,20.206863
21.941350814619312,88.06633887865729,18.49977
21.941350814619312,88.07532203149849,11.066558
21.941350814619312,88.08430518433968,6.059641
21.941350814619312,88.16515355991044,7.720345
21.941350814619312,88.17413671275163,8.216892
21.941350814619312,88.18311986559283,10.857505
21.941350814619312,88.19210301843403,13.527468
21.941350814619312,88.20108617127522,7.9396853
21.941350814619312,88.21006932411642,6.7219033
21.941350814619312,88.21905247695761,6.437892
21.941350814619312,88.22803562979881,6.4068103
21.941350814619312,88.23701878264,9.094238
21.941350814619312,88.2460019354812,10.025221
21.941350814619312,88.2549850883224,10.356456
21.941350814619312,88.26396824116358,8.921177
21.941350814619312,88.27295139400478,6.537967
21.941350814619312,88.28193454684597,6.2575154
21.941350814619312,88.29091769968717,6.114395
21.941350814619312,88.29990085252837,6.592476
21.95033396746051,87.500400249662,7.9928565
21.95033396746051,87.50938340250319,6.8435154
21.95033396746051,87.51836655534439,6.179658
21.95033396746051,87.52734970818558,9.503584
21.95033396746051,87.53633286102678,11.350545
21.95033396746051,87.54531601386797,10.350721
21.95033396746051,87.55429916670917,8.343853
21.95033396746051,87.56328231955037,7.392541
21.95033396746051,87.57226547239156,6.94726
21.95033396746051,87.58124862523275,8.256954
21.95033396746051,87.59023177807394,8.704996
21.95033396746051,87.59921493091514,7.9830017
21.95033396746051,87.60819808375633,7.1536613
21.95033396746051,87.61718123659753,7.496087
21.95033396746051,87.62616438943873,7.094979
21.95033396746051,87.63514754227992,7.2323146
21.95033396746051,87.64413069512112,7.435102
21.95033396746051,87.65311384796232,8.8636465
21.95033396746051,87.66209700080351,8.470772
21.95033396746051,87.67108015364471,7.513164
21.95033396746051,87.6800633064859,6.2320395
21.95033396746051,87.68904645932709,6.357593
21.95033396746051,87.69802961216828,6.143961
21.95033396746051,87.70701276500948,6.3687515
21.95033396746051,87.71599591785068,6.2733192
21.95033396746051,87.72497907069187,6.256463
21.95033396746051,87.73396222353307,6.2562966
21.95033396746051,87.74294537637427,6.636207
21.95033396746051,87.75192852921546,7.9416904
21.95033396746051,87.76091168205666,8.110739
21.95033396746051,87.76989483489785,12.849678
21.95033396746051,87.77887798773905,12.133864
21.95033396746051,87.78786114058025,14.165976
21.95033396746051,87.79684429342144,16.684689
21.95033396746051,87.80582744626263,11.021406
21.95033396746051,87.81481059910382,12.403954
21.95033396746051,87.82379375194502,12.916683
21.95033396746051,87.83277690478621,11.257967
21.95033396746051,87.84176005762741,12.025528
21.95033396746051,87.85074321046861,13.478735
21.95033396746051,87.8597263633098,14.955227
21.95033396746051,87.868709516151,12.454145
21.95033396746051,87.8776926689922,5.9427843
21.95033396746051,87.88667582183339,4.728309
21.95033396746051,87.89565897467459,5.823146
21.95033396746051,87.90464212751579,6.9677496
21.95033396746051,87.91362528035698,18.713678
21.95033396746051,87.92260843319816,19.06696
21.95033396746051,87.93159158603936,19.286398
21.95033396746051,87.94057473888056,18.323318
21.95033396746051,87.94955789172175,19.846893
21.95033396746051,87.95854104456295,20.02568
21.95033396746051,87.96752419740415,19.642317
21.95033396746051,87.97650735024534,22.023705
21.95033396746051,87.98549050308654,23.3026
21.95033396746051,87.99447365592773,23.5313
21.95033396746051,88.00345680876893,22.854633
21.95033396746051,88.01243996161013,24.895756
21.95033396746051,88.02142311445132,25.94545
21.95033396746051,88.0573557258161,26.82487
21.95033396746051,88.06633887865729,24.466465
21.95033396746051,88.07532203149849,16.178661
21.95033396746051,88.08430518433968,7.3202353
21.95033396746051,88.09328833718088,8.225848
21.95033396746051,88.15617040706924,7.5853376
21.95033396746051,88.16515355991044,7.5069675
21.95033396746051,88.17413671275163,7.6848383
21.95033396746051,88.18311986559283,9.239801
21.95033396746051,88.19210301843403,10.24897
21.95033396746051,88.20108617127522,7.772397
21.95033396746051,88.21006932411642,7.289275
21.95033396746051,88.21905247695761,6.742029
21.95033396746051,88.22803562979881,7.5236998
21.95033396746051,88.23701878264,9.275457
21.95033396746051,88.2460019354812,10.268734
21.95033396746051,88.2549850883224,10.769281
21.95033396746051,88.26396824116358,8.2303
21.95033396746051,88.27295139400478,6.7125177
21.95033396746051,88.28193454684597,6.503963
21.95033396746051,88.29091769968717,6.4921017
21.95033396746051,88.29990085252837,8.945836
21.959317120301705,87.500400249662,7.7608185
21.959317120301705,87.50938340250319,7.255766
21.959317120301705,87.51836655534439,7.4367123
21.959317120301705,87.52734970818558,12.024968
21.959317120301705,87.53633286102678,13.679469
21.959317120301705,87.54531601386797,11.029112
21.959317120301705,87.55429916670917,9.639933
21.959317120301705,87.56328231955037,8.090916
21.959317120301705,87.57226547239156,7.833633
21.959317120301705,87.58124862523275,8.900101
21.959317120301705,87.59023177807394,10.251148
21.959317120301705,87.59921493091514,8.299543
21.959317120301705,87.60819808375633,7.783664
21.959317120301705,87.61718123659753,7.8637075
21.959317120301705,87.62616438943873,7.624446
21.959317120301705,87.63514754227992,8.020544
21.959317120301705,87.64413069512112,8.158112
21.959317120301705,87.65311384796232,8.353828
21.959317120301705,87.66209700080351,8.307829
21.959317120301705,87.67108015364471,7.7354875
21.959317120301705,87.6800633064859,6.383418
21.959317120301705,87.68904645932709,6.683511
21.959317120301705,87.69802961216828,6.2370386
21.959317120301705,87.70701276500948,6.4199114
21.959317120301705,87.71599591785068,6.529845
21.959317120301705,87.72497907069187,6.445668
21.959317120301705,87.73396222353307,7.1270447
21.959317120301705,87.74294537637427,7.309752
21.959317120301705,87.75192852921546,7.737919
21.959317120301705,87.76091168205666,7.3692737
21.959317120301705,87.76989483489785,11.650469
21.959317120301705,87.77887798773905,13.5832615
21.959317120301705,87.78786114058025,13.312151
21.959317120301705,87.79684429342144,17.615337
21.959317120301705,87.80582744626263,13.738652
21.959317120301705,87.81481059910382,12.949556
21.959317120301705,87.82379375194502,12.567825
21.959317120301705,87.83277690478621,12.431057
21.959317120301705,87.84176005762741,12.993401
21.959317120301705,87.85074321046861,13.329309
21.959317120301705,87.8597263633098,12.581804
21.959317120301705,87.868709516151,6.4578447
21.959317120301705,87.8776926689922,4.3975835
21.959317120301705,87.88667582183339,4.2643213
21.959317120301705,87.89565897467459,4.285074
21.959317120301705,87.90464212751579,4.580201
21.959317120301705,87.91362528035698,13.44576
21.959317120301705,87.92260843319816,19.290031
21.959317120301705,87.93159158603936,19.030901
21.959317120301705,87.94057473888056,17.950752
21.959317120301705,87.94955789172175,18.212908
21.959317120301705,87.95854104456295,18.432253
21.959317120301705,87.96752419740415,19.687895
21.959317120301705,87.97650735024534,20.696373
21.959317120301705,87.98549050308654,22.732487
21.959317120301705,87.99447365592773,24.063036
21.959317120301705,88.00345680876893,23.753809
21.959317120301705,88.01243996161013,22.857628
21.959317120301705,88.02142311445132,27.11117
21.959317120301705,88.03040626729252,27.030762
21.959317120301705,88.0573557258161,26.127075
21.959317120301705,88.06633887865729,15.004163
21.959317120301705,88.07532203149849,10.820888
21.959317120301705,88.08430518433968,6.749898
21.959317120301705,88.09328833718088,8.360157
21.959317120301705,88.10227149002208,8.5962105
21.959317120301705,88.15617040706924,7.551001
21.959317120301705,88.16515355991044,6.5955505
21.959317120301705,88.17413671275163,7.4603033
21.959317120301705,88.18311986559283,9.058241
21.959317120301705,88.19210301843403,11.644361
21.959317120301705,88.20108617127522,9.100542
21.959317120301705,88.21006932411642,7.8750515
21.959317120301705,88.21905247695761,7.7609506
21.959317120301705,88.22803562979881,10.078412
21.959317120301705,88.23701878264,10.853735
21.959317120301705,88.2460019354812,10.052857
21.959317120301705,88.2549850883224,8.530558
21.959317120301705,88.26396824116358,7.369973
21.959317120301705,88.27295139400478,7.3060803
21.959317120301705,88.28193454684597,7.7065206
21.959317120301705,88.29091769968717,8.39144
21.959317120301705,88.29990085252837,10.532154
21.968300273142898,87.500400249662,7.762288
21.968300273142898,87.50938340250319,8.481541
21.968300273142898,87.51836655534439,9.831195
21.968300273142898,87.52734970818558,14.636974
21.968300273142898,87.53633286102678,16.221611
21.968300273142898,87.54531601386797,13.408708
21.968300273142898,87.55429916670917,12.041717
21.968300273142898,87.56328231955037,12.097277
21.968300273142898,87.57226547239156,10.941775
21.968300273142898,87.58124862523275,17.00454
21.968300273142898,87.59023177807394,26.38802
21.968300273142898,87.59921493091514,14.176032
21.968300273142898,87.60819808375633,11.76824
21.968300273142898,87.61718123659753,10.620913
21.968300273142898,87.62616438943873,14.523546
21.968300273142898,87.63514754227992,9.32952
21.968300273142898,87.64413069512112,7.60335
21.968300273142898,87.65311384796232,7.514955
21.968300273142898,87.66209700080351,6.576874
21.968300273142898,87.67108015364471,6.4063635
21.968300273142898,87.6800633064859,6.294377
21.968300273142898,87.68904645932709,6.2121835
21.968300273142898,87.69802961216828,6.5975304
21.968300273142898,87.70701276500948,6.3089466
21.968300273142898,87.71599591785068,6.7836165
21.968300273142898,87.72497907069187,7.440775
21.968300273142898,87.73396222353307,7.0778723
21.968300273142898,87.74294537637427,6.955777
21.968300273142898,87.75192852921546,7.003797
21.968300273142898,87.76091168205666,7.225176
21.968300273142898,87.76989483489785,7.8015137
21.968300273142898,87.77887798773905,7.9562693
21.968300273142898,87.78786114058025,8.314349
21.968300273142898,87.79684429342144,13.275421
21.968300273142898,87.80582744626263,35.857067
21.968300273142898,87.81481059910382,14.683684
21.968300273142898,87.82379375194502,13.954629
21.968300273142898,87.83277690478621,13.563742
21.968300273142898,87.84176005762741,12.93563
21.968300273142898,87.85074321046861,11.242399
21.968300273142898,87.8597263633098,5.1597023
21.968300273142898,87.868709516151,5.2549367
21.968300273142898,87.8776926689922,4.9389324
21.968300273142898,87.88667582183339,4.4832754
21.968300273142898,87.89565897467459,4.609871
21.968300273142898,87.90464212751579,4.8009825
21.968300273142898,87.91362528035698,4.759763
21.968300273142898,87.92260843319816,4.805037
21.968300273142898,87.93159158603936,4.679206
21.968300273142898,87.94057473888056,10.942928
21.968300273142898,87.94955789172175,14.258272
21.968300273142898,87.95854104456295,15.850144
21.968300273142898,87.96752419740415,19.511782
21.968300273142898,87.97650735024534,19.560764
21.968300273142898,87.98549050308654,22.510216
21.968300273142898,87.99447365592773,23.752464
21.968300273142898,88.00345680876893,23.08882
21.968300273142898,88.01243996161013,22.305244
21.968300273142898,88.02142311445132,22.209661
21.968300273142898,88.03040626729252,27.650112
21.968300273142898,88.06633887865729,6.2677803
21.968300273142898,88.07532203149849,5.811682
21.968300273142898,88.08430518433968,4.7689123
21.968300273142898,88.09328833718088,2.3003953
21.968300273142898,88.10227149002208,6.6042447
21.968300273142898,88.11125464286327,8.591839
21.968300273142898,88.16515355991044,7.6798544
21.968300273142898,88.17413671275163,7.3522577
21.968300273142898,88.18311986559283,7.5917234
21.968300273142898,88.19210301843403,10.287338
21.968300273142898,88.20108617127522,11.038521
21.968300273142898,88.21006932411642,10.743151
21.968300273142898,88.21905247695761,9.888049
21.968300273142898,88.22803562979881,11.096348
21.968300273142898,88.23701878264,11.229125
21.968300273142898,88.2460019354812,12.631603
21.968300273142898,88.2549850883224,10.112038
21.968300273142898,88.26396824116358,8.358716
21.968300273142898,88.27295139400478,9.3094635
21.968300273142898,88.28193454684597,9.701464
21.968300273142898,88.29091769968717,8.77887
21.968300273142898,88.29990085252837,7.87637
21.977283425984094,87.500400249662,8.569401
21.977283425984094,87.50938340250319,9.444483
21.977283425984094,87.51836655534439,11.751572
21.977283425984094,87.52734970818558,13.815789
21.977283425984094,87.53633286102678,14.4148445
21.977283425984094,87.54531601386797,13.641724
21.977283425984094,87.55429916670917,12.360496
21.977283425984094,87.56328231955037,13.021955
21.977283425984094,87.57226547239156,12.021772
21.977283425984094,87.58124862523275,17.33217
21.977283425984094,87.59023177807394,27.047674
21.977283425984094,87.59921493091514,17.499802
21.977283425984094,87.60819808375633,12.967792
21.977283425984094,87.61718123659753,12.156663
21.977283425984094,87.62616438943873,11.3127775
21.977283425984094,87.63514754227992,8.204038
21.977283425984094,87.64413069512112,7.5195446
21.977283425984094,87.65311384796232,7.142258
21.977283425984094,87.66209700080351,6.442771
21.977283425984094,87.67108015364471,6.5314684
21.977283425984094,87.6800633064859,6.3160806
21.977283425984094,87.68904645932709,5.9216146
21.977283425984094,87.69802961216828,6.0567374
21.977283425984094,87.70701276500948,6.9207034
21.977283425984094,87.71599591785068,7.5225115
21.977283425984094,87.72497907069187,7.6626472
21.977283425984094,87.73396222353307,7.5472527
21.977283425984094,87.74294537637427,7.404425
21.977283425984094,87.75192852921546,7.12114
21.977283425984094,87.76091168205666,7.6737347
21.977283425984094,87.76989483489785,8.253317
21.977283425984094,87.77887798773905,8.390463
21.977283425984094,87.78786114058025,8.667315
21.977283425984094,87.79684429342144,9.899996
21.977283425984094,87.80582744626263,13.979588
21.977283425984094,87.81481059910382,10.11573
21.977283425984094,87.82379375194502,11.822765
21.977283425984094,87.83277690478621,13.126095
21.977283425984094,87.84176005762741,12.212394
21.977283425984094,87.85074321046861,6.341927
21.977283425984094,87.8597263633098,4.891511
21.977283425984094,87.868709516151,4.937697
21.977283425984094,87.8776926689922,4.869747
21.977283425984094,87.88667582183339,4.304414
21.977283425984094,87.89565897467459,4.628152
21.977283425984094,87.90464212751579,4.8787518
21.977283425984094,87.91362528035698,4.5472183
21.977283425984094,87.92260843319816,4.2299304
21.977283425984094,87.93159158603936,4.155474
21.977283425984094,87.94057473888056,4.519472
21.977283425984094,87.94955789172175,4.7257156
21.977283425984094,87.95854104456295,4.5747566
21.977283425984094,87.96752419740415,6.709071
21.977283425984094,87.97650735024534,12.02474
21.977283425984094,87.98549050308654,22.53108
21.977283425984094,87.99447365592773,24.465517
21.977283425984094,88.00345680876893,23.232607
21.977283425984094,88.01243996161013,23.659786
21.977283425984094,88.02142311445132,18.672209
21.977283425984094,88.03040626729252,13.808605
21.977283425984094,88.06633887865729,6.825749
21.977283425984094,88.07532203149849,5.8642187
21.977283425984094,88.08430518433968,4.845004
21.977283425984094,88.09328833718088,2.136351
21.977283425984094,88.10227149002208,1.9537791
21.977283425984094,88.11125464286327,4.763591
21.977283425984094,88.17413671275163,8.376925
21.977283425984094,88.18311986559283,8.482156
21.977283425984094,88.19210301843403,10.223343
21.977283425984094,88.20108617127522,11.316793
21.977283425984094,88.21006932411642,12.372246
21.977283425984094,88.21905247695761,14.100985
21.977283425984094,88.22803562979881,12.838267
21.977283425984094,88.23701878264,11.415435
21.977283425984094,88.2460019354812,11.148387
21.977283425984094,88.2549850883224,10.173824
21.977283425984094,88.26396824116358,9.838841
21.977283425984094,88.27295139400478,9.658273
21.977283425984094,88.28193454684597,8.867798
21.977283425984094,88.29091769968717,8.544362
21.977283425984094,88.29990085252837,10.278591
21.98626657882529,87.500400249662,9.355553
21.98626657882529,87.50938340250319,10.835093
21.98626657882529,87.51836655534439,12.617815
21.98626657882529,87.52734970818558,10.240883
21.98626657882529,87.53633286102678,12.219616
21.98626657882529,87.54531601386797,11.894721
21.98626657882529,87.55429916670917,9.378922
21.98626657882529,87.56328231955037,10.029947
21.98626657882529,87.57226547239156,9.315388
21.98626657882529,87.58124862523275,9.886265
21.98626657882529,87.59023177807394,12.925978
21.98626657882529,87.59921493091514,9.36969
21.98626657882529,87.60819808375633,8.851072
21.98626657882529,87.61718123659753,8.790565
21.98626657882529,87.62616438943873,7.5418787
21.98626657882529,87.63514754227992,7.7294807
21.98626657882529,87.64413069512112,7.6785364
21.98626657882529,87.65311384796232,7.0749035
21.98626657882529,87.66209700080351,6.9785595
21.98626657882529,87.67108015364471,7.133515
21.98626657882529,87.6800633064859,6.6602774
21.98626657882529,87.68904645932709,6.1658545
21.98626657882529,87.69802961216828,6.33345
21.98626657882529,87.70701276500948,7.20272
21.98626657882529,87.71599591785068,6.9859133
21.98626657882529,87.72497907069187,7.169799
21.98626657882529,87.73396222353307,8.125579
21.98626657882529,87.74294537637427,7.969141
21.98626657882529,87.75192852921546,7.730827
21.98626657882529,87.76091168205666,8.946982
21.98626657882529,87.76989483489785,10.391072
21.98626657882529,87.77887798773905,8.758708
21.98626657882529,87.78786114058025,8.841995
21.98626657882529,87.79684429342144,8.852762
21.98626657882529,87.80582744626263,12.552293
21.98626657882529,87.81481059910382,8.482208
21.98626657882529,87.82379375194502,7.4810867
21.98626657882529,87.83277690478621,8.554087
21.98626657882529,87.84176005762741,7.948547
21.98626657882529,87.85074321046861,4.879546
21.98626657882529,87.8597263633098,5.1979575
21.98626657882529,87.868709516151,5.042257
21.98626657882529,87.8776926689922,4.895932
21.98626657882529,87.88667582183339,4.7882185
21.98626657882529,87.89565897467459,4.891303
21.98626657882529,87.90464212751579,4.586627
21.98626657882529,87.91362528035698,4.4685664
21.98626657882529,87.92260843319816,3.804436
21.98626657882529,87.93159158603936,4.198809
21.98626657882529,87.94057473888056,4.446556
21.98626657882529,87.94955789172175,4.6559844
21.98626657882529,87.95854104456295,4.767902
21.98626657882529,87.96752419740415,5.112615
21.98626657882529,87.97650735024534,5.203819
21.98626657882529,87.98549050308654,8.00812
21.98626657882529,87.99447365592773,13.395296
21.98626657882529,88.00345680876893,14.586081
21.98626657882529,88.01243996161013,8.356223
21.98626657882529,88.02142311445132,5.925237
21.98626657882529,88.03040626729252,5.844907
21.98626657882529,88.06633887865729,4.4320602
21.98626657882529,88.07532203149849,3.330185
21.98626657882529,88.08430518433968,3.0526872
21.98626657882529,88.09328833718088,2.1608083
21.98626657882529,88.10227149002208,2.1454713
21.98626657882529,88.11125464286327,3.0471478
21.98626657882529,88.12023779570447,6.7773933
21.98626657882529,88.18311986559283,9.364873
21.98626657882529,88.19210301843403,10.469221
21.98626657882529,88.20108617127522,11.198771
21.98626657882529,88.21006932411642,14.4092045
21.98626657882529,88.21905247695761,15.48686
21.98626657882529,88.22803562979881,13.642395
21.98626657882529,88.23701878264,11.643333
21.98626657882529,88.2460019354812,12.086786
21.98626657882529,88.2549850883224,11.414881
21.98626657882529,88.26396824116358,9.990566
21.98626657882529,88.27295139400478,9.617397
21.98626657882529,88.28193454684597,8.892811
21.98626657882529,88.29091769968717,8.131071
21.98626657882529,88.29990085252837,10.0564375
21.995249731666483,87.500400249662,6.2567015
21.995249731666483,87.50938340250319,5.563343
21.995249731666483,87.51836655534439,8.242775
21.995249731666483,87.52734970818558,10.469049
21.995249731666483,87.53633286102678,10.678442
21.995249731666483,87.54531601386797,10.992962
21.995249731666483,87.55429916670917,6.87329
21.995249731666483,87.56328231955037,5.1430874
21.995249731666483,87.57226547239156,7.0541964
21.995249731666483,87.58124862523275,8.788351
21.995249731666483,87.59023177807394,8.684855
21.995249731666483,87.59921493091514,8.10091
21.995249731666483,87.60819808375633,7.265675
21.995249731666483,87.61718123659753,8.102455
21.995249731666483,87.62616438943873,8.868471
21.995249731666483,87.63514754227992,8.446168
21.995249731666483,87.64413069512112,8.030301
21.995249731666483,87.65311384796232,6.442805
21.995249731666483,87.66209700080351,8.484524
21.995249731666483,87.67108015364471,17.078524
21.995249731666483,87.6800633064859,7.4602127
21.995249731666483,87.68904645932709,7.2197638
21.995249731666483,87.69802961216828,6.9036536
21.995249731666483,87.70701276500948,7.533329
21.995249731666483,87.71599591785068,7.298681
21.995249731666483,87.72497907069187,8.522163
21.995249731666483,87.73396222353307,20.30365
21.995249731666483,87.74294537637427,14.700146
21.995249731666483,87.75192852921546,8.167647
21.995249731666483,87.76091168205666,8.589714
21.995249731666483,87.76989483489785,8.554619
21.995249731666483,87.77887798773905,8.771254
21.995249731666483,87.78786114058025,8.133012
21.995249731666483,87.79684429342144,8.46391
21.995249731666483,87.80582744626263,11.813004
21.995249731666483,87.81481059910382,10.864449
21.995249731666483,87.82379375194502,7.9087076
21.995249731666483,87.83277690478621,6.942112
21.995249731666483,87.84176005762741,6.7702565
21.995249731666483,87.85074321046861,5.9485397
21.995249731666483,87.8597263633098,5.7469587
21.995249731666483,87.868709516151,4.8257504
21.995249731666483,87.8776926689922,4.5210743
21.995249731666483,87.88667582183339,4.338973
21.995249731666483,87.89565897467459,4.1852875
21.995249731666483,87.90464212751579,4.3356724
21.995249731666483,87.91362528035698,4.762385
21.995249731666483,87.92260843319816,4.186314
21.995249731666483,87.93159158603936,4.1994767
21.995249731666483,87.94057473888056,4.3401546
21.995249731666483,87.94955789172175,4.5710955
21.995249731666483,87.95854104456295,5.0087895
21.995249731666483,87.96752419740415,5.3702264
21.995249731666483,87.97650735024534,5.64301
21.995249731666483,87.98549050308654,5.9054317
21.995249731666483,87.99447365592773,5.9459615
21.995249731666483,88.00345680876893,5.778419
21.995249731666483,88.01243996161013,5.782237
21.995249731666483,88.02142311445132,6.005752
21.995249731666483,88.03040626729252,6.2445354
21.995249731666483,88.0393894201337,7.7282414
21.995249731666483,88.07532203149849,3.000922
21.995249731666483,88.08430518433968,2.9121363
21.995249731666483,88.09328833718088,1.918812
21.995249731666483,88.10227149002208,2.1633875
21.995249731666483,88.11125464286327,2.3721862
21.995249731666483,88.12023779570447,2.3809905
21.995249731666483,88.12922094854567,2.2903697
21.995249731666483,88.19210301843403,13.8341255
21.995249731666483,88.20108617127522,17.311516
21.995249731666483,88.21006932411642,15.673321
21.995249731666483,88.21905247695761,16.176962
21.995249731666483,88.22803562979881,14.5493145
21.995249731666483,88.23701878264,12.351837
21.995249731666483,88.2460019354812,10.761588
21.995249731666483,88.2549850883224,10.469614
21.995249731666483,88.26396824116358,10.222247
21.995249731666483,88.27295139400478,8.796107
21.995249731666483,88.28193454684597,8.871791
21.995249731666483,88.29091769968717,8.762413
21.995249731666483,88.29990085252837,11.656844
22.00423288450768,87.500400249662,6.693461
22.00423288450768,87.50938340250319,4.873726
22.00423288450768,87.51836655534439,4.93452
22.00423288450768,87.52734970818558,6.4096975
22.00423288450768,87.53633286102678,9.304235
22.00423288450768,87.54531601386797,11.210066
22.00423288450768,87.55429916670917,7.907715
22.00423288450768,87.56328231955037,8.272089
22.00423288450768,87.57226547239156,8.4512205
22.00423288450768,87.58124862523275,8.678808
22.00423288450768,87.59023177807394,8.862126
22.00423288450768,87.59921493091514,6.7175674
22.00423288450768,87.60819808375633,6.0208845
22.00423288450768,87.61718123659753,7.431828
22.00423288450768,87.62616438943873,8.862268
22.00423288450768,87.63514754227992,7.7778044
22.00423288450768,87.64413069512112,7.136696
22.00423288450768,87.65311384796232,6.3538857
22.00423288450768,87.66209700080351,6.7362304
22.00423288450768,87.67108015364471,10.95664
22.00423288450768,87.6800633064859,7.284412
22.00423288450768,87.68904645932709,8.162318
22.00423288450768,87.69802961216828,7.6956434
22.00423288450768,87.70701276500948,7.452841
22.00423288450768,87.71599591785068,7.5466404
22.00423288450768,87.72497907069187,9.1369915
22.00423288450768,87.73396222353307,14.621662
22.00423288450768,87.74294537637427,12.332736
22.00423288450768,87.75192852921546,8.949951
22.00423288450768,87.76091168205666,8.522031
22.00423288450768,87.76989483489785,8.1012535
22.00423288450768,87.77887798773905,8.289384
22.00423288450768,87.78786114058025,8.628801
22.00423288450768,87.79684429342144,8.972771
22.00423288450768,87.80582744626263,11.248983
22.00423288450768,87.81481059910382,15.756174
22.00423288450768,87.82379375194502,9.817657
22.00423288450768,87.83277690478621,7.0793347
22.00423288450768,87.84176005762741,7.2677193
22.00423288450768,87.85074321046861,7.1647916
22.00423288450768,87.8597263633098,4.4914722
22.00423288450768,87.868709516151,4.2586775
22.00423288450768,87.8776926689922,4.2062826
22.00423288450768,87.88667582183339,4.331265
22.00423288450768,87.89565897467459,4.416377
22.00423288450768,87.90464212751579,4.7421784
22.00423288450768,87.91362528035698,4.9089494
22.00423288450768,87.92260843319816,4.6523933
22.00423288450768,87.93159158603936,4.146589
22.00423288450768,87.94057473888056,4.4906235
22.00423288450768,87.94955789172175,4.6950088
22.00423288450768,87.95854104456295,5.071109
22.00423288450768,87.96752419740415,6.666987
22.00423288450768,87.97650735024534,9.611917
22.00423288450768,87.98549050308654,6.519743
22.00423288450768,87.99447365592773,6.800992
22.00423288450768,88.00345680876893,5.7298565
22.00423288450768,88.01243996161013,5.6520786
22.00423288450768,88.02142311445132,5.9078913
22.00423288450768,88.03040626729252,6.7103796
22.00423288450768,88.0393894201337,8.282365
22.00423288450768,88.0483725729749,8.80213
22.00423288450768,88.08430518433968,2.5976968
22.00423288450768,88.09328833718088,2.2879858
22.00423288450768,88.10227149002208,2.579495
22.00423288450768,88.11125464286327,3.2010212
22.00423288450768,88.12023779570447,2.807885
22.00423288450768,88.12922094854567,2.1930695
22.00423288450768,88.19210301843403,15.270714
22.00423288450768,88.20108617127522,14.641314
22.00423288450768,88.21006932411642,15.053995
22.00423288450768,88.21905247695761,17.085258
22.00423288450768,88.22803562979881,16.41078
22.00423288450768,88.23701878264,13.760128
22.00423288450768,88.2460019354812,10.537282
22.00423288450768,88.2549850883224,10.188621
22.00423288450768,88.26396824116358,9.637418
22.00423288450768,88.27295139400478,8.970792
22.00423288450768,88.28193454684597,10.15426
22.00423288450768,88.29091769968717,10.010412
22.00423288450768,88.29990085252837,11.424036
22.013216037348876,87.500400249662,6.8290777
22.013216037348876,87.50938340250319,6.0952826
22.013216037348876,87.51836655534439,6.092073
22.013216037348876,87.52734970818558,6.784969
22.013216037348876,87.53633286102678,12.059873
22.013216037348876,87.54531601386797,13.100243
22.013216037348876,87.55429916670917,8.646186
22.013216037348876,87.56328231955037,7.974173
22.013216037348876,87.57226547239156,8.384081
22.013216037348876,87.58124862523275,8.328097
22.013216037348876,87.59023177807394,8.450628
22.013216037348876,87.59921493091514,5.3858438
22.013216037348876,87.60819808375633,5.033874
22.013216037348876,87.61718123659753,7.041352
22.013216037348876,87.62616438943873,8.6827755
22.013216037348876,87.63514754227992,7.913078
22.013216037348876,87.64413069512112,7.329497
22.013216037348876,87.65311384796232,6.2781367
22.013216037348876,87.66209700080351,6.227276
22.013216037348876,87.67108015364471,6.262121
22.013216037348876,87.6800633064859,6.5785007
22.013216037348876,87.68904645932709,6.8957167
22.013216037348876,87.69802961216828,7.2237854
22.013216037348876,87.70701276500948,7.5445843
22.013216037348876,87.71599591785068,7.7709484
22.013216037348876,87.72497907069187,8.214907
22.013216037348876,87.73396222353307,8.534708
22.013216037348876,87.74294537637427,9.939625
22.013216037348876,87.75192852921546,9.49765
22.013216037348876,87.76091168205666,9.005288
22.013216037348876,87.76989483489785,8.729519
22.013216037348876,87.77887798773905,10.150082
22.013216037348876,87.78786114058025,10.727182
22.013216037348876,87.79684429342144,10.000487
22.013216037348876,87.80582744626263,10.493168
22.013216037348876,87.81481059910382,16.636925
22.013216037348876,87.82379375194502,12.694513
22.013216037348876,87.83277690478621,7.344777
22.013216037348876,87.84176005762741,7.8909464
22.013216037348876,87.85074321046861,8.565675
22.013216037348876,87.8597263633098,5.038841
22.013216037348876,87.868709516151,4.076833
22.013216037348876,87.8776926689922,4.355165
22.013216037348876,87.88667582183339,4.3736463
22.013216037348876,87.89565897467459,4.5825276
22.013216037348876,87.90464212751579,4.9152956
22.013216037348876,87.91362528035698,4.541223
22.013216037348876,87.92260843319816,4.4848037
22.013216037348876,87.93159158603936,4.2977195
22.013216037348876,87.94057473888056,4.7549286
22.013216037348876,87.94955789172175,4.9763684
22.013216037348876,87.95854104456295,5.0433617
22.013216037348876,87.96752419740415,7.489806
22.013216037348876,87.97650735024534,11.646151
22.013216037348876,87.98549050308654,5.529934
22.013216037348876,87.99447365592773,5.447939
22.013216037348876,88.00345680876893,5.2088346
22.013216037348876,88.01243996161013,5.0556035
22.013216037348876,88.02142311445132,6.2118764
22.013216037348876,88.03040626729252,6.8504715
22.013216037348876,88.0393894201337,7.8795233
22.013216037348876,88.0483725729749,8.798411
22.013216037348876,88.0573557258161,9.914146
22.013216037348876,88.09328833718088,2.551438
22.013216037348876,88.10227149002208,2.8282876
22.013216037348876,88.11125464286327,3.0046122
22.013216037348876,88.12023779570447,2.5974624
22.013216037348876,88.12922094854567,2.038781
22.013216037348876,88.13820410138686,2.1059158
22.013216037348876,88.20108617127522,13.868356
22.013216037348876,88.21006932411642,13.975091
22.013216037348876,88.21905247695761,15.585152
22.013216037348876,88.22803562979881,17.803524
22.013216037348876,88.23701878264,15.301619
22.013216037348876,88.2460019354812,10.806752
22.013216037348876,88.2549850883224,10.077892
22.013216037348876,88.26396824116358,9.682569
22.013216037348876,88.27295139400478,9.773782
22.013216037348876,88.28193454684597,9.621288
22.013216037348876,88.29091769968717,10.138611
22.013216037348876,88.29990085252837,10.909379
22.022199190190072,87.500400249662,5.9794807
22.022199190190072,87.50938340250319,5.9143047
22.022199190190072,87.51836655534439,6.9811044
22.022199190190072,87.52734970818558,11.222332
22.022199190190072,87.53633286102678,12.368071
22.022199190190072,87.54531601386797,12.466
22.022199190190072,87.55429916670917,11.043562
22.022199190190072,87.56328231955037,8.202225
22.022199190190072,87.57226547239156,7.8238926
22.022199190190072,87.58124862523275,7.651451
22.022199190190072,87.59023177807394,8.582934
22.022199190190072,87.59921493091514,6.1755805
22.022199190190072,87.60819808375633,7.197876
22.022199190190072,87.61718123659753,7.4953594
22.022199190190072,87.62616438943873,7.30342
22.022199190190072,87.63514754227992,7.6208334
22.022199190190072,87.64413069512112,7.4734054
22.022199190190072,87.65311384796232,6.217144
22.022199190190072,87.66209700080351,6.0420575
22.022199190190072,87.67108015364471,5.689133
22.022199190190072,87.6800633064859,6.1613398
22.022199190190072,87.68904645932709,6.64408
22.022199190190072,87.69802961216828,6.8556495
22.022199190190072,87.70701276500948,7.3768525
22.022199190190072,87.71599591785068,7.4237556
22.022199190190072,87.72497907069187,7.319815
22.022199190190072,87.73396222353307,7.3556886
22.022199190190072,87.74294537637427,7.5037374
22.022199190190072,87.75192852921546,7.650598
22.022199190190072,87.76091168205666,9.958641
22.022199190190072,87.76989483489785,9.597507
22.022199190190072,87.77887798773905,10.402477
22.022199190190072,87.78786114058025,11.583494
22.022199190190072,87.79684429342144,12.583272
22.022199190190072,87.80582744626263,18.217794
22.022199190190072,87.81481059910382,17.269659
22.022199190190072,87.82379375194502,16.620485
22.022199190190072,87.83277690478621,11.290724
22.022199190190072,87.84176005762741,9.711369
22.022199190190072,87.85074321046861,10.172036
22.022199190190072,87.8597263633098,9.66479
22.022199190190072,87.868709516151,9.573481
22.022199190190072,87.8776926689922,9.333301
22.022199190190072,87.88667582183339,9.231906
22.022199190190072,87.89565897467459,5.530305
22.022199190190072,87.90464212751579,4.5572357
22.022199190190072,87.91362528035698,4.463155
22.022199190190072,87.92260843319816,4.48574
22.022199190190072,87.93159158603936,4.5221214
22.022199190190072,87.94057473888056,4.4125996
22.022199190190072,87.94955789172175,4.576208
22.022199190190072,87.95854104456295,4.6699667
22.022199190190072,87.96752419740415,6.0894613
22.022199190190072,87.97650735024534,5.2647777
22.022199190190072,87.98549050308654,4.6842546
22.022199190190072,87.99447365592773,4.98641
22.022199190190072,88.00345680876893,4.8734994
22.022199190190072,88.01243996161013,5.2326007
22.022199190190072,88.02142311445132,5.53415
22.022199190190072,88.03040626729252,6.6285663
22.022199190190072,88.0483725729749,13.849967
22.022199190190072,88.0573557258161,9.978481
22.022199190190072,88.06633887865729,3.4448953
22.022199190190072,88.07532203149849,4.9850655
22.022199190190072,88.08430518433968,10.635078
22.022199190190072,88.12922094854567,1.9820956
22.022199190190072,88.13820410138686,1.9700935
22.022199190190072,88.21006932411642,11.958947
22.022199190190072,88.21905247695761,12.345052
22.022199190190072,88.22803562979881,13.950346
22.022199190190072,88.23701878264,18.827301
22.022199190190072,88.2460019354812,12.383739
22.022199190190072,88.2549850883224,16.641525
22.022199190190072,88.26396824116358,17.244291
22.022199190190072,88.27295139400478,11.38005
22.022199190190072,88.28193454684597,11.091308
22.022199190190072,88.29091769968717,11.270772
22.022199190190072,88.29990085252837,11.801667
22.031182343031265,87.500400249662,7.656055
22.031182343031265,87.50938340250319,8.094769
22.031182343031265,87.51836655534439,9.027144
22.031182343031265,87.52734970818558,8.7310915
22.031182343031265,87.53633286102678,8.488123
22.031182343031265,87.54531601386797,8.435759
22.031182343031265,87.55429916670917,11.490982
22.031182343031265,87.56328231955037,10.023926
22.031182343031265,87.57226547239156,6.4902124
22.031182343031265,87.58124862523275,6.95942
22.031182343031265,87.59023177807394,8.055882
22.031182343031265,87.59921493091514,6.192546
22.031182343031265,87.60819808375633,7.3729415
22.031182343031265,87.61718123659753,7.5892243
22.031182343031265,87.62616438943873,7.8639183
22.031182343031265,87.63514754227992,8.369931
22.031182343031265,87.64413069512112,7.7989545
22.031182343031265,87.65311384796232,6.2059135
22.031182343031265,87.66209700080351,6.0291104
22.031182343031265,87.67108015364471,5.938486
22.031182343031265,87.6800633064859,6.090404
22.031182343031265,87.68904645932709,6.1310344
22.031182343031265,87.69802961216828,6.203292
22.031182343031265,87.70701276500948,7.410384
22.031182343031265,87.71599591785068,7.5070944
22.031182343031265,87.72497907069187,7.153986
22.031182343031265,87.73396222353307,7.2744102
22.031182343031265,87.74294537637427,7.2002463
22.031182343031265,87.75192852921546,7.135581
22.031182343031265,87.76091168205666,9.575086
22.031182343031265,87.76989483489785,10.132284
22.031182343031265,87.77887798773905,10.849742
22.031182343031265,87.78786114058025,14.457074
22.031182343031265,87.79684429342144,20.51202
22.031182343031265,87.80582744626263,19.51552
22.031182343031265,87.81481059910382,17.597118
22.031182343031265,87.82379375194502,15.485523
22.031182343031265,87.83277690478621,14.575646
22.031182343031265,87.84176005762741,11.676827
22.031182343031265,87.85074321046861,11.34528
22.031182343031265,87.8597263633098,9.414709
22.031182343031265,87.868709516151,9.714491
22.031182343031265,87.8776926689922,9.548861
22.031182343031265,87.88667582183339,9.808063
22.031182343031265,87.89565897467459,9.598697
22.031182343031265,87.90464212751579,6.7950664
22.031182343031265,87.91362528035698,4.446249
22.031182343031265,87.92260843319816,4.6405015
22.031182343031265,87.93159158603936,4.5248756
22.031182343031265,87.94057473888056,4.2961187
22.031182343031265,87.94955789172175,4.3449297
22.031182343031265,87.95854104456295,4.4598627
22.031182343031265,87.96752419740415,6.1228786
22.031182343031265,87.97650735024534,5.3057985
22.031182343031265,87.98549050308654,4.6934757
22.031182343031265,87.99447365592773,4.6785345
22.031182343031265,88.00345680876893,5.6549835
22.031182343031265,88.01243996161013,5.9478207
22.031182343031265,88.02142311445132,6.2524147
22.031182343031265,88.03040626729252,6.676753
22.031182343031265,88.0393894201337,10.823583
22.031182343031265,88.0483725729749,18.569475
22.031182343031265,88.0573557258161,12.212297
22.031182343031265,88.06633887865729,4.0987267
22.031182343031265,88.07532203149849,8.906833
22.031182343031265,88.08430518433968,17.773115
22.031182343031265,88.09328833718088,23.290022
22.031182343031265,88.10227149002208,21.478409
22.031182343031265,88.21006932411642,10.956949
22.031182343031265,88.21905247695761,12.035003
22.031182343031265,88.22803562979881,11.541297
22.031182343031265,88.23701878264,19.637714
22.031182343031265,88.2460019354812,14.763217
22.031182343031265,88.2549850883224,12.505975
22.031182343031265,88.26396824116358,11.552165
22.031182343031265,88.27295139400478,10.109864
22.031182343031265,88.28193454684597,9.349134
22.031182343031265,88.29091769968717,9.411568
22.031182343031265,88.29990085252837,11.701021
22.04016549587246,87.500400249662,14.177006
22.04016549587246,87.50938340250319,11.214983
22.04016549587246,87.51836655534439,8.319047
22.04016549587246,87.52734970818558,6.472425
22.04016549587246,87.53633286102678,7.392845
22.04016549587246,87.54531601386797,7.22655
22.04016549587246,87.55429916670917,9.023987
22.04016549587246,87.56328231955037,10.866912
22.04016549587246,87.57226547239156,9.687167
22.04016549587246,87.58124862523275,8.055711
22.04016549587246,87.59023177807394,8.18665
22.04016549587246,87.59921493091514,7.4104
22.04016549587246,87.60819808375633,8.014898
22.04016549587246,87.61718123659753,7.973528
22.04016549587246,87.62616438943873,7.862002
22.04016549587246,87.63514754227992,8.4061985
22.04016549587246,87.64413069512112,7.837935
22.04016549587246,87.65311384796232,7.05485
22.04016549587246,87.66209700080351,6.416408
22.04016549587246,87.67108015364471,5.960431
22.04016549587246,87.6800633064859,5.905719
22.04016549587246,87.68904645932709,5.940575
22.04016549587246,87.69802961216828,6.0909786
22.04016549587246,87.70701276500948,7.9951
22.04016549587246,87.71599591785068,8.595254
22.04016549587246,87.72497907069187,7.4805336
22.04016549587246,87.73396222353307,7.7361355
22.04016549587246,87.74294537637427,7.290802
22.04016549587246,87.75192852921546,7.7532196
22.04016549587246,87.76091168205666,9.714167
22.04016549587246,87.76989483489785,10.930115
22.04016549587246,87.77887798773905,14.333585
22.04016549587246,87.78786114058025,17.462248
22.04016549587246,87.79684429342144,20.121964
22.04016549587246,87.80582744626263,13.716351
22.04016549587246,87.81481059910382,14.798149
22.04016549587246,87.82379375194502,15.077094
22.04016549587246,87.83277690478621,16.873764
22.04016549587246,87.84176005762741,12.86536
22.04016549587246,87.85074321046861,11.785756
22.04016549587246,87.8597263633098,9.40463
22.04016549587246,87.868709516151,9.723718
22.04016549587246,87.8776926689922,9.727334
22.04016549587246,87.88667582183339,9.918549
22.04016549587246,87.89565897467459,9.720943
22.04016549587246,87.90464212751579,10.528677
22.04016549587246,87.91362528035698,4.613076
22.04016549587246,87.92260843319816,5.185134
22.04016549587246,87.93159158603936,4.595206
22.04016549587246,87.94057473888056,4.111314
22.04016549587246,87.94955789172175,4.147924
22.04016549587246,87.95854104456295,4.2906647
22.04016549587246,87.96752419740415,4.6166396
22.04016549587246,87.97650735024534,4.613002
22.04016549587246,87.98549050308654,4.6977377
22.04016549587246,87.99447365592773,4.620113
22.04016549587246,88.00345680876893,5.2765636
22.04016549587246,88.01243996161013,7.179958
22.04016549587246,88.02142311445132,7.2224493
22.04016549587246,88.0393894201337,11.765881
22.04016549587246,88.0483725729749,9.398408
22.04016549587246,88.0573557258161,4.373904
22.04016549587246,88.06633887865729,4.272437
22.04016549587246,88.07532203149849,6.3912873
22.04016549587246,88.08430518433968,19.28779
22.04016549587246,88.09328833718088,27.987875
22.04016549587246,88.10227149002208,33.20624
22.04016549587246,88.11125464286327,23.868277
22.04016549587246,88.21905247695761,11.362306
22.04016549587246,88.22803562979881,11.493695
22.04016549587246,88.23701878264,16.077557
22.04016549587246,88.2460019354812,16.15459
22.04016549587246,88.2549850883224,12.624222
22.04016549587246,88.26396824116358,11.119805
22.04016549587246,88.27295139400478,10.1159935
22.04016549587246,88.28193454684597,9.164287
22.04016549587246,88.29091769968717,9.545319
22.04016549587246,88.29990085252837,11.953825
22.049148648713658,87.500400249662,6.5418787
22.049148648713658,87.50938340250319,6.0465193
22.049148648713658,87.51836655534439,6.624989
22.049148648713658,87.52734970818558,6.2674847
22.049148648713658,87.53633286102678,5.9519715
22.049148648713658,87.54531601386797,5.586467
22.049148648713658,87.55429916670917,5.3893332
22.049148648713658,87.56328231955037,5.7603173
22.049148648713658,87.57226547239156,7.559062
22.049148648713658,87.58124862523275,11.662413
22.049148648713658,87.59023177807394,15.40716
22.049148648713658,87.59921493091514,18.847935
22.049148648713658,87.60819808375633,10.587152
22.049148648713658,87.61718123659753,9.322797
22.049148648713658,87.62616438943873,8.267021
22.049148648713658,87.63514754227992,8.878017
22.049148648713658,87.64413069512112,7.709955
22.049148648713658,87.65311384796232,7.700781
22.049148648713658,87.66209700080351,8.572608
22.049148648713658,87.67108015364471,8.524677
22.049148648713658,87.6800633064859,7.4978666
22.049148648713658,87.68904645932709,7.505086
22.049148648713658,87.69802961216828,6.885927
22.049148648713658,87.70701276500948,9.816513
22.049148648713658,87.71599591785068,10.102421
22.049148648713658,87.72497907069187,9.407932
22.049148648713658,87.73396222353307,9.363474
22.049148648713658,87.74294537637427,10.078973
22.049148648713658,87.75192852921546,10.487162
22.049148648713658,87.76091168205666,10.729706
22.049148648713658,87.76989483489785,12.500388
22.049148648713658,87.77887798773905,24.335283
22.049148648713658,87.78786114058025,13.465179
22.049148648713658,87.79684429342144,11.840673
22.049148648713658,87.80582744626263,13.041236
22.049148648713658,87.81481059910382,13.584084
22.049148648713658,87.82379375194502,13.477251
22.049148648713658,87.83277690478621,13.980335
22.049148648713658,87.84176005762741,14.490803
22.049148648713658,87.85074321046861,12.400392
22.049148648713658,87.8597263633098,10.333422
22.049148648713658,87.868709516151,9.774427
22.049148648713658,87.8776926689922,10.150766
22.049148648713658,87.88667582183339,9.785217
22.049148648713658,87.89565897467459,10.449532
22.049148648713658,87.90464212751579,11.749408
22.049148648713658,87.91362528035698,5.2821274
22.049148648713658,87.92260843319816,4.567432
22.049148648713658,87.93159158603936,4.7831335
22.049148648713658,87.94057473888056,4.4080896
22.049148648713658,87.94955789172175,4.3069105
22.049148648713658,87.95854104456295,4.2430863
22.049148648713658,87.96752419740415,4.2705975
22.049148648713658,87.97650735024534,4.2866235
22.049148648713658,87.98549050308654,4.8995595
22.049148648713658,87.99447365592773,4.5409136
22.049148648713658,88.00345680876893,4.9576154
22.049148648713658,88.01243996161013,7.117939
22.049148648713658,88.03040626729252,10.777584
22.049148648713658,88.0393894201337,20.051727
22.049148648713658,88.0483725729749,8.454506
22.049148648713658,88.0573557258161,4.498514
22.049148648713658,88.06633887865729,8.109522
22.049148648713658,88.07532203149849,8.68236
22.049148648713658,88.08430518433968,11.90944
22.049148648713658,88.09328833718088,22.55287
22.049148648713658,88.10227149002208,23.222378
22.049148648713658,88.11125464286327,32.97975
22.049148648713658,88.12023779570447,23.623743
22.049148648713658,88.12922094854567,28.848953
22.049148648713658,88.13820410138686,39.66559
22.049148648713658,88.21905247695761,11.389684
22.049148648713658,88.22803562979881,11.56324
22.049148648713658,88.23701878264,13.3520775
22.049148648713658,88.2460019354812,16.94792
22.049148648713658,88.2549850883224,12.6018715
22.049148648713658,88.26396824116358,11.759061
22.049148648713658,88.27295139400478,13.393732
22.049148648713658,88.28193454684597,14.849515
22.049148648713658,88.29091769968717,12.504863
22.049148648713658,88.29990085252837,11.333642
22.05813180155485,87.500400249662,5.786716
22.05813180155485,87.50938340250319,6.594793
22.05813180155485,87.51836655534439,6.5774117
22.05813180155485,87.52734970818558,6.968405
22.05813180155485,87.53633286102678,5.905519
22.05813180155485,87.54531601386797,4.7043047
22.05813180155485,87.55429916670917,4.170537
22.05813180155485,87.56328231955037,5.6217175
22.05813180155485,87.57226547239156,6.9037147
22.05813180155485,87.58124862523275,8.141488
22.05813180155485,87.59023177807394,12.46134
22.05813180155485,87.59921493091514,29.96809
22.05813180155485,87.60819808375633,18.514702
22.05813180155485,87.61718123659753,9.736825
22.05813180155485,87.62616438943873,7.8491945
22.05813180155485,87.63514754227992,8.5113325
22.05813180155485,87.64413069512112,7.940878
22.05813180155485,87.65311384796232,8.651488
22.05813180155485,87.66209700080351,8.818049
22.05813180155485,87.67108015364471,8.464544
22.05813180155485,87.6800633064859,8.526631
22.05813180155485,87.68904645932709,8.633397
22.05813180155485,87.69802961216828,8.232567
22.05813180155485,87.70701276500948,10.146791
22.05813180155485,87.71599591785068,11.0933695
22.05813180155485,87.72497907069187,10.297526
22.05813180155485,87.73396222353307,9.424145
22.05813180155485,87.74294537637427,9.939232
22.05813180155485,87.75192852921546,10.510615
22.05813180155485,87.76091168205666,11.30352
22.05813180155485,87.76989483489785,13.074799
22.05813180155485,87.77887798773905,28.79127
22.05813180155485,87.78786114058025,14.912372
22.05813180155485,87.79684429342144,12.13777
22.05813180155485,87.80582744626263,11.890669
22.05813180155485,87.81481059910382,12.447086
22.05813180155485,87.82379375194502,11.880094
22.05813180155485,87.83277690478621,11.202263
22.05813180155485,87.84176005762741,12.221097
22.05813180155485,87.85074321046861,13.339112
22.05813180155485,87.8597263633098,10.498573
22.05813180155485,87.868709516151,10.418908
22.05813180155485,87.8776926689922,9.950224
22.05813180155485,87.88667582183339,9.724197
22.05813180155485,87.89565897467459,10.361503
22.05813180155485,87.90464212751579,10.845391
22.05813180155485,87.91362528035698,4.955633
22.05813180155485,87.92260843319816,4.817196
22.05813180155485,87.93159158603936,4.6729813
22.05813180155485,87.94057473888056,4.3556204
22.05813180155485,87.94955789172175,4.3642817
22.05813180155485,87.95854104456295,4.404894
22.05813180155485,87.96752419740415,4.3143153
22.05813180155485,87.97650735024534,4.4957237
22.05813180155485,87.98549050308654,5.0737123
22.05813180155485,87.99447365592773,5.3866434
22.05813180155485,88.00345680876893,6.156395
22.05813180155485,88.01243996161013,7.305031
22.05813180155485,88.03040626729252,5.301372
22.05813180155485,88.0393894201337,6.3335047
22.05813180155485,88.0483725729749,8.958943
22.05813180155485,88.0573557258161,4.057705
22.05813180155485,88.06633887865729,9.125946
22.05813180155485,88.07532203149849,13.555487
22.05813180155485,88.08430518433968,15.936756
22.05813180155485,88.09328833718088,21.96194
22.05813180155485,88.10227149002208,17.531836
22.05813180155485,88.11125464286327,19.278128
22.05813180155485,88.12023779570447,20.549257
22.05813180155485,88.12922094854567,38.42296
22.05813180155485,88.13820410138686,42.655037
22.05813180155485,88.14718725422806,17.673338
22.05813180155485,88.21905247695761,12.839288
22.05813180155485,88.22803562979881,13.927246
22.05813180155485,88.23701878264,14.902996
22.05813180155485,88.2460019354812,16.167223
22.05813180155485,88.2549850883224,13.525525
22.05813180155485,88.26396824116358,13.731649
22.05813180155485,88.27295139400478,12.399506
22.05813180155485,88.28193454684597,12.632448
22.05813180155485,88.29091769968717,10.675817
22.05813180155485,88.29990085252837,9.673382
22.067114954396047,87.500400249662,5.6847734
22.067114954396047,87.50938340250319,6.64332
22.067114954396047,87.51836655534439,7.496785
22.067114954396047,87.52734970818558,8.139906
22.067114954396047,87.53633286102678,7.7274704
22.067114954396047,87.54531601386797,7.6540775
22.067114954396047,87.55429916670917,6.0490975
22.067114954396047,87.56328231955037,6.4223614
22.067114954396047,87.57226547239156,6.2394953
22.067114954396047,87.58124862523275,7.0092525
22.067114954396047,87.59023177807394,9.5795765
22.067114954396047,87.59921493091514,26.150717
22.067114954396047,87.60819808375633,18.174877
22.067114954396047,87.61718123659753,10.246729
22.067114954396047,87.62616438943873,8.11526
22.067114954396047,87.63514754227992,8.26545
22.067114954396047,87.64413069512112,8.075543
22.067114954396047,87.65311384796232,9.024632
22.067114954396047,87.66209700080351,9.226941
22.067114954396047,87.67108015364471,8.398226
22.067114954396047,87.6800633064859,7.9819345
22.067114954396047,87.68904645932709,7.871326
22.067114954396047,87.69802961216828,8.061046
22.067114954396047,87.70701276500948,10.531228
22.067114954396047,87.71599591785068,10.961267
22.067114954396047,87.72497907069187,10.370594
22.067114954396047,87.73396222353307,9.984018
22.067114954396047,87.74294537637427,10.679746
22.067114954396047,87.75192852921546,10.582722
22.067114954396047,87.76091168205666,11.587564
22.067114954396047,87.76989483489785,15.706656
22.067114954396047,87.77887798773905,17.312738
22.067114954396047,87.78786114058025,12.425995
22.067114954396047,87.79684429342144,11.618488
22.067114954396047,87.80582744626263,10.94765
22.067114954396047,87.81481059910382,11.1123905
22.067114954396047,87.82379375194502,11.114511
22.067114954396047,87.83277690478621,10.983815
22.067114954396047,87.84176005762741,11.90522
22.067114954396047,87.85074321046861,13.761841
22.067114954396047,87.8597263633098,10.604061
22.067114954396047,87.868709516151,10.899042
22.067114954396047,87.8776926689922,10.692012
22.067114954396047,87.88667582183339,10.112944
22.067114954396047,87.89565897467459,10.208452
22.067114954396047,87.90464212751579,10.122023
22.067114954396047,87.91362528035698,4.6974087
22.067114954396047,87.92260843319816,4.774576
22.067114954396047,87.93159158603936,4.4306574
22.067114954396047,87.94057473888056,3.8531742
22.067114954396047,87.94955789172175,3.9705918
22.067114954396047,87.95854104456295,4.3578467
22.067114954396047,87.96752419740415,4.163806
22.067114954396047,87.97650735024534,4.712286
22.067114954396047,87.98549050308654,5.2836885
22.067114954396047,87.99447365592773,6.024487
22.067114954396047,88.00345680876893,6.7553205
22.067114954396047,88.01243996161013,7.5723615
22.067114954396047,88.03040626729252,3.714647
22.067114954396047,88.0393894201337,2.730133
22.067114954396047,88.0483725729749,5.024648
22.067114954396047,88.0573557258161,3.822144
22.067114954396047,88.06633887865729,9.089736
22.067114954396047,88.07532203149849,13.640226
22.067114954396047,88.08430518433968,24.004393
22.067114954396047,88.09328833718088,18.417368
22.067114954396047,88.10227149002208,21.911875
22.067114954396047,88.11125464286327,33.744164
22.067114954396047,88.12023779570447,19.775833
22.067114954396047,88.12922094854567,38.200844
22.067114954396047,88.13820410138686,41.03428
22.067114954396047,88.14718725422806,25.253326
22.067114954396047,88.15617040706924,7.946573
22.067114954396047,88.21905247695761,13.437738
22.067114954396047,88.22803562979881,14.308041
22.067114954396047,88.23701878264,15.277688
22.067114954396047,88.2460019354812,17.152473
22.067114954396047,88.2549850883224,13.998993
22.067114954396047,88.26396824116358,14.210125
22.067114954396047,88.27295139400478,13.268797
22.067114954396047,88.28193454684597,13.1208
22.067114954396047,88.29091769968717,11.463961
22.067114954396047,88.29990085252837,11.355987
22.076098107237243,87.500400249662,7.71566
22.076098107237243,87.50938340250319,8.452108
22.076098107237243,87.51836655534439,9.533555
22.076098107237243,87.52734970818558,8.180746
22.076098107237243,87.53633286102678,8.260489
22.076098107237243,87.54531601386797,8.220723
22.076098107237243,87.55429916670917,8.133331
22.076098107237243,87.56328231955037,7.057495
22.076098107237243,87.57226547239156,8.444855
22.076098107237243,87.58124862523275,8.210721
22.076098107237243,87.59023177807394,8.43564
22.076098107237243,87.59921493091514,9.345011
22.076098107237243,87.60819808375633,13.070362
22.076098107237243,87.61718123659753,14.938026
22.076098107237243,87.62616438943873,15.903677
22.076098107237243,87.63514754227992,26.261261
22.076098107237243,87.64413069512112,28.098324
22.076098107237243,87.65311384796232,13.923128
22.076098107237243,87.66209700080351,15.463776
22.076098107237243,87.67108015364471,13.431243
22.076098107237243,87.6800633064859,9.384125
22.076098107237243,87.68904645932709,9.8404455
22.076098107237243,87.69802961216828,12.18517
22.076098107237243,87.70701276500948,21.487728
22.076098107237243,87.71599591785068,28.341063
22.076098107237243,87.72497907069187,27.033127
22.076098107237243,87.73396222353307,11.694904
22.076098107237243,87.74294537637427,12.005004
22.076098107237243,87.75192852921546,11.959056
22.076098107237243,87.76091168205666,13.569926
22.076098107237243,87.76989483489785,15.026392
22.076098107237243,87.77887798773905,12.2100315
22.076098107237243,87.78786114058025,11.811741
22.076098107237243,87.79684429342144,12.102462
22.076098107237243,87.80582744626263,11.465439
22.076098107237243,87.81481059910382,10.654629
22.076098107237243,87.82379375194502,10.892755
22.076098107237243,87.83277690478621,11.60339
22.076098107237243,87.84176005762741,12.576911
22.076098107237243,87.85074321046861,14.966796
22.076098107237243,87.8597263633098,13.390508
22.076098107237243,87.868709516151,12.079642
22.076098107237243,87.8776926689922,11.699226
22.076098107237243,87.88667582183339,22.963364
22.076098107237243,87.89565897467459,13.840938
22.076098107237243,87.90464212751579,10.032323
22.076098107237243,87.91362528035698,9.138522
22.076098107237243,87.92260843319816,8.666515
22.076098107237243,87.93159158603936,8.570991
22.076098107237243,87.94057473888056,4.1546483
22.076098107237243,87.94955789172175,4.4742675
22.076098107237243,87.95854104456295,4.6261315
22.076098107237243,87.96752419740415,4.474006
22.076098107237243,87.97650735024534,4.904948
22.076098107237243,87.98549050308654,5.9417467
22.076098107237243,87.99447365592773,7.431159
22.076098107237243,88.00345680876893,8.685847
22.076098107237243,88.01243996161013,5.7240624
22.076098107237243,88.02142311445132,4.5123777
22.076098107237243,88.03040626729252,3.2962427
22.076098107237243,88.0393894201337,3.6359882
22.076098107237243,88.0483725729749,6.529863
22.076098107237243,88.0573557258161,6.6868258
22.076098107237243,88.06633887865729,2.6659865
22.076098107237243,88.07532203149849,2.795821
22.076098107237243,88.08430518433968,5.1338744
22.076098107237243,88.09328833718088,6.9206305
22.076098107237243,88.10227149002208,15.309427
22.076098107237243,88.11125464286327,22.581093
22.076098107237243,88.12023779570447,33.397762
22.076098107237243,88.12922094854567,38.429615
22.076098107237243,88.13820410138686,26.868893
22.076098107237243,88.14718725422806,16.46852
22.076098107237243,88.15617040706924,15.961827
22.076098107237243,88.16515355991044,25.706078
22.076098107237243,88.17413671275163,12.483241
22.076098107237243,88.21905247695761,14.941899
22.076098107237243,88.22803562979881,15.743598
22.076098107237243,88.23701878264,15.515309
22.076098107237243,88.2460019354812,18.367102
22.076098107237243,88.2549850883224,15.583778
22.076098107237243,88.26396824116358,12.869919
22.076098107237243,88.27295139400478,13.103882
22.076098107237243,88.28193454684597,12.086336
22.076098107237243,88.29091769968717,11.581278
22.076098107237243,88.29990085252837,11.532168
22.085081260078436,87.500400249662,7.698715
22.085081260078436,87.50938340250319,8.257822
22.085081260078436,87.51836655534439,8.892721
22.085081260078436,87.52734970818558,8.74841
22.085081260078436,87.53633286102678,8.225503
22.085081260078436,87.54531601386797,7.9550004
22.085081260078436,87.55429916670917,8.25905
22.085081260078436,87.56328231955037,8.491913
22.085081260078436,87.57226547239156,8.508085
22.085081260078436,87.58124862523275,8.36106
22.085081260078436,87.59023177807394,8.755795
22.085081260078436,87.59921493091514,8.733251
22.085081260078436,87.60819808375633,8.655771
22.085081260078436,87.61718123659753,10.134966
22.085081260078436,87.62616438943873,15.063229
22.085081260078436,87.63514754227992,28.32684
22.085081260078436,87.64413069512112,27.553719
22.085081260078436,87.65311384796232,15.642558
22.085081260078436,87.66209700080351,16.47083
22.085081260078436,87.67108015364471,15.096757
22.085081260078436,87.6800633064859,13.387831
22.085081260078436,87.68904645932709,14.241671
22.085081260078436,87.69802961216828,15.911849
22.085081260078436,87.70701276500948,19.014956
22.085081260078436,87.71599591785068,21.45316
22.085081260078436,87.72497907069187,21.94905
22.085081260078436,87.73396222353307,13.420786
22.085081260078436,87.74294537637427,12.362081
22.085081260078436,87.75192852921546,12.190094
22.085081260078436,87.76091168205666,14.836866
22.085081260078436,87.76989483489785,14.218971
22.085081260078436,87.77887798773905,11.091156
22.085081260078436,87.78786114058025,11.165987
22.085081260078436,87.79684429342144,12.880222
22.085081260078436,87.80582744626263,11.998376
22.085081260078436,87.81481059910382,11.229893
22.085081260078436,87.82379375194502,10.665068
22.085081260078436,87.83277690478621,11.126296
22.085081260078436,87.84176005762741,12.322205
22.085081260078436,87.85074321046861,16.112278
22.085081260078436,87.8597263633098,22.449268
22.085081260078436,87.868709516151,15.816488
22.085081260078436,87.8776926689922,13.890708
22.085081260078436,87.88667582183339,15.066013
22.085081260078436,87.89565897467459,12.081168
22.085081260078436,87.90464212751579,10.881119
22.085081260078436,87.91362528035698,9.1747055
22.085081260078436,87.92260843319816,9.239043
22.085081260078436,87.93159158603936,8.601599
22.085081260078436,87.94057473888056,7.9233894
22.085081260078436,87.94955789172175,5.6057544
22.085081260078436,87.95854104456295,4.962356
22.085081260078436,87.96752419740415,4.8496995
22.085081260078436,87.97650735024534,5.1112037
22.085081260078436,87.98549050308654,6.674364
22.085081260078436,87.99447365592773,7.369322
22.085081260078436,88.00345680876893,4.3002567
22.085081260078436,88.01243996161013,5.5465307
22.085081260078436,88.02142311445132,4.3934946
22.085081260078436,88.03040626729252,3.4082432
22.085081260078436,88.0393894201337,7.9404516
22.085081260078436,88.0483725729749,7.5850544
22.085081260078436,88.0573557258161,4.8573346
22.085081260078436,88.06633887865729,2.2991889
22.085081260078436,88.07532203149849,2.1335204
22.085081260078436,88.08430518433968,2.5330477
22.085081260078436,88.09328833718088,2.3509216
22.085081260078436,88.10227149002208,11.489349
22.085081260078436,88.11125464286327,17.09787
22.085081260078436,88.12023779570447,14.29259
22.085081260078436,88.12922094854567,17.641422
22.085081260078436,88.13820410138686,18.272734
22.085081260078436,88.14718725422806,14.192145
22.085081260078436,88.15617040706924,13.978974
22.085081260078436,88.16515355991044,21.839361
22.085081260078436,88.17413671275163,11.6128845
22.085081260078436,88.18311986559283,9.777028
22.085081260078436,88.21905247695761,15.410882
22.085081260078436,88.22803562979881,15.342649
22.085081260078436,88.23701878264,16.485788
22.085081260078436,88.2460019354812,18.637115
22.085081260078436,88.2549850883224,18.596476
22.085081260078436,88.26396824116358,15.136554
22.085081260078436,88.27295139400478,13.753618
22.085081260078436,88.28193454684597,13.183568
22.085081260078436,88.29091769968717,12.714613
22.085081260078436,88.29990085252837,13.983318
22.094064412919632,87.500400249662,7.89633
22.094064412919632,87.50938340250319,8.21874
22.094064412919632,87.51836655534439,8.736765
22.094064412919632,87.52734970818558,8.075029
22.094064412919632,87.53633286102678,7.6394467
22.094064412919632,87.54531601386797,7.845872
22.094064412919632,87.55429916670917,7.872959
22.094064412919632,87.56328231955037,8.481561
22.094064412919632,87.57226547239156,8.55661
22.094064412919632,87.58124862523275,8.902947
22.094064412919632,87.59023177807394,8.93125
22.094064412919632,87.59921493091514,8.329152
22.094064412919632,87.60819808375633,8.807597
22.094064412919632,87.61718123659753,9.110667
22.094064412919632,87.62616438943873,8.702786
22.094064412919632,87.63514754227992,10.116127
22.094064412919632,87.64413069512112,10.190737
22.094064412919632,87.65311384796232,9.380186
22.094064412919632,87.66209700080351,9.481486
22.094064412919632,87.67108015364471,9.645582
22.094064412919632,87.6800633064859,10.266441
22.094064412919632,87.68904645932709,10.193009
22.094064412919632,87.69802961216828,10.995917
22.094064412919632,87.70701276500948,10.918061
22.094064412919632,87.71599591785068,11.21383
22.094064412919632,87.72497907069187,13.109075
22.094064412919632,87.73396222353307,16.014187
22.094064412919632,87.74294537637427,14.799245
22.094064412919632,87.75192852921546,15.55669
22.094064412919632,87.76091168205666,15.642351
22.094064412919632,87.76989483489785,12.952757
22.094064412919632,87.77887798773905,11.269533
22.094064412919632,87.78786114058025,11.359253
22.094064412919632,87.79684429342144,14.250918
22.094064412919632,87.80582744626263,11.450448
22.094064412919632,87.81481059910382,11.474444
22.094064412919632,87.82379375194502,10.592497
22.094064412919632,87.83277690478621,10.044812
22.094064412919632,87.84176005762741,13.8097
22.094064412919632,87.85074321046861,18.71422
22.094064412919632,87.8597263633098,28.68418
22.094064412919632,87.868709516151,18.457739
22.094064412919632,87.8776926689922,14.877989
22.094064412919632,87.88667582183339,14.342882
22.094064412919632,87.89565897467459,13.456835
22.094064412919632,87.90464212751579,10.612282
22.094064412919632,87.91362528035698,9.331623
22.094064412919632,87.92260843319816,9.673177
22.094064412919632,87.93159158603936,9.374261
22.094064412919632,87.94057473888056,10.502248
22.094064412919632,87.94955789172175,10.352037
22.094064412919632,87.95854104456295,8.524927
22.094064412919632,87.96752419740415,5.1181645
22.094064412919632,87.97650735024534,5.0496273
22.094064412919632,87.98549050308654,6.996524
22.094064412919632,87.99447365592773,3.3756256
22.094064412919632,88.00345680876893,3.9878075
22.094064412919632,88.01243996161013,4.159923
22.094064412919632,88.02142311445132,3.7000797
22.094064412919632,88.03040626729252,4.0241914
22.094064412919632,88.0393894201337,8.417942
22.094064412919632,88.0483725729749,5.1538763
22.094064412919632,88.0573557258161,2.4902503
22.094064412919632,88.06633887865729,2.0217245
22.094064412919632,88.07532203149849,1.9762884
22.094064412919632,88.08430518433968,1.9736313
22.094064412919632,88.09328833718088,2.1464267
22.094064412919632,88.10227149002208,4.5673246
22.094064412919632,88.11125464286327,8.49837
22.094064412919632,88.12023779570447,2.951148
22.094064412919632,88.12922094854567,8.429782
22.094064412919632,88.13820410138686,14.981501
22.094064412919632,88.14718725422806,10.842768
22.094064412919632,88.15617040706924,12.610103
22.094064412919632,88.16515355991044,12.575111
22.094064412919632,88.17413671275163,19.073206
22.094064412919632,88.18311986559283,10.892446
22.094064412919632,88.21905247695761,14.8635645
22.094064412919632,88.22803562979881,15.248539
22.094064412919632,88.23701878264,16.378685
22.094064412919632,88.2460019354812,17.603054
22.094064412919632,88.2549850883224,16.745762
22.094064412919632,88.26396824116358,16.080297
22.094064412919632,88.27295139400478,16.11723
22.094064412919632,88.28193454684597,13.978246
22.094064412919632,88.29091769968717,14.100856
22.094064412919632,88.29990085252837,15.685417
22.10304756576083,87.500400249662,7.2296224
22.10304756576083,87.50938340250319,7.1188307
22.10304756576083,87.51836655534439,7.21863
22.10304756576083,87.52734970818558,6.5224056
22.10304756576083,87.53633286102678,6.3869686
22.10304756576083,87.54531601386797,7.5798216
22.10304756576083,87.55429916670917,8.481195
22.10304756576083,87.56328231955037,8.611069
22.10304756576083,87.57226547239156,7.7829485
22.10304756576083,87.58124862523275,7.8663044
22.10304756576083,87.59023177807394,8.207724
22.10304756576083,87.59921493091514,8.48555
22.10304756576083,87.61718123659753,8.681208
22.10304756576083,87.62616438943873,10.137317
22.10304756576083,87.63514754227992,11.28914
22.10304756576083,87.64413069512112,11.805413
22.10304756576083,87.65311384796232,10.9574585
22.10304756576083,87.66209700080351,10.164519
22.10304756576083,87.67108015364471,9.998643
22.10304756576083,87.6800633064859,9.293615
22.10304756576083,87.68904645932709,9.1454
22.10304756576083,87.69802961216828,8.759018
22.10304756576083,87.70701276500948,9.056166
22.10304756576083,87.71599591785068,9.510981
22.10304756576083,87.72497907069187,10.724278
22.10304756576083,87.73396222353307,11.547804
22.10304756576083,87.74294537637427,12.646864
22.10304756576083,87.75192852921546,14.989391
22.10304756576083,87.76091168205666,13.387182
22.10304756576083,87.76989483489785,12.011021
22.10304756576083,87.77887798773905,11.12842
22.10304756576083,87.78786114058025,9.456789
22.10304756576083,87.79684429342144,9.755138
22.10304756576083,87.80582744626263,11.33699
22.10304756576083,87.81481059910382,11.29543
22.10304756576083,87.82379375194502,9.73252
22.10304756576083,87.83277690478621,9.221966
22.10304756576083,87.84176005762741,11.608496
22.10304756576083,87.85074321046861,14.663267
22.10304756576083,87.8597263633098,20.324177
22.10304756576083,87.868709516151,20.776701
22.10304756576083,87.8776926689922,16.003647
22.10304756576083,87.88667582183339,13.421745
22.10304756576083,87.89565897467459,13.33098
22.10304756576083,87.90464212751579,12.263121
22.10304756576083,87.91362528035698,9.648978
22.10304756576083,87.92260843319816,9.935503
22.10304756576083,87.93159158603936,10.336039
22.10304756576083,87.94057473888056,9.325484
22.10304756576083,87.94955789172175,9.8232975
22.10304756576083,87.95854104456295,10.84062
22.10304756576083,87.96752419740415,11.778035
22.10304756576083,87.97650735024534,13.006273
22.10304756576083,87.98549050308654,6.8949237
22.10304756576083,87.99447365592773,3.1306684
22.10304756576083,88.00345680876893,2.4976375
22.10304756576083,88.01243996161013,4.527395
22.10304756576083,88.02142311445132,5.2234707
22.10304756576083,88.03040626729252,5.027338
22.10304756576083,88.0393894201337,3.3550515
22.10304756576083,88.0483725729749,4.5177646
22.10304756576083,88.0573557258161,4.757305
22.10304756576083,88.06633887865729,3.819343
22.10304756576083,88.07532203149849,3.0167422
22.10304756576083,88.08430518433968,2.1912115
22.10304756576083,88.09328833718088,1.9877183
22.10304756576083,88.10227149002208,1.9104067
22.10304756576083,88.11125464286327,2.220489
22.10304756576083,88.12023779570447,3.9371748
22.10304756576083,88.12922094854567,4.717063
22.10304756576083,88.13820410138686,5.5857587
22.10304756576083,88.14718725422806,5.4544287
22.10304756576083,88.15617040706924,5.901886
22.10304756576083,88.16515355991044,6.1631317
22.10304756576083,88.17413671275163,7.854368
22.10304756576083,88.18311986559283,9.1899395
22.10304756576083,88.21905247695761,12.729066
22.10304756576083,88.22803562979881,13.28915
22.10304756576083,88.23701878264,14.495771
22.10304756576083,88.2460019354812,16.32088
22.10304756576083,88.2549850883224,13.419957
22.10304756576083,88.26396824116358,13.0586195
22.10304756576083,88.27295139400478,12.27353
22.10304756576083,88.28193454684597,12.215982
22.10304756576083,88.29091769968717,14.195416
22.10304756576083,88.29990085252837,20.470493
22.11203071860202,87.500400249662,8.743485
22.11203071860202,87.50938340250319,7.1547284
22.11203071860202,87.51836655534439,7.20313
22.11203071860202,87.52734970818558,5.0297823
22.11203071860202,87.53633286102678,6.9282403
22.11203071860202,87.54531601386797,7.3371634
22.11203071860202,87.55429916670917,8.052412
22.11203071860202,87.56328231955037,7.3350987
22.11203071860202,87.57226547239156,7.9503984
22.11203071860202,87.58124862523275,7.8223743
22.11203071860202,87.59023177807394,7.909161
22.11203071860202,87.59921493091514,8.320221
22.11203071860202,87.60819808375633,8.280512
22.11203071860202,87.61718123659753,8.307703
22.11203071860202,87.62616438943873,8.58758
22.11203071860202,87.63514754227992,8.501198
22.11203071860202,87.64413069512112,9.985312
22.11203071860202,87.65311384796232,8.502014
22.11203071860202,87.66209700080351,9.033478
22.11203071860202,87.67108015364471,8.446
22.11203071860202,87.6800633064859,9.093829
22.11203071860202,87.68904645932709,8.105589
22.11203071860202,87.69802961216828,7.697503
22.11203071860202,87.70701276500948,8.48739
22.11203071860202,87.71599591785068,9.240671
22.11203071860202,87.72497907069187,9.749222
22.11203071860202,87.73396222353307,10.851724
22.11203071860202,87.74294537637427,11.961929
22.11203071860202,87.75192852921546,12.219263
22.11203071860202,87.76091168205666,11.427977
22.11203071860202,87.76989483489785,9.688339
22.11203071860202,87.77887798773905,9.104235
22.11203071860202,87.78786114058025,9.000151
22.11203071860202,87.79684429342144,10.571627
22.11203071860202,87.80582744626263,10.973599
22.11203071860202,87.81481059910382,10.896886
22.11203071860202,87.82379375194502,10.577908
22.11203071860202,87.83277690478621,9.991972
22.11203071860202,87.84176005762741,12.563519
22.11203071860202,87.85074321046861,14.425561
22.11203071860202,87.8597263633098,16.125984
22.11203071860202,87.868709516151,17.85525
22.11203071860202,87.8776926689922,17.873096
22.11203071860202,87.88667582183339,14.352275
22.11203071860202,87.89565897467459,14.114706
22.11203071860202,87.90464212751579,14.455492
22.11203071860202,87.91362528035698,9.615892
22.11203071860202,87.92260843319816,9.252798
22.11203071860202,87.93159158603936,9.833191
22.11203071860202,87.94057473888056,10.597945
22.11203071860202,87.94955789172175,10.1302
22.11203071860202,87.95854104456295,8.580689
22.11203071860202,87.96752419740415,15.950551
22.11203071860202,87.97650735024534,16.811577
22.11203071860202,87.98549050308654,11.722763
22.11203071860202,87.99447365592773,2.650773
22.11203071860202,88.00345680876893,2.9390783
22.11203071860202,88.01243996161013,4.314993
22.11203071860202,88.02142311445132,3.834373
22.11203071860202,88.03040626729252,3.180316
22.11203071860202,88.0393894201337,3.1813385
22.11203071860202,88.0483725729749,3.8805757
22.11203071860202,88.0573557258161,8.311808
22.11203071860202,88.06633887865729,7.1263447
22.11203071860202,88.07532203149849,6.024221
22.11203071860202,88.08430518433968,5.557434
22.11203071860202,88.09328833718088,4.0650816
22.11203071860202,88.10227149002208,3.4906287
22.11203071860202,88.11125464286327,3.8798637
22.11203071860202,88.12023779570447,5.9890184
22.11203071860202,88.12922094854567,5.984436
22.11203071860202,88.13820410138686,5.720851
22.11203071860202,88.14718725422806,6.3375053
22.11203071860202,88.15617040706924,6.4646707
22.11203071860202,88.16515355991044,6.413798
22.11203071860202,88.17413671275163,6.8803425
22.11203071860202,88.18311986559283,8.078898
22.11203071860202,88.19210301843403,5.961651
22.11203071860202,88.21905247695761,12.148701
22.11203071860202,88.22803562979881,12.2686825
22.11203071860202,88.23701878264,13.445286
22.11203071860202,88.2460019354812,15.184559
22.11203071860202,88.2549850883224,12.994554
22.11203071860202,88.26396824116358,11.363944
22.11203071860202,88.27295139400478,11.483817
22.11203071860202,88.28193454684597,11.342613
22.11203071860202,88.29091769968717,13.581972
22.11203071860202,88.29990085252837,17.186619
22.121013871443218,87.500400249662,10.60513
22.121013871443218,87.50938340250319,8.185137
22.121013871443218,87.51836655534439,7.1400127
22.121013871443218,87.52734970818558,6.317406
22.121013871443218,87.53633286102678,7.3165264
22.121013871443218,87.54531601386797,7.2699594
22.121013871443218,87.55429916670917,7.311337
22.121013871443218,87.56328231955037,7.230642
22.121013871443218,87.57226547239156,8.487154
22.121013871443218,87.58124862523275,8.259328
22.121013871443218,87.59023177807394,8.235911
22.121013871443218,87.59921493091514,7.865651
22.121013871443218,87.60819808375633,8.125087
22.121013871443218,87.61718123659753,8.028623
22.121013871443218,87.62616438943873,7.760121
22.121013871443218,87.63514754227992,7.996819
22.121013871443218,87.64413069512112,7.7657213
22.121013871443218,87.65311384796232,9.376076
22.121013871443218,87.66209700080351,9.378568
22.121013871443218,87.67108015364471,8.614172
22.121013871443218,87.6800633064859,9.0435
22.121013871443218,87.68904645932709,8.429202
22.121013871443218,87.69802961216828,7.531477
22.121013871443218,87.70701276500948,7.037298
22.121013871443218,87.71599591785068,8.85814
22.121013871443218,87.72497907069187,8.654619
22.121013871443218,87.73396222353307,10.686315
22.121013871443218,87.74294537637427,11.564858
22.121013871443218,87.75192852921546,11.913799
22.121013871443218,87.76091168205666,12.431059
22.121013871443218,87.76989483489785,10.987456
22.121013871443218,87.77887798773905,12.069771
22.121013871443218,87.78786114058025,11.831742
22.121013871443218,87.79684429342144,10.268694
22.121013871443218,87.80582744626263,9.703108
22.121013871443218,87.81481059910382,10.46427
22.121013871443218,87.82379375194502,11.6636715
22.121013871443218,87.83277690478621,10.752422
22.121013871443218,87.84176005762741,13.103939
22.121013871443218,87.85074321046861,14.0624
22.121013871443218,87.8597263633098,15.900505
22.121013871443218,87.868709516151,16.708025
22.121013871443218,87.8776926689922,18.573486
22.121013871443218,87.88667582183339,14.399889
22.121013871443218,87.89565897467459,14.30733
22.121013871443218,87.90464212751579,13.251963
22.121013871443218,87.91362528035698,9.213648
22.121013871443218,87.92260843319816,9.980444
22.121013871443218,87.93159158603936,10.791834
22.121013871443218,87.94057473888056,11.579352
22.121013871443218,87.94955789172175,9.572778
22.121013871443218,87.95854104456295,10.254296
22.121013871443218,87.96752419740415,16.743765
22.121013871443218,87.97650735024534,15.160849
22.121013871443218,87.98549050308654,7.101081
22.121013871443218,87.99447365592773,3.129813
22.121013871443218,88.00345680876893,3.9001698
22.121013871443218,88.01243996161013,2.814732
22.121013871443218,88.02142311445132,2.5929198
22.121013871443218,88.03040626729252,2.6846979
22.121013871443218,88.0393894201337,4.009283
22.121013871443218,88.0483725729749,5.725704
22.121013871443218,88.0573557258161,6.7312846
22.121013871443218,88.06633887865729,9.41787
22.121013871443218,88.07532203149849,8.285622
22.121013871443218,88.08430518433968,6.4775677
22.121013871443218,88.09328833718088,6.9202986
22.121013871443218,88.10227149002208,8.569447
22.121013871443218,88.11125464286327,11.039654
22.121013871443218,88.12023779570447,8.580435
22.121013871443218,88.12922094854567,6.401207
22.121013871443218,88.13820410138686,6.281707
22.121013871443218,88.14718725422806,6.955817
22.121013871443218,88.15617040706924,6.884005
22.121013871443218,88.16515355991044,6.9657736
22.121013871443218,88.17413671275163,7.2293477
22.121013871443218,88.18311986559283,6.952956
22.121013871443218,88.21905247695761,11.719391
22.121013871443218,88.22803562979881,11.550451
22.121013871443218,88.23701878264,12.381131
22.121013871443218,88.2460019354812,13.315861
22.121013871443218,88.2549850883224,13.4245
22.121013871443218,88.26396824116358,12.67051
22.121013871443218,88.27295139400478,11.881105
22.121013871443218,88.28193454684597,12.026139
22.121013871443218,88.29091769968717,13.732502
22.121013871443218,88.29990085252837,16.163555
22.129997024284414,87.500400249662,8.35776
22.129997024284414,87.50938340250319,9.846846
22.129997024284414,87.51836655534439,7.604083
22.129997024284414,87.52734970818558,7.6289363
22.129997024284414,87.53633286102678,7.270819
22.129997024284414,87.54531601386797,4.9329057
22.129997024284414,87.55429916670917,7.277932
22.129997024284414,87.56328231955037,7.034498
22.129997024284414,87.57226547239156,8.02398
22.129997024284414,87.58124862523275,7.995728
22.129997024284414,87.59023177807394,8.513474
22.129997024284414,87.59921493091514,9.082039
22.129997024284414,87.60819808375633,7.5741205
22.129997024284414,87.61718123659753,7.8940635
22.129997024284414,87.62616438943873,7.102078
22.129997024284414,87.63514754227992,7.6026344
22.129997024284414,87.64413069512112,7.9046307
22.129997024284414,87.65311384796232,8.113645
22.129997024284414,87.66209700080351,7.430242
22.129997024284414,87.67108015364471,7.54914
22.129997024284414,87.6800633064859,9.286745
22.129997024284414,87.68904645932709,9.910481
22.129997024284414,87.69802961216828,11.136835
22.129997024284414,87.70701276500948,9.31794
22.129997024284414,87.71599591785068,9.696936
22.129997024284414,87.72497907069187,9.110817
22.129997024284414,87.73396222353307,12.184214
22.129997024284414,87.74294537637427,12.031877
22.129997024284414,87.75192852921546,11.932569
22.129997024284414,87.76091168205666,12.34821
22.129997024284414,87.76989483489785,12.835849
22.129997024284414,87.77887798773905,13.32091
22.129997024284414,87.78786114058025,14.067165
22.129997024284414,87.79684429342144,12.141577
22.129997024284414,87.80582744626263,10.117886
22.129997024284414,87.81481059910382,9.525412
22.129997024284414,87.82379375194502,10.940918
22.129997024284414,87.83277690478621,11.27438
22.129997024284414,87.84176005762741,13.972515
22.129997024284414,87.85074321046861,15.586093
22.129997024284414,87.8597263633098,15.06245
22.129997024284414,87.868709516151,15.253037
22.129997024284414,87.8776926689922,16.683924
22.129997024284414,87.88667582183339,22.286486
22.129997024284414,87.89565897467459,16.147755
22.129997024284414,87.90464212751579,13.2194395
22.129997024284414,87.91362528035698,11.912063
22.129997024284414,87.92260843319816,10.791734
22.129997024284414,87.93159158603936,11.027155
22.129997024284414,87.94057473888056,10.355399
22.129997024284414,87.94955789172175,9.679621
22.129997024284414,87.95854104456295,8.838918
22.129997024284414,87.96752419740415,10.586729
22.129997024284414,87.97650735024534,14.226883
22.129997024284414,87.98549050308654,16.379602
22.129997024284414,87.99447365592773,15.519362
22.129997024284414,88.00345680876893,12.103956
22.129997024284414,88.01243996161013,11.3430195
22.129997024284414,88.02142311445132,12.133198
22.129997024284414,88.03040626729252,11.952334
22.129997024284414,88.0393894201337,11.777588
22.129997024284414,88.0483725729749,7.8177276
22.129997024284414,88.0573557258161,6.796035
22.129997024284414,88.06633887865729,9.437344
22.129997024284414,88.07532203149849,11.482408
22.129997024284414,88.08430518433968,11.297877
22.129997024284414,88.09328833718088,10.789125
22.129997024284414,88.10227149002208,10.439926
22.129997024284414,88.11125464286327,7.9682837
22.129997024284414,88.12023779570447,6.2498813
22.129997024284414,88.12922094854567,6.768219
22.129997024284414,88.13820410138686,7.551482
22.129997024284414,88.14718725422806,7.1803164
22.129997024284414,88.15617040706924,7.38616
22.129997024284414,88.16515355991044,7.4487553
22.129997024284414,88.17413671275163,5.286788
22.129997024284414,88.18311986559283,4.525517
22.129997024284414,88.21006932411642,11.338407
22.129997024284414,88.21905247695761,11.664087
22.129997024284414,88.22803562979881,14.42477
22.129997024284414,88.23701878264,12.569997
22.129997024284414,88.2460019354812,13.29357
22.129997024284414,88.2549850883224,12.787317
22.129997024284414,88.26396824116358,13.031541
22.129997024284414,88.27295139400478,12.6178255
22.129997024284414,88.28193454684597,13.326216
22.129997024284414,88.29091769968717,13.996397
22.129997024284414,88.29990085252837,15.290634
22.138980177125607,87.500400249662,6.7795124
22.138980177125607,87.50938340250319,8.167788
22.138980177125607,87.51836655534439,8.459604
22.138980177125607,87.52734970818558,6.257262
22.138980177125607,87.53633286102678,5.7084675
22.138980177125607,87.54531601386797,4.617213
22.138980177125607,87.55429916670917,6.6096992
22.138980177125607,87.56328231955037,6.5590343
22.138980177125607,87.57226547239156,7.3210855
22.138980177125607,87.58124862523275,7.592564
22.138980177125607,87.59023177807394,8.101195
22.138980177125607,87.59921493091514,8.563043
22.138980177125607,87.60819808375633,7.443939
22.138980177125607,87.61718123659753,7.324976
22.138980177125607,87.62616438943873,7.5112042
22.138980177125607,87.63514754227992,7.8132453
22.138980177125607,87.64413069512112,7.7905235
22.138980177125607,87.65311384796232,7.4216757
22.138980177125607,87.66209700080351,7.1362057
22.138980177125607,87.67108015364471,7.653966
22.138980177125607,87.6800633064859,9.061192
22.138980177125607,87.68904645932709,9.979957
22.138980177125607,87.69802961216828,10.493446
22.138980177125607,87.70701276500948,9.517904
22.138980177125607,87.71599591785068,9.193365
22.138980177125607,87.72497907069187,9.294474
22.138980177125607,87.73396222353307,11.823756
22.138980177125607,87.74294537637427,11.580436
22.138980177125607,87.75192852921546,11.552851
22.138980177125607,87.76091168205666,12.114877
22.138980177125607,87.76989483489785,12.929172
22.138980177125607,87.77887798773905,12.906525
22.138980177125607,87.78786114058025,12.6314535
22.138980177125607,87.79684429342144,12.805188
22.138980177125607,87.80582744626263,8.326172
22.138980177125607,87.81481059910382,8.821348
22.138980177125607,87.82379375194502,9.203902
22.138980177125607,87.83277690478621,10.915824
22.138980177125607,87.84176005762741,13.548762
22.138980177125607,87.85074321046861,13.73514
22.138980177125607,87.8597263633098,14.361834
22.138980177125607,87.868709516151,14.932243
22.138980177125607,87.8776926689922,15.8126135
22.138980177125607,87.88667582183339,19.052792
22.138980177125607,87.89565897467459,18.081585
22.138980177125607,87.90464212751579,13.795105
22.138980177125607,87.91362528035698,10.814283
22.138980177125607,87.92260843319816,10.098355
22.138980177125607,87.93159158603936,9.990447
22.138980177125607,87.94057473888056,9.723498
22.138980177125607,87.94955789172175,9.062872
22.138980177125607,87.95854104456295,9.247717
22.138980177125607,87.96752419740415,9.484948
22.138980177125607,87.97650735024534,13.496093
22.138980177125607,87.98549050308654,16.964104
22.138980177125607,87.99447365592773,13.354923
22.138980177125607,88.00345680876893,11.617176
22.138980177125607,88.01243996161013,12.043185
22.138980177125607,88.02142311445132,12.098925
22.138980177125607,88.03040626729252,11.288183
22.138980177125607,88.0393894201337,13.417174
22.138980177125607,88.0483725729749,15.0048
22.138980177125607,88.0573557258161,15.451492
22.138980177125607,88.06633887865729,11.887245
22.138980177125607,88.07532203149849,11.292259
22.138980177125607,88.08430518433968,13.077965
22.138980177125607,88.09328833718088,10.9522705
22.138980177125607,88.10227149002208,7.939555
22.138980177125607,88.11125464286327,6.474303
22.138980177125607,88.12023779570447,6.085871
22.138980177125607,88.12922094854567,6.577235
22.138980177125607,88.13820410138686,7.127144
22.138980177125607,88.14718725422806,7.0361977
22.138980177125607,88.15617040706924,7.479999
22.138980177125607,88.16515355991044,5.918911
22.138980177125607,88.17413671275163,5.367782
22.138980177125607,88.21006932411642,12.077724
22.138980177125607,88.21905247695761,11.976925
22.138980177125607,88.22803562979881,12.74879
22.138980177125607,88.23701878264,11.958026
22.138980177125607,88.2460019354812,14.097504
22.138980177125607,88.2549850883224,12.698901
22.138980177125607,88.26396824116358,11.940858
22.138980177125607,88.27295139400478,13.7059355
22.138980177125607,88.28193454684597,15.17741
22.138980177125607,88.29091769968717,15.129533
22.138980177125607,88.29990085252837,12.714365
22.147963329966803,87.500400249662,6.563759
22.147963329966803,87.50938340250319,5.689012
22.147963329966803,87.51836655534439,5.6873264
22.147963329966803,87.52734970818558,6.9444256
22.147963329966803,87.53633286102678,6.3887444
22.147963329966803,87.54531601386797,6.959817
22.147963329966803,87.55429916670917,5.9926367
22.147963329966803,87.56328231955037,7.0166416
22.147963329966803,87.57226547239156,7.6742744
22.147963329966803,87.58124862523275,7.989257
22.147963329966803,87.59023177807394,7.7257156
22.147963329966803,87.59921493091514,8.133191
22.147963329966803,87.60819808375633,7.7499256
22.147963329966803,87.61718123659753,7.7006884
22.147963329966803,87.62616438943873,7.2851095
22.147963329966803,87.63514754227992,7.1935425
22.147963329966803,87.64413069512112,7.673295
22.147963329966803,87.65311384796232,7.699421
22.147963329966803,87.66209700080351,7.9298196
22.147963329966803,87.67108015364471,8.133424
22.147963329966803,87.6800633064859,8.968429
22.147963329966803,87.68904645932709,9.045243
22.147963329966803,87.69802961216828,9.041218
22.147963329966803,87.70701276500948,11.001963
22.147963329966803,87.71599591785068,9.370264
22.147963329966803,87.72497907069187,9.031385
22.147963329966803,87.73396222353307,9.215413
22.147963329966803,87.74294537637427,8.793013
22.147963329966803,87.75192852921546,9.52732
22.147963329966803,87.76091168205666,11.591137
22.147963329966803,87.76989483489785,13.63626
22.147963329966803,87.77887798773905,12.635338
22.147963329966803,87.78786114058025,13.095767
22.147963329966803,87.79684429342144,13.357727
22.147963329966803,87.80582744626263,12.017613
22.147963329966803,87.81481059910382,11.16938
22.147963329966803,87.82379375194502,10.485339
22.147963329966803,87.83277690478621,9.3208275
22.147963329966803,87.84176005762741,10.311939
22.147963329966803,87.85074321046861,10.582081
22.147963329966803,87.8597263633098,12.452674
22.147963329966803,87.868709516151,13.253573
22.147963329966803,87.8776926689922,12.665008
22.147963329966803,87.88667582183339,14.000622
22.147963329966803,87.89565897467459,15.454211
22.147963329966803,87.90464212751579,14.532228
22.147963329966803,87.91362528035698,11.024838
22.147963329966803,87.92260843319816,11.385733
22.147963329966803,87.93159158603936,12.165985
22.147963329966803,87.94057473888056,10.808096
22.147963329966803,87.94955789172175,11.655181
22.147963329966803,87.95854104456295,15.482552
22.147963329966803,87.96752419740415,17.71018
22.147963329966803,87.97650735024534,15.784196
22.147963329966803,87.98549050308654,15.6998005
22.147963329966803,87.99447365592773,12.364803
22.147963329966803,88.00345680876893,11.1768465
22.147963329966803,88.01243996161013,11.285761
22.147963329966803,88.02142311445132,12.967424
22.147963329966803,88.03040626729252,14.112583
22.147963329966803,88.0393894201337,11.940485
22.147963329966803,88.0483725729749,11.76431
22.147963329966803,88.0573557258161,12.6989765
22.147963329966803,88.06633887865729,13.325172
22.147963329966803,88.07532203149849,14.274525
22.147963329966803,88.08430518433968,13.078975
22.147963329966803,88.09328833718088,9.518831
22.147963329966803,88.10227149002208,7.5787897
22.147963329966803,88.11125464286327,6.510333
22.147963329966803,88.12023779570447,5.845936
22.147963329966803,88.12922094854567,5.886155
22.147963329966803,88.13820410138686,6.400589
22.147963329966803,88.14718725422806,4.9125032
22.147963329966803,88.15617040706924,5.4797926
22.147963329966803,88.16515355991044,5.633155
22.147963329966803,88.21006932411642,18.993717
22.147963329966803,88.21905247695761,14.645946
22.147963329966803,88.22803562979881,14.815712
22.147963329966803,88.23701878264,13.890984
22.147963329966803,88.2460019354812,16.321512
22.147963329966803,88.2549850883224,16.120853
22.147963329966803,88.26396824116358,13.829907
22.147963329966803,88.27295139400478,12.938735
22.147963329966803,88.28193454684597,11.654417
22.147963329966803,88.29091769968717,11.728376
22.147963329966803,88.29990085252837,13.877087
22.156946482808,87.500400249662,6.9611073
22.156946482808,87.50938340250319,7.1722274
22.156946482808,87.51836655534439,7.2118964
22.156946482808,87.52734970818558,9.713867
22.156946482808,87.53633286102678,8.3277025
22.156946482808,87.54531601386797,7.300852
22.156946482808,87.55429916670917,7.307024
22.156946482808,87.56328231955037,7.5996265
22.156946482808,87.57226547239156,6.8961554
22.156946482808,87.58124862523275,7.9481325
22.156946482808,87.59023177807394,7.7721786
22.156946482808,87.59921493091514,8.292139
22.156946482808,87.60819808375633,7.473401
22.156946482808,87.61718123659753,5.89476
22.156946482808,87.62616438943873,6.996727
22.156946482808,87.63514754227992,7.3630795
22.156946482808,87.64413069512112,7.5787015
22.156946482808,87.65311384796232,7.4217567
22.156946482808,87.66209700080351,7.7836623
22.156946482808,87.67108015364471,7.8883524
22.156946482808,87.6800633064859,8.626312
22.156946482808,87.68904645932709,9.61482
22.156946482808,87.69802961216828,9.544773
22.156946482808,87.70701276500948,11.5245
22.156946482808,87.71599591785068,10.413088
22.156946482808,87.72497907069187,10.932914
22.156946482808,87.73396222353307,11.260383
22.156946482808,87.74294537637427,11.547349
22.156946482808,87.75192852921546,12.165923
22.156946482808,87.76091168205666,13.97664
22.156946482808,87.76989483489785,14.27988
22.156946482808,87.77887798773905,13.0366
22.156946482808,87.78786114058025,13.362878
22.156946482808,87.79684429342144,12.260459
22.156946482808,87.80582744626263,14.678392
22.156946482808,87.81481059910382,16.70734
22.156946482808,87.82379375194502,14.6369505
22.156946482808,87.83277690478621,11.4276495
22.156946482808,87.84176005762741,11.573939
22.156946482808,87.85074321046861,12.000936
22.156946482808,87.8597263633098,13.494443
22.156946482808,87.868709516151,13.040773
22.156946482808,87.8776926689922,11.09208
22.156946482808,87.88667582183339,13.367226
22.156946482808,87.89565897467459,14.493962
22.156946482808,87.90464212751579,16.15896
22.156946482808,87.91362528035698,12.219083
22.156946482808,87.92260843319816,12.687798
22.156946482808,87.93159158603936,13.129135
22.156946482808,87.94057473888056,13.652929
22.156946482808,87.94955789172175,15.143187
22.156946482808,87.95854104456295,14.970548
22.156946482808,87.96752419740415,13.477301
22.156946482808,87.97650735024534,13.61169
22.156946482808,87.98549050308654,15.266612
22.156946482808,87.99447365592773,13.290738
22.156946482808,88.00345680876893,11.272559
22.156946482808,88.01243996161013,12.049182
22.156946482808,88.02142311445132,13.475272
22.156946482808,88.03040626729252,12.466823
22.156946482808,88.0393894201337,10.864498
22.156946482808,88.0483725729749,10.742722
22.156946482808,88.0573557258161,11.444084
22.156946482808,88.06633887865729,13.142584
22.156946482808,88.07532203149849,13.53859
22.156946482808,88.08430518433968,14.853763
22.156946482808,88.09328833718088,9.066951
22.156946482808,88.10227149002208,8.275787
22.156946482808,88.11125464286327,6.7296553
22.156946482808,88.12023779570447,6.180089
22.156946482808,88.12922094854567,6.29022
22.156946482808,88.13820410138686,5.6448174
22.156946482808,88.14718725422806,5.30288
22.156946482808,88.15617040706924,5.1479945
22.156946482808,88.21006932411642,20.536238
22.156946482808,88.21905247695761,21.20652
22.156946482808,88.22803562979881,20.845787
22.156946482808,88.23701878264,20.019005
22.156946482808,88.2460019354812,21.455578
22.156946482808,88.2549850883224,19.918032
22.156946482808,88.26396824116358,16.77426
22.156946482808,88.27295139400478,15.618806
22.156946482808,88.28193454684597,13.165703
22.156946482808,88.29091769968717,13.651384
22.156946482808,88.29990085252837,14.361337
22.165929635649192,87.500400249662,6.925641
22.165929635649192,87.50938340250319,7.604137
22.165929635649192,87.51836655534439,8.630535
22.165929635649192,87.52734970818558,9.402343
22.165929635649192,87.53633286102678,12.492485
22.165929635649192,87.54531601386797,9.487965
22.165929635649192,87.55429916670917,7.698768
22.165929635649192,87.56328231955037,7.62673
22.165929635649192,87.57226547239156,6.5241976
22.165929635649192,87.58124862523275,7.639325
22.165929635649192,87.59023177807394,7.848671
22.165929635649192,87.59921493091514,8.127775
22.165929635649192,87.60819808375633,6.1860867
22.165929635649192,87.61718123659753,4.1712627
22.165929635649192,87.62616438943873,7.637886
22.165929635649192,87.63514754227992,7.8559127
22.165929635649192,87.64413069512112,7.447899
22.165929635649192,87.65311384796232,7.183012
22.165929635649192,87.66209700080351,7.4655943
22.165929635649192,87.67108015364471,7.5455904
22.165929635649192,87.6800633064859,8.971908
22.165929635649192,87.68904645932709,11.049436
22.165929635649192,87.69802961216828,9.425947
22.165929635649192,87.70701276500948,9.737713
22.165929635649192,87.71599591785068,9.607266
22.165929635649192,87.72497907069187,10.934265
22.165929635649192,87.73396222353307,11.788408
22.165929635649192,87.74294537637427,12.202031
22.165929635649192,87.75192852921546,12.258373
22.165929635649192,87.76091168205666,14.33695
22.165929635649192,87.76989483489785,15.0033245
22.165929635649192,87.77887798773905,14.974889
22.165929635649192,87.78786114058025,14.293562
22.165929635649192,87.79684429342144,14.307853
22.165929635649192,87.80582744626263,16.398682
22.165929635649192,87.81481059910382,17.242588
22.165929635649192,87.82379375194502,17.502602
22.165929635649192,87.83277690478621,12.391945
22.165929635649192,87.84176005762741,13.347218
22.165929635649192,87.85074321046861,13.507029
22.165929635649192,87.8597263633098,15.586031
22.165929635649192,87.868709516151,15.763963
22.165929635649192,87.8776926689922,14.919184
22.165929635649192,87.88667582183339,11.9428005
22.165929635649192,87.89565897467459,13.202706
22.165929635649192,87.90464212751579,17.174019
22.165929635649192,87.91362528035698,14.483685
22.165929635649192,87.92260843319816,13.905955
22.165929635649192,87.93159158603936,13.896025
22.165929635649192,87.94057473888056,17.87514
22.165929635649192,87.94955789172175,15.318388
22.165929635649192,87.95854104456295,12.160631
22.165929635649192,87.96752419740415,11.850327
22.165929635649192,87.97650735024534,11.990254
22.165929635649192,87.98549050308654,16.370445
22.165929635649192,87.99447365592773,15.744072
22.165929635649192,88.00345680876893,13.651209
22.165929635649192,88.01243996161013,12.974285
22.165929635649192,88.02142311445132,11.656396
22.165929635649192,88.03040626729252,10.613262
22.165929635649192,88.0393894201337,10.610646
22.165929635649192,88.0483725729749,10.650035
22.165929635649192,88.0573557258161,11.275148
22.165929635649192,88.06633887865729,14.000184
22.165929635649192,88.07532203149849,16.12162
22.165929635649192,88.08430518433968,17.784689
22.165929635649192,88.09328833718088,7.832199
22.165929635649192,88.10227149002208,8.249291
22.165929635649192,88.11125464286327,8.045701
22.165929635649192,88.12023779570447,6.7236967
22.165929635649192,88.12922094854567,6.781608
22.165929635649192,88.13820410138686,6.4544773
22.165929635649192,88.14718725422806,5.8471837
22.165929635649192,88.20108617127522,32.69627
22.165929635649192,88.21006932411642,24.74691
22.165929635649192,88.21905247695761,22.208101
22.165929635649192,88.22803562979881,22.804
22.165929635649192,88.23701878264,22.254353
22.165929635649192,88.2460019354812,24.141006
22.165929635649192,88.2549850883224,23.943186
22.165929635649192,88.26396824116358,18.8936
22.165929635649192,88.27295139400478,15.685451
22.165929635649192,88.28193454684597,15.267109
22.165929635649192,88.29091769968717,16.499662
22.165929635649192,88.29990085252837,12.535323
22.17491278849039,87.500400249662,6.4819126
22.17491278849039,87.50938340250319,7.7134857
22.17491278849039,87.51836655534439,7.71571
22.17491278849039,87.52734970818558,5.3089595
22.17491278849039,87.53633286102678,5.631762
22.17491278849039,87.54531601386797,6.6718993
22.17491278849039,87.55429916670917,7.268537
22.17491278849039,87.56328231955037,7.395513
22.17491278849039,87.57226547239156,7.646568
22.17491278849039,87.58124862523275,8.284088
22.17491278849039,87.59023177807394,9.967361
22.17491278849039,87.59921493091514,10.366336
22.17491278849039,87.60819808375633,8.0894785
22.17491278849039,87.61718123659753,7.6011825
22.17491278849039,87.62616438943873,7.8718457
22.17491278849039,87.63514754227992,7.6972957
22.17491278849039,87.64413069512112,7.309573
22.17491278849039,87.65311384796232,5.690277
22.17491278849039,87.66209700080351,6.865956
22.17491278849039,87.67108015364471,7.273565
22.17491278849039,87.6800633064859,8.186519
22.17491278849039,87.68904645932709,8.141263
22.17491278849039,87.69802961216828,8.53982
22.17491278849039,87.70701276500948,8.867137
22.17491278849039,87.71599591785068,9.710767
22.17491278849039,87.72497907069187,10.753411
22.17491278849039,87.73396222353307,11.769743
22.17491278849039,87.74294537637427,11.923727
22.17491278849039,87.75192852921546,12.336449
22.17491278849039,87.76091168205666,12.521464
22.17491278849039,87.76989483489785,12.400564
22.17491278849039,87.77887798773905,13.179421
22.17491278849039,87.78786114058025,13.826328
22.17491278849039,87.79684429342144,12.261706
22.17491278849039,87.80582744626263,11.575926
22.17491278849039,87.81481059910382,15.514674
22.17491278849039,87.82379375194502,16.429737
22.17491278849039,87.83277690478621,11.593946
22.17491278849039,87.84176005762741,10.511749
22.17491278849039,87.85074321046861,11.013751
22.17491278849039,87.8597263633098,16.425156
22.17491278849039,87.868709516151,15.953774
22.17491278849039,87.8776926689922,11.868654
22.17491278849039,87.88667582183339,12.770253
22.17491278849039,87.89565897467459,14.162501
22.17491278849039,87.90464212751579,16.26531
22.17491278849039,87.91362528035698,23.692799
22.17491278849039,87.92260843319816,20.802177
22.17491278849039,87.93159158603936,23.036968
22.17491278849039,87.94057473888056,17.709929
22.17491278849039,87.94955789172175,14.120909
22.17491278849039,87.95854104456295,12.321044
22.17491278849039,87.96752419740415,13.563276
22.17491278849039,87.97650735024534,17.302977
22.17491278849039,87.98549050308654,22.157446
22.17491278849039,87.99447365592773,20.53432
22.17491278849039,88.00345680876893,17.350533
22.17491278849039,88.01243996161013,12.667164
22.17491278849039,88.02142311445132,11.823303
22.17491278849039,88.03040626729252,11.850109
22.17491278849039,88.0393894201337,13.593108
22.17491278849039,88.0483725729749,17.772709
22.17491278849039,88.0573557258161,21.122692
22.17491278849039,88.06633887865729,17.250458
22.17491278849039,88.07532203149849,14.438826
22.17491278849039,88.08430518433968,13.740262
22.17491278849039,88.09328833718088,7.5442266
22.17491278849039,88.10227149002208,7.885964
22.17491278849039,88.11125464286327,9.493588
22.17491278849039,88.12023779570447,8.433704
22.17491278849039,88.12922094854567,7.5117483
22.17491278849039,88.13820410138686,7.075675
22.17491278849039,88.19210301843403,40.884563
22.17491278849039,88.20108617127522,38.422127
22.17491278849039,88.21006932411642,33.751934
22.17491278849039,88.21905247695761,26.610554
22.17491278849039,88.22803562979881,24.301884
22.17491278849039,88.23701878264,26.313862
22.17491278849039,88.2460019354812,25.157763
22.17491278849039,88.2549850883224,24.957176
22.17491278849039,88.26396824116358,20.426138
22.17491278849039,88.27295139400478,16.380741
22.17491278849039,88.28193454684597,14.458565
22.17491278849039,88.29091769968717,13.610912
22.17491278849039,88.29990085252837,12.526938
22.183895941331585,87.500400249662,4.170705
22.183895941331585,87.50938340250319,5.5343275
22.183895941331585,87.51836655534439,5.633314
22.183895941331585,87.52734970818558,4.5938416
22.183895941331585,87.53633286102678,4.1965594
22.183895941331585,87.54531601386797,4.9237194
22.183895941331585,87.55429916670917,9.446571
22.183895941331585,87.56328231955037,9.277653
22.183895941331585,87.57226547239156,7.407229
22.183895941331585,87.58124862523275,8.146346
22.183895941331585,87.59023177807394,9.888959
22.183895941331585,87.59921493091514,8.493387
22.183895941331585,87.60819808375633,7.706844
22.183895941331585,87.61718123659753,7.542742
22.183895941331585,87.62616438943873,8.289586
22.183895941331585,87.63514754227992,7.567005
22.183895941331585,87.64413069512112,7.1360893
22.183895941331585,87.65311384796232,7.0370235
22.183895941331585,87.66209700080351,7.4357967
22.183895941331585,87.67108015364471,8.211315
22.183895941331585,87.6800633064859,8.326908
22.183895941331585,87.68904645932709,8.161158
22.183895941331585,87.69802961216828,8.320112
22.183895941331585,87.70701276500948,9.5851965
22.183895941331585,87.71599591785068,10.837821
22.183895941331585,87.72497907069187,11.870316
22.183895941331585,87.73396222353307,12.418676
22.183895941331585,87.74294537637427,12.434827
22.183895941331585,87.75192852921546,12.610393
22.183895941331585,87.76091168205666,11.834075
22.183895941331585,87.76989483489785,12.9777
22.183895941331585,87.77887798773905,13.573136
22.183895941331585,87.78786114058025,13.367629
22.183895941331585,87.79684429342144,13.429757
22.183895941331585,87.80582744626263,10.87652
22.183895941331585,87.81481059910382,13.846483
22.183895941331585,87.82379375194502,15.335496
22.183895941331585,87.83277690478621,12.11536
22.183895941331585,87.84176005762741,11.045996
22.183895941331585,87.85074321046861,11.53929
22.183895941331585,87.8597263633098,13.188391
22.183895941331585,87.868709516151,12.580375
22.183895941331585,87.8776926689922,11.433108
22.183895941331585,87.88667582183339,13.12023
22.183895941331585,87.89565897467459,14.377352
22.183895941331585,87.90464212751579,16.095566
22.183895941331585,87.91362528035698,29.818085
22.183895941331585,87.92260843319816,29.873295
22.183895941331585,87.93159158603936,24.598524
22.183895941331585,87.94057473888056,18.80855
22.183895941331585,87.94955789172175,17.587877
22.183895941331585,87.95854104456295,15.537931
22.183895941331585,87.96752419740415,19.325663
22.183895941331585,87.97650735024534,24.850311
22.183895941331585,87.98549050308654,27.455194
22.183895941331585,87.99447365592773,23.553764
22.183895941331585,88.00345680876893,18.428337
22.183895941331585,88.01243996161013,14.051274
22.183895941331585,88.02142311445132,13.503932
22.183895941331585,88.03040626729252,13.916124
22.183895941331585,88.0393894201337,14.922181
22.183895941331585,88.0483725729749,19.68211
22.183895941331585,88.0573557258161,22.37816
22.183895941331585,88.06633887865729,19.656132
22.183895941331585,88.07532203149849,16.867752
22.183895941331585,88.08430518433968,15.168933
22.183895941331585,88.09328833718088,8.741411
22.183895941331585,88.10227149002208,9.832154
22.183895941331585,88.11125464286327,10.986729
22.183895941331585,88.12023779570447,10.255112
22.183895941331585,88.12922094854567,7.8064027
22.183895941331585,88.13820410138686,7.2436175
22.183895941331585,88.19210301843403,52.19036
22.183895941331585,88.20108617127522,37.32461
22.183895941331585,88.21006932411642,31.667015
22.183895941331585,88.21905247695761,24.03392
22.183895941331585,88.22803562979881,26.602036
22.183895941331585,88.23701878264,26.523613
22.183895941331585,88.2460019354812,23.983267
22.183895941331585,88.2549850883224,24.345184
22.183895941331585,88.26396824116358,20.423723
22.183895941331585,88.27295139400478,14.202009
22.183895941331585,88.28193454684597,12.52525
22.183895941331585,88.29091769968717,12.318323
22.183895941331585,88.29990085252837,14.378798
22.19287909417278,87.500400249662,3.8600793
22.19287909417278,87.50938340250319,7.0243287
22.19287909417278,87.51836655534439,7.386385
22.19287909417278,87.52734970818558,6.5696425
22.19287909417278,87.53633286102678,6.0799074
22.19287909417278,87.54531601386797,6.850649
22.19287909417278,87.55429916670917,8.037958
22.19287909417278,87.56328231955037,9.780354
22.19287909417278,87.57226547239156,7.9147325
22.19287909417278,87.58124862523275,7.9996133
22.19287909417278,87.59023177807394,8.726194
22.19287909417278,87.59921493091514,7.8004932
22.19287909417278,87.60819808375633,7.3401585
22.19287909417278,87.61718123659753,7.4437327
22.19287909417278,87.62616438943873,7.64488
22.19287909417278,87.63514754227992,7.3995776
22.19287909417278,87.64413069512112,6.945863
22.19287909417278,87.65311384796232,6.0534945
22.19287909417278,87.66209700080351,6.8571196
22.19287909417278,87.67108015364471,7.83098
22.19287909417278,87.6800633064859,8.549614
22.19287909417278,87.68904645932709,8.289988
22.19287909417278,87.69802961216828,9.359395
22.19287909417278,87.70701276500948,9.858152
22.19287909417278,87.71599591785068,11.617508
22.19287909417278,87.72497907069187,12.132265
22.19287909417278,87.73396222353307,12.397662
22.19287909417278,87.74294537637427,12.063271
22.19287909417278,87.75192852921546,12.61882
22.19287909417278,87.76091168205666,13.5062895
22.19287909417278,87.76989483489785,12.845171
22.19287909417278,87.77887798773905,13.844987
22.19287909417278,87.78786114058025,13.782677
22.19287909417278,87.79684429342144,12.414329
22.19287909417278,87.80582744626263,13.287206
22.19287909417278,87.81481059910382,14.575794
22.19287909417278,87.82379375194502,14.001272
22.19287909417278,87.83277690478621,10.293745
22.19287909417278,87.84176005762741,10.536613
22.19287909417278,87.85074321046861,10.646208
22.19287909417278,87.8597263633098,11.130675
22.19287909417278,87.868709516151,12.677349
22.19287909417278,87.8776926689922,11.808798
22.19287909417278,87.88667582183339,14.216845
22.19287909417278,87.89565897467459,16.500473
22.19287909417278,87.90464212751579,18.309376
22.19287909417278,87.91362528035698,33.278297
22.19287909417278,87.92260843319816,34.195137
22.19287909417278,87.93159158603936,27.86004
22.19287909417278,87.94057473888056,21.056297
22.19287909417278,87.94955789172175,17.376507
22.19287909417278,87.95854104456295,14.296849
22.19287909417278,87.96752419740415,18.853722
22.19287909417278,87.97650735024534,22.792974
22.19287909417278,87.98549050308654,26.770073
22.19287909417278,87.99447365592773,22.991232
22.19287909417278,88.00345680876893,20.127832
22.19287909417278,88.01243996161013,18.172102
22.19287909417278,88.02142311445132,17.802767
22.19287909417278,88.03040626729252,17.76755
22.19287909417278,88.0393894201337,19.338686
22.19287909417278,88.0483725729749,20.260971
22.19287909417278,88.0573557258161,21.613512
22.19287909417278,88.06633887865729,21.322933
22.19287909417278,88.09328833718088,9.183941
22.19287909417278,88.10227149002208,10.956568
22.19287909417278,88.11125464286327,11.172737
22.19287909417278,88.17413671275163,30.570377
22.19287909417278,88.18311986559283,38.001335
22.19287909417278,88.19210301843403,52.219162
22.19287909417278,88.20108617127522,36.145927
22.19287909417278,88.21006932411642,28.065083
22.19287909417278,88.21905247695761,30.338158
22.19287909417278,88.22803562979881,28.836838
22.19287909417278,88.23701878264,23.296907
22.19287909417278,88.2460019354812,21.812513
22.19287909417278,88.2549850883224,23.877277
22.19287909417278,88.26396824116358,20.685143
22.19287909417278,88.27295139400478,15.347439
22.19287909417278,88.28193454684597,13.134449
22.19287909417278,88.29091769968717,11.872505
22.19287909417278,88.29990085252837,12.580981
