latitude,longitude,Map
22.191416876156318,87.50481688153172,40
22.191416876156318,87.51380003437293,40
22.191416876156318,87.52278318721409,10
22.191416876156318,87.5317663400553,40
22.191416876156318,87.54074949289651,40
22.191416876156318,87.54973264573772,10
22.191416876156318,87.55871579857887,10
22.191416876156318,87.56769895142008,10
22.191416876156318,87.5766821042613,40
22.191416876156318,87.5856652571025,40
22.191416876156318,87.59464840994366,10
22.191416876156318,87.60363156278487,40
22.191416876156318,87.61261471562608,40
22.191416876156318,87.62159786846723,40
22.191416876156318,87.63058102130844,10
22.191416876156318,87.63956417414965,40
22.191416876156318,87.64854732699087,40
22.191416876156318,87.65753047983202,10
22.191416876156318,87.66651363267323,40
22.191416876156318,87.67549678551444,10
22.191416876156318,87.68447993835565,40
22.191416876156318,87.6934630911968,10
22.191416876156318,87.70244624403801,10
22.191416876156318,87.71142939687923,10
22.191416876156318,87.72041254972038,80
22.191416876156318,87.72939570256159,10
22.191416876156318,87.7383788554028,10
22.191416876156318,87.74736200824401,10
22.191416876156318,87.75634516108516,10
22.191416876156318,87.76532831392637,10
22.191416876156318,87.77431146676759,10
22.191416876156318,87.7832946196088,10
22.191416876156318,87.79227777244995,80
22.191416876156318,87.80126092529116,10
22.191416876156318,87.81024407813237,40
22.191416876156318,87.81922723097358,10
22.191416876156318,87.82821038381473,10
22.191416876156318,87.83719353665595,10
22.191416876156318,87.84617668949716,10
22.191416876156318,87.85515984233831,40
22.191416876156318,87.86414299517952,10
22.191416876156318,87.87312614802073,10
22.191416876156318,87.88210930086194,40
22.191416876156318,87.8910924537031,10
22.191416876156318,87.9000756065443,10
22.191416876156318,87.90905875938552,10
22.191416876156318,87.91804191222673,50
22.191416876156318,87.92702506506788,40
22.191416876156318,87.93600821790909,10
22.191416876156318,87.9449913707503,10
22.191416876156318,87.95397452359146,40
22.191416876156318,87.96295767643267,10
22.191416876156318,87.97194082927388,10
22.191416876156318,87.98092398211509,10
22.191416876156318,87.98990713495624,10
22.191416876156318,87.99889028779745,10
22.191416876156318,88.00787344063866,10
22.191416876156318,88.01685659347987,10
22.191416876156318,88.02583974632103,10
22.191416876156318,88.03482289916224,40
22.191416876156318,88.04380605200345,40
22.191416876156318,88.05278920484466,10
22.191416876156318,88.06177235768581,40
22.191416876156318,88.07075551052702,80
22.191416876156318,88.07973866336823,80
22.191416876156318,88.08872181620939,80
22.191416876156318,88.0977049690506,80
22.191416876156318,88.1066881218918,80
22.191416876156318,88.11567127473302,80
22.191416876156318,88.12465442757417,80
22.191416876156318,88.13363758041538,80
22.191416876156318,88.14262073325659,80
22.191416876156318,88.1516038860978,80
22.191416876156318,88.16058703893896,80
22.191416876156318,88.16957019178017,80
22.191416876156318,88.17855334462138,80
22.191416876156318,88.18753649746253,50
22.191416876156318,88.19651965030374,10
22.191416876156318,88.20550280314495,40
22.191416876156318,88.21448595598616,40
22.191416876156318,88.22346910882732,10
22.191416876156318,88.23245226166853,40
22.191416876156318,88.24143541450974,40
22.191416876156318,88.25041856735095,40
22.191416876156318,88.2594017201921,40
22.191416876156318,88.26838487303331,40
22.191416876156318,88.27736802587452,40
22.191416876156318,88.28635117871568,40
22.191416876156318,88.29533433155689,40
22.18243372331513,87.50481688153172,40
22.18243372331513,87.51380003437293,40
22.18243372331513,87.52278318721409,40
22.18243372331513,87.5317663400553,40
22.18243372331513,87.54074949289651,40
22.18243372331513,87.54973264573772,40
22.18243372331513,87.55871579857887,10
22.18243372331513,87.56769895142008,40
22.18243372331513,87.5766821042613,10
22.18243372331513,87.5856652571025,10
22.18243372331513,87.59464840994366,10
22.18243372331513,87.60363156278487,40
22.18243372331513,87.61261471562608,40
22.18243372331513,87.62159786846723,40
22.18243372331513,87.63058102130844,40
22.18243372331513,87.63956417414965,40
22.18243372331513,87.64854732699087,10
22.18243372331513,87.65753047983202,10
22.18243372331513,87.66651363267323,10
22.18243372331513,87.67549678551444,10
22.18243372331513,87.68447993835565,40
22.18243372331513,87.6934630911968,40
22.18243372331513,87.70244624403801,80
22.18243372331513,87.71142939687923,10
22.18243372331513,87.72041254972038,10
22.18243372331513,87.72939570256159,80
22.18243372331513,87.7383788554028,10
22.18243372331513,87.74736200824401,10
22.18243372331513,87.75634516108516,10
22.18243372331513,87.76532831392637,10
22.18243372331513,87.77431146676759,10
22.18243372331513,87.7832946196088,10
22.18243372331513,87.79227777244995,10
22.18243372331513,87.80126092529116,80
22.18243372331513,87.81024407813237,10
22.18243372331513,87.81922723097358,10
22.18243372331513,87.82821038381473,40
22.18243372331513,87.83719353665595,80
22.18243372331513,87.84617668949716,10
22.18243372331513,87.85515984233831,10
22.18243372331513,87.86414299517952,10
22.18243372331513,87.87312614802073,40
22.18243372331513,87.88210930086194,40
22.18243372331513,87.8910924537031,40
22.18243372331513,87.9000756065443,10
22.18243372331513,87.90905875938552,40
22.18243372331513,87.91804191222673,10
22.18243372331513,87.92702506506788,10
22.18243372331513,87.93600821790909,40
22.18243372331513,87.9449913707503,40
22.18243372331513,87.95397452359146,10
22.18243372331513,87.96295767643267,10
22.18243372331513,87.97194082927388,10
22.18243372331513,87.98092398211509,10
22.18243372331513,87.98990713495624,10
22.18243372331513,87.99889028779745,10
22.18243372331513,88.00787344063866,10
22.18243372331513,88.01685659347987,40
22.18243372331513,88.02583974632103,40
22.18243372331513,88.03482289916224,40
22.18243372331513,88.04380605200345,40
22.18243372331513,88.05278920484466,40
22.18243372331513,88.06177235768581,10
22.18243372331513,88.07075551052702,10
22.18243372331513,88.07973866336823,10
22.18243372331513,88.08872181620939,80
22.18243372331513,88.0977049690506,10
22.18243372331513,88.1066881218918,10
22.18243372331513,88.11567127473302,10
22.18243372331513,88.12465442757417,10
22.18243372331513,88.13363758041538,80
22.18243372331513,88.14262073325659,80
22.18243372331513,88.1516038860978,80
22.18243372331513,88.16058703893896,80
22.18243372331513,88.16957019178017,80
22.18243372331513,88.17855334462138,80
22.18243372331513,88.18753649746253,80
22.18243372331513,88.19651965030374,10
22.18243372331513,88.20550280314495,40
22.18243372331513,88.21448595598616,40
22.18243372331513,88.22346910882732,40
22.18243372331513,88.23245226166853,40
22.18243372331513,88.24143541450974,40
22.18243372331513,88.25041856735095,40
22.18243372331513,88.2594017201921,40
22.18243372331513,88.26838487303331,40
22.18243372331513,88.27736802587452,10
22.18243372331513,88.28635117871568,40
22.18243372331513,88.29533433155689,10
22.173450570473932,87.50481688153172,40
22.173450570473932,87.51380003437293,40
22.173450570473932,87.52278318721409,40
22.173450570473932,87.5317663400553,40
22.173450570473932,87.54074949289651,40
22.173450570473932,87.54973264573772,40
22.173450570473932,87.55871579857887,10
22.173450570473932,87.56769895142008,40
22.173450570473932,87.5766821042613,10
22.173450570473932,87.5856652571025,10
22.173450570473932,87.59464840994366,40
22.173450570473932,87.60363156278487,10
22.173450570473932,87.61261471562608,40
22.173450570473932,87.62159786846723,40
22.173450570473932,87.63058102130844,40
22.173450570473932,87.63956417414965,40
22.173450570473932,87.64854732699087,40
22.173450570473932,87.65753047983202,40
22.173450570473932,87.66651363267323,10
22.173450570473932,87.67549678551444,10
22.173450570473932,87.68447993835565,10
22.173450570473932,87.6934630911968,10
22.173450570473932,87.70244624403801,10
22.173450570473932,87.71142939687923,10
22.173450570473932,87.72041254972038,10
22.173450570473932,87.72939570256159,80
22.173450570473932,87.7383788554028,10
22.173450570473932,87.74736200824401,10
22.173450570473932,87.75634516108516,10
22.173450570473932,87.76532831392637,40
22.173450570473932,87.77431146676759,10
22.173450570473932,87.7832946196088,10
22.173450570473932,87.79227777244995,10
22.173450570473932,87.80126092529116,10
22.173450570473932,87.81024407813237,80
22.173450570473932,87.81922723097358,10
22.173450570473932,87.82821038381473,10
22.173450570473932,87.83719353665595,10
22.173450570473932,87.84617668949716,10
22.173450570473932,87.85515984233831,10
22.173450570473932,87.86414299517952,40
22.173450570473932,87.87312614802073,10
22.173450570473932,87.88210930086194,10
22.173450570473932,87.8910924537031,10
22.173450570473932,87.9000756065443,10
22.173450570473932,87.90905875938552,10
22.173450570473932,87.91804191222673,40
22.173450570473932,87.92702506506788,40
22.173450570473932,87.93600821790909,40
22.173450570473932,87.9449913707503,40
22.173450570473932,87.95397452359146,10
22.173450570473932,87.96295767643267,40
22.173450570473932,87.97194082927388,40
22.173450570473932,87.98092398211509,10
22.173450570473932,87.98990713495624,40
22.173450570473932,87.99889028779745,40
22.173450570473932,88.00787344063866,40
22.173450570473932,88.01685659347987,40
22.173450570473932,88.02583974632103,40
22.173450570473932,88.03482289916224,40
22.173450570473932,88.04380605200345,40
22.173450570473932,88.05278920484466,40
22.173450570473932,88.06177235768581,10
22.173450570473932,88.07075551052702,40
22.173450570473932,88.07973866336823,10
22.173450570473932,88.08872181620939,40
22.173450570473932,88.0977049690506,10
22.173450570473932,88.1066881218918,10
22.173450570473932,88.11567127473302,40
22.173450570473932,88.12465442757417,10
22.173450570473932,88.13363758041538,40
22.173450570473932,88.14262073325659,40
22.173450570473932,88.1516038860978,80
22.173450570473932,88.16058703893896,80
22.173450570473932,88.16957019178017,80
22.173450570473932,88.17855334462138,80
22.173450570473932,88.18753649746253,80
22.173450570473932,88.19651965030374,80
22.173450570473932,88.20550280314495,10
22.173450570473932,88.21448595598616,10
22.173450570473932,88.22346910882732,10
22.173450570473932,88.23245226166853,10
22.173450570473932,88.24143541450974,10
22.173450570473932,88.25041856735095,40
22.173450570473932,88.2594017201921,40
22.173450570473932,88.26838487303331,40
22.173450570473932,88.27736802587452,40
22.173450570473932,88.28635117871568,10
22.173450570473932,88.29533433155689,40
22.164467417632736,87.50481688153172,40
22.164467417632736,87.51380003437293,40
22.164467417632736,87.52278318721409,40
22.164467417632736,87.5317663400553,10
22.164467417632736,87.54074949289651,10
22.164467417632736,87.54973264573772,40
22.164467417632736,87.55871579857887,40
22.164467417632736,87.56769895142008,40
22.164467417632736,87.5766821042613,40
22.164467417632736,87.5856652571025,10
22.164467417632736,87.59464840994366,40
22.164467417632736,87.60363156278487,10
22.164467417632736,87.61261471562608,40
22.164467417632736,87.62159786846723,10
22.164467417632736,87.63058102130844,40
22.164467417632736,87.63956417414965,10
22.164467417632736,87.64854732699087,10
22.164467417632736,87.65753047983202,10
22.164467417632736,87.66651363267323,10
22.164467417632736,87.67549678551444,10
22.164467417632736,87.68447993835565,10
22.164467417632736,87.6934630911968,10
22.164467417632736,87.70244624403801,10
22.164467417632736,87.71142939687923,10
22.164467417632736,87.72041254972038,10
22.164467417632736,87.72939570256159,10
22.164467417632736,87.7383788554028,80
22.164467417632736,87.74736200824401,10
22.164467417632736,87.75634516108516,10
22.164467417632736,87.76532831392637,80
22.164467417632736,87.77431146676759,10
22.164467417632736,87.7832946196088,10
22.164467417632736,87.79227777244995,80
22.164467417632736,87.80126092529116,10
22.164467417632736,87.81024407813237,10
22.164467417632736,87.81922723097358,10
22.164467417632736,87.82821038381473,80
22.164467417632736,87.83719353665595,10
22.164467417632736,87.84617668949716,80
22.164467417632736,87.85515984233831,80
22.164467417632736,87.86414299517952,10
22.164467417632736,87.87312614802073,40
22.164467417632736,87.88210930086194,40
22.164467417632736,87.8910924537031,10
22.164467417632736,87.9000756065443,10
22.164467417632736,87.90905875938552,10
22.164467417632736,87.91804191222673,40
22.164467417632736,87.92702506506788,40
22.164467417632736,87.93600821790909,40
22.164467417632736,87.9449913707503,40
22.164467417632736,87.95397452359146,40
22.164467417632736,87.96295767643267,40
22.164467417632736,87.97194082927388,40
22.164467417632736,87.98092398211509,40
22.164467417632736,87.98990713495624,10
22.164467417632736,87.99889028779745,40
22.164467417632736,88.00787344063866,40
22.164467417632736,88.01685659347987,40
22.164467417632736,88.02583974632103,40
22.164467417632736,88.03482289916224,40
22.164467417632736,88.04380605200345,40
22.164467417632736,88.05278920484466,10
22.164467417632736,88.06177235768581,40
22.164467417632736,88.07075551052702,40
22.164467417632736,88.07973866336823,10
22.164467417632736,88.08872181620939,10
22.164467417632736,88.0977049690506,40
22.164467417632736,88.1066881218918,40
22.164467417632736,88.11567127473302,40
22.164467417632736,88.12465442757417,40
22.164467417632736,88.13363758041538,40
22.164467417632736,88.14262073325659,40
22.164467417632736,88.1516038860978,80
22.164467417632736,88.16058703893896,80
22.164467417632736,88.16957019178017,80
22.164467417632736,88.17855334462138,80
22.164467417632736,88.18753649746253,80
22.164467417632736,88.19651965030374,80
22.164467417632736,88.20550280314495,80
22.164467417632736,88.21448595598616,10
22.164467417632736,88.22346910882732,40
22.164467417632736,88.23245226166853,10
22.164467417632736,88.24143541450974,10
22.164467417632736,88.25041856735095,40
22.164467417632736,88.2594017201921,10
22.164467417632736,88.26838487303331,40
22.164467417632736,88.27736802587452,40
22.164467417632736,88.28635117871568,40
22.164467417632736,88.29533433155689,40
22.15548426479154,87.50481688153172,10
22.15548426479154,87.51380003437293,40
22.15548426479154,87.52278318721409,40
22.15548426479154,87.5317663400553,10
22.15548426479154,87.54074949289651,10
22.15548426479154,87.54973264573772,40
22.15548426479154,87.55871579857887,10
22.15548426479154,87.56769895142008,40
22.15548426479154,87.5766821042613,40
22.15548426479154,87.5856652571025,40
22.15548426479154,87.59464840994366,40
22.15548426479154,87.60363156278487,10
22.15548426479154,87.61261471562608,40
22.15548426479154,87.62159786846723,10
22.15548426479154,87.63058102130844,40
22.15548426479154,87.63956417414965,10
22.15548426479154,87.64854732699087,40
22.15548426479154,87.65753047983202,10
22.15548426479154,87.66651363267323,10
22.15548426479154,87.67549678551444,10
22.15548426479154,87.68447993835565,40
22.15548426479154,87.6934630911968,80
22.15548426479154,87.70244624403801,10
22.15548426479154,87.71142939687923,10
22.15548426479154,87.72041254972038,80
22.15548426479154,87.72939570256159,40
22.15548426479154,87.7383788554028,40
22.15548426479154,87.74736200824401,10
22.15548426479154,87.75634516108516,10
22.15548426479154,87.76532831392637,10
22.15548426479154,87.77431146676759,10
22.15548426479154,87.7832946196088,10
22.15548426479154,87.79227777244995,10
22.15548426479154,87.80126092529116,10
22.15548426479154,87.81024407813237,10
22.15548426479154,87.81922723097358,10
22.15548426479154,87.82821038381473,40
22.15548426479154,87.83719353665595,40
22.15548426479154,87.84617668949716,10
22.15548426479154,87.85515984233831,40
22.15548426479154,87.86414299517952,80
22.15548426479154,87.87312614802073,10
22.15548426479154,87.88210930086194,40
22.15548426479154,87.8910924537031,10
22.15548426479154,87.9000756065443,40
22.15548426479154,87.90905875938552,40
22.15548426479154,87.91804191222673,40
22.15548426479154,87.92702506506788,40
22.15548426479154,87.93600821790909,40
22.15548426479154,87.9449913707503,40
22.15548426479154,87.95397452359146,40
22.15548426479154,87.96295767643267,40
22.15548426479154,87.97194082927388,10
22.15548426479154,87.98092398211509,40
22.15548426479154,87.98990713495624,40
22.15548426479154,87.99889028779745,40
22.15548426479154,88.00787344063866,40
22.15548426479154,88.01685659347987,10
22.15548426479154,88.02583974632103,10
22.15548426479154,88.03482289916224,40
22.15548426479154,88.04380605200345,40
22.15548426479154,88.05278920484466,40
22.15548426479154,88.06177235768581,40
22.15548426479154,88.07075551052702,40
22.15548426479154,88.07973866336823,10
22.15548426479154,88.08872181620939,40
22.15548426479154,88.0977049690506,10
22.15548426479154,88.1066881218918,40
22.15548426479154,88.11567127473302,40
22.15548426479154,88.12465442757417,40
22.15548426479154,88.13363758041538,40
22.15548426479154,88.14262073325659,40
22.15548426479154,88.1516038860978,40
22.15548426479154,88.16058703893896,80
22.15548426479154,88.16957019178017,80
22.15548426479154,88.17855334462138,80
22.15548426479154,88.18753649746253,80
22.15548426479154,88.19651965030374,80
22.15548426479154,88.20550280314495,80
22.15548426479154,88.21448595598616,10
22.15548426479154,88.22346910882732,10
22.15548426479154,88.23245226166853,10
22.15548426479154,88.24143541450974,10
22.15548426479154,88.25041856735095,40
22.15548426479154,88.2594017201921,40
22.15548426479154,88.26838487303331,40
22.15548426479154,88.27736802587452,10
22.15548426479154,88.28635117871568,10
22.15548426479154,88.29533433155689,10
22.146501111950343,87.50481688153172,40
22.146501111950343,87.51380003437293,40
22.146501111950343,87.52278318721409,40
22.146501111950343,87.5317663400553,40
22.146501111950343,87.54074949289651,40
22.146501111950343,87.54973264573772,10
22.146501111950343,87.55871579857887,40
22.146501111950343,87.56769895142008,10
22.146501111950343,87.5766821042613,10
22.146501111950343,87.5856652571025,10
22.146501111950343,87.59464840994366,40
22.146501111950343,87.60363156278487,10
22.146501111950343,87.61261471562608,10
22.146501111950343,87.62159786846723,40
22.146501111950343,87.63058102130844,40
22.146501111950343,87.63956417414965,40
22.146501111950343,87.64854732699087,10
22.146501111950343,87.65753047983202,10
22.146501111950343,87.66651363267323,40
22.146501111950343,87.67549678551444,40
22.146501111950343,87.68447993835565,80
22.146501111950343,87.6934630911968,10
22.146501111950343,87.70244624403801,10
22.146501111950343,87.71142939687923,10
22.146501111950343,87.72041254972038,40
22.146501111950343,87.72939570256159,10
22.146501111950343,87.7383788554028,10
22.146501111950343,87.74736200824401,10
22.146501111950343,87.75634516108516,40
22.146501111950343,87.76532831392637,40
22.146501111950343,87.77431146676759,10
22.146501111950343,87.7832946196088,80
22.146501111950343,87.79227777244995,40
22.146501111950343,87.80126092529116,40
22.146501111950343,87.81024407813237,10
22.146501111950343,87.81922723097358,10
22.146501111950343,87.82821038381473,10
22.146501111950343,87.83719353665595,10
22.146501111950343,87.84617668949716,40
22.146501111950343,87.85515984233831,40
22.146501111950343,87.86414299517952,10
22.146501111950343,87.87312614802073,80
22.146501111950343,87.88210930086194,10
22.146501111950343,87.8910924537031,40
22.146501111950343,87.9000756065443,40
22.146501111950343,87.90905875938552,40
22.146501111950343,87.91804191222673,40
22.146501111950343,87.92702506506788,40
22.146501111950343,87.93600821790909,10
22.146501111950343,87.9449913707503,40
22.146501111950343,87.95397452359146,40
22.146501111950343,87.96295767643267,10
22.146501111950343,87.97194082927388,40
22.146501111950343,87.98092398211509,40
22.146501111950343,87.98990713495624,10
22.146501111950343,87.99889028779745,10
22.146501111950343,88.00787344063866,40
22.146501111950343,88.01685659347987,10
22.146501111950343,88.02583974632103,10
22.146501111950343,88.03482289916224,10
22.146501111950343,88.04380605200345,40
22.146501111950343,88.05278920484466,10
22.146501111950343,88.06177235768581,40
22.146501111950343,88.07075551052702,40
22.146501111950343,88.07973866336823,40
22.146501111950343,88.08872181620939,40
22.146501111950343,88.0977049690506,10
22.146501111950343,88.1066881218918,40
22.146501111950343,88.11567127473302,10
22.146501111950343,88.12465442757417,40
22.146501111950343,88.13363758041538,10
22.146501111950343,88.14262073325659,40
22.146501111950343,88.1516038860978,40
22.146501111950343,88.16058703893896,40
22.146501111950343,88.16957019178017,80
22.146501111950343,88.17855334462138,80
22.146501111950343,88.18753649746253,80
22.146501111950343,88.19651965030374,80
22.146501111950343,88.20550280314495,80
22.146501111950343,88.21448595598616,40
22.146501111950343,88.22346910882732,40
22.146501111950343,88.23245226166853,40
22.146501111950343,88.24143541450974,40
22.146501111950343,88.25041856735095,40
22.146501111950343,88.2594017201921,40
22.146501111950343,88.26838487303331,40
22.146501111950343,88.27736802587452,40
22.146501111950343,88.28635117871568,40
22.146501111950343,88.29533433155689,40
22.137517959109147,87.50481688153172,10
22.137517959109147,87.51380003437293,10
22.137517959109147,87.52278318721409,10
22.137517959109147,87.5317663400553,40
22.137517959109147,87.54074949289651,40
22.137517959109147,87.54973264573772,40
22.137517959109147,87.55871579857887,10
22.137517959109147,87.56769895142008,10
22.137517959109147,87.5766821042613,40
22.137517959109147,87.5856652571025,10
22.137517959109147,87.59464840994366,40
22.137517959109147,87.60363156278487,10
22.137517959109147,87.61261471562608,40
22.137517959109147,87.62159786846723,10
22.137517959109147,87.63058102130844,40
22.137517959109147,87.63956417414965,40
22.137517959109147,87.64854732699087,80
22.137517959109147,87.65753047983202,40
22.137517959109147,87.66651363267323,10
22.137517959109147,87.67549678551444,40
22.137517959109147,87.68447993835565,80
22.137517959109147,87.6934630911968,10
22.137517959109147,87.70244624403801,10
22.137517959109147,87.71142939687923,10
22.137517959109147,87.72041254972038,40
22.137517959109147,87.72939570256159,10
22.137517959109147,87.7383788554028,40
22.137517959109147,87.74736200824401,40
22.137517959109147,87.75634516108516,10
22.137517959109147,87.76532831392637,40
22.137517959109147,87.77431146676759,10
22.137517959109147,87.7832946196088,10
22.137517959109147,87.79227777244995,10
22.137517959109147,87.80126092529116,10
22.137517959109147,87.81024407813237,10
22.137517959109147,87.81922723097358,10
22.137517959109147,87.82821038381473,10
22.137517959109147,87.83719353665595,10
22.137517959109147,87.84617668949716,10
22.137517959109147,87.85515984233831,40
22.137517959109147,87.86414299517952,40
22.137517959109147,87.87312614802073,40
22.137517959109147,87.88210930086194,40
22.137517959109147,87.8910924537031,80
22.137517959109147,87.9000756065443,40
22.137517959109147,87.90905875938552,10
22.137517959109147,87.91804191222673,10
22.137517959109147,87.92702506506788,40
22.137517959109147,87.93600821790909,40
22.137517959109147,87.9449913707503,10
22.137517959109147,87.95397452359146,40
22.137517959109147,87.96295767643267,40
22.137517959109147,87.97194082927388,10
22.137517959109147,87.98092398211509,40
22.137517959109147,87.98990713495624,40
22.137517959109147,87.99889028779745,40
22.137517959109147,88.00787344063866,10
22.137517959109147,88.01685659347987,10
22.137517959109147,88.02583974632103,40
22.137517959109147,88.03482289916224,40
22.137517959109147,88.04380605200345,40
22.137517959109147,88.05278920484466,40
22.137517959109147,88.06177235768581,40
22.137517959109147,88.07075551052702,10
22.137517959109147,88.07973866336823,10
22.137517959109147,88.08872181620939,10
22.137517959109147,88.0977049690506,10
22.137517959109147,88.1066881218918,10
22.137517959109147,88.11567127473302,40
22.137517959109147,88.12465442757417,10
22.137517959109147,88.13363758041538,10
22.137517959109147,88.14262073325659,10
22.137517959109147,88.1516038860978,40
22.137517959109147,88.16058703893896,40
22.137517959109147,88.16957019178017,40
22.137517959109147,88.17855334462138,80
22.137517959109147,88.18753649746253,80
22.137517959109147,88.19651965030374,80
22.137517959109147,88.20550280314495,80
22.137517959109147,88.21448595598616,10
22.137517959109147,88.22346910882732,40
22.137517959109147,88.23245226166853,40
22.137517959109147,88.24143541450974,40
22.137517959109147,88.25041856735095,40
22.137517959109147,88.2594017201921,40
22.137517959109147,88.26838487303331,40
22.137517959109147,88.27736802587452,10
22.137517959109147,88.28635117871568,40
22.137517959109147,88.29533433155689,40
22.128534806267957,87.50481688153172,10
22.128534806267957,87.51380003437293,10
22.128534806267957,87.52278318721409,40
22.128534806267957,87.5317663400553,10
22.128534806267957,87.54074949289651,40
22.128534806267957,87.54973264573772,40
22.128534806267957,87.55871579857887,10
22.128534806267957,87.56769895142008,40
22.128534806267957,87.5766821042613,40
22.128534806267957,87.5856652571025,40
22.128534806267957,87.59464840994366,10
22.128534806267957,87.60363156278487,10
22.128534806267957,87.61261471562608,40
22.128534806267957,87.62159786846723,10
22.128534806267957,87.63058102130844,10
22.128534806267957,87.63956417414965,40
22.128534806267957,87.64854732699087,80
22.128534806267957,87.65753047983202,40
22.128534806267957,87.66651363267323,10
22.128534806267957,87.67549678551444,80
22.128534806267957,87.68447993835565,80
22.128534806267957,87.6934630911968,80
22.128534806267957,87.70244624403801,10
22.128534806267957,87.71142939687923,40
22.128534806267957,87.72041254972038,10
22.128534806267957,87.72939570256159,10
22.128534806267957,87.7383788554028,40
22.128534806267957,87.74736200824401,40
22.128534806267957,87.75634516108516,40
22.128534806267957,87.76532831392637,40
22.128534806267957,87.77431146676759,40
22.128534806267957,87.7832946196088,40
22.128534806267957,87.79227777244995,10
22.128534806267957,87.80126092529116,10
22.128534806267957,87.81024407813237,10
22.128534806267957,87.81922723097358,40
22.128534806267957,87.82821038381473,10
22.128534806267957,87.83719353665595,10
22.128534806267957,87.84617668949716,10
22.128534806267957,87.85515984233831,10
22.128534806267957,87.86414299517952,10
22.128534806267957,87.87312614802073,40
22.128534806267957,87.88210930086194,10
22.128534806267957,87.8910924537031,10
22.128534806267957,87.9000756065443,80
22.128534806267957,87.90905875938552,80
22.128534806267957,87.91804191222673,10
22.128534806267957,87.92702506506788,40
22.128534806267957,87.93600821790909,40
22.128534806267957,87.9449913707503,40
22.128534806267957,87.95397452359146,40
22.128534806267957,87.96295767643267,10
22.128534806267957,87.97194082927388,40
22.128534806267957,87.98092398211509,10
22.128534806267957,87.98990713495624,40
22.128534806267957,87.99889028779745,40
22.128534806267957,88.00787344063866,40
22.128534806267957,88.01685659347987,10
22.128534806267957,88.02583974632103,10
22.128534806267957,88.03482289916224,10
22.128534806267957,88.04380605200345,40
22.128534806267957,88.05278920484466,40
22.128534806267957,88.06177235768581,40
22.128534806267957,88.07075551052702,40
22.128534806267957,88.07973866336823,40
22.128534806267957,88.08872181620939,10
22.128534806267957,88.0977049690506,10
22.128534806267957,88.1066881218918,40
22.128534806267957,88.11567127473302,40
22.128534806267957,88.12465442757417,40
22.128534806267957,88.13363758041538,10
22.128534806267957,88.14262073325659,40
22.128534806267957,88.1516038860978,40
22.128534806267957,88.16058703893896,10
22.128534806267957,88.16957019178017,10
22.128534806267957,88.17855334462138,80
22.128534806267957,88.18753649746253,80
22.128534806267957,88.19651965030374,80
22.128534806267957,88.20550280314495,80
22.128534806267957,88.21448595598616,10
22.128534806267957,88.22346910882732,40
22.128534806267957,88.23245226166853,10
22.128534806267957,88.24143541450974,40
22.128534806267957,88.25041856735095,40
22.128534806267957,88.2594017201921,10
22.128534806267957,88.26838487303331,10
22.128534806267957,88.27736802587452,40
22.128534806267957,88.28635117871568,40
22.128534806267957,88.29533433155689,10
22.11955165342676,87.50481688153172,10
22.11955165342676,87.51380003437293,10
22.11955165342676,87.52278318721409,10
22.11955165342676,87.5317663400553,40
22.11955165342676,87.54074949289651,10
22.11955165342676,87.54973264573772,40
22.11955165342676,87.55871579857887,40
22.11955165342676,87.56769895142008,40
22.11955165342676,87.5766821042613,40
22.11955165342676,87.5856652571025,10
22.11955165342676,87.59464840994366,10
22.11955165342676,87.60363156278487,10
22.11955165342676,87.61261471562608,40
22.11955165342676,87.62159786846723,40
22.11955165342676,87.63058102130844,10
22.11955165342676,87.63956417414965,10
22.11955165342676,87.64854732699087,10
22.11955165342676,87.65753047983202,40
22.11955165342676,87.66651363267323,10
22.11955165342676,87.67549678551444,10
22.11955165342676,87.68447993835565,10
22.11955165342676,87.6934630911968,10
22.11955165342676,87.70244624403801,40
22.11955165342676,87.71142939687923,40
22.11955165342676,87.72041254972038,10
22.11955165342676,87.72939570256159,10
22.11955165342676,87.7383788554028,40
22.11955165342676,87.74736200824401,10
22.11955165342676,87.75634516108516,40
22.11955165342676,87.76532831392637,40
22.11955165342676,87.77431146676759,40
22.11955165342676,87.7832946196088,40
22.11955165342676,87.79227777244995,10
22.11955165342676,87.80126092529116,10
22.11955165342676,87.81024407813237,40
22.11955165342676,87.81922723097358,10
22.11955165342676,87.82821038381473,10
22.11955165342676,87.83719353665595,10
22.11955165342676,87.84617668949716,40
22.11955165342676,87.85515984233831,10
22.11955165342676,87.86414299517952,40
22.11955165342676,87.87312614802073,40
22.11955165342676,87.88210930086194,40
22.11955165342676,87.8910924537031,40
22.11955165342676,87.9000756065443,40
22.11955165342676,87.90905875938552,40
22.11955165342676,87.91804191222673,40
22.11955165342676,87.92702506506788,80
22.11955165342676,87.93600821790909,10
22.11955165342676,87.9449913707503,80
22.11955165342676,87.95397452359146,10
22.11955165342676,87.96295767643267,10
22.11955165342676,87.97194082927388,40
22.11955165342676,87.98092398211509,40
22.11955165342676,87.98990713495624,40
22.11955165342676,87.99889028779745,40
22.11955165342676,88.00787344063866,10
22.11955165342676,88.01685659347987,40
22.11955165342676,88.02583974632103,40
22.11955165342676,88.03482289916224,40
22.11955165342676,88.04380605200345,40
22.11955165342676,88.05278920484466,40
22.11955165342676,88.06177235768581,10
22.11955165342676,88.07075551052702,40
22.11955165342676,88.07973866336823,10
22.11955165342676,88.08872181620939,40
22.11955165342676,88.0977049690506,40
22.11955165342676,88.1066881218918,10
22.11955165342676,88.11567127473302,10
22.11955165342676,88.12465442757417,40
22.11955165342676,88.13363758041538,40
22.11955165342676,88.14262073325659,40
22.11955165342676,88.1516038860978,40
22.11955165342676,88.16058703893896,10
22.11955165342676,88.16957019178017,10
22.11955165342676,88.17855334462138,40
22.11955165342676,88.18753649746253,80
22.11955165342676,88.19651965030374,80
22.11955165342676,88.20550280314495,80
22.11955165342676,88.21448595598616,80
22.11955165342676,88.22346910882732,40
22.11955165342676,88.23245226166853,40
22.11955165342676,88.24143541450974,40
22.11955165342676,88.25041856735095,10
22.11955165342676,88.2594017201921,10
22.11955165342676,88.26838487303331,40
22.11955165342676,88.27736802587452,40
22.11955165342676,88.28635117871568,40
22.11955165342676,88.29533433155689,40
22.110568500585565,87.50481688153172,10
22.110568500585565,87.51380003437293,10
22.110568500585565,87.52278318721409,40
22.110568500585565,87.5317663400553,40
22.110568500585565,87.54074949289651,10
22.110568500585565,87.54973264573772,40
22.110568500585565,87.55871579857887,40
22.110568500585565,87.56769895142008,10
22.110568500585565,87.5766821042613,10
22.110568500585565,87.5856652571025,40
22.110568500585565,87.59464840994366,40
22.110568500585565,87.60363156278487,40
22.110568500585565,87.61261471562608,40
22.110568500585565,87.62159786846723,40
22.110568500585565,87.63058102130844,40
22.110568500585565,87.63956417414965,40
22.110568500585565,87.64854732699087,40
22.110568500585565,87.65753047983202,40
22.110568500585565,87.66651363267323,40
22.110568500585565,87.67549678551444,10
22.110568500585565,87.68447993835565,40
22.110568500585565,87.6934630911968,40
22.110568500585565,87.70244624403801,40
22.110568500585565,87.71142939687923,40
22.110568500585565,87.72041254972038,40
22.110568500585565,87.72939570256159,40
22.110568500585565,87.7383788554028,40
22.110568500585565,87.74736200824401,10
22.110568500585565,87.75634516108516,40
22.110568500585565,87.76532831392637,40
22.110568500585565,87.77431146676759,10
22.110568500585565,87.7832946196088,10
22.110568500585565,87.79227777244995,10
22.110568500585565,87.80126092529116,10
22.110568500585565,87.81024407813237,40
22.110568500585565,87.81922723097358,40
22.110568500585565,87.82821038381473,40
22.110568500585565,87.83719353665595,40
22.110568500585565,87.84617668949716,10
22.110568500585565,87.85515984233831,40
22.110568500585565,87.86414299517952,40
22.110568500585565,87.87312614802073,10
22.110568500585565,87.88210930086194,40
22.110568500585565,87.8910924537031,10
22.110568500585565,87.9000756065443,10
22.110568500585565,87.90905875938552,40
22.110568500585565,87.91804191222673,40
22.110568500585565,87.92702506506788,40
22.110568500585565,87.93600821790909,10
22.110568500585565,87.9449913707503,80
22.110568500585565,87.95397452359146,40
22.110568500585565,87.96295767643267,10
22.110568500585565,87.97194082927388,30
22.110568500585565,87.98092398211509,60
22.110568500585565,87.98990713495624,40
22.110568500585565,87.99889028779745,10
22.110568500585565,88.00787344063866,40
22.110568500585565,88.01685659347987,10
22.110568500585565,88.02583974632103,10
22.110568500585565,88.03482289916224,10
22.110568500585565,88.04380605200345,40
22.110568500585565,88.05278920484466,10
22.110568500585565,88.06177235768581,10
22.110568500585565,88.07075551052702,40
22.110568500585565,88.07973866336823,10
22.110568500585565,88.08872181620939,10
22.110568500585565,88.0977049690506,40
22.110568500585565,88.1066881218918,10
22.110568500585565,88.11567127473302,10
22.110568500585565,88.12465442757417,40
22.110568500585565,88.13363758041538,40
22.110568500585565,88.14262073325659,10
22.110568500585565,88.1516038860978,40
22.110568500585565,88.16058703893896,40
22.110568500585565,88.16957019178017,40
22.110568500585565,88.17855334462138,10
22.110568500585565,88.18753649746253,40
22.110568500585565,88.19651965030374,80
22.110568500585565,88.20550280314495,80
22.110568500585565,88.21448595598616,80
22.110568500585565,88.22346910882732,40
22.110568500585565,88.23245226166853,40
22.110568500585565,88.24143541450974,40
22.110568500585565,88.25041856735095,40
22.110568500585565,88.2594017201921,40
22.110568500585565,88.26838487303331,40
22.110568500585565,88.27736802587452,40
22.110568500585565,88.28635117871568,40
22.110568500585565,88.29533433155689,40
22.10158534774437,87.50481688153172,10
22.10158534774437,87.51380003437293,10
22.10158534774437,87.52278318721409,10
22.10158534774437,87.5317663400553,40
22.10158534774437,87.54074949289651,40
22.10158534774437,87.54973264573772,40
22.10158534774437,87.55871579857887,40
22.10158534774437,87.56769895142008,10
22.10158534774437,87.5766821042613,40
22.10158534774437,87.5856652571025,40
22.10158534774437,87.59464840994366,40
22.10158534774437,87.60363156278487,40
22.10158534774437,87.61261471562608,40
22.10158534774437,87.62159786846723,40
22.10158534774437,87.63058102130844,10
22.10158534774437,87.63956417414965,40
22.10158534774437,87.64854732699087,10
22.10158534774437,87.65753047983202,10
22.10158534774437,87.66651363267323,10
22.10158534774437,87.67549678551444,10
22.10158534774437,87.68447993835565,40
22.10158534774437,87.6934630911968,10
22.10158534774437,87.70244624403801,10
22.10158534774437,87.71142939687923,40
22.10158534774437,87.72041254972038,10
22.10158534774437,87.72939570256159,40
22.10158534774437,87.7383788554028,40
22.10158534774437,87.74736200824401,10
22.10158534774437,87.75634516108516,10
22.10158534774437,87.76532831392637,10
22.10158534774437,87.77431146676759,10
22.10158534774437,87.7832946196088,10
22.10158534774437,87.79227777244995,40
22.10158534774437,87.80126092529116,10
22.10158534774437,87.81024407813237,40
22.10158534774437,87.81922723097358,40
22.10158534774437,87.82821038381473,40
22.10158534774437,87.83719353665595,40
22.10158534774437,87.84617668949716,40
22.10158534774437,87.85515984233831,40
22.10158534774437,87.86414299517952,10
22.10158534774437,87.87312614802073,40
22.10158534774437,87.88210930086194,10
22.10158534774437,87.8910924537031,40
22.10158534774437,87.9000756065443,10
22.10158534774437,87.90905875938552,40
22.10158534774437,87.91804191222673,40
22.10158534774437,87.92702506506788,40
22.10158534774437,87.93600821790909,40
22.10158534774437,87.9449913707503,10
22.10158534774437,87.95397452359146,10
22.10158534774437,87.96295767643267,80
22.10158534774437,87.97194082927388,80
22.10158534774437,87.98092398211509,80
22.10158534774437,87.98990713495624,80
22.10158534774437,87.99889028779745,10
22.10158534774437,88.00787344063866,10
22.10158534774437,88.01685659347987,40
22.10158534774437,88.02583974632103,40
22.10158534774437,88.03482289916224,10
22.10158534774437,88.04380605200345,40
22.10158534774437,88.05278920484466,40
22.10158534774437,88.06177235768581,40
22.10158534774437,88.07075551052702,10
22.10158534774437,88.07973866336823,10
22.10158534774437,88.08872181620939,10
22.10158534774437,88.0977049690506,10
22.10158534774437,88.1066881218918,10
22.10158534774437,88.11567127473302,10
22.10158534774437,88.12465442757417,10
22.10158534774437,88.13363758041538,10
22.10158534774437,88.14262073325659,40
22.10158534774437,88.1516038860978,10
22.10158534774437,88.16058703893896,10
22.10158534774437,88.16957019178017,40
22.10158534774437,88.17855334462138,50
22.10158534774437,88.18753649746253,40
22.10158534774437,88.19651965030374,80
22.10158534774437,88.20550280314495,80
22.10158534774437,88.21448595598616,80
22.10158534774437,88.22346910882732,80
22.10158534774437,88.23245226166853,40
22.10158534774437,88.24143541450974,10
22.10158534774437,88.25041856735095,10
22.10158534774437,88.2594017201921,40
22.10158534774437,88.26838487303331,40
22.10158534774437,88.27736802587452,40
22.10158534774437,88.28635117871568,40
22.10158534774437,88.29533433155689,10
22.092602194903172,87.50481688153172,40
22.092602194903172,87.51380003437293,40
22.092602194903172,87.52278318721409,10
22.092602194903172,87.5317663400553,40
22.092602194903172,87.54074949289651,80
22.092602194903172,87.54973264573772,40
22.092602194903172,87.55871579857887,40
22.092602194903172,87.56769895142008,40
22.092602194903172,87.5766821042613,10
22.092602194903172,87.5856652571025,10
22.092602194903172,87.59464840994366,40
22.092602194903172,87.60363156278487,40
22.092602194903172,87.61261471562608,40
22.092602194903172,87.62159786846723,40
22.092602194903172,87.63058102130844,40
22.092602194903172,87.63956417414965,40
22.092602194903172,87.64854732699087,40
22.092602194903172,87.65753047983202,40
22.092602194903172,87.66651363267323,40
22.092602194903172,87.67549678551444,10
22.092602194903172,87.68447993835565,40
22.092602194903172,87.6934630911968,10
22.092602194903172,87.70244624403801,40
22.092602194903172,87.71142939687923,40
22.092602194903172,87.72041254972038,40
22.092602194903172,87.72939570256159,10
22.092602194903172,87.7383788554028,40
22.092602194903172,87.74736200824401,10
22.092602194903172,87.75634516108516,10
22.092602194903172,87.76532831392637,40
22.092602194903172,87.77431146676759,40
22.092602194903172,87.7832946196088,10
22.092602194903172,87.79227777244995,40
22.092602194903172,87.80126092529116,40
22.092602194903172,87.81024407813237,10
22.092602194903172,87.81922723097358,40
22.092602194903172,87.82821038381473,10
22.092602194903172,87.83719353665595,40
22.092602194903172,87.84617668949716,10
22.092602194903172,87.85515984233831,40
22.092602194903172,87.86414299517952,10
22.092602194903172,87.87312614802073,40
22.092602194903172,87.88210930086194,40
22.092602194903172,87.8910924537031,10
22.092602194903172,87.9000756065443,40
22.092602194903172,87.90905875938552,40
22.092602194903172,87.91804191222673,10
22.092602194903172,87.92702506506788,10
22.092602194903172,87.93600821790909,40
22.092602194903172,87.9449913707503,10
22.092602194903172,87.95397452359146,10
22.092602194903172,87.96295767643267,80
22.092602194903172,87.97194082927388,60
22.092602194903172,87.98092398211509,10
22.092602194903172,87.98990713495624,80
22.092602194903172,87.99889028779745,80
22.092602194903172,88.00787344063866,40
22.092602194903172,88.01685659347987,40
22.092602194903172,88.02583974632103,10
22.092602194903172,88.03482289916224,10
22.092602194903172,88.04380605200345,10
22.092602194903172,88.05278920484466,10
22.092602194903172,88.06177235768581,40
22.092602194903172,88.07075551052702,40
22.092602194903172,88.07973866336823,10
22.092602194903172,88.08872181620939,40
22.092602194903172,88.0977049690506,40
22.092602194903172,88.1066881218918,40
22.092602194903172,88.11567127473302,40
22.092602194903172,88.12465442757417,40
22.092602194903172,88.13363758041538,10
22.092602194903172,88.14262073325659,10
22.092602194903172,88.1516038860978,10
22.092602194903172,88.16058703893896,10
22.092602194903172,88.16957019178017,40
22.092602194903172,88.17855334462138,10
22.092602194903172,88.18753649746253,80
22.092602194903172,88.19651965030374,80
22.092602194903172,88.20550280314495,80
22.092602194903172,88.21448595598616,80
22.092602194903172,88.22346910882732,80
22.092602194903172,88.23245226166853,40
22.092602194903172,88.24143541450974,10
22.092602194903172,88.25041856735095,40
22.092602194903172,88.2594017201921,40
22.092602194903172,88.26838487303331,40
22.092602194903172,88.27736802587452,40
22.092602194903172,88.28635117871568,40
22.092602194903172,88.29533433155689,40
22.083619042061976,87.50481688153172,40
22.083619042061976,87.51380003437293,40
22.083619042061976,87.52278318721409,40
22.083619042061976,87.5317663400553,10
22.083619042061976,87.54074949289651,10
22.083619042061976,87.54973264573772,10
22.083619042061976,87.55871579857887,40
22.083619042061976,87.56769895142008,40
22.083619042061976,87.5766821042613,40
22.083619042061976,87.5856652571025,40
22.083619042061976,87.59464840994366,40
22.083619042061976,87.60363156278487,40
22.083619042061976,87.61261471562608,10
22.083619042061976,87.62159786846723,40
22.083619042061976,87.63058102130844,40
22.083619042061976,87.63956417414965,10
22.083619042061976,87.64854732699087,40
22.083619042061976,87.65753047983202,10
22.083619042061976,87.66651363267323,10
22.083619042061976,87.67549678551444,10
22.083619042061976,87.68447993835565,10
22.083619042061976,87.6934630911968,10
22.083619042061976,87.70244624403801,10
22.083619042061976,87.71142939687923,40
22.083619042061976,87.72041254972038,10
22.083619042061976,87.72939570256159,10
22.083619042061976,87.7383788554028,10
22.083619042061976,87.74736200824401,40
22.083619042061976,87.75634516108516,10
22.083619042061976,87.76532831392637,40
22.083619042061976,87.77431146676759,40
22.083619042061976,87.7832946196088,10
22.083619042061976,87.79227777244995,40
22.083619042061976,87.80126092529116,10
22.083619042061976,87.81024407813237,10
22.083619042061976,87.81922723097358,40
22.083619042061976,87.82821038381473,40
22.083619042061976,87.83719353665595,40
22.083619042061976,87.84617668949716,10
22.083619042061976,87.85515984233831,10
22.083619042061976,87.86414299517952,40
22.083619042061976,87.87312614802073,10
22.083619042061976,87.88210930086194,40
22.083619042061976,87.8910924537031,40
22.083619042061976,87.9000756065443,40
22.083619042061976,87.90905875938552,40
22.083619042061976,87.91804191222673,40
22.083619042061976,87.92702506506788,40
22.083619042061976,87.93600821790909,40
22.083619042061976,87.9449913707503,40
22.083619042061976,87.95397452359146,10
22.083619042061976,87.96295767643267,40
22.083619042061976,87.97194082927388,60
22.083619042061976,87.98092398211509,10
22.083619042061976,87.98990713495624,60
22.083619042061976,87.99889028779745,80
22.083619042061976,88.00787344063866,80
22.083619042061976,88.01685659347987,40
22.083619042061976,88.02583974632103,10
22.083619042061976,88.03482289916224,10
22.083619042061976,88.04380605200345,40
22.083619042061976,88.05278920484466,50
22.083619042061976,88.06177235768581,40
22.083619042061976,88.07075551052702,10
22.083619042061976,88.07973866336823,10
22.083619042061976,88.08872181620939,10
22.083619042061976,88.0977049690506,40
22.083619042061976,88.1066881218918,10
22.083619042061976,88.11567127473302,50
22.083619042061976,88.12465442757417,40
22.083619042061976,88.13363758041538,10
22.083619042061976,88.14262073325659,50
22.083619042061976,88.1516038860978,40
22.083619042061976,88.16058703893896,10
22.083619042061976,88.16957019178017,50
22.083619042061976,88.17855334462138,80
22.083619042061976,88.18753649746253,80
22.083619042061976,88.19651965030374,80
22.083619042061976,88.20550280314495,80
22.083619042061976,88.21448595598616,80
22.083619042061976,88.22346910882732,80
22.083619042061976,88.23245226166853,10
22.083619042061976,88.24143541450974,40
22.083619042061976,88.25041856735095,10
22.083619042061976,88.2594017201921,40
22.083619042061976,88.26838487303331,40
22.083619042061976,88.27736802587452,40
22.083619042061976,88.28635117871568,40
22.083619042061976,88.29533433155689,40
22.07463588922078,87.50481688153172,10
22.07463588922078,87.51380003437293,10
22.07463588922078,87.52278318721409,40
22.07463588922078,87.5317663400553,10
22.07463588922078,87.54074949289651,40
22.07463588922078,87.54973264573772,40
22.07463588922078,87.55871579857887,10
22.07463588922078,87.56769895142008,40
22.07463588922078,87.5766821042613,40
22.07463588922078,87.5856652571025,40
22.07463588922078,87.59464840994366,40
22.07463588922078,87.60363156278487,10
22.07463588922078,87.61261471562608,10
22.07463588922078,87.62159786846723,40
22.07463588922078,87.63058102130844,40
22.07463588922078,87.63956417414965,40
22.07463588922078,87.64854732699087,40
22.07463588922078,87.65753047983202,40
22.07463588922078,87.66651363267323,10
22.07463588922078,87.67549678551444,40
22.07463588922078,87.68447993835565,40
22.07463588922078,87.6934630911968,40
22.07463588922078,87.70244624403801,40
22.07463588922078,87.71142939687923,40
22.07463588922078,87.72041254972038,10
22.07463588922078,87.72939570256159,40
22.07463588922078,87.7383788554028,40
22.07463588922078,87.74736200824401,40
22.07463588922078,87.75634516108516,40
22.07463588922078,87.76532831392637,40
22.07463588922078,87.77431146676759,10
22.07463588922078,87.7832946196088,40
22.07463588922078,87.79227777244995,40
22.07463588922078,87.80126092529116,40
22.07463588922078,87.81024407813237,40
22.07463588922078,87.81922723097358,10
22.07463588922078,87.82821038381473,10
22.07463588922078,87.83719353665595,10
22.07463588922078,87.84617668949716,40
22.07463588922078,87.85515984233831,10
22.07463588922078,87.86414299517952,40
22.07463588922078,87.87312614802073,10
22.07463588922078,87.88210930086194,40
22.07463588922078,87.8910924537031,10
22.07463588922078,87.9000756065443,10
22.07463588922078,87.90905875938552,40
22.07463588922078,87.91804191222673,40
22.07463588922078,87.92702506506788,40
22.07463588922078,87.93600821790909,10
22.07463588922078,87.9449913707503,40
22.07463588922078,87.95397452359146,40
22.07463588922078,87.96295767643267,10
22.07463588922078,87.97194082927388,40
22.07463588922078,87.98092398211509,40
22.07463588922078,87.98990713495624,40
22.07463588922078,87.99889028779745,40
22.07463588922078,88.00787344063866,60
22.07463588922078,88.01685659347987,80
22.07463588922078,88.02583974632103,10
22.07463588922078,88.03482289916224,10
22.07463588922078,88.04380605200345,40
22.07463588922078,88.05278920484466,40
22.07463588922078,88.06177235768581,10
22.07463588922078,88.07075551052702,40
22.07463588922078,88.07973866336823,10
22.07463588922078,88.08872181620939,50
22.07463588922078,88.0977049690506,40
22.07463588922078,88.1066881218918,50
22.07463588922078,88.11567127473302,10
22.07463588922078,88.12465442757417,10
22.07463588922078,88.13363758041538,50
22.07463588922078,88.14262073325659,50
22.07463588922078,88.1516038860978,10
22.07463588922078,88.16058703893896,80
22.07463588922078,88.16957019178017,80
22.07463588922078,88.17855334462138,80
22.07463588922078,88.18753649746253,80
22.07463588922078,88.19651965030374,80
22.07463588922078,88.20550280314495,80
22.07463588922078,88.21448595598616,80
22.07463588922078,88.22346910882732,80
22.07463588922078,88.23245226166853,40
22.07463588922078,88.24143541450974,40
22.07463588922078,88.25041856735095,40
22.07463588922078,88.2594017201921,40
22.07463588922078,88.26838487303331,40
22.07463588922078,88.27736802587452,40
22.07463588922078,88.28635117871568,40
22.07463588922078,88.29533433155689,40
22.06565273637959,87.50481688153172,10
22.06565273637959,87.51380003437293,40
22.06565273637959,87.52278318721409,40
22.06565273637959,87.5317663400553,40
22.06565273637959,87.54074949289651,10
22.06565273637959,87.54973264573772,10
22.06565273637959,87.55871579857887,10
22.06565273637959,87.56769895142008,10
22.06565273637959,87.5766821042613,40
22.06565273637959,87.5856652571025,40
22.06565273637959,87.59464840994366,40
22.06565273637959,87.60363156278487,10
22.06565273637959,87.61261471562608,40
22.06565273637959,87.62159786846723,40
22.06565273637959,87.63058102130844,40
22.06565273637959,87.63956417414965,40
22.06565273637959,87.64854732699087,40
22.06565273637959,87.65753047983202,40
22.06565273637959,87.66651363267323,40
22.06565273637959,87.67549678551444,40
22.06565273637959,87.68447993835565,40
22.06565273637959,87.6934630911968,40
22.06565273637959,87.70244624403801,40
22.06565273637959,87.71142939687923,10
22.06565273637959,87.72041254972038,40
22.06565273637959,87.72939570256159,10
22.06565273637959,87.7383788554028,10
22.06565273637959,87.74736200824401,40
22.06565273637959,87.75634516108516,40
22.06565273637959,87.76532831392637,40
22.06565273637959,87.77431146676759,10
22.06565273637959,87.7832946196088,40
22.06565273637959,87.79227777244995,40
22.06565273637959,87.80126092529116,40
22.06565273637959,87.81024407813237,40
22.06565273637959,87.81922723097358,10
22.06565273637959,87.82821038381473,40
22.06565273637959,87.83719353665595,40
22.06565273637959,87.84617668949716,40
22.06565273637959,87.85515984233831,10
22.06565273637959,87.86414299517952,40
22.06565273637959,87.87312614802073,10
22.06565273637959,87.88210930086194,10
22.06565273637959,87.8910924537031,10
22.06565273637959,87.9000756065443,10
22.06565273637959,87.90905875938552,40
22.06565273637959,87.91804191222673,40
22.06565273637959,87.92702506506788,10
22.06565273637959,87.93600821790909,40
22.06565273637959,87.9449913707503,40
22.06565273637959,87.95397452359146,10
22.06565273637959,87.96295767643267,40
22.06565273637959,87.97194082927388,40
22.06565273637959,87.98092398211509,10
22.06565273637959,87.98990713495624,40
22.06565273637959,87.99889028779745,40
22.06565273637959,88.00787344063866,10
22.06565273637959,88.01685659347987,80
22.06565273637959,88.02583974632103,80
22.06565273637959,88.03482289916224,40
22.06565273637959,88.04380605200345,40
22.06565273637959,88.05278920484466,40
22.06565273637959,88.06177235768581,40
22.06565273637959,88.07075551052702,50
22.06565273637959,88.07973866336823,10
22.06565273637959,88.08872181620939,50
22.06565273637959,88.0977049690506,10
22.06565273637959,88.1066881218918,50
22.06565273637959,88.11567127473302,50
22.06565273637959,88.12465442757417,10
22.06565273637959,88.13363758041538,50
22.06565273637959,88.14262073325659,10
22.06565273637959,88.1516038860978,30
22.06565273637959,88.16058703893896,80
22.06565273637959,88.16957019178017,80
22.06565273637959,88.17855334462138,80
22.06565273637959,88.18753649746253,80
22.06565273637959,88.19651965030374,80
22.06565273637959,88.20550280314495,80
22.06565273637959,88.21448595598616,80
22.06565273637959,88.22346910882732,80
22.06565273637959,88.23245226166853,40
22.06565273637959,88.24143541450974,40
22.06565273637959,88.25041856735095,10
22.06565273637959,88.2594017201921,40
22.06565273637959,88.26838487303331,40
22.06565273637959,88.27736802587452,40
22.06565273637959,88.28635117871568,40
22.06565273637959,88.29533433155689,40
22.056669583538394,87.50481688153172,40
22.056669583538394,87.51380003437293,40
22.056669583538394,87.52278318721409,10
22.056669583538394,87.5317663400553,40
22.056669583538394,87.54074949289651,40
22.056669583538394,87.54973264573772,40
22.056669583538394,87.55871579857887,40
22.056669583538394,87.56769895142008,10
22.056669583538394,87.5766821042613,40
22.056669583538394,87.5856652571025,40
22.056669583538394,87.59464840994366,40
22.056669583538394,87.60363156278487,10
22.056669583538394,87.61261471562608,40
22.056669583538394,87.62159786846723,40
22.056669583538394,87.63058102130844,40
22.056669583538394,87.63956417414965,10
22.056669583538394,87.64854732699087,40
22.056669583538394,87.65753047983202,40
22.056669583538394,87.66651363267323,10
22.056669583538394,87.67549678551444,40
22.056669583538394,87.68447993835565,10
22.056669583538394,87.6934630911968,40
22.056669583538394,87.70244624403801,40
22.056669583538394,87.71142939687923,40
22.056669583538394,87.72041254972038,40
22.056669583538394,87.72939570256159,10
22.056669583538394,87.7383788554028,40
22.056669583538394,87.74736200824401,40
22.056669583538394,87.75634516108516,40
22.056669583538394,87.76532831392637,40
22.056669583538394,87.77431146676759,10
22.056669583538394,87.7832946196088,40
22.056669583538394,87.79227777244995,10
22.056669583538394,87.80126092529116,40
22.056669583538394,87.81024407813237,10
22.056669583538394,87.81922723097358,40
22.056669583538394,87.82821038381473,40
22.056669583538394,87.83719353665595,10
22.056669583538394,87.84617668949716,10
22.056669583538394,87.85515984233831,10
22.056669583538394,87.86414299517952,10
22.056669583538394,87.87312614802073,40
22.056669583538394,87.88210930086194,10
22.056669583538394,87.8910924537031,40
22.056669583538394,87.9000756065443,10
22.056669583538394,87.90905875938552,40
22.056669583538394,87.91804191222673,10
22.056669583538394,87.92702506506788,40
22.056669583538394,87.93600821790909,40
22.056669583538394,87.9449913707503,40
22.056669583538394,87.95397452359146,40
22.056669583538394,87.96295767643267,40
22.056669583538394,87.97194082927388,40
22.056669583538394,87.98092398211509,40
22.056669583538394,87.98990713495624,40
22.056669583538394,87.99889028779745,40
22.056669583538394,88.00787344063866,40
22.056669583538394,88.01685659347987,80
22.056669583538394,88.02583974632103,80
22.056669583538394,88.03482289916224,40
22.056669583538394,88.04380605200345,10
22.056669583538394,88.05278920484466,10
22.056669583538394,88.06177235768581,10
22.056669583538394,88.07075551052702,10
22.056669583538394,88.07973866336823,50
22.056669583538394,88.08872181620939,50
22.056669583538394,88.0977049690506,10
22.056669583538394,88.1066881218918,10
22.056669583538394,88.11567127473302,10
22.056669583538394,88.12465442757417,50
22.056669583538394,88.13363758041538,50
22.056669583538394,88.14262073325659,80
22.056669583538394,88.1516038860978,80
22.056669583538394,88.16058703893896,80
22.056669583538394,88.16957019178017,80
22.056669583538394,88.17855334462138,80
22.056669583538394,88.18753649746253,80
22.056669583538394,88.19651965030374,80
22.056669583538394,88.20550280314495,80
22.056669583538394,88.21448595598616,80
22.056669583538394,88.22346910882732,80
22.056669583538394,88.23245226166853,40
22.056669583538394,88.24143541450974,40
22.056669583538394,88.25041856735095,40
22.056669583538394,88.2594017201921,40
22.056669583538394,88.26838487303331,40
22.056669583538394,88.27736802587452,40
22.056669583538394,88.28635117871568,40
22.056669583538394,88.29533433155689,40
22.047686430697198,87.50481688153172,40
22.047686430697198,87.51380003437293,40
22.047686430697198,87.52278318721409,10
22.047686430697198,87.5317663400553,40
22.047686430697198,87.54074949289651,40
22.047686430697198,87.54973264573772,40
22.047686430697198,87.55871579857887,10
22.047686430697198,87.56769895142008,40
22.047686430697198,87.5766821042613,40
22.047686430697198,87.5856652571025,10
22.047686430697198,87.59464840994366,10
22.047686430697198,87.60363156278487,40
22.047686430697198,87.61261471562608,40
22.047686430697198,87.62159786846723,10
22.047686430697198,87.63058102130844,10
22.047686430697198,87.63956417414965,10
22.047686430697198,87.64854732699087,40
22.047686430697198,87.65753047983202,40
22.047686430697198,87.66651363267323,40
22.047686430697198,87.67549678551444,40
22.047686430697198,87.68447993835565,40
22.047686430697198,87.6934630911968,40
22.047686430697198,87.70244624403801,10
22.047686430697198,87.71142939687923,40
22.047686430697198,87.72041254972038,40
22.047686430697198,87.72939570256159,10
22.047686430697198,87.7383788554028,10
22.047686430697198,87.74736200824401,40
22.047686430697198,87.75634516108516,40
22.047686430697198,87.76532831392637,40
22.047686430697198,87.77431146676759,10
22.047686430697198,87.7832946196088,10
22.047686430697198,87.79227777244995,40
22.047686430697198,87.80126092529116,40
22.047686430697198,87.81024407813237,40
22.047686430697198,87.81922723097358,10
22.047686430697198,87.82821038381473,40
22.047686430697198,87.83719353665595,10
22.047686430697198,87.84617668949716,40
22.047686430697198,87.85515984233831,40
22.047686430697198,87.86414299517952,40
22.047686430697198,87.87312614802073,10
22.047686430697198,87.88210930086194,10
22.047686430697198,87.8910924537031,40
22.047686430697198,87.9000756065443,10
22.047686430697198,87.90905875938552,10
22.047686430697198,87.91804191222673,10
22.047686430697198,87.92702506506788,40
22.047686430697198,87.93600821790909,40
22.047686430697198,87.9449913707503,40
22.047686430697198,87.95397452359146,10
22.047686430697198,87.96295767643267,40
22.047686430697198,87.97194082927388,40
22.047686430697198,87.98092398211509,10
22.047686430697198,87.98990713495624,10
22.047686430697198,87.99889028779745,40
22.047686430697198,88.00787344063866,10
22.047686430697198,88.01685659347987,80
22.047686430697198,88.02583974632103,80
22.047686430697198,88.03482289916224,10
22.047686430697198,88.04380605200345,80
22.047686430697198,88.05278920484466,40
22.047686430697198,88.06177235768581,50
22.047686430697198,88.07075551052702,40
22.047686430697198,88.07973866336823,40
22.047686430697198,88.08872181620939,60
22.047686430697198,88.0977049690506,40
22.047686430697198,88.1066881218918,50
22.047686430697198,88.11567127473302,50
22.047686430697198,88.12465442757417,80
22.047686430697198,88.13363758041538,80
22.047686430697198,88.14262073325659,80
22.047686430697198,88.1516038860978,80
22.047686430697198,88.16058703893896,60
22.047686430697198,88.16957019178017,80
22.047686430697198,88.17855334462138,80
22.047686430697198,88.18753649746253,80
22.047686430697198,88.19651965030374,80
22.047686430697198,88.20550280314495,80
22.047686430697198,88.21448595598616,80
22.047686430697198,88.22346910882732,40
22.047686430697198,88.23245226166853,10
22.047686430697198,88.24143541450974,10
22.047686430697198,88.25041856735095,40
22.047686430697198,88.2594017201921,10
22.047686430697198,88.26838487303331,40
22.047686430697198,88.27736802587452,40
22.047686430697198,88.28635117871568,40
22.047686430697198,88.29533433155689,40
22.038703277856,87.50481688153172,10
22.038703277856,87.51380003437293,10
22.038703277856,87.52278318721409,10
22.038703277856,87.5317663400553,40
22.038703277856,87.54074949289651,10
22.038703277856,87.54973264573772,10
22.038703277856,87.55871579857887,10
22.038703277856,87.56769895142008,40
22.038703277856,87.5766821042613,40
22.038703277856,87.5856652571025,10
22.038703277856,87.59464840994366,10
22.038703277856,87.60363156278487,40
22.038703277856,87.61261471562608,10
22.038703277856,87.62159786846723,40
22.038703277856,87.63058102130844,40
22.038703277856,87.63956417414965,40
22.038703277856,87.64854732699087,40
22.038703277856,87.65753047983202,40
22.038703277856,87.66651363267323,10
22.038703277856,87.67549678551444,10
22.038703277856,87.68447993835565,40
22.038703277856,87.6934630911968,10
22.038703277856,87.70244624403801,40
22.038703277856,87.71142939687923,10
22.038703277856,87.72041254972038,40
22.038703277856,87.72939570256159,10
22.038703277856,87.7383788554028,40
22.038703277856,87.74736200824401,40
22.038703277856,87.75634516108516,10
22.038703277856,87.76532831392637,40
22.038703277856,87.77431146676759,40
22.038703277856,87.7832946196088,40
22.038703277856,87.79227777244995,40
22.038703277856,87.80126092529116,40
22.038703277856,87.81024407813237,10
22.038703277856,87.81922723097358,10
22.038703277856,87.82821038381473,40
22.038703277856,87.83719353665595,10
22.038703277856,87.84617668949716,40
22.038703277856,87.85515984233831,40
22.038703277856,87.86414299517952,40
22.038703277856,87.87312614802073,40
22.038703277856,87.88210930086194,40
22.038703277856,87.8910924537031,40
22.038703277856,87.9000756065443,40
22.038703277856,87.90905875938552,10
22.038703277856,87.91804191222673,40
22.038703277856,87.92702506506788,10
22.038703277856,87.93600821790909,40
22.038703277856,87.9449913707503,40
22.038703277856,87.95397452359146,10
22.038703277856,87.96295767643267,40
22.038703277856,87.97194082927388,40
22.038703277856,87.98092398211509,40
22.038703277856,87.98990713495624,10
22.038703277856,87.99889028779745,40
22.038703277856,88.00787344063866,10
22.038703277856,88.01685659347987,80
22.038703277856,88.02583974632103,80
22.038703277856,88.03482289916224,10
22.038703277856,88.04380605200345,10
22.038703277856,88.05278920484466,10
22.038703277856,88.06177235768581,40
22.038703277856,88.07075551052702,40
22.038703277856,88.07973866336823,30
22.038703277856,88.08872181620939,80
22.038703277856,88.0977049690506,50
22.038703277856,88.1066881218918,50
22.038703277856,88.11567127473302,80
22.038703277856,88.12465442757417,80
22.038703277856,88.13363758041538,80
22.038703277856,88.14262073325659,80
22.038703277856,88.1516038860978,80
22.038703277856,88.16058703893896,80
22.038703277856,88.16957019178017,80
22.038703277856,88.17855334462138,80
22.038703277856,88.18753649746253,80
22.038703277856,88.19651965030374,80
22.038703277856,88.20550280314495,80
22.038703277856,88.21448595598616,80
22.038703277856,88.22346910882732,40
22.038703277856,88.23245226166853,40
22.038703277856,88.24143541450974,10
22.038703277856,88.25041856735095,40
22.038703277856,88.2594017201921,40
22.038703277856,88.26838487303331,40
22.038703277856,88.27736802587452,40
22.038703277856,88.28635117871568,40
22.038703277856,88.29533433155689,40
22.029720125014805,87.50481688153172,10
22.029720125014805,87.51380003437293,40
22.029720125014805,87.52278318721409,40
22.029720125014805,87.5317663400553,40
22.029720125014805,87.54074949289651,40
22.029720125014805,87.54973264573772,40
22.029720125014805,87.55871579857887,40
22.029720125014805,87.56769895142008,40
22.029720125014805,87.5766821042613,40
22.029720125014805,87.5856652571025,40
22.029720125014805,87.59464840994366,10
22.029720125014805,87.60363156278487,40
22.029720125014805,87.61261471562608,40
22.029720125014805,87.62159786846723,40
22.029720125014805,87.63058102130844,40
22.029720125014805,87.63956417414965,40
22.029720125014805,87.64854732699087,10
22.029720125014805,87.65753047983202,40
22.029720125014805,87.66651363267323,40
22.029720125014805,87.67549678551444,40
22.029720125014805,87.68447993835565,40
22.029720125014805,87.6934630911968,40
22.029720125014805,87.70244624403801,10
22.029720125014805,87.71142939687923,40
22.029720125014805,87.72041254972038,40
22.029720125014805,87.72939570256159,40
22.029720125014805,87.7383788554028,40
22.029720125014805,87.74736200824401,40
22.029720125014805,87.75634516108516,40
22.029720125014805,87.76532831392637,40
22.029720125014805,87.77431146676759,40
22.029720125014805,87.7832946196088,40
22.029720125014805,87.79227777244995,40
22.029720125014805,87.80126092529116,10
22.029720125014805,87.81024407813237,10
22.029720125014805,87.81922723097358,40
22.029720125014805,87.82821038381473,40
22.029720125014805,87.83719353665595,40
22.029720125014805,87.84617668949716,10
22.029720125014805,87.85515984233831,40
22.029720125014805,87.86414299517952,40
22.029720125014805,87.87312614802073,40
22.029720125014805,87.88210930086194,40
22.029720125014805,87.8910924537031,40
22.029720125014805,87.9000756065443,40
22.029720125014805,87.90905875938552,40
22.029720125014805,87.91804191222673,40
22.029720125014805,87.92702506506788,10
22.029720125014805,87.93600821790909,40
22.029720125014805,87.9449913707503,40
22.029720125014805,87.95397452359146,40
22.029720125014805,87.96295767643267,40
22.029720125014805,87.97194082927388,10
22.029720125014805,87.98092398211509,10
22.029720125014805,87.98990713495624,10
22.029720125014805,87.99889028779745,40
22.029720125014805,88.00787344063866,40
22.029720125014805,88.01685659347987,40
22.029720125014805,88.02583974632103,40
22.029720125014805,88.03482289916224,80
22.029720125014805,88.04380605200345,30
22.029720125014805,88.05278920484466,50
22.029720125014805,88.06177235768581,50
22.029720125014805,88.07075551052702,40
22.029720125014805,88.07973866336823,30
22.029720125014805,88.08872181620939,80
22.029720125014805,88.0977049690506,80
22.029720125014805,88.1066881218918,80
22.029720125014805,88.11567127473302,80
22.029720125014805,88.12465442757417,80
22.029720125014805,88.13363758041538,40
22.029720125014805,88.14262073325659,40
22.029720125014805,88.1516038860978,80
22.029720125014805,88.16058703893896,80
22.029720125014805,88.16957019178017,80
22.029720125014805,88.17855334462138,80
22.029720125014805,88.18753649746253,80
22.029720125014805,88.19651965030374,80
22.029720125014805,88.20550280314495,80
22.029720125014805,88.21448595598616,10
22.029720125014805,88.22346910882732,40
22.029720125014805,88.23245226166853,10
22.029720125014805,88.24143541450974,10
22.029720125014805,88.25041856735095,10
22.029720125014805,88.2594017201921,40
22.029720125014805,88.26838487303331,40
22.029720125014805,88.27736802587452,40
22.029720125014805,88.28635117871568,40
22.029720125014805,88.29533433155689,40
22.02073697217361,87.50481688153172,40
22.02073697217361,87.51380003437293,40
22.02073697217361,87.52278318721409,40
22.02073697217361,87.5317663400553,10
22.02073697217361,87.54074949289651,10
22.02073697217361,87.54973264573772,40
22.02073697217361,87.55871579857887,10
22.02073697217361,87.56769895142008,10
22.02073697217361,87.5766821042613,10
22.02073697217361,87.5856652571025,40
22.02073697217361,87.59464840994366,10
22.02073697217361,87.60363156278487,40
22.02073697217361,87.61261471562608,40
22.02073697217361,87.62159786846723,10
22.02073697217361,87.63058102130844,10
22.02073697217361,87.63956417414965,40
22.02073697217361,87.64854732699087,40
22.02073697217361,87.65753047983202,40
22.02073697217361,87.66651363267323,10
22.02073697217361,87.67549678551444,10
22.02073697217361,87.68447993835565,10
22.02073697217361,87.6934630911968,40
22.02073697217361,87.70244624403801,40
22.02073697217361,87.71142939687923,40
22.02073697217361,87.72041254972038,10
22.02073697217361,87.72939570256159,40
22.02073697217361,87.7383788554028,10
22.02073697217361,87.74736200824401,10
22.02073697217361,87.75634516108516,40
22.02073697217361,87.76532831392637,10
22.02073697217361,87.77431146676759,40
22.02073697217361,87.7832946196088,10
22.02073697217361,87.79227777244995,40
22.02073697217361,87.80126092529116,40
22.02073697217361,87.81024407813237,10
22.02073697217361,87.81922723097358,10
22.02073697217361,87.82821038381473,40
22.02073697217361,87.83719353665595,40
22.02073697217361,87.84617668949716,40
22.02073697217361,87.85515984233831,40
22.02073697217361,87.86414299517952,40
22.02073697217361,87.87312614802073,40
22.02073697217361,87.88210930086194,40
22.02073697217361,87.8910924537031,40
22.02073697217361,87.9000756065443,40
22.02073697217361,87.90905875938552,40
22.02073697217361,87.91804191222673,10
22.02073697217361,87.92702506506788,40
22.02073697217361,87.93600821790909,40
22.02073697217361,87.9449913707503,40
22.02073697217361,87.95397452359146,40
22.02073697217361,87.96295767643267,10
22.02073697217361,87.97194082927388,40
22.02073697217361,87.98092398211509,40
22.02073697217361,87.98990713495624,40
22.02073697217361,87.99889028779745,40
22.02073697217361,88.00787344063866,40
22.02073697217361,88.01685659347987,40
22.02073697217361,88.02583974632103,40
22.02073697217361,88.03482289916224,60
22.02073697217361,88.04380605200345,80
22.02073697217361,88.05278920484466,80
22.02073697217361,88.06177235768581,10
22.02073697217361,88.07075551052702,10
22.02073697217361,88.07973866336823,80
22.02073697217361,88.08872181620939,80
22.02073697217361,88.0977049690506,80
22.02073697217361,88.1066881218918,80
22.02073697217361,88.11567127473302,80
22.02073697217361,88.12465442757417,80
22.02073697217361,88.13363758041538,10
22.02073697217361,88.14262073325659,80
22.02073697217361,88.1516038860978,80
22.02073697217361,88.16058703893896,80
22.02073697217361,88.16957019178017,80
22.02073697217361,88.17855334462138,80
22.02073697217361,88.18753649746253,80
22.02073697217361,88.19651965030374,80
22.02073697217361,88.20550280314495,80
22.02073697217361,88.21448595598616,40
22.02073697217361,88.22346910882732,40
22.02073697217361,88.23245226166853,10
22.02073697217361,88.24143541450974,10
22.02073697217361,88.25041856735095,40
22.02073697217361,88.2594017201921,40
22.02073697217361,88.26838487303331,40
22.02073697217361,88.27736802587452,40
22.02073697217361,88.28635117871568,40
22.02073697217361,88.29533433155689,40
22.01175381933242,87.50481688153172,40
22.01175381933242,87.51380003437293,40
22.01175381933242,87.52278318721409,40
22.01175381933242,87.5317663400553,10
22.01175381933242,87.54074949289651,10
22.01175381933242,87.54973264573772,40
22.01175381933242,87.55871579857887,40
22.01175381933242,87.56769895142008,40
22.01175381933242,87.5766821042613,40
22.01175381933242,87.5856652571025,40
22.01175381933242,87.59464840994366,40
22.01175381933242,87.60363156278487,40
22.01175381933242,87.61261471562608,40
22.01175381933242,87.62159786846723,10
22.01175381933242,87.63058102130844,10
22.01175381933242,87.63956417414965,40
22.01175381933242,87.64854732699087,40
22.01175381933242,87.65753047983202,40
22.01175381933242,87.66651363267323,40
22.01175381933242,87.67549678551444,40
22.01175381933242,87.68447993835565,10
22.01175381933242,87.6934630911968,10
22.01175381933242,87.70244624403801,40
22.01175381933242,87.71142939687923,10
22.01175381933242,87.72041254972038,40
22.01175381933242,87.72939570256159,10
22.01175381933242,87.7383788554028,10
22.01175381933242,87.74736200824401,10
22.01175381933242,87.75634516108516,40
22.01175381933242,87.76532831392637,40
22.01175381933242,87.77431146676759,40
22.01175381933242,87.7832946196088,40
22.01175381933242,87.79227777244995,40
22.01175381933242,87.80126092529116,40
22.01175381933242,87.81024407813237,40
22.01175381933242,87.81922723097358,40
22.01175381933242,87.82821038381473,10
22.01175381933242,87.83719353665595,40
22.01175381933242,87.84617668949716,10
22.01175381933242,87.85515984233831,10
22.01175381933242,87.86414299517952,40
22.01175381933242,87.87312614802073,40
22.01175381933242,87.88210930086194,40
22.01175381933242,87.8910924537031,40
22.01175381933242,87.9000756065443,10
22.01175381933242,87.90905875938552,40
22.01175381933242,87.91804191222673,40
22.01175381933242,87.92702506506788,40
22.01175381933242,87.93600821790909,40
22.01175381933242,87.9449913707503,40
22.01175381933242,87.95397452359146,40
22.01175381933242,87.96295767643267,40
22.01175381933242,87.97194082927388,40
22.01175381933242,87.98092398211509,40
22.01175381933242,87.98990713495624,40
22.01175381933242,87.99889028779745,40
22.01175381933242,88.00787344063866,10
22.01175381933242,88.01685659347987,40
22.01175381933242,88.02583974632103,40
22.01175381933242,88.03482289916224,60
22.01175381933242,88.04380605200345,60
22.01175381933242,88.05278920484466,60
22.01175381933242,88.06177235768581,80
22.01175381933242,88.07075551052702,80
22.01175381933242,88.07973866336823,80
22.01175381933242,88.08872181620939,80
22.01175381933242,88.0977049690506,80
22.01175381933242,88.1066881218918,80
22.01175381933242,88.11567127473302,60
22.01175381933242,88.12465442757417,10
22.01175381933242,88.13363758041538,80
22.01175381933242,88.14262073325659,80
22.01175381933242,88.1516038860978,80
22.01175381933242,88.16058703893896,80
22.01175381933242,88.16957019178017,80
22.01175381933242,88.17855334462138,80
22.01175381933242,88.18753649746253,80
22.01175381933242,88.19651965030374,80
22.01175381933242,88.20550280314495,40
22.01175381933242,88.21448595598616,10
22.01175381933242,88.22346910882732,10
22.01175381933242,88.23245226166853,40
22.01175381933242,88.24143541450974,40
22.01175381933242,88.25041856735095,40
22.01175381933242,88.2594017201921,40
22.01175381933242,88.26838487303331,40
22.01175381933242,88.27736802587452,40
22.01175381933242,88.28635117871568,40
22.01175381933242,88.29533433155689,40
22.002770666491223,87.50481688153172,40
22.002770666491223,87.51380003437293,40
22.002770666491223,87.52278318721409,40
22.002770666491223,87.5317663400553,40
22.002770666491223,87.54074949289651,40
22.002770666491223,87.54973264573772,40
22.002770666491223,87.55871579857887,40
22.002770666491223,87.56769895142008,10
22.002770666491223,87.5766821042613,10
22.002770666491223,87.5856652571025,10
22.002770666491223,87.59464840994366,40
22.002770666491223,87.60363156278487,40
22.002770666491223,87.61261471562608,40
22.002770666491223,87.62159786846723,40
22.002770666491223,87.63058102130844,10
22.002770666491223,87.63956417414965,40
22.002770666491223,87.64854732699087,40
22.002770666491223,87.65753047983202,40
22.002770666491223,87.66651363267323,40
22.002770666491223,87.67549678551444,40
22.002770666491223,87.68447993835565,10
22.002770666491223,87.6934630911968,40
22.002770666491223,87.70244624403801,40
22.002770666491223,87.71142939687923,40
22.002770666491223,87.72041254972038,10
22.002770666491223,87.72939570256159,10
22.002770666491223,87.7383788554028,40
22.002770666491223,87.74736200824401,40
22.002770666491223,87.75634516108516,40
22.002770666491223,87.76532831392637,40
22.002770666491223,87.77431146676759,40
22.002770666491223,87.7832946196088,40
22.002770666491223,87.79227777244995,40
22.002770666491223,87.80126092529116,40
22.002770666491223,87.81024407813237,40
22.002770666491223,87.81922723097358,10
22.002770666491223,87.82821038381473,10
22.002770666491223,87.83719353665595,40
22.002770666491223,87.84617668949716,10
22.002770666491223,87.85515984233831,40
22.002770666491223,87.86414299517952,40
22.002770666491223,87.87312614802073,40
22.002770666491223,87.88210930086194,40
22.002770666491223,87.8910924537031,10
22.002770666491223,87.9000756065443,40
22.002770666491223,87.90905875938552,10
22.002770666491223,87.91804191222673,10
22.002770666491223,87.92702506506788,40
22.002770666491223,87.93600821790909,40
22.002770666491223,87.9449913707503,10
22.002770666491223,87.95397452359146,40
22.002770666491223,87.96295767643267,10
22.002770666491223,87.97194082927388,40
22.002770666491223,87.98092398211509,10
22.002770666491223,87.98990713495624,10
22.002770666491223,87.99889028779745,10
22.002770666491223,88.00787344063866,10
22.002770666491223,88.01685659347987,10
22.002770666491223,88.02583974632103,40
22.002770666491223,88.03482289916224,40
22.002770666491223,88.04380605200345,10
22.002770666491223,88.05278920484466,80
22.002770666491223,88.06177235768581,80
22.002770666491223,88.07075551052702,80
22.002770666491223,88.07973866336823,80
22.002770666491223,88.08872181620939,80
22.002770666491223,88.0977049690506,60
22.002770666491223,88.1066881218918,40
22.002770666491223,88.11567127473302,30
22.002770666491223,88.12465442757417,40
22.002770666491223,88.13363758041538,80
22.002770666491223,88.14262073325659,80
22.002770666491223,88.1516038860978,80
22.002770666491223,88.16058703893896,80
22.002770666491223,88.16957019178017,80
22.002770666491223,88.17855334462138,80
22.002770666491223,88.18753649746253,80
22.002770666491223,88.19651965030374,80
22.002770666491223,88.20550280314495,40
22.002770666491223,88.21448595598616,10
22.002770666491223,88.22346910882732,40
22.002770666491223,88.23245226166853,40
22.002770666491223,88.24143541450974,40
22.002770666491223,88.25041856735095,40
22.002770666491223,88.2594017201921,40
22.002770666491223,88.26838487303331,40
22.002770666491223,88.27736802587452,40
22.002770666491223,88.28635117871568,40
22.002770666491223,88.29533433155689,40
21.993787513650027,87.50481688153172,40
21.993787513650027,87.51380003437293,40
21.993787513650027,87.52278318721409,10
21.993787513650027,87.5317663400553,10
21.993787513650027,87.54074949289651,10
21.993787513650027,87.54973264573772,10
21.993787513650027,87.55871579857887,40
21.993787513650027,87.56769895142008,40
21.993787513650027,87.5766821042613,40
21.993787513650027,87.5856652571025,40
21.993787513650027,87.59464840994366,40
21.993787513650027,87.60363156278487,10
21.993787513650027,87.61261471562608,40
21.993787513650027,87.62159786846723,10
21.993787513650027,87.63058102130844,40
21.993787513650027,87.63956417414965,40
21.993787513650027,87.64854732699087,40
21.993787513650027,87.65753047983202,10
21.993787513650027,87.66651363267323,40
21.993787513650027,87.67549678551444,40
21.993787513650027,87.68447993835565,10
21.993787513650027,87.6934630911968,40
21.993787513650027,87.70244624403801,40
21.993787513650027,87.71142939687923,40
21.993787513650027,87.72041254972038,10
21.993787513650027,87.72939570256159,10
21.993787513650027,87.7383788554028,10
21.993787513650027,87.74736200824401,40
21.993787513650027,87.75634516108516,40
21.993787513650027,87.76532831392637,10
21.993787513650027,87.77431146676759,10
21.993787513650027,87.7832946196088,10
21.993787513650027,87.79227777244995,10
21.993787513650027,87.80126092529116,10
21.993787513650027,87.81024407813237,40
21.993787513650027,87.81922723097358,40
21.993787513650027,87.82821038381473,40
21.993787513650027,87.83719353665595,40
21.993787513650027,87.84617668949716,10
21.993787513650027,87.85515984233831,40
21.993787513650027,87.86414299517952,10
21.993787513650027,87.87312614802073,40
21.993787513650027,87.88210930086194,10
21.993787513650027,87.8910924537031,40
21.993787513650027,87.9000756065443,10
21.993787513650027,87.90905875938552,40
21.993787513650027,87.91804191222673,10
21.993787513650027,87.92702506506788,40
21.993787513650027,87.93600821790909,40
21.993787513650027,87.9449913707503,10
21.993787513650027,87.95397452359146,10
21.993787513650027,87.96295767643267,40
21.993787513650027,87.97194082927388,40
21.993787513650027,87.98092398211509,40
21.993787513650027,87.98990713495624,10
21.993787513650027,87.99889028779745,10
21.993787513650027,88.00787344063866,40
21.993787513650027,88.01685659347987,40
21.993787513650027,88.02583974632103,40
21.993787513650027,88.03482289916224,10
21.993787513650027,88.04380605200345,80
21.993787513650027,88.05278920484466,80
21.993787513650027,88.06177235768581,80
21.993787513650027,88.07075551052702,80
21.993787513650027,88.07973866336823,60
21.993787513650027,88.08872181620939,60
21.993787513650027,88.0977049690506,80
21.993787513650027,88.1066881218918,60
21.993787513650027,88.11567127473302,80
21.993787513650027,88.12465442757417,80
21.993787513650027,88.13363758041538,80
21.993787513650027,88.14262073325659,80
21.993787513650027,88.1516038860978,80
21.993787513650027,88.16058703893896,80
21.993787513650027,88.16957019178017,80
21.993787513650027,88.17855334462138,80
21.993787513650027,88.18753649746253,40
21.993787513650027,88.19651965030374,40
21.993787513650027,88.20550280314495,40
21.993787513650027,88.21448595598616,10
21.993787513650027,88.22346910882732,40
21.993787513650027,88.23245226166853,40
21.993787513650027,88.24143541450974,40
21.993787513650027,88.25041856735095,40
21.993787513650027,88.2594017201921,40
21.993787513650027,88.26838487303331,40
21.993787513650027,88.27736802587452,40
21.993787513650027,88.28635117871568,40
21.993787513650027,88.29533433155689,40
21.98480436080883,87.50481688153172,40
21.98480436080883,87.51380003437293,40
21.98480436080883,87.52278318721409,40
21.98480436080883,87.5317663400553,40
21.98480436080883,87.54074949289651,40
21.98480436080883,87.54973264573772,40
21.98480436080883,87.55871579857887,40
21.98480436080883,87.56769895142008,10
21.98480436080883,87.5766821042613,40
21.98480436080883,87.5856652571025,40
21.98480436080883,87.59464840994366,40
21.98480436080883,87.60363156278487,40
21.98480436080883,87.61261471562608,40
21.98480436080883,87.62159786846723,40
21.98480436080883,87.63058102130844,40
21.98480436080883,87.63956417414965,40
21.98480436080883,87.64854732699087,10
21.98480436080883,87.65753047983202,40
21.98480436080883,87.66651363267323,40
21.98480436080883,87.67549678551444,10
21.98480436080883,87.68447993835565,40
21.98480436080883,87.6934630911968,40
21.98480436080883,87.70244624403801,40
21.98480436080883,87.71142939687923,40
21.98480436080883,87.72041254972038,40
21.98480436080883,87.72939570256159,10
21.98480436080883,87.7383788554028,40
21.98480436080883,87.74736200824401,10
21.98480436080883,87.75634516108516,10
21.98480436080883,87.76532831392637,10
21.98480436080883,87.77431146676759,10
21.98480436080883,87.7832946196088,40
21.98480436080883,87.79227777244995,40
21.98480436080883,87.80126092529116,10
21.98480436080883,87.81024407813237,40
21.98480436080883,87.81922723097358,40
21.98480436080883,87.82821038381473,40
21.98480436080883,87.83719353665595,40
21.98480436080883,87.84617668949716,40
21.98480436080883,87.85515984233831,40
21.98480436080883,87.86414299517952,40
21.98480436080883,87.87312614802073,40
21.98480436080883,87.88210930086194,40
21.98480436080883,87.8910924537031,40
21.98480436080883,87.9000756065443,40
21.98480436080883,87.90905875938552,40
21.98480436080883,87.91804191222673,40
21.98480436080883,87.92702506506788,40
21.98480436080883,87.93600821790909,40
21.98480436080883,87.9449913707503,10
21.98480436080883,87.95397452359146,40
21.98480436080883,87.96295767643267,10
21.98480436080883,87.97194082927388,10
21.98480436080883,87.98092398211509,10
21.98480436080883,87.98990713495624,10
21.98480436080883,87.99889028779745,40
21.98480436080883,88.00787344063866,40
21.98480436080883,88.01685659347987,10
21.98480436080883,88.02583974632103,40
21.98480436080883,88.03482289916224,10
21.98480436080883,88.04380605200345,80
21.98480436080883,88.05278920484466,80
21.98480436080883,88.06177235768581,80
21.98480436080883,88.07075551052702,80
21.98480436080883,88.07973866336823,80
21.98480436080883,88.08872181620939,60
21.98480436080883,88.0977049690506,80
21.98480436080883,88.1066881218918,80
21.98480436080883,88.11567127473302,40
21.98480436080883,88.12465442757417,80
21.98480436080883,88.13363758041538,80
21.98480436080883,88.14262073325659,80
21.98480436080883,88.1516038860978,80
21.98480436080883,88.16058703893896,80
21.98480436080883,88.16957019178017,80
21.98480436080883,88.17855334462138,80
21.98480436080883,88.18753649746253,40
21.98480436080883,88.19651965030374,40
21.98480436080883,88.20550280314495,40
21.98480436080883,88.21448595598616,10
21.98480436080883,88.22346910882732,40
21.98480436080883,88.23245226166853,10
21.98480436080883,88.24143541450974,40
21.98480436080883,88.25041856735095,10
21.98480436080883,88.2594017201921,40
21.98480436080883,88.26838487303331,10
21.98480436080883,88.27736802587452,10
21.98480436080883,88.28635117871568,40
21.98480436080883,88.29533433155689,40
21.975821207967634,87.50481688153172,40
21.975821207967634,87.51380003437293,40
21.975821207967634,87.52278318721409,40
21.975821207967634,87.5317663400553,10
21.975821207967634,87.54074949289651,10
21.975821207967634,87.54973264573772,40
21.975821207967634,87.55871579857887,40
21.975821207967634,87.56769895142008,10
21.975821207967634,87.5766821042613,40
21.975821207967634,87.5856652571025,10
21.975821207967634,87.59464840994366,10
21.975821207967634,87.60363156278487,10
21.975821207967634,87.61261471562608,10
21.975821207967634,87.62159786846723,10
21.975821207967634,87.63058102130844,40
21.975821207967634,87.63956417414965,10
21.975821207967634,87.64854732699087,40
21.975821207967634,87.65753047983202,40
21.975821207967634,87.66651363267323,40
21.975821207967634,87.67549678551444,10
21.975821207967634,87.68447993835565,40
21.975821207967634,87.6934630911968,40
21.975821207967634,87.70244624403801,40
21.975821207967634,87.71142939687923,40
21.975821207967634,87.72041254972038,80
21.975821207967634,87.72939570256159,40
21.975821207967634,87.7383788554028,40
21.975821207967634,87.74736200824401,40
21.975821207967634,87.75634516108516,40
21.975821207967634,87.76532831392637,10
21.975821207967634,87.77431146676759,10
21.975821207967634,87.7832946196088,40
21.975821207967634,87.79227777244995,10
21.975821207967634,87.80126092529116,10
21.975821207967634,87.81024407813237,10
21.975821207967634,87.81922723097358,40
21.975821207967634,87.82821038381473,40
21.975821207967634,87.83719353665595,40
21.975821207967634,87.84617668949716,40
21.975821207967634,87.85515984233831,40
21.975821207967634,87.86414299517952,40
21.975821207967634,87.87312614802073,40
21.975821207967634,87.88210930086194,10
21.975821207967634,87.8910924537031,40
21.975821207967634,87.9000756065443,10
21.975821207967634,87.90905875938552,10
21.975821207967634,87.91804191222673,40
21.975821207967634,87.92702506506788,40
21.975821207967634,87.93600821790909,40
21.975821207967634,87.9449913707503,40
21.975821207967634,87.95397452359146,40
21.975821207967634,87.96295767643267,40
21.975821207967634,87.97194082927388,10
21.975821207967634,87.98092398211509,40
21.975821207967634,87.98990713495624,40
21.975821207967634,87.99889028779745,40
21.975821207967634,88.00787344063866,10
21.975821207967634,88.01685659347987,40
21.975821207967634,88.02583974632103,40
21.975821207967634,88.03482289916224,80
21.975821207967634,88.04380605200345,80
21.975821207967634,88.05278920484466,80
21.975821207967634,88.06177235768581,80
21.975821207967634,88.07075551052702,60
21.975821207967634,88.07973866336823,60
21.975821207967634,88.08872181620939,60
21.975821207967634,88.0977049690506,80
21.975821207967634,88.1066881218918,80
21.975821207967634,88.11567127473302,80
21.975821207967634,88.12465442757417,80
21.975821207967634,88.13363758041538,80
21.975821207967634,88.14262073325659,80
21.975821207967634,88.1516038860978,80
21.975821207967634,88.16058703893896,80
21.975821207967634,88.16957019178017,80
21.975821207967634,88.17855334462138,40
21.975821207967634,88.18753649746253,40
21.975821207967634,88.19651965030374,40
21.975821207967634,88.20550280314495,10
21.975821207967634,88.21448595598616,40
21.975821207967634,88.22346910882732,40
21.975821207967634,88.23245226166853,40
21.975821207967634,88.24143541450974,40
21.975821207967634,88.25041856735095,40
21.975821207967634,88.2594017201921,40
21.975821207967634,88.26838487303331,40
21.975821207967634,88.27736802587452,40
21.975821207967634,88.28635117871568,40
21.975821207967634,88.29533433155689,40
21.966838055126438,87.50481688153172,10
21.966838055126438,87.51380003437293,10
21.966838055126438,87.52278318721409,10
21.966838055126438,87.5317663400553,10
21.966838055126438,87.54074949289651,10
21.966838055126438,87.54973264573772,40
21.966838055126438,87.55871579857887,40
21.966838055126438,87.56769895142008,40
21.966838055126438,87.5766821042613,40
21.966838055126438,87.5856652571025,10
21.966838055126438,87.59464840994366,10
21.966838055126438,87.60363156278487,40
21.966838055126438,87.61261471562608,40
21.966838055126438,87.62159786846723,40
21.966838055126438,87.63058102130844,10
21.966838055126438,87.63956417414965,10
21.966838055126438,87.64854732699087,10
21.966838055126438,87.65753047983202,10
21.966838055126438,87.66651363267323,40
21.966838055126438,87.67549678551444,10
21.966838055126438,87.68447993835565,10
21.966838055126438,87.6934630911968,40
21.966838055126438,87.70244624403801,40
21.966838055126438,87.71142939687923,40
21.966838055126438,87.72041254972038,40
21.966838055126438,87.72939570256159,40
21.966838055126438,87.7383788554028,40
21.966838055126438,87.74736200824401,40
21.966838055126438,87.75634516108516,40
21.966838055126438,87.76532831392637,40
21.966838055126438,87.77431146676759,40
21.966838055126438,87.7832946196088,40
21.966838055126438,87.79227777244995,40
21.966838055126438,87.80126092529116,10
21.966838055126438,87.81024407813237,10
21.966838055126438,87.81922723097358,10
21.966838055126438,87.82821038381473,40
21.966838055126438,87.83719353665595,10
21.966838055126438,87.84617668949716,40
21.966838055126438,87.85515984233831,40
21.966838055126438,87.86414299517952,40
21.966838055126438,87.87312614802073,10
21.966838055126438,87.88210930086194,10
21.966838055126438,87.8910924537031,40
21.966838055126438,87.9000756065443,10
21.966838055126438,87.90905875938552,10
21.966838055126438,87.91804191222673,10
21.966838055126438,87.92702506506788,40
21.966838055126438,87.93600821790909,40
21.966838055126438,87.9449913707503,40
21.966838055126438,87.95397452359146,40
21.966838055126438,87.96295767643267,10
21.966838055126438,87.97194082927388,10
21.966838055126438,87.98092398211509,40
21.966838055126438,87.98990713495624,40
21.966838055126438,87.99889028779745,40
21.966838055126438,88.00787344063866,40
21.966838055126438,88.01685659347987,40
21.966838055126438,88.02583974632103,60
21.966838055126438,88.03482289916224,80
21.966838055126438,88.04380605200345,80
21.966838055126438,88.05278920484466,80
21.966838055126438,88.06177235768581,60
21.966838055126438,88.07075551052702,60
21.966838055126438,88.07973866336823,60
21.966838055126438,88.08872181620939,80
21.966838055126438,88.0977049690506,40
21.966838055126438,88.1066881218918,80
21.966838055126438,88.11567127473302,80
21.966838055126438,88.12465442757417,80
21.966838055126438,88.13363758041538,80
21.966838055126438,88.14262073325659,80
21.966838055126438,88.1516038860978,80
21.966838055126438,88.16058703893896,40
21.966838055126438,88.16957019178017,40
21.966838055126438,88.17855334462138,40
21.966838055126438,88.18753649746253,10
21.966838055126438,88.19651965030374,40
21.966838055126438,88.20550280314495,10
21.966838055126438,88.21448595598616,40
21.966838055126438,88.22346910882732,40
21.966838055126438,88.23245226166853,40
21.966838055126438,88.24143541450974,40
21.966838055126438,88.25041856735095,40
21.966838055126438,88.2594017201921,40
21.966838055126438,88.26838487303331,40
21.966838055126438,88.27736802587452,40
21.966838055126438,88.28635117871568,10
21.966838055126438,88.29533433155689,40
21.95785490228525,87.50481688153172,40
21.95785490228525,87.51380003437293,40
21.95785490228525,87.52278318721409,40
21.95785490228525,87.5317663400553,10
21.95785490228525,87.54074949289651,10
21.95785490228525,87.54973264573772,10
21.95785490228525,87.55871579857887,40
21.95785490228525,87.56769895142008,40
21.95785490228525,87.5766821042613,40
21.95785490228525,87.5856652571025,40
21.95785490228525,87.59464840994366,10
21.95785490228525,87.60363156278487,40
21.95785490228525,87.61261471562608,10
21.95785490228525,87.62159786846723,40
21.95785490228525,87.63058102130844,40
21.95785490228525,87.63956417414965,40
21.95785490228525,87.64854732699087,40
21.95785490228525,87.65753047983202,10
21.95785490228525,87.66651363267323,10
21.95785490228525,87.67549678551444,40
21.95785490228525,87.68447993835565,40
21.95785490228525,87.6934630911968,40
21.95785490228525,87.70244624403801,40
21.95785490228525,87.71142939687923,40
21.95785490228525,87.72041254972038,40
21.95785490228525,87.72939570256159,40
21.95785490228525,87.7383788554028,10
21.95785490228525,87.74736200824401,40
21.95785490228525,87.75634516108516,40
21.95785490228525,87.76532831392637,40
21.95785490228525,87.77431146676759,40
21.95785490228525,87.7832946196088,10
21.95785490228525,87.79227777244995,40
21.95785490228525,87.80126092529116,40
21.95785490228525,87.81024407813237,40
21.95785490228525,87.81922723097358,10
21.95785490228525,87.82821038381473,40
21.95785490228525,87.83719353665595,40
21.95785490228525,87.84617668949716,40
21.95785490228525,87.85515984233831,40
21.95785490228525,87.86414299517952,40
21.95785490228525,87.87312614802073,40
21.95785490228525,87.88210930086194,40
21.95785490228525,87.8910924537031,40
21.95785490228525,87.9000756065443,40
21.95785490228525,87.90905875938552,10
21.95785490228525,87.91804191222673,40
21.95785490228525,87.92702506506788,40
21.95785490228525,87.93600821790909,40
21.95785490228525,87.9449913707503,40
21.95785490228525,87.95397452359146,40
21.95785490228525,87.96295767643267,10
21.95785490228525,87.97194082927388,40
21.95785490228525,87.98092398211509,40
21.95785490228525,87.98990713495624,40
21.95785490228525,87.99889028779745,10
21.95785490228525,88.00787344063866,40
21.95785490228525,88.01685659347987,60
21.95785490228525,88.02583974632103,60
21.95785490228525,88.03482289916224,80
21.95785490228525,88.04380605200345,80
21.95785490228525,88.05278920484466,80
21.95785490228525,88.06177235768581,60
21.95785490228525,88.07075551052702,80
21.95785490228525,88.07973866336823,60
21.95785490228525,88.08872181620939,60
21.95785490228525,88.0977049690506,30
21.95785490228525,88.1066881218918,80
21.95785490228525,88.11567127473302,80
21.95785490228525,88.12465442757417,80
21.95785490228525,88.13363758041538,80
21.95785490228525,88.14262073325659,80
21.95785490228525,88.1516038860978,80
21.95785490228525,88.16058703893896,10
21.95785490228525,88.16957019178017,10
21.95785490228525,88.17855334462138,10
21.95785490228525,88.18753649746253,40
21.95785490228525,88.19651965030374,40
21.95785490228525,88.20550280314495,40
21.95785490228525,88.21448595598616,40
21.95785490228525,88.22346910882732,10
21.95785490228525,88.23245226166853,40
21.95785490228525,88.24143541450974,10
21.95785490228525,88.25041856735095,40
21.95785490228525,88.2594017201921,40
21.95785490228525,88.26838487303331,10
21.95785490228525,88.27736802587452,40
21.95785490228525,88.28635117871568,40
21.95785490228525,88.29533433155689,40
21.948871749444052,87.50481688153172,40
21.948871749444052,87.51380003437293,40
21.948871749444052,87.52278318721409,40
21.948871749444052,87.5317663400553,40
21.948871749444052,87.54074949289651,40
21.948871749444052,87.54973264573772,10
21.948871749444052,87.55871579857887,10
21.948871749444052,87.56769895142008,40
21.948871749444052,87.5766821042613,10
21.948871749444052,87.5856652571025,40
21.948871749444052,87.59464840994366,40
21.948871749444052,87.60363156278487,40
21.948871749444052,87.61261471562608,40
21.948871749444052,87.62159786846723,40
21.948871749444052,87.63058102130844,40
21.948871749444052,87.63956417414965,40
21.948871749444052,87.64854732699087,40
21.948871749444052,87.65753047983202,40
21.948871749444052,87.66651363267323,40
21.948871749444052,87.67549678551444,40
21.948871749444052,87.68447993835565,40
21.948871749444052,87.6934630911968,10
21.948871749444052,87.70244624403801,40
21.948871749444052,87.71142939687923,40
21.948871749444052,87.72041254972038,40
21.948871749444052,87.72939570256159,40
21.948871749444052,87.7383788554028,40
21.948871749444052,87.74736200824401,10
21.948871749444052,87.75634516108516,40
21.948871749444052,87.76532831392637,40
21.948871749444052,87.77431146676759,10
21.948871749444052,87.7832946196088,40
21.948871749444052,87.79227777244995,40
21.948871749444052,87.80126092529116,40
21.948871749444052,87.81024407813237,40
21.948871749444052,87.81922723097358,40
21.948871749444052,87.82821038381473,40
21.948871749444052,87.83719353665595,40
21.948871749444052,87.84617668949716,40
21.948871749444052,87.85515984233831,10
21.948871749444052,87.86414299517952,40
21.948871749444052,87.87312614802073,10
21.948871749444052,87.88210930086194,10
21.948871749444052,87.8910924537031,10
21.948871749444052,87.9000756065443,40
21.948871749444052,87.90905875938552,40
21.948871749444052,87.91804191222673,10
21.948871749444052,87.92702506506788,40
21.948871749444052,87.93600821790909,40
21.948871749444052,87.9449913707503,40
21.948871749444052,87.95397452359146,10
21.948871749444052,87.96295767643267,40
21.948871749444052,87.97194082927388,40
21.948871749444052,87.98092398211509,10
21.948871749444052,87.98990713495624,40
21.948871749444052,87.99889028779745,40
21.948871749444052,88.00787344063866,40
21.948871749444052,88.01685659347987,60
21.948871749444052,88.02583974632103,80
21.948871749444052,88.03482289916224,80
21.948871749444052,88.04380605200345,80
21.948871749444052,88.05278920484466,80
21.948871749444052,88.06177235768581,80
21.948871749444052,88.07075551052702,80
21.948871749444052,88.07973866336823,30
21.948871749444052,88.08872181620939,60
21.948871749444052,88.0977049690506,80
21.948871749444052,88.1066881218918,80
21.948871749444052,88.11567127473302,80
21.948871749444052,88.12465442757417,80
21.948871749444052,88.13363758041538,80
21.948871749444052,88.14262073325659,80
21.948871749444052,88.1516038860978,80
21.948871749444052,88.16058703893896,40
21.948871749444052,88.16957019178017,10
21.948871749444052,88.17855334462138,10
21.948871749444052,88.18753649746253,40
21.948871749444052,88.19651965030374,10
21.948871749444052,88.20550280314495,40
21.948871749444052,88.21448595598616,40
21.948871749444052,88.22346910882732,40
21.948871749444052,88.23245226166853,40
21.948871749444052,88.24143541450974,40
21.948871749444052,88.25041856735095,10
21.948871749444052,88.2594017201921,10
21.948871749444052,88.26838487303331,40
21.948871749444052,88.27736802587452,40
21.948871749444052,88.28635117871568,10
21.948871749444052,88.29533433155689,10
21.939888596602856,87.50481688153172,40
21.939888596602856,87.51380003437293,40
21.939888596602856,87.52278318721409,10
21.939888596602856,87.5317663400553,10
21.939888596602856,87.54074949289651,10
21.939888596602856,87.54973264573772,10
21.939888596602856,87.55871579857887,40
21.939888596602856,87.56769895142008,40
21.939888596602856,87.5766821042613,10
21.939888596602856,87.5856652571025,40
21.939888596602856,87.59464840994366,40
21.939888596602856,87.60363156278487,40
21.939888596602856,87.61261471562608,40
21.939888596602856,87.62159786846723,40
21.939888596602856,87.63058102130844,40
21.939888596602856,87.63956417414965,10
21.939888596602856,87.64854732699087,40
21.939888596602856,87.65753047983202,40
21.939888596602856,87.66651363267323,40
21.939888596602856,87.67549678551444,40
21.939888596602856,87.68447993835565,40
21.939888596602856,87.6934630911968,40
21.939888596602856,87.70244624403801,40
21.939888596602856,87.71142939687923,40
21.939888596602856,87.72041254972038,40
21.939888596602856,87.72939570256159,40
21.939888596602856,87.7383788554028,40
21.939888596602856,87.74736200824401,40
21.939888596602856,87.75634516108516,40
21.939888596602856,87.76532831392637,40
21.939888596602856,87.77431146676759,40
21.939888596602856,87.7832946196088,10
21.939888596602856,87.79227777244995,40
21.939888596602856,87.80126092529116,40
21.939888596602856,87.81024407813237,40
21.939888596602856,87.81922723097358,10
21.939888596602856,87.82821038381473,10
21.939888596602856,87.83719353665595,40
21.939888596602856,87.84617668949716,40
21.939888596602856,87.85515984233831,40
21.939888596602856,87.86414299517952,10
21.939888596602856,87.87312614802073,10
21.939888596602856,87.88210930086194,10
21.939888596602856,87.8910924537031,40
21.939888596602856,87.9000756065443,10
21.939888596602856,87.90905875938552,10
21.939888596602856,87.91804191222673,40
21.939888596602856,87.92702506506788,10
21.939888596602856,87.93600821790909,10
21.939888596602856,87.9449913707503,40
21.939888596602856,87.95397452359146,10
21.939888596602856,87.96295767643267,40
21.939888596602856,87.97194082927388,40
21.939888596602856,87.98092398211509,10
21.939888596602856,87.98990713495624,40
21.939888596602856,87.99889028779745,40
21.939888596602856,88.00787344063866,40
21.939888596602856,88.01685659347987,80
21.939888596602856,88.02583974632103,80
21.939888596602856,88.03482289916224,80
21.939888596602856,88.04380605200345,80
21.939888596602856,88.05278920484466,80
21.939888596602856,88.06177235768581,80
21.939888596602856,88.07075551052702,80
21.939888596602856,88.07973866336823,80
21.939888596602856,88.08872181620939,80
21.939888596602856,88.0977049690506,80
21.939888596602856,88.1066881218918,80
21.939888596602856,88.11567127473302,80
21.939888596602856,88.12465442757417,80
21.939888596602856,88.13363758041538,80
21.939888596602856,88.14262073325659,80
21.939888596602856,88.1516038860978,80
21.939888596602856,88.16058703893896,80
21.939888596602856,88.16957019178017,80
21.939888596602856,88.17855334462138,40
21.939888596602856,88.18753649746253,10
21.939888596602856,88.19651965030374,40
21.939888596602856,88.20550280314495,40
21.939888596602856,88.21448595598616,40
21.939888596602856,88.22346910882732,40
21.939888596602856,88.23245226166853,10
21.939888596602856,88.24143541450974,40
21.939888596602856,88.25041856735095,40
21.939888596602856,88.2594017201921,40
21.939888596602856,88.26838487303331,40
21.939888596602856,88.27736802587452,40
21.939888596602856,88.28635117871568,40
21.939888596602856,88.29533433155689,10
21.93090544376166,87.50481688153172,40
21.93090544376166,87.51380003437293,40
21.93090544376166,87.52278318721409,10
21.93090544376166,87.5317663400553,10
21.93090544376166,87.54074949289651,10
21.93090544376166,87.54973264573772,10
21.93090544376166,87.55871579857887,40
21.93090544376166,87.56769895142008,40
21.93090544376166,87.5766821042613,40
21.93090544376166,87.5856652571025,40
21.93090544376166,87.59464840994366,40
21.93090544376166,87.60363156278487,10
21.93090544376166,87.61261471562608,40
21.93090544376166,87.62159786846723,40
21.93090544376166,87.63058102130844,40
21.93090544376166,87.63956417414965,40
21.93090544376166,87.64854732699087,40
21.93090544376166,87.65753047983202,40
21.93090544376166,87.66651363267323,40
21.93090544376166,87.67549678551444,40
21.93090544376166,87.68447993835565,40
21.93090544376166,87.6934630911968,40
21.93090544376166,87.70244624403801,40
21.93090544376166,87.71142939687923,40
21.93090544376166,87.72041254972038,40
21.93090544376166,87.72939570256159,10
21.93090544376166,87.7383788554028,10
21.93090544376166,87.74736200824401,40
21.93090544376166,87.75634516108516,40
21.93090544376166,87.76532831392637,40
21.93090544376166,87.77431146676759,40
21.93090544376166,87.7832946196088,40
21.93090544376166,87.79227777244995,10
21.93090544376166,87.80126092529116,40
21.93090544376166,87.81024407813237,40
21.93090544376166,87.81922723097358,40
21.93090544376166,87.82821038381473,40
21.93090544376166,87.83719353665595,40
21.93090544376166,87.84617668949716,40
21.93090544376166,87.85515984233831,40
21.93090544376166,87.86414299517952,40
21.93090544376166,87.87312614802073,40
21.93090544376166,87.88210930086194,40
21.93090544376166,87.8910924537031,40
21.93090544376166,87.9000756065443,40
21.93090544376166,87.90905875938552,10
21.93090544376166,87.91804191222673,40
21.93090544376166,87.92702506506788,40
21.93090544376166,87.93600821790909,40
21.93090544376166,87.9449913707503,40
21.93090544376166,87.95397452359146,40
21.93090544376166,87.96295767643267,40
21.93090544376166,87.97194082927388,40
21.93090544376166,87.98092398211509,40
21.93090544376166,87.98990713495624,40
21.93090544376166,87.99889028779745,40
21.93090544376166,88.00787344063866,40
21.93090544376166,88.01685659347987,80
21.93090544376166,88.02583974632103,80
21.93090544376166,88.03482289916224,80
21.93090544376166,88.04380605200345,80
21.93090544376166,88.05278920484466,60
21.93090544376166,88.06177235768581,80
21.93090544376166,88.07075551052702,80
21.93090544376166,88.07973866336823,80
21.93090544376166,88.08872181620939,80
21.93090544376166,88.0977049690506,80
21.93090544376166,88.1066881218918,80
21.93090544376166,88.11567127473302,80
21.93090544376166,88.12465442757417,80
21.93090544376166,88.13363758041538,80
21.93090544376166,88.14262073325659,80
21.93090544376166,88.1516038860978,80
21.93090544376166,88.16058703893896,10
21.93090544376166,88.16957019178017,10
21.93090544376166,88.17855334462138,40
21.93090544376166,88.18753649746253,10
21.93090544376166,88.19651965030374,10
21.93090544376166,88.20550280314495,40
21.93090544376166,88.21448595598616,40
21.93090544376166,88.22346910882732,40
21.93090544376166,88.23245226166853,40
21.93090544376166,88.24143541450974,40
21.93090544376166,88.25041856735095,40
21.93090544376166,88.2594017201921,10
21.93090544376166,88.26838487303331,10
21.93090544376166,88.27736802587452,10
21.93090544376166,88.28635117871568,40
21.93090544376166,88.29533433155689,10
21.921922290920463,87.50481688153172,40
21.921922290920463,87.51380003437293,40
21.921922290920463,87.52278318721409,40
21.921922290920463,87.5317663400553,40
21.921922290920463,87.54074949289651,40
21.921922290920463,87.54973264573772,40
21.921922290920463,87.55871579857887,40
21.921922290920463,87.56769895142008,40
21.921922290920463,87.5766821042613,10
21.921922290920463,87.5856652571025,40
21.921922290920463,87.59464840994366,40
21.921922290920463,87.60363156278487,10
21.921922290920463,87.61261471562608,40
21.921922290920463,87.62159786846723,40
21.921922290920463,87.63058102130844,40
21.921922290920463,87.63956417414965,40
21.921922290920463,87.64854732699087,40
21.921922290920463,87.65753047983202,40
21.921922290920463,87.66651363267323,40
21.921922290920463,87.67549678551444,40
21.921922290920463,87.68447993835565,40
21.921922290920463,87.6934630911968,40
21.921922290920463,87.70244624403801,40
21.921922290920463,87.71142939687923,40
21.921922290920463,87.72041254972038,40
21.921922290920463,87.72939570256159,40
21.921922290920463,87.7383788554028,40
21.921922290920463,87.74736200824401,10
21.921922290920463,87.75634516108516,40
21.921922290920463,87.76532831392637,40
21.921922290920463,87.77431146676759,40
21.921922290920463,87.7832946196088,40
21.921922290920463,87.79227777244995,40
21.921922290920463,87.80126092529116,40
21.921922290920463,87.81024407813237,40
21.921922290920463,87.81922723097358,40
21.921922290920463,87.82821038381473,40
21.921922290920463,87.83719353665595,40
21.921922290920463,87.84617668949716,10
21.921922290920463,87.85515984233831,10
21.921922290920463,87.86414299517952,40
21.921922290920463,87.87312614802073,40
21.921922290920463,87.88210930086194,40
21.921922290920463,87.8910924537031,40
21.921922290920463,87.9000756065443,40
21.921922290920463,87.90905875938552,40
21.921922290920463,87.91804191222673,10
21.921922290920463,87.92702506506788,10
21.921922290920463,87.93600821790909,40
21.921922290920463,87.9449913707503,40
21.921922290920463,87.95397452359146,40
21.921922290920463,87.96295767643267,40
21.921922290920463,87.97194082927388,10
21.921922290920463,87.98092398211509,40
21.921922290920463,87.98990713495624,10
21.921922290920463,87.99889028779745,40
21.921922290920463,88.00787344063866,60
21.921922290920463,88.01685659347987,80
21.921922290920463,88.02583974632103,80
21.921922290920463,88.03482289916224,80
21.921922290920463,88.04380605200345,80
21.921922290920463,88.05278920484466,60
21.921922290920463,88.06177235768581,80
21.921922290920463,88.07075551052702,80
21.921922290920463,88.07973866336823,80
21.921922290920463,88.08872181620939,80
21.921922290920463,88.0977049690506,80
21.921922290920463,88.1066881218918,80
21.921922290920463,88.11567127473302,80
21.921922290920463,88.12465442757417,80
21.921922290920463,88.13363758041538,80
21.921922290920463,88.14262073325659,80
21.921922290920463,88.1516038860978,80
21.921922290920463,88.16058703893896,10
21.921922290920463,88.16957019178017,10
21.921922290920463,88.17855334462138,80
21.921922290920463,88.18753649746253,10
21.921922290920463,88.19651965030374,40
21.921922290920463,88.20550280314495,40
21.921922290920463,88.21448595598616,40
21.921922290920463,88.22346910882732,40
21.921922290920463,88.23245226166853,40
21.921922290920463,88.24143541450974,40
21.921922290920463,88.25041856735095,10
21.921922290920463,88.2594017201921,10
21.921922290920463,88.26838487303331,60
21.921922290920463,88.27736802587452,10
21.921922290920463,88.28635117871568,40
21.921922290920463,88.29533433155689,40
21.912939138079267,87.50481688153172,40
21.912939138079267,87.51380003437293,40
21.912939138079267,87.52278318721409,40
21.912939138079267,87.5317663400553,10
21.912939138079267,87.54074949289651,10
21.912939138079267,87.54973264573772,40
21.912939138079267,87.55871579857887,40
21.912939138079267,87.56769895142008,40
21.912939138079267,87.5766821042613,10
21.912939138079267,87.5856652571025,40
21.912939138079267,87.59464840994366,40
21.912939138079267,87.60363156278487,40
21.912939138079267,87.61261471562608,40
21.912939138079267,87.62159786846723,10
21.912939138079267,87.63058102130844,10
21.912939138079267,87.63956417414965,10
21.912939138079267,87.64854732699087,40
21.912939138079267,87.65753047983202,10
21.912939138079267,87.66651363267323,40
21.912939138079267,87.67549678551444,40
21.912939138079267,87.68447993835565,10
21.912939138079267,87.6934630911968,40
21.912939138079267,87.70244624403801,40
21.912939138079267,87.71142939687923,40
21.912939138079267,87.72041254972038,10
21.912939138079267,87.72939570256159,40
21.912939138079267,87.7383788554028,40
21.912939138079267,87.74736200824401,40
21.912939138079267,87.75634516108516,40
21.912939138079267,87.76532831392637,40
21.912939138079267,87.77431146676759,40
21.912939138079267,87.7832946196088,10
21.912939138079267,87.79227777244995,40
21.912939138079267,87.80126092529116,40
21.912939138079267,87.81024407813237,80
21.912939138079267,87.81922723097358,40
21.912939138079267,87.82821038381473,40
21.912939138079267,87.83719353665595,60
21.912939138079267,87.84617668949716,40
21.912939138079267,87.85515984233831,40
21.912939138079267,87.86414299517952,40
21.912939138079267,87.87312614802073,40
21.912939138079267,87.88210930086194,40
21.912939138079267,87.8910924537031,40
21.912939138079267,87.9000756065443,40
21.912939138079267,87.90905875938552,40
21.912939138079267,87.91804191222673,40
21.912939138079267,87.92702506506788,40
21.912939138079267,87.93600821790909,10
21.912939138079267,87.9449913707503,10
21.912939138079267,87.95397452359146,40
21.912939138079267,87.96295767643267,10
21.912939138079267,87.97194082927388,40
21.912939138079267,87.98092398211509,40
21.912939138079267,87.98990713495624,10
21.912939138079267,87.99889028779745,40
21.912939138079267,88.00787344063866,80
21.912939138079267,88.01685659347987,80
21.912939138079267,88.02583974632103,80
21.912939138079267,88.03482289916224,80
21.912939138079267,88.04380605200345,80
21.912939138079267,88.05278920484466,80
21.912939138079267,88.06177235768581,80
21.912939138079267,88.07075551052702,80
21.912939138079267,88.07973866336823,80
21.912939138079267,88.08872181620939,80
21.912939138079267,88.0977049690506,80
21.912939138079267,88.1066881218918,80
21.912939138079267,88.11567127473302,80
21.912939138079267,88.12465442757417,40
21.912939138079267,88.13363758041538,10
21.912939138079267,88.14262073325659,80
21.912939138079267,88.1516038860978,80
21.912939138079267,88.16058703893896,30
21.912939138079267,88.16957019178017,30
21.912939138079267,88.17855334462138,10
21.912939138079267,88.18753649746253,40
21.912939138079267,88.19651965030374,10
21.912939138079267,88.20550280314495,10
21.912939138079267,88.21448595598616,40
21.912939138079267,88.22346910882732,40
21.912939138079267,88.23245226166853,40
21.912939138079267,88.24143541450974,40
21.912939138079267,88.25041856735095,10
21.912939138079267,88.2594017201921,40
21.912939138079267,88.26838487303331,40
21.912939138079267,88.27736802587452,40
21.912939138079267,88.28635117871568,40
21.912939138079267,88.29533433155689,40
21.90395598523807,87.50481688153172,40
21.90395598523807,87.51380003437293,40
21.90395598523807,87.52278318721409,40
21.90395598523807,87.5317663400553,10
21.90395598523807,87.54074949289651,10
21.90395598523807,87.54973264573772,10
21.90395598523807,87.55871579857887,40
21.90395598523807,87.56769895142008,40
21.90395598523807,87.5766821042613,40
21.90395598523807,87.5856652571025,40
21.90395598523807,87.59464840994366,40
21.90395598523807,87.60363156278487,40
21.90395598523807,87.61261471562608,40
21.90395598523807,87.62159786846723,40
21.90395598523807,87.63058102130844,40
21.90395598523807,87.63956417414965,40
21.90395598523807,87.64854732699087,40
21.90395598523807,87.65753047983202,40
21.90395598523807,87.66651363267323,40
21.90395598523807,87.67549678551444,40
21.90395598523807,87.68447993835565,10
21.90395598523807,87.6934630911968,40
21.90395598523807,87.70244624403801,40
21.90395598523807,87.71142939687923,40
21.90395598523807,87.72041254972038,10
21.90395598523807,87.72939570256159,40
21.90395598523807,87.7383788554028,40
21.90395598523807,87.74736200824401,40
21.90395598523807,87.75634516108516,60
21.90395598523807,87.76532831392637,40
21.90395598523807,87.77431146676759,10
21.90395598523807,87.7832946196088,40
21.90395598523807,87.79227777244995,40
21.90395598523807,87.80126092529116,40
21.90395598523807,87.81024407813237,40
21.90395598523807,87.81922723097358,40
21.90395598523807,87.82821038381473,10
21.90395598523807,87.83719353665595,40
21.90395598523807,87.84617668949716,40
21.90395598523807,87.85515984233831,40
21.90395598523807,87.86414299517952,40
21.90395598523807,87.87312614802073,40
21.90395598523807,87.88210930086194,10
21.90395598523807,87.8910924537031,40
21.90395598523807,87.9000756065443,40
21.90395598523807,87.90905875938552,40
21.90395598523807,87.91804191222673,40
21.90395598523807,87.92702506506788,10
21.90395598523807,87.93600821790909,40
21.90395598523807,87.9449913707503,40
21.90395598523807,87.95397452359146,10
21.90395598523807,87.96295767643267,40
21.90395598523807,87.97194082927388,40
21.90395598523807,87.98092398211509,40
21.90395598523807,87.98990713495624,10
21.90395598523807,87.99889028779745,95
21.90395598523807,88.00787344063866,80
21.90395598523807,88.01685659347987,80
21.90395598523807,88.02583974632103,80
21.90395598523807,88.03482289916224,80
21.90395598523807,88.04380605200345,80
21.90395598523807,88.05278920484466,80
21.90395598523807,88.06177235768581,80
21.90395598523807,88.07075551052702,80
21.90395598523807,88.07973866336823,80
21.90395598523807,88.08872181620939,80
21.90395598523807,88.0977049690506,80
21.90395598523807,88.1066881218918,80
21.90395598523807,88.11567127473302,80
21.90395598523807,88.12465442757417,80
21.90395598523807,88.13363758041538,80
21.90395598523807,88.14262073325659,80
21.90395598523807,88.1516038860978,80
21.90395598523807,88.16058703893896,80
21.90395598523807,88.16957019178017,80
21.90395598523807,88.17855334462138,40
21.90395598523807,88.18753649746253,10
21.90395598523807,88.19651965030374,40
21.90395598523807,88.20550280314495,40
21.90395598523807,88.21448595598616,40
21.90395598523807,88.22346910882732,40
21.90395598523807,88.23245226166853,40
21.90395598523807,88.24143541450974,40
21.90395598523807,88.25041856735095,40
21.90395598523807,88.2594017201921,10
21.90395598523807,88.26838487303331,40
21.90395598523807,88.27736802587452,40
21.90395598523807,88.28635117871568,40
21.90395598523807,88.29533433155689,10
21.89497283239688,87.50481688153172,40
21.89497283239688,87.51380003437293,40
21.89497283239688,87.52278318721409,40
21.89497283239688,87.5317663400553,10
21.89497283239688,87.54074949289651,10
21.89497283239688,87.54973264573772,10
21.89497283239688,87.55871579857887,40
21.89497283239688,87.56769895142008,40
21.89497283239688,87.5766821042613,40
21.89497283239688,87.5856652571025,40
21.89497283239688,87.59464840994366,40
21.89497283239688,87.60363156278487,40
21.89497283239688,87.61261471562608,40
21.89497283239688,87.62159786846723,40
21.89497283239688,87.63058102130844,40
21.89497283239688,87.63956417414965,40
21.89497283239688,87.64854732699087,40
21.89497283239688,87.65753047983202,40
21.89497283239688,87.66651363267323,40
21.89497283239688,87.67549678551444,40
21.89497283239688,87.68447993835565,40
21.89497283239688,87.6934630911968,40
21.89497283239688,87.70244624403801,40
21.89497283239688,87.71142939687923,10
21.89497283239688,87.72041254972038,40
21.89497283239688,87.72939570256159,40
21.89497283239688,87.7383788554028,40
21.89497283239688,87.74736200824401,40
21.89497283239688,87.75634516108516,40
21.89497283239688,87.76532831392637,40
21.89497283239688,87.77431146676759,40
21.89497283239688,87.7832946196088,40
21.89497283239688,87.79227777244995,40
21.89497283239688,87.80126092529116,40
21.89497283239688,87.81024407813237,40
21.89497283239688,87.81922723097358,40
21.89497283239688,87.82821038381473,40
21.89497283239688,87.83719353665595,40
21.89497283239688,87.84617668949716,40
21.89497283239688,87.85515984233831,40
21.89497283239688,87.86414299517952,40
21.89497283239688,87.87312614802073,40
21.89497283239688,87.88210930086194,40
21.89497283239688,87.8910924537031,40
21.89497283239688,87.9000756065443,10
21.89497283239688,87.90905875938552,40
21.89497283239688,87.91804191222673,40
21.89497283239688,87.92702506506788,40
21.89497283239688,87.93600821790909,40
21.89497283239688,87.9449913707503,40
21.89497283239688,87.95397452359146,40
21.89497283239688,87.96295767643267,40
21.89497283239688,87.97194082927388,40
21.89497283239688,87.98092398211509,40
21.89497283239688,87.98990713495624,40
21.89497283239688,87.99889028779745,95
21.89497283239688,88.00787344063866,80
21.89497283239688,88.01685659347987,80
21.89497283239688,88.02583974632103,80
21.89497283239688,88.03482289916224,80
21.89497283239688,88.04380605200345,80
21.89497283239688,88.05278920484466,80
21.89497283239688,88.06177235768581,80
21.89497283239688,88.07075551052702,80
21.89497283239688,88.07973866336823,80
21.89497283239688,88.08872181620939,80
21.89497283239688,88.0977049690506,80
21.89497283239688,88.1066881218918,80
21.89497283239688,88.11567127473302,80
21.89497283239688,88.12465442757417,80
21.89497283239688,88.13363758041538,80
21.89497283239688,88.14262073325659,80
21.89497283239688,88.1516038860978,80
21.89497283239688,88.16058703893896,80
21.89497283239688,88.16957019178017,80
21.89497283239688,88.17855334462138,10
21.89497283239688,88.18753649746253,10
21.89497283239688,88.19651965030374,40
21.89497283239688,88.20550280314495,40
21.89497283239688,88.21448595598616,40
21.89497283239688,88.22346910882732,40
21.89497283239688,88.23245226166853,10
21.89497283239688,88.24143541450974,40
21.89497283239688,88.25041856735095,40
21.89497283239688,88.2594017201921,40
21.89497283239688,88.26838487303331,40
21.89497283239688,88.27736802587452,40
21.89497283239688,88.28635117871568,40
21.89497283239688,88.29533433155689,40
21.885989679555685,87.50481688153172,40
21.885989679555685,87.51380003437293,40
21.885989679555685,87.52278318721409,40
21.885989679555685,87.5317663400553,10
21.885989679555685,87.54074949289651,10
21.885989679555685,87.54973264573772,40
21.885989679555685,87.55871579857887,10
21.885989679555685,87.56769895142008,10
21.885989679555685,87.5766821042613,40
21.885989679555685,87.5856652571025,10
21.885989679555685,87.59464840994366,40
21.885989679555685,87.60363156278487,40
21.885989679555685,87.61261471562608,40
21.885989679555685,87.62159786846723,10
21.885989679555685,87.63058102130844,40
21.885989679555685,87.63956417414965,10
21.885989679555685,87.64854732699087,40
21.885989679555685,87.65753047983202,10
21.885989679555685,87.66651363267323,40
21.885989679555685,87.67549678551444,40
21.885989679555685,87.68447993835565,40
21.885989679555685,87.6934630911968,40
21.885989679555685,87.70244624403801,10
21.885989679555685,87.71142939687923,10
21.885989679555685,87.72041254972038,40
21.885989679555685,87.72939570256159,40
21.885989679555685,87.7383788554028,40
21.885989679555685,87.74736200824401,10
21.885989679555685,87.75634516108516,10
21.885989679555685,87.76532831392637,10
21.885989679555685,87.77431146676759,40
21.885989679555685,87.7832946196088,40
21.885989679555685,87.79227777244995,40
21.885989679555685,87.80126092529116,40
21.885989679555685,87.81024407813237,60
21.885989679555685,87.81922723097358,40
21.885989679555685,87.82821038381473,40
21.885989679555685,87.83719353665595,40
21.885989679555685,87.84617668949716,40
21.885989679555685,87.85515984233831,40
21.885989679555685,87.86414299517952,80
21.885989679555685,87.87312614802073,40
21.885989679555685,87.88210930086194,10
21.885989679555685,87.8910924537031,10
21.885989679555685,87.9000756065443,40
21.885989679555685,87.90905875938552,40
21.885989679555685,87.91804191222673,10
21.885989679555685,87.92702506506788,40
21.885989679555685,87.93600821790909,10
21.885989679555685,87.9449913707503,40
21.885989679555685,87.95397452359146,40
21.885989679555685,87.96295767643267,40
21.885989679555685,87.97194082927388,40
21.885989679555685,87.98092398211509,40
21.885989679555685,87.98990713495624,80
21.885989679555685,87.99889028779745,80
21.885989679555685,88.00787344063866,80
21.885989679555685,88.01685659347987,80
21.885989679555685,88.02583974632103,80
21.885989679555685,88.03482289916224,80
21.885989679555685,88.04380605200345,80
21.885989679555685,88.05278920484466,80
21.885989679555685,88.06177235768581,80
21.885989679555685,88.07075551052702,80
21.885989679555685,88.07973866336823,80
21.885989679555685,88.08872181620939,80
21.885989679555685,88.0977049690506,80
21.885989679555685,88.1066881218918,80
21.885989679555685,88.11567127473302,80
21.885989679555685,88.12465442757417,80
21.885989679555685,88.13363758041538,80
21.885989679555685,88.14262073325659,80
21.885989679555685,88.1516038860978,80
21.885989679555685,88.16058703893896,80
21.885989679555685,88.16957019178017,10
21.885989679555685,88.17855334462138,40
21.885989679555685,88.18753649746253,10
21.885989679555685,88.19651965030374,10
21.885989679555685,88.20550280314495,40
21.885989679555685,88.21448595598616,40
21.885989679555685,88.22346910882732,40
21.885989679555685,88.23245226166853,40
21.885989679555685,88.24143541450974,10
21.885989679555685,88.25041856735095,40
21.885989679555685,88.2594017201921,40
21.885989679555685,88.26838487303331,10
21.885989679555685,88.27736802587452,40
21.885989679555685,88.28635117871568,40
21.885989679555685,88.29533433155689,40
21.87700652671449,87.50481688153172,10
21.87700652671449,87.51380003437293,10
21.87700652671449,87.52278318721409,40
21.87700652671449,87.5317663400553,40
21.87700652671449,87.54074949289651,40
21.87700652671449,87.54973264573772,40
21.87700652671449,87.55871579857887,40
21.87700652671449,87.56769895142008,10
21.87700652671449,87.5766821042613,40
21.87700652671449,87.5856652571025,10
21.87700652671449,87.59464840994366,10
21.87700652671449,87.60363156278487,10
21.87700652671449,87.61261471562608,40
21.87700652671449,87.62159786846723,10
21.87700652671449,87.63058102130844,40
21.87700652671449,87.63956417414965,10
21.87700652671449,87.64854732699087,40
21.87700652671449,87.65753047983202,40
21.87700652671449,87.66651363267323,40
21.87700652671449,87.67549678551444,10
21.87700652671449,87.68447993835565,40
21.87700652671449,87.6934630911968,40
21.87700652671449,87.70244624403801,10
21.87700652671449,87.71142939687923,40
21.87700652671449,87.72041254972038,40
21.87700652671449,87.72939570256159,40
21.87700652671449,87.7383788554028,10
21.87700652671449,87.74736200824401,40
21.87700652671449,87.75634516108516,10
21.87700652671449,87.76532831392637,40
21.87700652671449,87.77431146676759,40
21.87700652671449,87.7832946196088,40
21.87700652671449,87.79227777244995,10
21.87700652671449,87.80126092529116,40
21.87700652671449,87.81024407813237,10
21.87700652671449,87.81922723097358,40
21.87700652671449,87.82821038381473,10
21.87700652671449,87.83719353665595,60
21.87700652671449,87.84617668949716,60
21.87700652671449,87.85515984233831,60
21.87700652671449,87.86414299517952,10
21.87700652671449,87.87312614802073,40
21.87700652671449,87.88210930086194,10
21.87700652671449,87.8910924537031,40
21.87700652671449,87.9000756065443,40
21.87700652671449,87.90905875938552,40
21.87700652671449,87.91804191222673,40
21.87700652671449,87.92702506506788,40
21.87700652671449,87.93600821790909,40
21.87700652671449,87.9449913707503,40
21.87700652671449,87.95397452359146,40
21.87700652671449,87.96295767643267,40
21.87700652671449,87.97194082927388,10
21.87700652671449,87.98092398211509,60
21.87700652671449,87.98990713495624,80
21.87700652671449,87.99889028779745,80
21.87700652671449,88.00787344063866,80
21.87700652671449,88.01685659347987,80
21.87700652671449,88.02583974632103,80
21.87700652671449,88.03482289916224,80
21.87700652671449,88.04380605200345,80
21.87700652671449,88.05278920484466,80
21.87700652671449,88.06177235768581,80
21.87700652671449,88.07075551052702,80
21.87700652671449,88.07973866336823,80
21.87700652671449,88.08872181620939,80
21.87700652671449,88.0977049690506,80
21.87700652671449,88.1066881218918,80
21.87700652671449,88.11567127473302,80
21.87700652671449,88.12465442757417,80
21.87700652671449,88.13363758041538,80
21.87700652671449,88.14262073325659,80
21.87700652671449,88.1516038860978,80
21.87700652671449,88.16058703893896,80
21.87700652671449,88.16957019178017,10
21.87700652671449,88.17855334462138,10
21.87700652671449,88.18753649746253,10
21.87700652671449,88.19651965030374,10
21.87700652671449,88.20550280314495,10
21.87700652671449,88.21448595598616,10
21.87700652671449,88.22346910882732,40
21.87700652671449,88.23245226166853,10
21.87700652671449,88.24143541450974,10
21.87700652671449,88.25041856735095,40
21.87700652671449,88.2594017201921,10
21.87700652671449,88.26838487303331,40
21.87700652671449,88.27736802587452,40
21.87700652671449,88.28635117871568,40
21.87700652671449,88.29533433155689,40
21.868023373873292,87.50481688153172,10
21.868023373873292,87.51380003437293,10
21.868023373873292,87.52278318721409,40
21.868023373873292,87.5317663400553,40
21.868023373873292,87.54074949289651,40
21.868023373873292,87.54973264573772,40
21.868023373873292,87.55871579857887,10
21.868023373873292,87.56769895142008,10
21.868023373873292,87.5766821042613,10
21.868023373873292,87.5856652571025,10
21.868023373873292,87.59464840994366,10
21.868023373873292,87.60363156278487,10
21.868023373873292,87.61261471562608,40
21.868023373873292,87.62159786846723,40
21.868023373873292,87.63058102130844,40
21.868023373873292,87.63956417414965,40
21.868023373873292,87.64854732699087,40
21.868023373873292,87.65753047983202,40
21.868023373873292,87.66651363267323,40
21.868023373873292,87.67549678551444,40
21.868023373873292,87.68447993835565,40
21.868023373873292,87.6934630911968,40
21.868023373873292,87.70244624403801,80
21.868023373873292,87.71142939687923,40
21.868023373873292,87.72041254972038,40
21.868023373873292,87.72939570256159,40
21.868023373873292,87.7383788554028,10
21.868023373873292,87.74736200824401,40
21.868023373873292,87.75634516108516,40
21.868023373873292,87.76532831392637,40
21.868023373873292,87.77431146676759,40
21.868023373873292,87.7832946196088,40
21.868023373873292,87.79227777244995,40
21.868023373873292,87.80126092529116,10
21.868023373873292,87.81024407813237,40
21.868023373873292,87.81922723097358,60
21.868023373873292,87.82821038381473,40
21.868023373873292,87.83719353665595,60
21.868023373873292,87.84617668949716,10
21.868023373873292,87.85515984233831,40
21.868023373873292,87.86414299517952,40
21.868023373873292,87.87312614802073,60
21.868023373873292,87.88210930086194,40
21.868023373873292,87.8910924537031,40
21.868023373873292,87.9000756065443,40
21.868023373873292,87.90905875938552,40
21.868023373873292,87.91804191222673,40
21.868023373873292,87.92702506506788,10
21.868023373873292,87.93600821790909,40
21.868023373873292,87.9449913707503,10
21.868023373873292,87.95397452359146,40
21.868023373873292,87.96295767643267,10
21.868023373873292,87.97194082927388,10
21.868023373873292,87.98092398211509,80
21.868023373873292,87.98990713495624,80
21.868023373873292,87.99889028779745,80
21.868023373873292,88.00787344063866,80
21.868023373873292,88.01685659347987,80
21.868023373873292,88.02583974632103,80
21.868023373873292,88.03482289916224,80
21.868023373873292,88.04380605200345,80
21.868023373873292,88.05278920484466,80
21.868023373873292,88.06177235768581,80
21.868023373873292,88.07075551052702,80
21.868023373873292,88.07973866336823,80
21.868023373873292,88.08872181620939,80
21.868023373873292,88.0977049690506,80
21.868023373873292,88.1066881218918,80
21.868023373873292,88.11567127473302,80
21.868023373873292,88.12465442757417,10
21.868023373873292,88.13363758041538,40
21.868023373873292,88.14262073325659,80
21.868023373873292,88.1516038860978,80
21.868023373873292,88.16058703893896,80
21.868023373873292,88.16957019178017,80
21.868023373873292,88.17855334462138,10
21.868023373873292,88.18753649746253,50
21.868023373873292,88.19651965030374,10
21.868023373873292,88.20550280314495,10
21.868023373873292,88.21448595598616,40
21.868023373873292,88.22346910882732,40
21.868023373873292,88.23245226166853,40
21.868023373873292,88.24143541450974,40
21.868023373873292,88.25041856735095,10
21.868023373873292,88.2594017201921,10
21.868023373873292,88.26838487303331,10
21.868023373873292,88.27736802587452,40
21.868023373873292,88.28635117871568,40
21.868023373873292,88.29533433155689,40
21.859040221032096,87.50481688153172,40
21.859040221032096,87.51380003437293,40
21.859040221032096,87.52278318721409,10
21.859040221032096,87.5317663400553,40
21.859040221032096,87.54074949289651,10
21.859040221032096,87.54973264573772,10
21.859040221032096,87.55871579857887,40
21.859040221032096,87.56769895142008,40
21.859040221032096,87.5766821042613,40
21.859040221032096,87.5856652571025,40
21.859040221032096,87.59464840994366,40
21.859040221032096,87.60363156278487,40
21.859040221032096,87.61261471562608,40
21.859040221032096,87.62159786846723,40
21.859040221032096,87.63058102130844,40
21.859040221032096,87.63956417414965,40
21.859040221032096,87.64854732699087,40
21.859040221032096,87.65753047983202,40
21.859040221032096,87.66651363267323,40
21.859040221032096,87.67549678551444,40
21.859040221032096,87.68447993835565,40
21.859040221032096,87.6934630911968,40
21.859040221032096,87.70244624403801,40
21.859040221032096,87.71142939687923,40
21.859040221032096,87.72041254972038,40
21.859040221032096,87.72939570256159,10
21.859040221032096,87.7383788554028,10
21.859040221032096,87.74736200824401,40
21.859040221032096,87.75634516108516,10
21.859040221032096,87.76532831392637,40
21.859040221032096,87.77431146676759,40
21.859040221032096,87.7832946196088,40
21.859040221032096,87.79227777244995,40
21.859040221032096,87.80126092529116,40
21.859040221032096,87.81024407813237,40
21.859040221032096,87.81922723097358,40
21.859040221032096,87.82821038381473,60
21.859040221032096,87.83719353665595,60
21.859040221032096,87.84617668949716,40
21.859040221032096,87.85515984233831,10
21.859040221032096,87.86414299517952,10
21.859040221032096,87.87312614802073,10
21.859040221032096,87.88210930086194,80
21.859040221032096,87.8910924537031,10
21.859040221032096,87.9000756065443,40
21.859040221032096,87.90905875938552,40
21.859040221032096,87.91804191222673,40
21.859040221032096,87.92702506506788,40
21.859040221032096,87.93600821790909,40
21.859040221032096,87.9449913707503,40
21.859040221032096,87.95397452359146,40
21.859040221032096,87.96295767643267,40
21.859040221032096,87.97194082927388,60
21.859040221032096,87.98092398211509,80
21.859040221032096,87.98990713495624,80
21.859040221032096,87.99889028779745,80
21.859040221032096,88.00787344063866,80
21.859040221032096,88.01685659347987,80
21.859040221032096,88.02583974632103,80
21.859040221032096,88.03482289916224,80
21.859040221032096,88.04380605200345,80
21.859040221032096,88.05278920484466,80
21.859040221032096,88.06177235768581,80
21.859040221032096,88.07075551052702,80
21.859040221032096,88.07973866336823,80
21.859040221032096,88.08872181620939,80
21.859040221032096,88.0977049690506,80
21.859040221032096,88.1066881218918,80
21.859040221032096,88.11567127473302,80
21.859040221032096,88.12465442757417,40
21.859040221032096,88.13363758041538,10
21.859040221032096,88.14262073325659,10
21.859040221032096,88.1516038860978,80
21.859040221032096,88.16058703893896,80
21.859040221032096,88.16957019178017,80
21.859040221032096,88.17855334462138,95
21.859040221032096,88.18753649746253,40
21.859040221032096,88.19651965030374,10
21.859040221032096,88.20550280314495,40
21.859040221032096,88.21448595598616,40
21.859040221032096,88.22346910882732,10
21.859040221032096,88.23245226166853,40
21.859040221032096,88.24143541450974,10
21.859040221032096,88.25041856735095,40
21.859040221032096,88.2594017201921,10
21.859040221032096,88.26838487303331,40
21.859040221032096,88.27736802587452,40
21.859040221032096,88.28635117871568,10
21.859040221032096,88.29533433155689,80
21.8500570681909,87.50481688153172,10
21.8500570681909,87.51380003437293,40
21.8500570681909,87.52278318721409,10
21.8500570681909,87.5317663400553,40
21.8500570681909,87.54074949289651,40
21.8500570681909,87.54973264573772,10
21.8500570681909,87.55871579857887,10
21.8500570681909,87.56769895142008,10
21.8500570681909,87.5766821042613,40
21.8500570681909,87.5856652571025,40
21.8500570681909,87.59464840994366,40
21.8500570681909,87.60363156278487,40
21.8500570681909,87.61261471562608,10
21.8500570681909,87.62159786846723,40
21.8500570681909,87.63058102130844,40
21.8500570681909,87.63956417414965,40
21.8500570681909,87.64854732699087,60
21.8500570681909,87.65753047983202,40
21.8500570681909,87.66651363267323,40
21.8500570681909,87.67549678551444,40
21.8500570681909,87.68447993835565,10
21.8500570681909,87.6934630911968,40
21.8500570681909,87.70244624403801,40
21.8500570681909,87.71142939687923,10
21.8500570681909,87.72041254972038,40
21.8500570681909,87.72939570256159,10
21.8500570681909,87.7383788554028,10
21.8500570681909,87.74736200824401,40
21.8500570681909,87.75634516108516,40
21.8500570681909,87.76532831392637,40
21.8500570681909,87.77431146676759,10
21.8500570681909,87.7832946196088,10
21.8500570681909,87.79227777244995,10
21.8500570681909,87.80126092529116,10
21.8500570681909,87.81024407813237,60
21.8500570681909,87.81922723097358,40
21.8500570681909,87.82821038381473,40
21.8500570681909,87.83719353665595,40
21.8500570681909,87.84617668949716,40
21.8500570681909,87.85515984233831,60
21.8500570681909,87.86414299517952,80
21.8500570681909,87.87312614802073,60
21.8500570681909,87.88210930086194,40
21.8500570681909,87.8910924537031,40
21.8500570681909,87.9000756065443,40
21.8500570681909,87.90905875938552,10
21.8500570681909,87.91804191222673,40
21.8500570681909,87.92702506506788,40
21.8500570681909,87.93600821790909,40
21.8500570681909,87.9449913707503,40
21.8500570681909,87.95397452359146,40
21.8500570681909,87.96295767643267,60
21.8500570681909,87.97194082927388,80
21.8500570681909,87.98092398211509,80
21.8500570681909,87.98990713495624,80
21.8500570681909,87.99889028779745,80
21.8500570681909,88.00787344063866,80
21.8500570681909,88.01685659347987,80
21.8500570681909,88.02583974632103,80
21.8500570681909,88.03482289916224,80
21.8500570681909,88.04380605200345,80
21.8500570681909,88.05278920484466,80
21.8500570681909,88.06177235768581,80
21.8500570681909,88.07075551052702,80
21.8500570681909,88.07973866336823,80
21.8500570681909,88.08872181620939,80
21.8500570681909,88.0977049690506,80
21.8500570681909,88.1066881218918,80
21.8500570681909,88.11567127473302,10
21.8500570681909,88.12465442757417,40
21.8500570681909,88.13363758041538,10
21.8500570681909,88.14262073325659,10
21.8500570681909,88.1516038860978,80
21.8500570681909,88.16058703893896,80
21.8500570681909,88.16957019178017,80
21.8500570681909,88.17855334462138,80
21.8500570681909,88.18753649746253,10
21.8500570681909,88.19651965030374,10
21.8500570681909,88.20550280314495,10
21.8500570681909,88.21448595598616,40
21.8500570681909,88.22346910882732,40
21.8500570681909,88.23245226166853,10
21.8500570681909,88.24143541450974,40
21.8500570681909,88.25041856735095,40
21.8500570681909,88.2594017201921,40
21.8500570681909,88.26838487303331,40
21.8500570681909,88.27736802587452,10
21.8500570681909,88.28635117871568,40
21.8500570681909,88.29533433155689,40
21.84107391534971,87.50481688153172,40
21.84107391534971,87.51380003437293,40
21.84107391534971,87.52278318721409,10
21.84107391534971,87.5317663400553,40
21.84107391534971,87.54074949289651,40
21.84107391534971,87.54973264573772,10
21.84107391534971,87.55871579857887,10
21.84107391534971,87.56769895142008,40
21.84107391534971,87.5766821042613,40
21.84107391534971,87.5856652571025,40
21.84107391534971,87.59464840994366,40
21.84107391534971,87.60363156278487,40
21.84107391534971,87.61261471562608,40
21.84107391534971,87.62159786846723,40
21.84107391534971,87.63058102130844,40
21.84107391534971,87.63956417414965,10
21.84107391534971,87.64854732699087,40
21.84107391534971,87.65753047983202,40
21.84107391534971,87.66651363267323,40
21.84107391534971,87.67549678551444,10
21.84107391534971,87.68447993835565,40
21.84107391534971,87.6934630911968,40
21.84107391534971,87.70244624403801,40
21.84107391534971,87.71142939687923,40
21.84107391534971,87.72041254972038,40
21.84107391534971,87.72939570256159,40
21.84107391534971,87.7383788554028,40
21.84107391534971,87.74736200824401,40
21.84107391534971,87.75634516108516,10
21.84107391534971,87.76532831392637,40
21.84107391534971,87.77431146676759,10
21.84107391534971,87.7832946196088,10
21.84107391534971,87.79227777244995,40
21.84107391534971,87.80126092529116,40
21.84107391534971,87.81024407813237,80
21.84107391534971,87.81922723097358,40
21.84107391534971,87.82821038381473,40
21.84107391534971,87.83719353665595,40
21.84107391534971,87.84617668949716,40
21.84107391534971,87.85515984233831,60
21.84107391534971,87.86414299517952,10
21.84107391534971,87.87312614802073,80
21.84107391534971,87.88210930086194,40
21.84107391534971,87.8910924537031,40
21.84107391534971,87.9000756065443,40
21.84107391534971,87.90905875938552,40
21.84107391534971,87.91804191222673,40
21.84107391534971,87.92702506506788,40
21.84107391534971,87.93600821790909,10
21.84107391534971,87.9449913707503,40
21.84107391534971,87.95397452359146,40
21.84107391534971,87.96295767643267,80
21.84107391534971,87.97194082927388,80
21.84107391534971,87.98092398211509,80
21.84107391534971,87.98990713495624,80
21.84107391534971,87.99889028779745,80
21.84107391534971,88.00787344063866,80
21.84107391534971,88.01685659347987,80
21.84107391534971,88.02583974632103,80
21.84107391534971,88.03482289916224,80
21.84107391534971,88.04380605200345,80
21.84107391534971,88.05278920484466,80
21.84107391534971,88.06177235768581,80
21.84107391534971,88.07075551052702,80
21.84107391534971,88.07973866336823,80
21.84107391534971,88.08872181620939,80
21.84107391534971,88.0977049690506,80
21.84107391534971,88.1066881218918,80
21.84107391534971,88.11567127473302,40
21.84107391534971,88.12465442757417,40
21.84107391534971,88.13363758041538,10
21.84107391534971,88.14262073325659,40
21.84107391534971,88.1516038860978,80
21.84107391534971,88.16058703893896,80
21.84107391534971,88.16957019178017,80
21.84107391534971,88.17855334462138,80
21.84107391534971,88.18753649746253,80
21.84107391534971,88.19651965030374,10
21.84107391534971,88.20550280314495,40
21.84107391534971,88.21448595598616,40
21.84107391534971,88.22346910882732,40
21.84107391534971,88.23245226166853,40
21.84107391534971,88.24143541450974,40
21.84107391534971,88.25041856735095,40
21.84107391534971,88.2594017201921,40
21.84107391534971,88.26838487303331,40
21.84107391534971,88.27736802587452,10
21.84107391534971,88.28635117871568,10
21.84107391534971,88.29533433155689,40
21.832090762508514,87.50481688153172,40
21.832090762508514,87.51380003437293,40
21.832090762508514,87.52278318721409,40
21.832090762508514,87.5317663400553,40
21.832090762508514,87.54074949289651,40
21.832090762508514,87.54973264573772,40
21.832090762508514,87.55871579857887,40
21.832090762508514,87.56769895142008,40
21.832090762508514,87.5766821042613,40
21.832090762508514,87.5856652571025,40
21.832090762508514,87.59464840994366,40
21.832090762508514,87.60363156278487,10
21.832090762508514,87.61261471562608,40
21.832090762508514,87.62159786846723,10
21.832090762508514,87.63058102130844,10
21.832090762508514,87.63956417414965,40
21.832090762508514,87.64854732699087,40
21.832090762508514,87.65753047983202,40
21.832090762508514,87.66651363267323,10
21.832090762508514,87.67549678551444,40
21.832090762508514,87.68447993835565,40
21.832090762508514,87.6934630911968,10
21.832090762508514,87.70244624403801,40
21.832090762508514,87.71142939687923,40
21.832090762508514,87.72041254972038,10
21.832090762508514,87.72939570256159,10
21.832090762508514,87.7383788554028,40
21.832090762508514,87.74736200824401,10
21.832090762508514,87.75634516108516,40
21.832090762508514,87.76532831392637,40
21.832090762508514,87.77431146676759,40
21.832090762508514,87.7832946196088,10
21.832090762508514,87.79227777244995,40
21.832090762508514,87.80126092529116,10
21.832090762508514,87.81024407813237,10
21.832090762508514,87.81922723097358,40
21.832090762508514,87.82821038381473,40
21.832090762508514,87.83719353665595,40
21.832090762508514,87.84617668949716,60
21.832090762508514,87.85515984233831,40
21.832090762508514,87.86414299517952,40
21.832090762508514,87.87312614802073,80
21.832090762508514,87.88210930086194,40
21.832090762508514,87.8910924537031,10
21.832090762508514,87.9000756065443,10
21.832090762508514,87.90905875938552,10
21.832090762508514,87.91804191222673,40
21.832090762508514,87.92702506506788,40
21.832090762508514,87.93600821790909,40
21.832090762508514,87.9449913707503,10
21.832090762508514,87.95397452359146,80
21.832090762508514,87.96295767643267,80
21.832090762508514,87.97194082927388,80
21.832090762508514,87.98092398211509,80
21.832090762508514,87.98990713495624,80
21.832090762508514,87.99889028779745,80
21.832090762508514,88.00787344063866,80
21.832090762508514,88.01685659347987,80
21.832090762508514,88.02583974632103,80
21.832090762508514,88.03482289916224,80
21.832090762508514,88.04380605200345,80
21.832090762508514,88.05278920484466,80
21.832090762508514,88.06177235768581,80
21.832090762508514,88.07075551052702,80
21.832090762508514,88.07973866336823,80
21.832090762508514,88.08872181620939,80
21.832090762508514,88.0977049690506,80
21.832090762508514,88.1066881218918,10
21.832090762508514,88.11567127473302,10
21.832090762508514,88.12465442757417,10
21.832090762508514,88.13363758041538,40
21.832090762508514,88.14262073325659,40
21.832090762508514,88.1516038860978,10
21.832090762508514,88.16058703893896,80
21.832090762508514,88.16957019178017,80
21.832090762508514,88.17855334462138,30
21.832090762508514,88.18753649746253,80
21.832090762508514,88.19651965030374,80
21.832090762508514,88.20550280314495,40
21.832090762508514,88.21448595598616,10
21.832090762508514,88.22346910882732,10
21.832090762508514,88.23245226166853,40
21.832090762508514,88.24143541450974,40
21.832090762508514,88.25041856735095,10
21.832090762508514,88.2594017201921,40
21.832090762508514,88.26838487303331,10
21.832090762508514,88.27736802587452,40
21.832090762508514,88.28635117871568,95
21.832090762508514,88.29533433155689,95
21.823107609667318,87.50481688153172,10
21.823107609667318,87.51380003437293,40
21.823107609667318,87.52278318721409,40
21.823107609667318,87.5317663400553,40
21.823107609667318,87.54074949289651,40
21.823107609667318,87.54973264573772,40
21.823107609667318,87.55871579857887,40
21.823107609667318,87.56769895142008,40
21.823107609667318,87.5766821042613,40
21.823107609667318,87.5856652571025,10
21.823107609667318,87.59464840994366,10
21.823107609667318,87.60363156278487,40
21.823107609667318,87.61261471562608,10
21.823107609667318,87.62159786846723,40
21.823107609667318,87.63058102130844,10
21.823107609667318,87.63956417414965,40
21.823107609667318,87.64854732699087,40
21.823107609667318,87.65753047983202,40
21.823107609667318,87.66651363267323,40
21.823107609667318,87.67549678551444,40
21.823107609667318,87.68447993835565,40
21.823107609667318,87.6934630911968,40
21.823107609667318,87.70244624403801,40
21.823107609667318,87.71142939687923,60
21.823107609667318,87.72041254972038,10
21.823107609667318,87.72939570256159,40
21.823107609667318,87.7383788554028,40
21.823107609667318,87.74736200824401,40
21.823107609667318,87.75634516108516,40
21.823107609667318,87.76532831392637,40
21.823107609667318,87.77431146676759,10
21.823107609667318,87.7832946196088,40
21.823107609667318,87.79227777244995,10
21.823107609667318,87.80126092529116,40
21.823107609667318,87.81024407813237,40
21.823107609667318,87.81922723097358,40
21.823107609667318,87.82821038381473,10
21.823107609667318,87.83719353665595,40
21.823107609667318,87.84617668949716,40
21.823107609667318,87.85515984233831,10
21.823107609667318,87.86414299517952,30
21.823107609667318,87.87312614802073,80
21.823107609667318,87.88210930086194,40
21.823107609667318,87.8910924537031,10
21.823107609667318,87.9000756065443,40
21.823107609667318,87.90905875938552,10
21.823107609667318,87.91804191222673,40
21.823107609667318,87.92702506506788,40
21.823107609667318,87.93600821790909,80
21.823107609667318,87.9449913707503,80
21.823107609667318,87.95397452359146,80
21.823107609667318,87.96295767643267,80
21.823107609667318,87.97194082927388,80
21.823107609667318,87.98092398211509,80
21.823107609667318,87.98990713495624,80
21.823107609667318,87.99889028779745,80
21.823107609667318,88.00787344063866,80
21.823107609667318,88.01685659347987,80
21.823107609667318,88.02583974632103,80
21.823107609667318,88.03482289916224,80
21.823107609667318,88.04380605200345,80
21.823107609667318,88.05278920484466,80
21.823107609667318,88.06177235768581,80
21.823107609667318,88.07075551052702,80
21.823107609667318,88.07973866336823,80
21.823107609667318,88.08872181620939,80
21.823107609667318,88.0977049690506,80
21.823107609667318,88.1066881218918,10
21.823107609667318,88.11567127473302,40
21.823107609667318,88.12465442757417,10
21.823107609667318,88.13363758041538,40
21.823107609667318,88.14262073325659,10
21.823107609667318,88.1516038860978,40
21.823107609667318,88.16058703893896,10
21.823107609667318,88.16957019178017,80
21.823107609667318,88.17855334462138,80
21.823107609667318,88.18753649746253,80
21.823107609667318,88.19651965030374,80
21.823107609667318,88.20550280314495,10
21.823107609667318,88.21448595598616,40
21.823107609667318,88.22346910882732,40
21.823107609667318,88.23245226166853,10
21.823107609667318,88.24143541450974,40
21.823107609667318,88.25041856735095,40
21.823107609667318,88.2594017201921,40
21.823107609667318,88.26838487303331,95
21.823107609667318,88.27736802587452,95
21.823107609667318,88.28635117871568,80
21.823107609667318,88.29533433155689,80
21.81412445682612,87.50481688153172,10
21.81412445682612,87.51380003437293,40
21.81412445682612,87.52278318721409,10
21.81412445682612,87.5317663400553,40
21.81412445682612,87.54074949289651,10
21.81412445682612,87.54973264573772,40
21.81412445682612,87.55871579857887,40
21.81412445682612,87.56769895142008,40
21.81412445682612,87.5766821042613,40
21.81412445682612,87.5856652571025,40
21.81412445682612,87.59464840994366,10
21.81412445682612,87.60363156278487,40
21.81412445682612,87.61261471562608,40
21.81412445682612,87.62159786846723,40
21.81412445682612,87.63058102130844,10
21.81412445682612,87.63956417414965,40
21.81412445682612,87.64854732699087,40
21.81412445682612,87.65753047983202,10
21.81412445682612,87.66651363267323,40
21.81412445682612,87.67549678551444,40
21.81412445682612,87.68447993835565,40
21.81412445682612,87.6934630911968,40
21.81412445682612,87.70244624403801,40
21.81412445682612,87.71142939687923,40
21.81412445682612,87.72041254972038,10
21.81412445682612,87.72939570256159,40
21.81412445682612,87.7383788554028,10
21.81412445682612,87.74736200824401,40
21.81412445682612,87.75634516108516,40
21.81412445682612,87.76532831392637,40
21.81412445682612,87.77431146676759,10
21.81412445682612,87.7832946196088,40
21.81412445682612,87.79227777244995,10
21.81412445682612,87.80126092529116,10
21.81412445682612,87.81024407813237,60
21.81412445682612,87.81922723097358,40
21.81412445682612,87.82821038381473,40
21.81412445682612,87.83719353665595,10
21.81412445682612,87.84617668949716,40
21.81412445682612,87.85515984233831,40
21.81412445682612,87.86414299517952,40
21.81412445682612,87.87312614802073,80
21.81412445682612,87.88210930086194,40
21.81412445682612,87.8910924537031,40
21.81412445682612,87.9000756065443,40
21.81412445682612,87.90905875938552,10
21.81412445682612,87.91804191222673,10
21.81412445682612,87.92702506506788,10
21.81412445682612,87.93600821790909,80
21.81412445682612,87.9449913707503,80
21.81412445682612,87.95397452359146,80
21.81412445682612,87.96295767643267,80
21.81412445682612,87.97194082927388,80
21.81412445682612,87.98092398211509,80
21.81412445682612,87.98990713495624,80
21.81412445682612,87.99889028779745,80
21.81412445682612,88.00787344063866,80
21.81412445682612,88.01685659347987,80
21.81412445682612,88.02583974632103,80
21.81412445682612,88.03482289916224,80
21.81412445682612,88.04380605200345,80
21.81412445682612,88.05278920484466,80
21.81412445682612,88.06177235768581,80
21.81412445682612,88.07075551052702,80
21.81412445682612,88.07973866336823,80
21.81412445682612,88.08872181620939,80
21.81412445682612,88.0977049690506,40
21.81412445682612,88.1066881218918,40
21.81412445682612,88.11567127473302,40
21.81412445682612,88.12465442757417,40
21.81412445682612,88.13363758041538,40
21.81412445682612,88.14262073325659,40
21.81412445682612,88.1516038860978,40
21.81412445682612,88.16058703893896,40
21.81412445682612,88.16957019178017,10
21.81412445682612,88.17855334462138,80
21.81412445682612,88.18753649746253,40
21.81412445682612,88.19651965030374,80
21.81412445682612,88.20550280314495,80
21.81412445682612,88.21448595598616,40
21.81412445682612,88.22346910882732,10
21.81412445682612,88.23245226166853,10
21.81412445682612,88.24143541450974,10
21.81412445682612,88.25041856735095,40
21.81412445682612,88.2594017201921,95
21.81412445682612,88.26838487303331,95
21.81412445682612,88.27736802587452,95
21.81412445682612,88.28635117871568,95
21.81412445682612,88.29533433155689,10
21.805141303984925,87.50481688153172,40
21.805141303984925,87.51380003437293,10
21.805141303984925,87.52278318721409,40
21.805141303984925,87.5317663400553,10
21.805141303984925,87.54074949289651,40
21.805141303984925,87.54973264573772,10
21.805141303984925,87.55871579857887,10
21.805141303984925,87.56769895142008,10
21.805141303984925,87.5766821042613,40
21.805141303984925,87.5856652571025,40
21.805141303984925,87.59464840994366,40
21.805141303984925,87.60363156278487,40
21.805141303984925,87.61261471562608,10
21.805141303984925,87.62159786846723,40
21.805141303984925,87.63058102130844,10
21.805141303984925,87.63956417414965,40
21.805141303984925,87.64854732699087,10
21.805141303984925,87.65753047983202,10
21.805141303984925,87.66651363267323,10
21.805141303984925,87.67549678551444,40
21.805141303984925,87.68447993835565,40
21.805141303984925,87.6934630911968,40
21.805141303984925,87.70244624403801,40
21.805141303984925,87.71142939687923,40
21.805141303984925,87.72041254972038,40
21.805141303984925,87.72939570256159,10
21.805141303984925,87.7383788554028,40
21.805141303984925,87.74736200824401,10
21.805141303984925,87.75634516108516,40
21.805141303984925,87.76532831392637,10
21.805141303984925,87.77431146676759,40
21.805141303984925,87.7832946196088,10
21.805141303984925,87.79227777244995,10
21.805141303984925,87.80126092529116,40
21.805141303984925,87.81024407813237,10
21.805141303984925,87.81922723097358,10
21.805141303984925,87.82821038381473,10
21.805141303984925,87.83719353665595,10
21.805141303984925,87.84617668949716,40
21.805141303984925,87.85515984233831,40
21.805141303984925,87.86414299517952,40
21.805141303984925,87.87312614802073,80
21.805141303984925,87.88210930086194,40
21.805141303984925,87.8910924537031,40
21.805141303984925,87.9000756065443,10
21.805141303984925,87.90905875938552,10
21.805141303984925,87.91804191222673,10
21.805141303984925,87.92702506506788,60
21.805141303984925,87.93600821790909,80
21.805141303984925,87.9449913707503,80
21.805141303984925,87.95397452359146,80
21.805141303984925,87.96295767643267,80
21.805141303984925,87.97194082927388,80
21.805141303984925,87.98092398211509,80
21.805141303984925,87.98990713495624,80
21.805141303984925,87.99889028779745,80
21.805141303984925,88.00787344063866,80
21.805141303984925,88.01685659347987,80
21.805141303984925,88.02583974632103,80
21.805141303984925,88.03482289916224,80
21.805141303984925,88.04380605200345,80
21.805141303984925,88.05278920484466,80
21.805141303984925,88.06177235768581,80
21.805141303984925,88.07075551052702,80
21.805141303984925,88.07973866336823,80
21.805141303984925,88.08872181620939,80
21.805141303984925,88.0977049690506,10
21.805141303984925,88.1066881218918,10
21.805141303984925,88.11567127473302,10
21.805141303984925,88.12465442757417,40
21.805141303984925,88.13363758041538,40
21.805141303984925,88.14262073325659,10
21.805141303984925,88.1516038860978,10
21.805141303984925,88.16058703893896,40
21.805141303984925,88.16957019178017,95
21.805141303984925,88.17855334462138,80
21.805141303984925,88.18753649746253,80
21.805141303984925,88.19651965030374,80
21.805141303984925,88.20550280314495,80
21.805141303984925,88.21448595598616,10
21.805141303984925,88.22346910882732,40
21.805141303984925,88.23245226166853,40
21.805141303984925,88.24143541450974,40
21.805141303984925,88.25041856735095,40
21.805141303984925,88.2594017201921,95
21.805141303984925,88.26838487303331,40
21.805141303984925,88.27736802587452,10
21.805141303984925,88.28635117871568,40
21.805141303984925,88.29533433155689,10
21.79615815114373,87.50481688153172,40
21.79615815114373,87.51380003437293,40
21.79615815114373,87.52278318721409,40
21.79615815114373,87.5317663400553,40
21.79615815114373,87.54074949289651,10
21.79615815114373,87.54973264573772,40
21.79615815114373,87.55871579857887,40
21.79615815114373,87.56769895142008,40
21.79615815114373,87.5766821042613,40
21.79615815114373,87.5856652571025,40
21.79615815114373,87.59464840994366,40
21.79615815114373,87.60363156278487,40
21.79615815114373,87.61261471562608,40
21.79615815114373,87.62159786846723,10
21.79615815114373,87.63058102130844,40
21.79615815114373,87.63956417414965,10
21.79615815114373,87.64854732699087,10
21.79615815114373,87.65753047983202,40
21.79615815114373,87.66651363267323,40
21.79615815114373,87.67549678551444,10
21.79615815114373,87.68447993835565,40
21.79615815114373,87.6934630911968,40
21.79615815114373,87.70244624403801,40
21.79615815114373,87.71142939687923,40
21.79615815114373,87.72041254972038,40
21.79615815114373,87.72939570256159,40
21.79615815114373,87.7383788554028,40
21.79615815114373,87.74736200824401,40
21.79615815114373,87.75634516108516,40
21.79615815114373,87.76532831392637,10
21.79615815114373,87.77431146676759,40
21.79615815114373,87.7832946196088,40
21.79615815114373,87.79227777244995,40
21.79615815114373,87.80126092529116,10
21.79615815114373,87.81024407813237,10
21.79615815114373,87.81922723097358,10
21.79615815114373,87.82821038381473,40
21.79615815114373,87.83719353665595,40
21.79615815114373,87.84617668949716,10
21.79615815114373,87.85515984233831,10
21.79615815114373,87.86414299517952,10
21.79615815114373,87.87312614802073,10
21.79615815114373,87.88210930086194,50
21.79615815114373,87.8910924537031,30
21.79615815114373,87.9000756065443,80
21.79615815114373,87.90905875938552,80
21.79615815114373,87.91804191222673,80
21.79615815114373,87.92702506506788,80
21.79615815114373,87.93600821790909,80
21.79615815114373,87.9449913707503,80
21.79615815114373,87.95397452359146,80
21.79615815114373,87.96295767643267,80
21.79615815114373,87.97194082927388,80
21.79615815114373,87.98092398211509,80
21.79615815114373,87.98990713495624,80
21.79615815114373,87.99889028779745,80
21.79615815114373,88.00787344063866,80
21.79615815114373,88.01685659347987,80
21.79615815114373,88.02583974632103,80
21.79615815114373,88.03482289916224,80
21.79615815114373,88.04380605200345,80
21.79615815114373,88.05278920484466,80
21.79615815114373,88.06177235768581,80
21.79615815114373,88.07075551052702,80
21.79615815114373,88.07973866336823,80
21.79615815114373,88.08872181620939,30
21.79615815114373,88.0977049690506,40
21.79615815114373,88.1066881218918,10
21.79615815114373,88.11567127473302,40
21.79615815114373,88.12465442757417,40
21.79615815114373,88.13363758041538,40
21.79615815114373,88.14262073325659,40
21.79615815114373,88.1516038860978,40
21.79615815114373,88.16058703893896,40
21.79615815114373,88.16957019178017,95
21.79615815114373,88.17855334462138,80
21.79615815114373,88.18753649746253,80
21.79615815114373,88.19651965030374,80
21.79615815114373,88.20550280314495,80
21.79615815114373,88.21448595598616,40
21.79615815114373,88.22346910882732,40
21.79615815114373,88.23245226166853,40
21.79615815114373,88.24143541450974,40
21.79615815114373,88.25041856735095,10
21.79615815114373,88.2594017201921,95
21.79615815114373,88.26838487303331,60
21.79615815114373,88.27736802587452,40
21.79615815114373,88.28635117871568,40
21.79615815114373,88.29533433155689,10
21.787174998302532,87.50481688153172,10
21.787174998302532,87.51380003437293,40
21.787174998302532,87.52278318721409,10
21.787174998302532,87.5317663400553,40
21.787174998302532,87.54074949289651,10
21.787174998302532,87.54973264573772,10
21.787174998302532,87.55871579857887,40
21.787174998302532,87.56769895142008,40
21.787174998302532,87.5766821042613,40
21.787174998302532,87.5856652571025,40
21.787174998302532,87.59464840994366,10
21.787174998302532,87.60363156278487,40
21.787174998302532,87.61261471562608,40
21.787174998302532,87.62159786846723,40
21.787174998302532,87.63058102130844,10
21.787174998302532,87.63956417414965,10
21.787174998302532,87.64854732699087,40
21.787174998302532,87.65753047983202,40
21.787174998302532,87.66651363267323,40
21.787174998302532,87.67549678551444,10
21.787174998302532,87.68447993835565,40
21.787174998302532,87.6934630911968,40
21.787174998302532,87.70244624403801,40
21.787174998302532,87.71142939687923,40
21.787174998302532,87.72041254972038,40
21.787174998302532,87.72939570256159,10
21.787174998302532,87.7383788554028,40
21.787174998302532,87.74736200824401,40
21.787174998302532,87.75634516108516,40
21.787174998302532,87.76532831392637,10
21.787174998302532,87.77431146676759,10
21.787174998302532,87.7832946196088,40
21.787174998302532,87.79227777244995,10
21.787174998302532,87.80126092529116,10
21.787174998302532,87.81024407813237,10
21.787174998302532,87.81922723097358,40
21.787174998302532,87.82821038381473,40
21.787174998302532,87.83719353665595,10
21.787174998302532,87.84617668949716,10
21.787174998302532,87.85515984233831,10
21.787174998302532,87.86414299517952,10
21.787174998302532,87.87312614802073,10
21.787174998302532,87.88210930086194,40
21.787174998302532,87.8910924537031,80
21.787174998302532,87.9000756065443,80
21.787174998302532,87.90905875938552,80
21.787174998302532,87.91804191222673,80
21.787174998302532,87.92702506506788,80
21.787174998302532,87.93600821790909,80
21.787174998302532,87.9449913707503,80
21.787174998302532,87.95397452359146,80
21.787174998302532,87.96295767643267,80
21.787174998302532,87.97194082927388,80
21.787174998302532,87.98092398211509,80
21.787174998302532,87.98990713495624,80
21.787174998302532,87.99889028779745,80
21.787174998302532,88.00787344063866,80
21.787174998302532,88.01685659347987,80
21.787174998302532,88.02583974632103,80
21.787174998302532,88.03482289916224,80
21.787174998302532,88.04380605200345,80
21.787174998302532,88.05278920484466,80
21.787174998302532,88.06177235768581,80
21.787174998302532,88.07075551052702,80
21.787174998302532,88.07973866336823,80
21.787174998302532,88.08872181620939,40
21.787174998302532,88.0977049690506,10
21.787174998302532,88.1066881218918,40
21.787174998302532,88.11567127473302,10
21.787174998302532,88.12465442757417,40
21.787174998302532,88.13363758041538,40
21.787174998302532,88.14262073325659,40
21.787174998302532,88.1516038860978,40
21.787174998302532,88.16058703893896,10
21.787174998302532,88.16957019178017,95
21.787174998302532,88.17855334462138,80
21.787174998302532,88.18753649746253,80
21.787174998302532,88.19651965030374,80
21.787174998302532,88.20550280314495,80
21.787174998302532,88.21448595598616,80
21.787174998302532,88.22346910882732,40
21.787174998302532,88.23245226166853,10
21.787174998302532,88.24143541450974,40
21.787174998302532,88.25041856735095,10
21.787174998302532,88.2594017201921,95
21.787174998302532,88.26838487303331,95
21.787174998302532,88.27736802587452,95
21.787174998302532,88.28635117871568,80
21.787174998302532,88.29533433155689,40
21.778191845461343,87.50481688153172,40
21.778191845461343,87.51380003437293,40
21.778191845461343,87.52278318721409,10
21.778191845461343,87.5317663400553,40
21.778191845461343,87.54074949289651,10
21.778191845461343,87.54973264573772,10
21.778191845461343,87.55871579857887,40
21.778191845461343,87.56769895142008,40
21.778191845461343,87.5766821042613,40
21.778191845461343,87.5856652571025,40
21.778191845461343,87.59464840994366,40
21.778191845461343,87.60363156278487,40
21.778191845461343,87.61261471562608,40
21.778191845461343,87.62159786846723,10
21.778191845461343,87.63058102130844,10
21.778191845461343,87.63956417414965,40
21.778191845461343,87.64854732699087,40
21.778191845461343,87.65753047983202,40
21.778191845461343,87.66651363267323,40
21.778191845461343,87.67549678551444,10
21.778191845461343,87.68447993835565,10
21.778191845461343,87.6934630911968,40
21.778191845461343,87.70244624403801,40
21.778191845461343,87.71142939687923,40
21.778191845461343,87.72041254972038,40
21.778191845461343,87.72939570256159,10
21.778191845461343,87.7383788554028,50
21.778191845461343,87.74736200824401,50
21.778191845461343,87.75634516108516,10
21.778191845461343,87.76532831392637,10
21.778191845461343,87.77431146676759,10
21.778191845461343,87.7832946196088,10
21.778191845461343,87.79227777244995,10
21.778191845461343,87.80126092529116,10
21.778191845461343,87.81024407813237,10
21.778191845461343,87.81922723097358,10
21.778191845461343,87.82821038381473,10
21.778191845461343,87.83719353665595,60
21.778191845461343,87.84617668949716,60
21.778191845461343,87.85515984233831,60
21.778191845461343,87.86414299517952,40
21.778191845461343,87.87312614802073,40
21.778191845461343,87.88210930086194,40
21.778191845461343,87.8910924537031,80
21.778191845461343,87.9000756065443,80
21.778191845461343,87.90905875938552,80
21.778191845461343,87.91804191222673,80
21.778191845461343,87.92702506506788,80
21.778191845461343,87.93600821790909,80
21.778191845461343,87.9449913707503,80
21.778191845461343,87.95397452359146,80
21.778191845461343,87.96295767643267,80
21.778191845461343,87.97194082927388,80
21.778191845461343,87.98092398211509,80
21.778191845461343,87.98990713495624,80
21.778191845461343,87.99889028779745,80
21.778191845461343,88.00787344063866,80
21.778191845461343,88.01685659347987,80
21.778191845461343,88.02583974632103,80
21.778191845461343,88.03482289916224,80
21.778191845461343,88.04380605200345,80
21.778191845461343,88.05278920484466,80
21.778191845461343,88.06177235768581,80
21.778191845461343,88.07075551052702,80
21.778191845461343,88.07973866336823,80
21.778191845461343,88.08872181620939,10
21.778191845461343,88.0977049690506,40
21.778191845461343,88.1066881218918,40
21.778191845461343,88.11567127473302,40
21.778191845461343,88.12465442757417,10
21.778191845461343,88.13363758041538,40
21.778191845461343,88.14262073325659,40
21.778191845461343,88.1516038860978,40
21.778191845461343,88.16058703893896,40
21.778191845461343,88.16957019178017,40
21.778191845461343,88.17855334462138,80
21.778191845461343,88.18753649746253,80
21.778191845461343,88.19651965030374,80
21.778191845461343,88.20550280314495,80
21.778191845461343,88.21448595598616,80
21.778191845461343,88.22346910882732,40
21.778191845461343,88.23245226166853,10
21.778191845461343,88.24143541450974,40
21.778191845461343,88.25041856735095,40
21.778191845461343,88.2594017201921,40
21.778191845461343,88.26838487303331,95
21.778191845461343,88.27736802587452,95
21.778191845461343,88.28635117871568,95
21.778191845461343,88.29533433155689,95
21.769208692620147,87.50481688153172,10
21.769208692620147,87.51380003437293,40
21.769208692620147,87.52278318721409,40
21.769208692620147,87.5317663400553,40
21.769208692620147,87.54074949289651,10
21.769208692620147,87.54973264573772,40
21.769208692620147,87.55871579857887,40
21.769208692620147,87.56769895142008,40
21.769208692620147,87.5766821042613,10
21.769208692620147,87.5856652571025,40
21.769208692620147,87.59464840994366,40
21.769208692620147,87.60363156278487,40
21.769208692620147,87.61261471562608,40
21.769208692620147,87.62159786846723,40
21.769208692620147,87.63058102130844,40
21.769208692620147,87.63956417414965,40
21.769208692620147,87.64854732699087,10
21.769208692620147,87.65753047983202,40
21.769208692620147,87.66651363267323,40
21.769208692620147,87.67549678551444,10
21.769208692620147,87.68447993835565,10
21.769208692620147,87.6934630911968,10
21.769208692620147,87.70244624403801,10
21.769208692620147,87.71142939687923,10
21.769208692620147,87.72041254972038,10
21.769208692620147,87.72939570256159,10
21.769208692620147,87.7383788554028,10
21.769208692620147,87.74736200824401,10
21.769208692620147,87.75634516108516,10
21.769208692620147,87.76532831392637,40
21.769208692620147,87.77431146676759,40
21.769208692620147,87.7832946196088,40
21.769208692620147,87.79227777244995,40
21.769208692620147,87.80126092529116,40
21.769208692620147,87.81024407813237,40
21.769208692620147,87.81922723097358,40
21.769208692620147,87.82821038381473,40
21.769208692620147,87.83719353665595,10
21.769208692620147,87.84617668949716,10
21.769208692620147,87.85515984233831,60
21.769208692620147,87.86414299517952,40
21.769208692620147,87.87312614802073,60
21.769208692620147,87.88210930086194,80
21.769208692620147,87.8910924537031,80
21.769208692620147,87.9000756065443,80
21.769208692620147,87.90905875938552,80
21.769208692620147,87.91804191222673,80
21.769208692620147,87.92702506506788,80
21.769208692620147,87.93600821790909,80
21.769208692620147,87.9449913707503,80
21.769208692620147,87.95397452359146,80
21.769208692620147,87.96295767643267,80
21.769208692620147,87.97194082927388,80
21.769208692620147,87.98092398211509,80
21.769208692620147,87.98990713495624,80
21.769208692620147,87.99889028779745,80
21.769208692620147,88.00787344063866,80
21.769208692620147,88.01685659347987,80
21.769208692620147,88.02583974632103,80
21.769208692620147,88.03482289916224,80
21.769208692620147,88.04380605200345,80
21.769208692620147,88.05278920484466,80
21.769208692620147,88.06177235768581,80
21.769208692620147,88.07075551052702,80
21.769208692620147,88.07973866336823,40
21.769208692620147,88.08872181620939,40
21.769208692620147,88.0977049690506,40
21.769208692620147,88.1066881218918,40
21.769208692620147,88.11567127473302,40
21.769208692620147,88.12465442757417,40
21.769208692620147,88.13363758041538,40
21.769208692620147,88.14262073325659,40
21.769208692620147,88.1516038860978,40
21.769208692620147,88.16058703893896,40
21.769208692620147,88.16957019178017,40
21.769208692620147,88.17855334462138,80
21.769208692620147,88.18753649746253,80
21.769208692620147,88.19651965030374,80
21.769208692620147,88.20550280314495,80
21.769208692620147,88.21448595598616,80
21.769208692620147,88.22346910882732,80
21.769208692620147,88.23245226166853,10
21.769208692620147,88.24143541450974,40
21.769208692620147,88.25041856735095,40
21.769208692620147,88.2594017201921,40
21.769208692620147,88.26838487303331,95
21.769208692620147,88.27736802587452,95
21.769208692620147,88.28635117871568,80
21.769208692620147,88.29533433155689,95
21.76022553977895,87.50481688153172,40
21.76022553977895,87.51380003437293,10
21.76022553977895,87.52278318721409,40
21.76022553977895,87.5317663400553,40
21.76022553977895,87.54074949289651,40
21.76022553977895,87.54973264573772,40
21.76022553977895,87.55871579857887,40
21.76022553977895,87.56769895142008,10
21.76022553977895,87.5766821042613,40
21.76022553977895,87.5856652571025,40
21.76022553977895,87.59464840994366,40
21.76022553977895,87.60363156278487,40
21.76022553977895,87.61261471562608,40
21.76022553977895,87.62159786846723,40
21.76022553977895,87.63058102130844,10
21.76022553977895,87.63956417414965,10
21.76022553977895,87.64854732699087,10
21.76022553977895,87.65753047983202,10
21.76022553977895,87.66651363267323,10
21.76022553977895,87.67549678551444,10
21.76022553977895,87.68447993835565,10
21.76022553977895,87.6934630911968,10
21.76022553977895,87.70244624403801,10
21.76022553977895,87.71142939687923,10
21.76022553977895,87.72041254972038,40
21.76022553977895,87.72939570256159,40
21.76022553977895,87.7383788554028,40
21.76022553977895,87.74736200824401,40
21.76022553977895,87.75634516108516,10
21.76022553977895,87.76532831392637,40
21.76022553977895,87.77431146676759,40
21.76022553977895,87.7832946196088,10
21.76022553977895,87.79227777244995,10
21.76022553977895,87.80126092529116,10
21.76022553977895,87.81024407813237,10
21.76022553977895,87.81922723097358,10
21.76022553977895,87.82821038381473,40
21.76022553977895,87.83719353665595,10
21.76022553977895,87.84617668949716,40
21.76022553977895,87.85515984233831,40
21.76022553977895,87.86414299517952,10
21.76022553977895,87.87312614802073,80
21.76022553977895,87.88210930086194,80
21.76022553977895,87.8910924537031,80
21.76022553977895,87.9000756065443,80
21.76022553977895,87.90905875938552,80
21.76022553977895,87.91804191222673,80
21.76022553977895,87.92702506506788,80
21.76022553977895,87.93600821790909,80
21.76022553977895,87.9449913707503,80
21.76022553977895,87.95397452359146,80
21.76022553977895,87.96295767643267,80
21.76022553977895,87.97194082927388,80
21.76022553977895,87.98092398211509,80
21.76022553977895,87.98990713495624,80
21.76022553977895,87.99889028779745,80
21.76022553977895,88.00787344063866,80
21.76022553977895,88.01685659347987,80
21.76022553977895,88.02583974632103,80
21.76022553977895,88.03482289916224,80
21.76022553977895,88.04380605200345,80
21.76022553977895,88.05278920484466,80
21.76022553977895,88.06177235768581,80
21.76022553977895,88.07075551052702,80
21.76022553977895,88.07973866336823,40
21.76022553977895,88.08872181620939,10
21.76022553977895,88.0977049690506,40
21.76022553977895,88.1066881218918,40
21.76022553977895,88.11567127473302,40
21.76022553977895,88.12465442757417,10
21.76022553977895,88.13363758041538,40
21.76022553977895,88.14262073325659,40
21.76022553977895,88.1516038860978,10
21.76022553977895,88.16058703893896,40
21.76022553977895,88.16957019178017,40
21.76022553977895,88.17855334462138,80
21.76022553977895,88.18753649746253,80
21.76022553977895,88.19651965030374,80
21.76022553977895,88.20550280314495,95
21.76022553977895,88.21448595598616,80
21.76022553977895,88.22346910882732,80
21.76022553977895,88.23245226166853,10
21.76022553977895,88.24143541450974,40
21.76022553977895,88.25041856735095,10
21.76022553977895,88.2594017201921,40
21.76022553977895,88.26838487303331,40
21.76022553977895,88.27736802587452,95
21.76022553977895,88.28635117871568,80
21.76022553977895,88.29533433155689,95
21.751242386937754,87.50481688153172,40
21.751242386937754,87.51380003437293,40
21.751242386937754,87.52278318721409,40
21.751242386937754,87.5317663400553,10
21.751242386937754,87.54074949289651,10
21.751242386937754,87.54973264573772,10
21.751242386937754,87.55871579857887,40
21.751242386937754,87.56769895142008,40
21.751242386937754,87.5766821042613,10
21.751242386937754,87.5856652571025,40
21.751242386937754,87.59464840994366,10
21.751242386937754,87.60363156278487,10
21.751242386937754,87.61261471562608,10
21.751242386937754,87.62159786846723,10
21.751242386937754,87.63058102130844,10
21.751242386937754,87.63956417414965,40
21.751242386937754,87.64854732699087,10
21.751242386937754,87.65753047983202,40
21.751242386937754,87.66651363267323,40
21.751242386937754,87.67549678551444,40
21.751242386937754,87.68447993835565,40
21.751242386937754,87.6934630911968,40
21.751242386937754,87.70244624403801,40
21.751242386937754,87.71142939687923,40
21.751242386937754,87.72041254972038,40
21.751242386937754,87.72939570256159,40
21.751242386937754,87.7383788554028,10
21.751242386937754,87.74736200824401,10
21.751242386937754,87.75634516108516,10
21.751242386937754,87.76532831392637,10
21.751242386937754,87.77431146676759,10
21.751242386937754,87.7832946196088,40
21.751242386937754,87.79227777244995,40
21.751242386937754,87.80126092529116,10
21.751242386937754,87.81024407813237,40
21.751242386937754,87.81922723097358,40
21.751242386937754,87.82821038381473,40
21.751242386937754,87.83719353665595,10
21.751242386937754,87.84617668949716,60
21.751242386937754,87.85515984233831,60
21.751242386937754,87.86414299517952,80
21.751242386937754,87.87312614802073,80
21.751242386937754,87.88210930086194,80
21.751242386937754,87.8910924537031,80
21.751242386937754,87.9000756065443,80
21.751242386937754,87.90905875938552,80
21.751242386937754,87.91804191222673,80
21.751242386937754,87.92702506506788,80
21.751242386937754,87.93600821790909,80
21.751242386937754,87.9449913707503,80
21.751242386937754,87.95397452359146,80
21.751242386937754,87.96295767643267,80
21.751242386937754,87.97194082927388,80
21.751242386937754,87.98092398211509,80
21.751242386937754,87.98990713495624,80
21.751242386937754,87.99889028779745,80
21.751242386937754,88.00787344063866,80
21.751242386937754,88.01685659347987,80
21.751242386937754,88.02583974632103,80
21.751242386937754,88.03482289916224,80
21.751242386937754,88.04380605200345,80
21.751242386937754,88.05278920484466,80
21.751242386937754,88.06177235768581,80
21.751242386937754,88.07075551052702,80
21.751242386937754,88.07973866336823,10
21.751242386937754,88.08872181620939,40
21.751242386937754,88.0977049690506,40
21.751242386937754,88.1066881218918,40
21.751242386937754,88.11567127473302,40
21.751242386937754,88.12465442757417,40
21.751242386937754,88.13363758041538,40
21.751242386937754,88.14262073325659,40
21.751242386937754,88.1516038860978,40
21.751242386937754,88.16058703893896,40
21.751242386937754,88.16957019178017,10
21.751242386937754,88.17855334462138,80
21.751242386937754,88.18753649746253,80
21.751242386937754,88.19651965030374,80
21.751242386937754,88.20550280314495,40
21.751242386937754,88.21448595598616,80
21.751242386937754,88.22346910882732,40
21.751242386937754,88.23245226166853,40
21.751242386937754,88.24143541450974,10
21.751242386937754,88.25041856735095,10
21.751242386937754,88.2594017201921,10
21.751242386937754,88.26838487303331,40
21.751242386937754,88.27736802587452,40
21.751242386937754,88.28635117871568,80
21.751242386937754,88.29533433155689,95
21.742259234096558,87.50481688153172,40
21.742259234096558,87.51380003437293,40
21.742259234096558,87.52278318721409,40
21.742259234096558,87.5317663400553,10
21.742259234096558,87.54074949289651,40
21.742259234096558,87.54973264573772,10
21.742259234096558,87.55871579857887,10
21.742259234096558,87.56769895142008,10
21.742259234096558,87.5766821042613,10
21.742259234096558,87.5856652571025,10
21.742259234096558,87.59464840994366,10
21.742259234096558,87.60363156278487,10
21.742259234096558,87.61261471562608,40
21.742259234096558,87.62159786846723,40
21.742259234096558,87.63058102130844,40
21.742259234096558,87.63956417414965,40
21.742259234096558,87.64854732699087,40
21.742259234096558,87.65753047983202,40
21.742259234096558,87.66651363267323,40
21.742259234096558,87.67549678551444,40
21.742259234096558,87.68447993835565,40
21.742259234096558,87.6934630911968,40
21.742259234096558,87.70244624403801,40
21.742259234096558,87.71142939687923,40
21.742259234096558,87.72041254972038,40
21.742259234096558,87.72939570256159,10
21.742259234096558,87.7383788554028,10
21.742259234096558,87.74736200824401,40
21.742259234096558,87.75634516108516,40
21.742259234096558,87.76532831392637,40
21.742259234096558,87.77431146676759,10
21.742259234096558,87.7832946196088,40
21.742259234096558,87.79227777244995,10
21.742259234096558,87.80126092529116,40
21.742259234096558,87.81024407813237,40
21.742259234096558,87.81922723097358,40
21.742259234096558,87.82821038381473,40
21.742259234096558,87.83719353665595,10
21.742259234096558,87.84617668949716,80
21.742259234096558,87.85515984233831,80
21.742259234096558,87.86414299517952,80
21.742259234096558,87.87312614802073,80
21.742259234096558,87.88210930086194,80
21.742259234096558,87.8910924537031,80
21.742259234096558,87.9000756065443,80
21.742259234096558,87.90905875938552,80
21.742259234096558,87.91804191222673,80
21.742259234096558,87.92702506506788,80
21.742259234096558,87.93600821790909,80
21.742259234096558,87.9449913707503,80
21.742259234096558,87.95397452359146,80
21.742259234096558,87.96295767643267,80
21.742259234096558,87.97194082927388,80
21.742259234096558,87.98092398211509,80
21.742259234096558,87.98990713495624,80
21.742259234096558,87.99889028779745,80
21.742259234096558,88.00787344063866,80
21.742259234096558,88.01685659347987,80
21.742259234096558,88.02583974632103,80
21.742259234096558,88.03482289916224,80
21.742259234096558,88.04380605200345,80
21.742259234096558,88.05278920484466,80
21.742259234096558,88.06177235768581,80
21.742259234096558,88.07075551052702,10
21.742259234096558,88.07973866336823,10
21.742259234096558,88.08872181620939,40
21.742259234096558,88.0977049690506,40
21.742259234096558,88.1066881218918,40
21.742259234096558,88.11567127473302,40
21.742259234096558,88.12465442757417,10
21.742259234096558,88.13363758041538,10
21.742259234096558,88.14262073325659,10
21.742259234096558,88.1516038860978,10
21.742259234096558,88.16058703893896,40
21.742259234096558,88.16957019178017,40
21.742259234096558,88.17855334462138,80
21.742259234096558,88.18753649746253,80
21.742259234096558,88.19651965030374,80
21.742259234096558,88.20550280314495,80
21.742259234096558,88.21448595598616,80
21.742259234096558,88.22346910882732,40
21.742259234096558,88.23245226166853,40
21.742259234096558,88.24143541450974,10
21.742259234096558,88.25041856735095,40
21.742259234096558,88.2594017201921,10
21.742259234096558,88.26838487303331,80
21.742259234096558,88.27736802587452,95
21.742259234096558,88.28635117871568,95
21.742259234096558,88.29533433155689,95
21.73327608125536,87.50481688153172,10
21.73327608125536,87.51380003437293,10
21.73327608125536,87.52278318721409,10
21.73327608125536,87.5317663400553,10
21.73327608125536,87.54074949289651,10
21.73327608125536,87.54973264573772,10
21.73327608125536,87.55871579857887,40
21.73327608125536,87.56769895142008,10
21.73327608125536,87.5766821042613,10
21.73327608125536,87.5856652571025,40
21.73327608125536,87.59464840994366,40
21.73327608125536,87.60363156278487,10
21.73327608125536,87.61261471562608,40
21.73327608125536,87.62159786846723,40
21.73327608125536,87.63058102130844,40
21.73327608125536,87.63956417414965,40
21.73327608125536,87.64854732699087,40
21.73327608125536,87.65753047983202,10
21.73327608125536,87.66651363267323,10
21.73327608125536,87.67549678551444,10
21.73327608125536,87.68447993835565,40
21.73327608125536,87.6934630911968,40
21.73327608125536,87.70244624403801,40
21.73327608125536,87.71142939687923,40
21.73327608125536,87.72041254972038,40
21.73327608125536,87.72939570256159,10
21.73327608125536,87.7383788554028,40
21.73327608125536,87.74736200824401,40
21.73327608125536,87.75634516108516,40
21.73327608125536,87.76532831392637,40
21.73327608125536,87.77431146676759,10
21.73327608125536,87.7832946196088,10
21.73327608125536,87.79227777244995,10
21.73327608125536,87.80126092529116,10
21.73327608125536,87.81024407813237,40
21.73327608125536,87.81922723097358,10
21.73327608125536,87.82821038381473,10
21.73327608125536,87.83719353665595,40
21.73327608125536,87.84617668949716,80
21.73327608125536,87.85515984233831,80
21.73327608125536,87.86414299517952,80
21.73327608125536,87.87312614802073,80
21.73327608125536,87.88210930086194,80
21.73327608125536,87.8910924537031,80
21.73327608125536,87.9000756065443,80
21.73327608125536,87.90905875938552,80
21.73327608125536,87.91804191222673,80
21.73327608125536,87.92702506506788,80
21.73327608125536,87.93600821790909,80
21.73327608125536,87.9449913707503,80
21.73327608125536,87.95397452359146,80
21.73327608125536,87.96295767643267,80
21.73327608125536,87.97194082927388,80
21.73327608125536,87.98092398211509,80
21.73327608125536,87.98990713495624,80
21.73327608125536,87.99889028779745,80
21.73327608125536,88.00787344063866,80
21.73327608125536,88.01685659347987,80
21.73327608125536,88.02583974632103,80
21.73327608125536,88.03482289916224,80
21.73327608125536,88.04380605200345,80
21.73327608125536,88.05278920484466,80
21.73327608125536,88.06177235768581,80
21.73327608125536,88.07075551052702,10
21.73327608125536,88.07973866336823,40
21.73327608125536,88.08872181620939,40
21.73327608125536,88.0977049690506,40
21.73327608125536,88.1066881218918,10
21.73327608125536,88.11567127473302,40
21.73327608125536,88.12465442757417,10
21.73327608125536,88.13363758041538,40
21.73327608125536,88.14262073325659,40
21.73327608125536,88.1516038860978,40
21.73327608125536,88.16058703893896,40
21.73327608125536,88.16957019178017,80
21.73327608125536,88.17855334462138,80
21.73327608125536,88.18753649746253,80
21.73327608125536,88.19651965030374,80
21.73327608125536,88.20550280314495,80
21.73327608125536,88.21448595598616,40
21.73327608125536,88.22346910882732,40
21.73327608125536,88.23245226166853,40
21.73327608125536,88.24143541450974,10
21.73327608125536,88.25041856735095,40
21.73327608125536,88.2594017201921,10
21.73327608125536,88.26838487303331,40
21.73327608125536,88.27736802587452,95
21.73327608125536,88.28635117871568,95
21.73327608125536,88.29533433155689,95
21.724292928414172,87.50481688153172,10
21.724292928414172,87.51380003437293,10
21.724292928414172,87.52278318721409,10
21.724292928414172,87.5317663400553,10
21.724292928414172,87.54074949289651,10
21.724292928414172,87.54973264573772,10
21.724292928414172,87.55871579857887,40
21.724292928414172,87.56769895142008,40
21.724292928414172,87.5766821042613,40
21.724292928414172,87.5856652571025,10
21.724292928414172,87.59464840994366,10
21.724292928414172,87.60363156278487,40
21.724292928414172,87.61261471562608,40
21.724292928414172,87.62159786846723,40
21.724292928414172,87.63058102130844,40
21.724292928414172,87.63956417414965,40
21.724292928414172,87.64854732699087,40
21.724292928414172,87.65753047983202,10
21.724292928414172,87.66651363267323,10
21.724292928414172,87.67549678551444,40
21.724292928414172,87.68447993835565,40
21.724292928414172,87.6934630911968,40
21.724292928414172,87.70244624403801,10
21.724292928414172,87.71142939687923,40
21.724292928414172,87.72041254972038,40
21.724292928414172,87.72939570256159,10
21.724292928414172,87.7383788554028,40
21.724292928414172,87.74736200824401,40
21.724292928414172,87.75634516108516,40
21.724292928414172,87.76532831392637,40
21.724292928414172,87.77431146676759,40
21.724292928414172,87.7832946196088,40
21.724292928414172,87.79227777244995,40
21.724292928414172,87.80126092529116,40
21.724292928414172,87.81024407813237,10
21.724292928414172,87.81922723097358,10
21.724292928414172,87.82821038381473,10
21.724292928414172,87.83719353665595,60
21.724292928414172,87.84617668949716,80
21.724292928414172,87.85515984233831,80
21.724292928414172,87.86414299517952,80
21.724292928414172,87.87312614802073,80
21.724292928414172,87.88210930086194,80
21.724292928414172,87.8910924537031,80
21.724292928414172,87.9000756065443,80
21.724292928414172,87.90905875938552,80
21.724292928414172,87.91804191222673,80
21.724292928414172,87.92702506506788,80
21.724292928414172,87.93600821790909,80
21.724292928414172,87.9449913707503,80
21.724292928414172,87.95397452359146,80
21.724292928414172,87.96295767643267,80
21.724292928414172,87.97194082927388,80
21.724292928414172,87.98092398211509,80
21.724292928414172,87.98990713495624,80
21.724292928414172,87.99889028779745,80
21.724292928414172,88.00787344063866,80
21.724292928414172,88.01685659347987,80
21.724292928414172,88.02583974632103,80
21.724292928414172,88.03482289916224,80
21.724292928414172,88.04380605200345,80
21.724292928414172,88.05278920484466,80
21.724292928414172,88.06177235768581,10
21.724292928414172,88.07075551052702,40
21.724292928414172,88.07973866336823,40
21.724292928414172,88.08872181620939,40
21.724292928414172,88.0977049690506,40
21.724292928414172,88.1066881218918,10
21.724292928414172,88.11567127473302,10
21.724292928414172,88.12465442757417,40
21.724292928414172,88.13363758041538,40
21.724292928414172,88.14262073325659,40
21.724292928414172,88.1516038860978,40
21.724292928414172,88.16058703893896,10
21.724292928414172,88.16957019178017,80
21.724292928414172,88.17855334462138,80
21.724292928414172,88.18753649746253,80
21.724292928414172,88.19651965030374,80
21.724292928414172,88.20550280314495,80
21.724292928414172,88.21448595598616,10
21.724292928414172,88.22346910882732,40
21.724292928414172,88.23245226166853,40
21.724292928414172,88.24143541450974,40
21.724292928414172,88.25041856735095,40
21.724292928414172,88.2594017201921,40
21.724292928414172,88.26838487303331,80
21.724292928414172,88.27736802587452,80
21.724292928414172,88.28635117871568,95
21.724292928414172,88.29533433155689,95
21.715309775572976,87.50481688153172,10
21.715309775572976,87.51380003437293,10
21.715309775572976,87.52278318721409,40
21.715309775572976,87.5317663400553,40
21.715309775572976,87.54074949289651,10
21.715309775572976,87.54973264573772,10
21.715309775572976,87.55871579857887,10
21.715309775572976,87.56769895142008,10
21.715309775572976,87.5766821042613,40
21.715309775572976,87.5856652571025,40
21.715309775572976,87.59464840994366,40
21.715309775572976,87.60363156278487,40
21.715309775572976,87.61261471562608,10
21.715309775572976,87.62159786846723,10
21.715309775572976,87.63058102130844,10
21.715309775572976,87.63956417414965,40
21.715309775572976,87.64854732699087,40
21.715309775572976,87.65753047983202,10
21.715309775572976,87.66651363267323,10
21.715309775572976,87.67549678551444,10
21.715309775572976,87.68447993835565,40
21.715309775572976,87.6934630911968,40
21.715309775572976,87.70244624403801,40
21.715309775572976,87.71142939687923,40
21.715309775572976,87.72041254972038,40
21.715309775572976,87.72939570256159,40
21.715309775572976,87.7383788554028,40
21.715309775572976,87.74736200824401,40
21.715309775572976,87.75634516108516,40
21.715309775572976,87.76532831392637,10
21.715309775572976,87.77431146676759,40
21.715309775572976,87.7832946196088,10
21.715309775572976,87.79227777244995,40
21.715309775572976,87.80126092529116,40
21.715309775572976,87.81024407813237,10
21.715309775572976,87.81922723097358,30
21.715309775572976,87.82821038381473,80
21.715309775572976,87.83719353665595,80
21.715309775572976,87.84617668949716,80
21.715309775572976,87.85515984233831,80
21.715309775572976,87.86414299517952,80
21.715309775572976,87.87312614802073,80
21.715309775572976,87.88210930086194,80
21.715309775572976,87.8910924537031,80
21.715309775572976,87.9000756065443,80
21.715309775572976,87.90905875938552,80
21.715309775572976,87.91804191222673,80
21.715309775572976,87.92702506506788,80
21.715309775572976,87.93600821790909,80
21.715309775572976,87.9449913707503,80
21.715309775572976,87.95397452359146,80
21.715309775572976,87.96295767643267,80
21.715309775572976,87.97194082927388,80
21.715309775572976,87.98092398211509,80
21.715309775572976,87.98990713495624,80
21.715309775572976,87.99889028779745,80
21.715309775572976,88.00787344063866,80
21.715309775572976,88.01685659347987,80
21.715309775572976,88.02583974632103,80
21.715309775572976,88.03482289916224,80
21.715309775572976,88.04380605200345,80
21.715309775572976,88.05278920484466,80
21.715309775572976,88.06177235768581,10
21.715309775572976,88.07075551052702,10
21.715309775572976,88.07973866336823,40
21.715309775572976,88.08872181620939,40
21.715309775572976,88.0977049690506,40
21.715309775572976,88.1066881218918,40
21.715309775572976,88.11567127473302,40
21.715309775572976,88.12465442757417,40
21.715309775572976,88.13363758041538,10
21.715309775572976,88.14262073325659,40
21.715309775572976,88.1516038860978,10
21.715309775572976,88.16058703893896,80
21.715309775572976,88.16957019178017,80
21.715309775572976,88.17855334462138,80
21.715309775572976,88.18753649746253,80
21.715309775572976,88.19651965030374,80
21.715309775572976,88.20550280314495,95
21.715309775572976,88.21448595598616,80
21.715309775572976,88.22346910882732,40
21.715309775572976,88.23245226166853,10
21.715309775572976,88.24143541450974,40
21.715309775572976,88.25041856735095,10
21.715309775572976,88.2594017201921,40
21.715309775572976,88.26838487303331,10
21.715309775572976,88.27736802587452,40
21.715309775572976,88.28635117871568,80
21.715309775572976,88.29533433155689,95
21.70632662273178,87.50481688153172,40
21.70632662273178,87.51380003437293,40
21.70632662273178,87.52278318721409,10
21.70632662273178,87.5317663400553,40
21.70632662273178,87.54074949289651,40
21.70632662273178,87.54973264573772,40
21.70632662273178,87.55871579857887,40
21.70632662273178,87.56769895142008,10
21.70632662273178,87.5766821042613,10
21.70632662273178,87.5856652571025,10
21.70632662273178,87.59464840994366,40
21.70632662273178,87.60363156278487,10
21.70632662273178,87.61261471562608,40
21.70632662273178,87.62159786846723,40
21.70632662273178,87.63058102130844,40
21.70632662273178,87.63956417414965,40
21.70632662273178,87.64854732699087,10
21.70632662273178,87.65753047983202,10
21.70632662273178,87.66651363267323,40
21.70632662273178,87.67549678551444,40
21.70632662273178,87.68447993835565,10
21.70632662273178,87.6934630911968,40
21.70632662273178,87.70244624403801,40
21.70632662273178,87.71142939687923,10
21.70632662273178,87.72041254972038,40
21.70632662273178,87.72939570256159,40
21.70632662273178,87.7383788554028,10
21.70632662273178,87.74736200824401,40
21.70632662273178,87.75634516108516,10
21.70632662273178,87.76532831392637,60
21.70632662273178,87.77431146676759,10
21.70632662273178,87.7832946196088,40
21.70632662273178,87.79227777244995,10
21.70632662273178,87.80126092529116,30
21.70632662273178,87.81024407813237,80
21.70632662273178,87.81922723097358,80
21.70632662273178,87.82821038381473,80
21.70632662273178,87.83719353665595,80
21.70632662273178,87.84617668949716,80
21.70632662273178,87.85515984233831,80
21.70632662273178,87.86414299517952,80
21.70632662273178,87.87312614802073,80
21.70632662273178,87.88210930086194,80
21.70632662273178,87.8910924537031,80
21.70632662273178,87.9000756065443,80
21.70632662273178,87.90905875938552,80
21.70632662273178,87.91804191222673,80
21.70632662273178,87.92702506506788,80
21.70632662273178,87.93600821790909,80
21.70632662273178,87.9449913707503,80
21.70632662273178,87.95397452359146,80
21.70632662273178,87.96295767643267,80
21.70632662273178,87.97194082927388,80
21.70632662273178,87.98092398211509,80
21.70632662273178,87.98990713495624,80
21.70632662273178,87.99889028779745,80
21.70632662273178,88.00787344063866,80
21.70632662273178,88.01685659347987,80
21.70632662273178,88.02583974632103,80
21.70632662273178,88.03482289916224,80
21.70632662273178,88.04380605200345,80
21.70632662273178,88.05278920484466,60
21.70632662273178,88.06177235768581,40
21.70632662273178,88.07075551052702,40
21.70632662273178,88.07973866336823,40
21.70632662273178,88.08872181620939,40
21.70632662273178,88.0977049690506,40
21.70632662273178,88.1066881218918,40
21.70632662273178,88.11567127473302,40
21.70632662273178,88.12465442757417,40
21.70632662273178,88.13363758041538,40
21.70632662273178,88.14262073325659,10
21.70632662273178,88.1516038860978,10
21.70632662273178,88.16058703893896,80
21.70632662273178,88.16957019178017,80
21.70632662273178,88.17855334462138,80
21.70632662273178,88.18753649746253,80
21.70632662273178,88.19651965030374,95
21.70632662273178,88.20550280314495,40
21.70632662273178,88.21448595598616,95
21.70632662273178,88.22346910882732,80
21.70632662273178,88.23245226166853,10
21.70632662273178,88.24143541450974,40
21.70632662273178,88.25041856735095,10
21.70632662273178,88.2594017201921,10
21.70632662273178,88.26838487303331,40
21.70632662273178,88.27736802587452,40
21.70632662273178,88.28635117871568,95
21.70632662273178,88.29533433155689,80
21.697343469890583,87.50481688153172,10
21.697343469890583,87.51380003437293,10
21.697343469890583,87.52278318721409,10
21.697343469890583,87.5317663400553,10
21.697343469890583,87.54074949289651,10
21.697343469890583,87.54973264573772,40
21.697343469890583,87.55871579857887,10
21.697343469890583,87.56769895142008,10
21.697343469890583,87.5766821042613,10
21.697343469890583,87.5856652571025,40
21.697343469890583,87.59464840994366,40
21.697343469890583,87.60363156278487,40
21.697343469890583,87.61261471562608,40
21.697343469890583,87.62159786846723,40
21.697343469890583,87.63058102130844,40
21.697343469890583,87.63956417414965,40
21.697343469890583,87.64854732699087,40
21.697343469890583,87.65753047983202,40
21.697343469890583,87.66651363267323,40
21.697343469890583,87.67549678551444,40
21.697343469890583,87.68447993835565,40
21.697343469890583,87.6934630911968,40
21.697343469890583,87.70244624403801,40
21.697343469890583,87.71142939687923,40
21.697343469890583,87.72041254972038,40
21.697343469890583,87.72939570256159,60
21.697343469890583,87.7383788554028,60
21.697343469890583,87.74736200824401,60
21.697343469890583,87.75634516108516,60
21.697343469890583,87.76532831392637,10
21.697343469890583,87.77431146676759,10
21.697343469890583,87.7832946196088,10
21.697343469890583,87.79227777244995,10
21.697343469890583,87.80126092529116,80
21.697343469890583,87.81024407813237,80
21.697343469890583,87.81922723097358,80
21.697343469890583,87.82821038381473,80
21.697343469890583,87.83719353665595,80
21.697343469890583,87.84617668949716,80
21.697343469890583,87.85515984233831,80
21.697343469890583,87.86414299517952,80
21.697343469890583,87.87312614802073,80
21.697343469890583,87.88210930086194,80
21.697343469890583,87.8910924537031,80
21.697343469890583,87.9000756065443,80
21.697343469890583,87.90905875938552,80
21.697343469890583,87.91804191222673,80
21.697343469890583,87.92702506506788,80
21.697343469890583,87.93600821790909,80
21.697343469890583,87.9449913707503,80
21.697343469890583,87.95397452359146,80
21.697343469890583,87.96295767643267,80
21.697343469890583,87.97194082927388,80
21.697343469890583,87.98092398211509,80
21.697343469890583,87.98990713495624,80
21.697343469890583,87.99889028779745,80
21.697343469890583,88.00787344063866,80
21.697343469890583,88.01685659347987,80
21.697343469890583,88.02583974632103,80
21.697343469890583,88.03482289916224,80
21.697343469890583,88.04380605200345,80
21.697343469890583,88.05278920484466,60
21.697343469890583,88.06177235768581,40
21.697343469890583,88.07075551052702,40
21.697343469890583,88.07973866336823,40
21.697343469890583,88.08872181620939,40
21.697343469890583,88.0977049690506,40
21.697343469890583,88.1066881218918,40
21.697343469890583,88.11567127473302,40
21.697343469890583,88.12465442757417,40
21.697343469890583,88.13363758041538,40
21.697343469890583,88.14262073325659,40
21.697343469890583,88.1516038860978,10
21.697343469890583,88.16058703893896,80
21.697343469890583,88.16957019178017,80
21.697343469890583,88.17855334462138,80
21.697343469890583,88.18753649746253,80
21.697343469890583,88.19651965030374,95
21.697343469890583,88.20550280314495,40
21.697343469890583,88.21448595598616,80
21.697343469890583,88.22346910882732,10
21.697343469890583,88.23245226166853,10
21.697343469890583,88.24143541450974,40
21.697343469890583,88.25041856735095,40
21.697343469890583,88.2594017201921,10
21.697343469890583,88.26838487303331,40
21.697343469890583,88.27736802587452,40
21.697343469890583,88.28635117871568,40
21.697343469890583,88.29533433155689,80
21.688360317049387,87.50481688153172,40
21.688360317049387,87.51380003437293,10
21.688360317049387,87.52278318721409,10
21.688360317049387,87.5317663400553,10
21.688360317049387,87.54074949289651,10
21.688360317049387,87.54973264573772,10
21.688360317049387,87.55871579857887,10
21.688360317049387,87.56769895142008,10
21.688360317049387,87.5766821042613,40
21.688360317049387,87.5856652571025,10
21.688360317049387,87.59464840994366,10
21.688360317049387,87.60363156278487,10
21.688360317049387,87.61261471562608,10
21.688360317049387,87.62159786846723,10
21.688360317049387,87.63058102130844,10
21.688360317049387,87.63956417414965,40
21.688360317049387,87.64854732699087,40
21.688360317049387,87.65753047983202,40
21.688360317049387,87.66651363267323,10
21.688360317049387,87.67549678551444,40
21.688360317049387,87.68447993835565,10
21.688360317049387,87.6934630911968,40
21.688360317049387,87.70244624403801,40
21.688360317049387,87.71142939687923,40
21.688360317049387,87.72041254972038,60
21.688360317049387,87.72939570256159,80
21.688360317049387,87.7383788554028,10
21.688360317049387,87.74736200824401,10
21.688360317049387,87.75634516108516,80
21.688360317049387,87.76532831392637,80
21.688360317049387,87.77431146676759,80
21.688360317049387,87.7832946196088,80
21.688360317049387,87.79227777244995,80
21.688360317049387,87.80126092529116,80
21.688360317049387,87.81024407813237,80
21.688360317049387,87.81922723097358,80
21.688360317049387,87.82821038381473,80
21.688360317049387,87.83719353665595,80
21.688360317049387,87.84617668949716,80
21.688360317049387,87.85515984233831,80
21.688360317049387,87.86414299517952,80
21.688360317049387,87.87312614802073,80
21.688360317049387,87.88210930086194,80
21.688360317049387,87.8910924537031,80
21.688360317049387,87.9000756065443,80
21.688360317049387,87.90905875938552,80
21.688360317049387,87.91804191222673,80
21.688360317049387,87.92702506506788,80
21.688360317049387,87.93600821790909,80
21.688360317049387,87.9449913707503,80
21.688360317049387,87.95397452359146,80
21.688360317049387,87.96295767643267,80
21.688360317049387,87.97194082927388,80
21.688360317049387,87.98092398211509,80
21.688360317049387,87.98990713495624,80
21.688360317049387,87.99889028779745,80
21.688360317049387,88.00787344063866,80
21.688360317049387,88.01685659347987,80
21.688360317049387,88.02583974632103,80
21.688360317049387,88.03482289916224,80
21.688360317049387,88.04380605200345,60
21.688360317049387,88.05278920484466,40
21.688360317049387,88.06177235768581,10
21.688360317049387,88.07075551052702,40
21.688360317049387,88.07973866336823,40
21.688360317049387,88.08872181620939,40
21.688360317049387,88.0977049690506,40
21.688360317049387,88.1066881218918,40
21.688360317049387,88.11567127473302,10
21.688360317049387,88.12465442757417,40
21.688360317049387,88.13363758041538,40
21.688360317049387,88.14262073325659,40
21.688360317049387,88.1516038860978,95
21.688360317049387,88.16058703893896,80
21.688360317049387,88.16957019178017,80
21.688360317049387,88.17855334462138,80
21.688360317049387,88.18753649746253,40
21.688360317049387,88.19651965030374,80
21.688360317049387,88.20550280314495,10
21.688360317049387,88.21448595598616,40
21.688360317049387,88.22346910882732,40
21.688360317049387,88.23245226166853,40
21.688360317049387,88.24143541450974,10
21.688360317049387,88.25041856735095,40
21.688360317049387,88.2594017201921,40
21.688360317049387,88.26838487303331,40
21.688360317049387,88.27736802587452,10
21.688360317049387,88.28635117871568,10
21.688360317049387,88.29533433155689,60
21.67937716420819,87.50481688153172,10
21.67937716420819,87.51380003437293,10
21.67937716420819,87.52278318721409,10
21.67937716420819,87.5317663400553,10
21.67937716420819,87.54074949289651,10
21.67937716420819,87.54973264573772,10
21.67937716420819,87.55871579857887,10
21.67937716420819,87.56769895142008,10
21.67937716420819,87.5766821042613,10
21.67937716420819,87.5856652571025,10
21.67937716420819,87.59464840994366,10
21.67937716420819,87.60363156278487,10
21.67937716420819,87.61261471562608,40
21.67937716420819,87.62159786846723,40
21.67937716420819,87.63058102130844,40
21.67937716420819,87.63956417414965,60
21.67937716420819,87.64854732699087,80
21.67937716420819,87.65753047983202,40
21.67937716420819,87.66651363267323,80
21.67937716420819,87.67549678551444,40
21.67937716420819,87.68447993835565,40
21.67937716420819,87.6934630911968,10
21.67937716420819,87.70244624403801,60
21.67937716420819,87.71142939687923,60
21.67937716420819,87.72041254972038,40
21.67937716420819,87.72939570256159,10
21.67937716420819,87.7383788554028,10
21.67937716420819,87.74736200824401,80
21.67937716420819,87.75634516108516,80
21.67937716420819,87.76532831392637,80
21.67937716420819,87.77431146676759,80
21.67937716420819,87.7832946196088,80
21.67937716420819,87.79227777244995,80
21.67937716420819,87.80126092529116,80
21.67937716420819,87.81024407813237,80
21.67937716420819,87.81922723097358,80
21.67937716420819,87.82821038381473,80
21.67937716420819,87.83719353665595,80
21.67937716420819,87.84617668949716,80
21.67937716420819,87.85515984233831,80
21.67937716420819,87.86414299517952,80
21.67937716420819,87.87312614802073,80
21.67937716420819,87.88210930086194,80
21.67937716420819,87.8910924537031,80
21.67937716420819,87.9000756065443,80
21.67937716420819,87.90905875938552,80
21.67937716420819,87.91804191222673,80
21.67937716420819,87.92702506506788,80
21.67937716420819,87.93600821790909,80
21.67937716420819,87.9449913707503,80
21.67937716420819,87.95397452359146,80
21.67937716420819,87.96295767643267,80
21.67937716420819,87.97194082927388,80
21.67937716420819,87.98092398211509,80
21.67937716420819,87.98990713495624,80
21.67937716420819,87.99889028779745,80
21.67937716420819,88.00787344063866,80
21.67937716420819,88.01685659347987,80
21.67937716420819,88.02583974632103,80
21.67937716420819,88.03482289916224,80
21.67937716420819,88.04380605200345,80
21.67937716420819,88.05278920484466,40
21.67937716420819,88.06177235768581,40
21.67937716420819,88.07075551052702,40
21.67937716420819,88.07973866336823,40
21.67937716420819,88.08872181620939,40
21.67937716420819,88.0977049690506,40
21.67937716420819,88.1066881218918,40
21.67937716420819,88.11567127473302,10
21.67937716420819,88.12465442757417,10
21.67937716420819,88.13363758041538,10
21.67937716420819,88.14262073325659,95
21.67937716420819,88.1516038860978,95
21.67937716420819,88.16058703893896,80
21.67937716420819,88.16957019178017,80
21.67937716420819,88.17855334462138,80
21.67937716420819,88.18753649746253,10
21.67937716420819,88.19651965030374,10
21.67937716420819,88.20550280314495,95
21.67937716420819,88.21448595598616,40
21.67937716420819,88.22346910882732,40
21.67937716420819,88.23245226166853,40
21.67937716420819,88.24143541450974,10
21.67937716420819,88.25041856735095,40
21.67937716420819,88.2594017201921,40
21.67937716420819,88.26838487303331,40
21.67937716420819,88.27736802587452,40
21.67937716420819,88.28635117871568,40
21.67937716420819,88.29533433155689,40
21.670394011367,87.50481688153172,10
21.670394011367,87.51380003437293,10
21.670394011367,87.52278318721409,10
21.670394011367,87.5317663400553,10
21.670394011367,87.54074949289651,10
21.670394011367,87.54973264573772,10
21.670394011367,87.55871579857887,10
21.670394011367,87.56769895142008,10
21.670394011367,87.5766821042613,10
21.670394011367,87.5856652571025,40
21.670394011367,87.59464840994366,40
21.670394011367,87.60363156278487,40
21.670394011367,87.61261471562608,80
21.670394011367,87.62159786846723,40
21.670394011367,87.63058102130844,80
21.670394011367,87.63956417414965,40
21.670394011367,87.64854732699087,80
21.670394011367,87.65753047983202,80
21.670394011367,87.66651363267323,80
21.670394011367,87.67549678551444,80
21.670394011367,87.68447993835565,40
21.670394011367,87.6934630911968,40
21.670394011367,87.70244624403801,60
21.670394011367,87.71142939687923,60
21.670394011367,87.72041254972038,10
21.670394011367,87.72939570256159,80
21.670394011367,87.7383788554028,80
21.670394011367,87.74736200824401,80
21.670394011367,87.75634516108516,80
21.670394011367,87.76532831392637,80
21.670394011367,87.77431146676759,80
21.670394011367,87.7832946196088,80
21.670394011367,87.79227777244995,80
21.670394011367,87.80126092529116,80
21.670394011367,87.81024407813237,80
21.670394011367,87.81922723097358,80
21.670394011367,87.82821038381473,80
21.670394011367,87.83719353665595,80
21.670394011367,87.84617668949716,80
21.670394011367,87.85515984233831,80
21.670394011367,87.86414299517952,80
21.670394011367,87.87312614802073,80
21.670394011367,87.88210930086194,80
21.670394011367,87.8910924537031,80
21.670394011367,87.9000756065443,80
21.670394011367,87.90905875938552,80
21.670394011367,87.91804191222673,80
21.670394011367,87.92702506506788,80
21.670394011367,87.93600821790909,80
21.670394011367,87.9449913707503,80
21.670394011367,87.95397452359146,80
21.670394011367,87.96295767643267,80
21.670394011367,87.97194082927388,80
21.670394011367,87.98092398211509,80
21.670394011367,87.98990713495624,80
21.670394011367,87.99889028779745,80
21.670394011367,88.00787344063866,80
21.670394011367,88.01685659347987,80
21.670394011367,88.02583974632103,80
21.670394011367,88.03482289916224,80
21.670394011367,88.04380605200345,80
21.670394011367,88.05278920484466,40
21.670394011367,88.06177235768581,40
21.670394011367,88.07075551052702,40
21.670394011367,88.07973866336823,40
21.670394011367,88.08872181620939,40
21.670394011367,88.0977049690506,40
21.670394011367,88.1066881218918,40
21.670394011367,88.11567127473302,40
21.670394011367,88.12465442757417,40
21.670394011367,88.13363758041538,40
21.670394011367,88.14262073325659,10
21.670394011367,88.1516038860978,95
21.670394011367,88.16058703893896,80
21.670394011367,88.16957019178017,80
21.670394011367,88.17855334462138,80
21.670394011367,88.18753649746253,40
21.670394011367,88.19651965030374,40
21.670394011367,88.20550280314495,80
21.670394011367,88.21448595598616,80
21.670394011367,88.22346910882732,80
21.670394011367,88.23245226166853,10
21.670394011367,88.24143541450974,10
21.670394011367,88.25041856735095,40
21.670394011367,88.2594017201921,40
21.670394011367,88.26838487303331,10
21.670394011367,88.27736802587452,95
21.670394011367,88.28635117871568,95
21.670394011367,88.29533433155689,40
21.661410858525805,87.50481688153172,10
21.661410858525805,87.51380003437293,10
21.661410858525805,87.52278318721409,10
21.661410858525805,87.5317663400553,10
21.661410858525805,87.54074949289651,10
21.661410858525805,87.54973264573772,10
21.661410858525805,87.55871579857887,10
21.661410858525805,87.56769895142008,80
21.661410858525805,87.5766821042613,10
21.661410858525805,87.5856652571025,40
21.661410858525805,87.59464840994366,40
21.661410858525805,87.60363156278487,40
21.661410858525805,87.61261471562608,40
21.661410858525805,87.62159786846723,40
21.661410858525805,87.63058102130844,80
21.661410858525805,87.63956417414965,30
21.661410858525805,87.64854732699087,80
21.661410858525805,87.65753047983202,80
21.661410858525805,87.66651363267323,80
21.661410858525805,87.67549678551444,60
21.661410858525805,87.68447993835565,40
21.661410858525805,87.6934630911968,10
21.661410858525805,87.70244624403801,80
21.661410858525805,87.71142939687923,80
21.661410858525805,87.72041254972038,80
21.661410858525805,87.72939570256159,80
21.661410858525805,87.7383788554028,80
21.661410858525805,87.74736200824401,80
21.661410858525805,87.75634516108516,80
21.661410858525805,87.76532831392637,80
21.661410858525805,87.77431146676759,80
21.661410858525805,87.7832946196088,80
21.661410858525805,87.79227777244995,80
21.661410858525805,87.80126092529116,80
21.661410858525805,87.81024407813237,80
21.661410858525805,87.81922723097358,80
21.661410858525805,87.82821038381473,80
21.661410858525805,87.83719353665595,80
21.661410858525805,87.84617668949716,80
21.661410858525805,87.85515984233831,80
21.661410858525805,87.86414299517952,80
21.661410858525805,87.87312614802073,80
21.661410858525805,87.88210930086194,80
21.661410858525805,87.8910924537031,80
21.661410858525805,87.9000756065443,80
21.661410858525805,87.90905875938552,80
21.661410858525805,87.91804191222673,80
21.661410858525805,87.92702506506788,80
21.661410858525805,87.93600821790909,80
21.661410858525805,87.9449913707503,80
21.661410858525805,87.95397452359146,80
21.661410858525805,87.96295767643267,80
21.661410858525805,87.97194082927388,80
21.661410858525805,87.98092398211509,80
21.661410858525805,87.98990713495624,80
21.661410858525805,87.99889028779745,80
21.661410858525805,88.00787344063866,80
21.661410858525805,88.01685659347987,80
21.661410858525805,88.02583974632103,80
21.661410858525805,88.03482289916224,80
21.661410858525805,88.04380605200345,80
21.661410858525805,88.05278920484466,40
21.661410858525805,88.06177235768581,40
21.661410858525805,88.07075551052702,40
21.661410858525805,88.07973866336823,40
21.661410858525805,88.08872181620939,10
21.661410858525805,88.0977049690506,40
21.661410858525805,88.1066881218918,40
21.661410858525805,88.11567127473302,40
21.661410858525805,88.12465442757417,40
21.661410858525805,88.13363758041538,40
21.661410858525805,88.14262073325659,40
21.661410858525805,88.1516038860978,95
21.661410858525805,88.16058703893896,80
21.661410858525805,88.16957019178017,80
21.661410858525805,88.17855334462138,80
21.661410858525805,88.18753649746253,80
21.661410858525805,88.19651965030374,40
21.661410858525805,88.20550280314495,10
21.661410858525805,88.21448595598616,40
21.661410858525805,88.22346910882732,40
21.661410858525805,88.23245226166853,80
21.661410858525805,88.24143541450974,40
21.661410858525805,88.25041856735095,10
21.661410858525805,88.2594017201921,40
21.661410858525805,88.26838487303331,10
21.661410858525805,88.27736802587452,40
21.661410858525805,88.28635117871568,95
21.661410858525805,88.29533433155689,40
21.65242770568461,87.50481688153172,10
21.65242770568461,87.51380003437293,10
21.65242770568461,87.52278318721409,10
21.65242770568461,87.5317663400553,40
21.65242770568461,87.54074949289651,10
21.65242770568461,87.54973264573772,40
21.65242770568461,87.55871579857887,40
21.65242770568461,87.56769895142008,10
21.65242770568461,87.5766821042613,40
21.65242770568461,87.5856652571025,10
21.65242770568461,87.59464840994366,10
21.65242770568461,87.60363156278487,40
21.65242770568461,87.61261471562608,40
21.65242770568461,87.62159786846723,10
21.65242770568461,87.63058102130844,10
21.65242770568461,87.63956417414965,80
21.65242770568461,87.64854732699087,10
21.65242770568461,87.65753047983202,60
21.65242770568461,87.66651363267323,80
21.65242770568461,87.67549678551444,80
21.65242770568461,87.68447993835565,80
21.65242770568461,87.6934630911968,80
21.65242770568461,87.70244624403801,80
21.65242770568461,87.71142939687923,80
21.65242770568461,87.72041254972038,80
21.65242770568461,87.72939570256159,80
21.65242770568461,87.7383788554028,80
21.65242770568461,87.74736200824401,80
21.65242770568461,87.75634516108516,80
21.65242770568461,87.76532831392637,80
21.65242770568461,87.77431146676759,80
21.65242770568461,87.7832946196088,80
21.65242770568461,87.79227777244995,80
21.65242770568461,87.80126092529116,80
21.65242770568461,87.81024407813237,80
21.65242770568461,87.81922723097358,80
21.65242770568461,87.82821038381473,80
21.65242770568461,87.83719353665595,80
21.65242770568461,87.84617668949716,80
21.65242770568461,87.85515984233831,80
21.65242770568461,87.86414299517952,80
21.65242770568461,87.87312614802073,80
21.65242770568461,87.88210930086194,80
21.65242770568461,87.8910924537031,80
21.65242770568461,87.9000756065443,80
21.65242770568461,87.90905875938552,80
21.65242770568461,87.91804191222673,80
21.65242770568461,87.92702506506788,80
21.65242770568461,87.93600821790909,80
21.65242770568461,87.9449913707503,80
21.65242770568461,87.95397452359146,80
21.65242770568461,87.96295767643267,80
21.65242770568461,87.97194082927388,80
21.65242770568461,87.98092398211509,80
21.65242770568461,87.98990713495624,80
21.65242770568461,87.99889028779745,80
21.65242770568461,88.00787344063866,80
21.65242770568461,88.01685659347987,80
21.65242770568461,88.02583974632103,80
21.65242770568461,88.03482289916224,80
21.65242770568461,88.04380605200345,80
21.65242770568461,88.05278920484466,60
21.65242770568461,88.06177235768581,40
21.65242770568461,88.07075551052702,40
21.65242770568461,88.07973866336823,40
21.65242770568461,88.08872181620939,40
21.65242770568461,88.0977049690506,40
21.65242770568461,88.1066881218918,40
21.65242770568461,88.11567127473302,40
21.65242770568461,88.12465442757417,40
21.65242770568461,88.13363758041538,10
21.65242770568461,88.14262073325659,60
21.65242770568461,88.1516038860978,95
21.65242770568461,88.16058703893896,80
21.65242770568461,88.16957019178017,80
21.65242770568461,88.17855334462138,80
21.65242770568461,88.18753649746253,80
21.65242770568461,88.19651965030374,60
21.65242770568461,88.20550280314495,40
21.65242770568461,88.21448595598616,40
21.65242770568461,88.22346910882732,10
21.65242770568461,88.23245226166853,80
21.65242770568461,88.24143541450974,40
21.65242770568461,88.25041856735095,40
21.65242770568461,88.2594017201921,40
21.65242770568461,88.26838487303331,40
21.65242770568461,88.27736802587452,40
21.65242770568461,88.28635117871568,10
21.65242770568461,88.29533433155689,40
21.643444552843413,87.50481688153172,10
21.643444552843413,87.51380003437293,40
21.643444552843413,87.52278318721409,40
21.643444552843413,87.5317663400553,10
21.643444552843413,87.54074949289651,10
21.643444552843413,87.54973264573772,10
21.643444552843413,87.55871579857887,40
21.643444552843413,87.56769895142008,80
21.643444552843413,87.5766821042613,10
21.643444552843413,87.5856652571025,40
21.643444552843413,87.59464840994366,40
21.643444552843413,87.60363156278487,40
21.643444552843413,87.61261471562608,40
21.643444552843413,87.62159786846723,80
21.643444552843413,87.63058102130844,10
21.643444552843413,87.63956417414965,80
21.643444552843413,87.64854732699087,80
21.643444552843413,87.65753047983202,80
21.643444552843413,87.66651363267323,80
21.643444552843413,87.67549678551444,80
21.643444552843413,87.68447993835565,80
21.643444552843413,87.6934630911968,80
21.643444552843413,87.70244624403801,80
21.643444552843413,87.71142939687923,80
21.643444552843413,87.72041254972038,80
21.643444552843413,87.72939570256159,80
21.643444552843413,87.7383788554028,80
21.643444552843413,87.74736200824401,80
21.643444552843413,87.75634516108516,80
21.643444552843413,87.76532831392637,80
21.643444552843413,87.77431146676759,80
21.643444552843413,87.7832946196088,80
21.643444552843413,87.79227777244995,80
21.643444552843413,87.80126092529116,80
21.643444552843413,87.81024407813237,80
21.643444552843413,87.81922723097358,80
21.643444552843413,87.82821038381473,80
21.643444552843413,87.83719353665595,80
21.643444552843413,87.84617668949716,80
21.643444552843413,87.85515984233831,80
21.643444552843413,87.86414299517952,80
21.643444552843413,87.87312614802073,80
21.643444552843413,87.88210930086194,80
21.643444552843413,87.8910924537031,80
21.643444552843413,87.9000756065443,80
21.643444552843413,87.90905875938552,80
21.643444552843413,87.91804191222673,80
21.643444552843413,87.92702506506788,80
21.643444552843413,87.93600821790909,80
21.643444552843413,87.9449913707503,80
21.643444552843413,87.95397452359146,80
21.643444552843413,87.96295767643267,80
21.643444552843413,87.97194082927388,80
21.643444552843413,87.98092398211509,80
21.643444552843413,87.98990713495624,80
21.643444552843413,87.99889028779745,80
21.643444552843413,88.00787344063866,80
21.643444552843413,88.01685659347987,80
21.643444552843413,88.02583974632103,80
21.643444552843413,88.03482289916224,80
21.643444552843413,88.04380605200345,80
21.643444552843413,88.05278920484466,80
21.643444552843413,88.06177235768581,40
21.643444552843413,88.07075551052702,40
21.643444552843413,88.07973866336823,40
21.643444552843413,88.08872181620939,40
21.643444552843413,88.0977049690506,40
21.643444552843413,88.1066881218918,40
21.643444552843413,88.11567127473302,40
21.643444552843413,88.12465442757417,40
21.643444552843413,88.13363758041538,10
21.643444552843413,88.14262073325659,10
21.643444552843413,88.1516038860978,80
21.643444552843413,88.16058703893896,80
21.643444552843413,88.16957019178017,80
21.643444552843413,88.17855334462138,80
21.643444552843413,88.18753649746253,80
21.643444552843413,88.19651965030374,80
21.643444552843413,88.20550280314495,40
21.643444552843413,88.21448595598616,40
21.643444552843413,88.22346910882732,40
21.643444552843413,88.23245226166853,40
21.643444552843413,88.24143541450974,40
21.643444552843413,88.25041856735095,40
21.643444552843413,88.2594017201921,40
21.643444552843413,88.26838487303331,40
21.643444552843413,88.27736802587452,40
21.643444552843413,88.28635117871568,40
21.643444552843413,88.29533433155689,10
21.634461400002216,87.50481688153172,10
21.634461400002216,87.51380003437293,10
21.634461400002216,87.52278318721409,10
21.634461400002216,87.5317663400553,40
21.634461400002216,87.54074949289651,80
21.634461400002216,87.54973264573772,80
21.634461400002216,87.55871579857887,10
21.634461400002216,87.56769895142008,80
21.634461400002216,87.5766821042613,80
21.634461400002216,87.5856652571025,80
21.634461400002216,87.59464840994366,80
21.634461400002216,87.60363156278487,80
21.634461400002216,87.61261471562608,80
21.634461400002216,87.62159786846723,80
21.634461400002216,87.63058102130844,80
21.634461400002216,87.63956417414965,80
21.634461400002216,87.64854732699087,80
21.634461400002216,87.65753047983202,80
21.634461400002216,87.66651363267323,80
21.634461400002216,87.67549678551444,80
21.634461400002216,87.68447993835565,80
21.634461400002216,87.6934630911968,80
21.634461400002216,87.70244624403801,80
21.634461400002216,87.71142939687923,80
21.634461400002216,87.72041254972038,80
21.634461400002216,87.72939570256159,80
21.634461400002216,87.7383788554028,80
21.634461400002216,87.74736200824401,80
21.634461400002216,87.75634516108516,80
21.634461400002216,87.76532831392637,80
21.634461400002216,87.77431146676759,80
21.634461400002216,87.7832946196088,80
21.634461400002216,87.79227777244995,80
21.634461400002216,87.80126092529116,80
21.634461400002216,87.81024407813237,80
21.634461400002216,87.81922723097358,80
21.634461400002216,87.82821038381473,80
21.634461400002216,87.83719353665595,80
21.634461400002216,87.84617668949716,80
21.634461400002216,87.85515984233831,80
21.634461400002216,87.86414299517952,80
21.634461400002216,87.87312614802073,80
21.634461400002216,87.88210930086194,80
21.634461400002216,87.8910924537031,80
21.634461400002216,87.9000756065443,80
21.634461400002216,87.90905875938552,80
21.634461400002216,87.91804191222673,80
21.634461400002216,87.92702506506788,80
21.634461400002216,87.93600821790909,80
21.634461400002216,87.9449913707503,80
21.634461400002216,87.95397452359146,80
21.634461400002216,87.96295767643267,80
21.634461400002216,87.97194082927388,80
21.634461400002216,87.98092398211509,80
21.634461400002216,87.98990713495624,80
21.634461400002216,87.99889028779745,80
21.634461400002216,88.00787344063866,80
21.634461400002216,88.01685659347987,80
21.634461400002216,88.02583974632103,80
21.634461400002216,88.03482289916224,80
21.634461400002216,88.04380605200345,80
21.634461400002216,88.05278920484466,80
21.634461400002216,88.06177235768581,80
21.634461400002216,88.07075551052702,30
21.634461400002216,88.07973866336823,10
21.634461400002216,88.08872181620939,60
21.634461400002216,88.0977049690506,40
21.634461400002216,88.1066881218918,40
21.634461400002216,88.11567127473302,40
21.634461400002216,88.12465442757417,60
21.634461400002216,88.13363758041538,80
21.634461400002216,88.14262073325659,80
21.634461400002216,88.1516038860978,80
21.634461400002216,88.16058703893896,80
21.634461400002216,88.16957019178017,80
21.634461400002216,88.17855334462138,80
21.634461400002216,88.18753649746253,80
21.634461400002216,88.19651965030374,80
21.634461400002216,88.20550280314495,10
21.634461400002216,88.21448595598616,40
21.634461400002216,88.22346910882732,40
21.634461400002216,88.23245226166853,80
21.634461400002216,88.24143541450974,40
21.634461400002216,88.25041856735095,40
21.634461400002216,88.2594017201921,10
21.634461400002216,88.26838487303331,40
21.634461400002216,88.27736802587452,40
21.634461400002216,88.28635117871568,40
21.634461400002216,88.29533433155689,80
21.62547824716102,87.50481688153172,50
21.62547824716102,87.51380003437293,10
21.62547824716102,87.52278318721409,10
21.62547824716102,87.5317663400553,80
21.62547824716102,87.54074949289651,80
21.62547824716102,87.54973264573772,80
21.62547824716102,87.55871579857887,80
21.62547824716102,87.56769895142008,80
21.62547824716102,87.5766821042613,80
21.62547824716102,87.5856652571025,80
21.62547824716102,87.59464840994366,80
21.62547824716102,87.60363156278487,80
21.62547824716102,87.61261471562608,80
21.62547824716102,87.62159786846723,80
21.62547824716102,87.63058102130844,80
21.62547824716102,87.63956417414965,80
21.62547824716102,87.64854732699087,80
21.62547824716102,87.65753047983202,80
21.62547824716102,87.66651363267323,80
21.62547824716102,87.67549678551444,80
21.62547824716102,87.68447993835565,80
21.62547824716102,87.6934630911968,80
21.62547824716102,87.70244624403801,80
21.62547824716102,87.71142939687923,80
21.62547824716102,87.72041254972038,80
21.62547824716102,87.72939570256159,80
21.62547824716102,87.7383788554028,80
21.62547824716102,87.74736200824401,80
21.62547824716102,87.75634516108516,80
21.62547824716102,87.76532831392637,80
21.62547824716102,87.77431146676759,80
21.62547824716102,87.7832946196088,80
21.62547824716102,87.79227777244995,80
21.62547824716102,87.80126092529116,80
21.62547824716102,87.81024407813237,80
21.62547824716102,87.81922723097358,80
21.62547824716102,87.82821038381473,80
21.62547824716102,87.83719353665595,80
21.62547824716102,87.84617668949716,80
21.62547824716102,87.85515984233831,80
21.62547824716102,87.86414299517952,80
21.62547824716102,87.87312614802073,80
21.62547824716102,87.88210930086194,80
21.62547824716102,87.8910924537031,80
21.62547824716102,87.9000756065443,80
21.62547824716102,87.90905875938552,80
21.62547824716102,87.91804191222673,80
21.62547824716102,87.92702506506788,80
21.62547824716102,87.93600821790909,80
21.62547824716102,87.9449913707503,80
21.62547824716102,87.95397452359146,80
21.62547824716102,87.96295767643267,80
21.62547824716102,87.97194082927388,80
21.62547824716102,87.98092398211509,80
21.62547824716102,87.98990713495624,80
21.62547824716102,87.99889028779745,80
21.62547824716102,88.00787344063866,80
21.62547824716102,88.01685659347987,80
21.62547824716102,88.02583974632103,80
21.62547824716102,88.03482289916224,80
21.62547824716102,88.04380605200345,80
21.62547824716102,88.05278920484466,80
21.62547824716102,88.06177235768581,80
21.62547824716102,88.07075551052702,80
21.62547824716102,88.07973866336823,80
21.62547824716102,88.08872181620939,80
21.62547824716102,88.0977049690506,80
21.62547824716102,88.1066881218918,80
21.62547824716102,88.11567127473302,80
21.62547824716102,88.12465442757417,80
21.62547824716102,88.13363758041538,80
21.62547824716102,88.14262073325659,80
21.62547824716102,88.1516038860978,80
21.62547824716102,88.16058703893896,80
21.62547824716102,88.16957019178017,80
21.62547824716102,88.17855334462138,80
21.62547824716102,88.18753649746253,80
21.62547824716102,88.19651965030374,80
21.62547824716102,88.20550280314495,60
21.62547824716102,88.21448595598616,80
21.62547824716102,88.22346910882732,80
21.62547824716102,88.23245226166853,40
21.62547824716102,88.24143541450974,40
21.62547824716102,88.25041856735095,80
21.62547824716102,88.2594017201921,40
21.62547824716102,88.26838487303331,40
21.62547824716102,88.27736802587452,40
21.62547824716102,88.28635117871568,40
21.62547824716102,88.29533433155689,80
21.616495094319824,87.50481688153172,80
21.616495094319824,87.51380003437293,10
21.616495094319824,87.52278318721409,80
21.616495094319824,87.5317663400553,80
21.616495094319824,87.54074949289651,80
21.616495094319824,87.54973264573772,80
21.616495094319824,87.55871579857887,80
21.616495094319824,87.56769895142008,80
21.616495094319824,87.5766821042613,80
21.616495094319824,87.5856652571025,80
21.616495094319824,87.59464840994366,80
21.616495094319824,87.60363156278487,80
21.616495094319824,87.61261471562608,80
21.616495094319824,87.62159786846723,80
21.616495094319824,87.63058102130844,80
21.616495094319824,87.63956417414965,80
21.616495094319824,87.64854732699087,80
21.616495094319824,87.65753047983202,80
21.616495094319824,87.66651363267323,80
21.616495094319824,87.67549678551444,80
21.616495094319824,87.68447993835565,80
21.616495094319824,87.6934630911968,80
21.616495094319824,87.70244624403801,80
21.616495094319824,87.71142939687923,80
21.616495094319824,87.72041254972038,80
21.616495094319824,87.72939570256159,80
21.616495094319824,87.7383788554028,80
21.616495094319824,87.74736200824401,80
21.616495094319824,87.75634516108516,80
21.616495094319824,87.76532831392637,80
21.616495094319824,87.77431146676759,80
21.616495094319824,87.7832946196088,80
21.616495094319824,87.79227777244995,80
21.616495094319824,87.80126092529116,80
21.616495094319824,87.81024407813237,80
21.616495094319824,87.81922723097358,80
21.616495094319824,87.82821038381473,80
21.616495094319824,87.83719353665595,80
21.616495094319824,87.84617668949716,80
21.616495094319824,87.85515984233831,80
21.616495094319824,87.86414299517952,80
21.616495094319824,87.87312614802073,80
21.616495094319824,87.88210930086194,80
21.616495094319824,87.8910924537031,80
21.616495094319824,87.9000756065443,80
21.616495094319824,87.90905875938552,80
21.616495094319824,87.91804191222673,80
21.616495094319824,87.92702506506788,80
21.616495094319824,87.93600821790909,80
21.616495094319824,87.9449913707503,80
21.616495094319824,87.95397452359146,80
21.616495094319824,87.96295767643267,80
21.616495094319824,87.97194082927388,80
21.616495094319824,87.98092398211509,80
21.616495094319824,87.98990713495624,80
21.616495094319824,87.99889028779745,80
21.616495094319824,88.00787344063866,80
21.616495094319824,88.01685659347987,80
21.616495094319824,88.02583974632103,80
21.616495094319824,88.03482289916224,80
21.616495094319824,88.04380605200345,80
21.616495094319824,88.05278920484466,80
21.616495094319824,88.06177235768581,80
21.616495094319824,88.07075551052702,80
21.616495094319824,88.07973866336823,80
21.616495094319824,88.08872181620939,80
21.616495094319824,88.0977049690506,80
21.616495094319824,88.1066881218918,80
21.616495094319824,88.11567127473302,80
21.616495094319824,88.12465442757417,80
21.616495094319824,88.13363758041538,80
21.616495094319824,88.14262073325659,80
21.616495094319824,88.1516038860978,80
21.616495094319824,88.16058703893896,80
21.616495094319824,88.16957019178017,80
21.616495094319824,88.17855334462138,80
21.616495094319824,88.18753649746253,80
21.616495094319824,88.19651965030374,80
21.616495094319824,88.20550280314495,40
21.616495094319824,88.21448595598616,80
21.616495094319824,88.22346910882732,10
21.616495094319824,88.23245226166853,40
21.616495094319824,88.24143541450974,40
21.616495094319824,88.25041856735095,40
21.616495094319824,88.2594017201921,40
21.616495094319824,88.26838487303331,10
21.616495094319824,88.27736802587452,40
21.616495094319824,88.28635117871568,40
21.616495094319824,88.29533433155689,80
21.607511941478634,87.50481688153172,80
21.607511941478634,87.51380003437293,80
21.607511941478634,87.52278318721409,80
21.607511941478634,87.5317663400553,80
21.607511941478634,87.54074949289651,80
21.607511941478634,87.54973264573772,80
21.607511941478634,87.55871579857887,80
21.607511941478634,87.56769895142008,80
21.607511941478634,87.5766821042613,80
21.607511941478634,87.5856652571025,80
21.607511941478634,87.59464840994366,80
21.607511941478634,87.60363156278487,80
21.607511941478634,87.61261471562608,80
21.607511941478634,87.62159786846723,80
21.607511941478634,87.63058102130844,80
21.607511941478634,87.63956417414965,80
21.607511941478634,87.64854732699087,80
21.607511941478634,87.65753047983202,80
21.607511941478634,87.66651363267323,80
21.607511941478634,87.67549678551444,80
21.607511941478634,87.68447993835565,80
21.607511941478634,87.6934630911968,80
21.607511941478634,87.70244624403801,80
21.607511941478634,87.71142939687923,80
21.607511941478634,87.72041254972038,80
21.607511941478634,87.72939570256159,80
21.607511941478634,87.7383788554028,80
21.607511941478634,87.74736200824401,80
21.607511941478634,87.75634516108516,80
21.607511941478634,87.76532831392637,80
21.607511941478634,87.77431146676759,80
21.607511941478634,87.7832946196088,80
21.607511941478634,87.79227777244995,80
21.607511941478634,87.80126092529116,80
21.607511941478634,87.81024407813237,80
21.607511941478634,87.81922723097358,80
21.607511941478634,87.82821038381473,80
21.607511941478634,87.83719353665595,80
21.607511941478634,87.84617668949716,80
21.607511941478634,87.85515984233831,80
21.607511941478634,87.86414299517952,80
21.607511941478634,87.87312614802073,80
21.607511941478634,87.88210930086194,80
21.607511941478634,87.8910924537031,80
21.607511941478634,87.9000756065443,80
21.607511941478634,87.90905875938552,80
21.607511941478634,87.91804191222673,80
21.607511941478634,87.92702506506788,80
21.607511941478634,87.93600821790909,80
21.607511941478634,87.9449913707503,80
21.607511941478634,87.95397452359146,80
21.607511941478634,87.96295767643267,80
21.607511941478634,87.97194082927388,80
21.607511941478634,87.98092398211509,80
21.607511941478634,87.98990713495624,80
21.607511941478634,87.99889028779745,80
21.607511941478634,88.00787344063866,80
21.607511941478634,88.01685659347987,80
21.607511941478634,88.02583974632103,80
21.607511941478634,88.03482289916224,80
21.607511941478634,88.04380605200345,80
21.607511941478634,88.05278920484466,80
21.607511941478634,88.06177235768581,80
21.607511941478634,88.07075551052702,80
21.607511941478634,88.07973866336823,80
21.607511941478634,88.08872181620939,80
21.607511941478634,88.0977049690506,80
21.607511941478634,88.1066881218918,80
21.607511941478634,88.11567127473302,80
21.607511941478634,88.12465442757417,80
21.607511941478634,88.13363758041538,80
21.607511941478634,88.14262073325659,80
21.607511941478634,88.1516038860978,80
21.607511941478634,88.16058703893896,80
21.607511941478634,88.16957019178017,80
21.607511941478634,88.17855334462138,80
21.607511941478634,88.18753649746253,80
21.607511941478634,88.19651965030374,80
21.607511941478634,88.20550280314495,80
21.607511941478634,88.21448595598616,80
21.607511941478634,88.22346910882732,80
21.607511941478634,88.23245226166853,60
21.607511941478634,88.24143541450974,40
21.607511941478634,88.25041856735095,95
21.607511941478634,88.2594017201921,40
21.607511941478634,88.26838487303331,40
21.607511941478634,88.27736802587452,40
21.607511941478634,88.28635117871568,95
21.607511941478634,88.29533433155689,80
21.598528788637438,87.50481688153172,80
21.598528788637438,87.51380003437293,80
21.598528788637438,87.52278318721409,80
21.598528788637438,87.5317663400553,80
21.598528788637438,87.54074949289651,80
21.598528788637438,87.54973264573772,80
21.598528788637438,87.55871579857887,80
21.598528788637438,87.56769895142008,80
21.598528788637438,87.5766821042613,80
21.598528788637438,87.5856652571025,80
21.598528788637438,87.59464840994366,80
21.598528788637438,87.60363156278487,80
21.598528788637438,87.61261471562608,80
21.598528788637438,87.62159786846723,80
21.598528788637438,87.63058102130844,80
21.598528788637438,87.63956417414965,80
21.598528788637438,87.64854732699087,80
21.598528788637438,87.65753047983202,80
21.598528788637438,87.66651363267323,80
21.598528788637438,87.67549678551444,80
21.598528788637438,87.68447993835565,80
21.598528788637438,87.6934630911968,80
21.598528788637438,87.70244624403801,80
21.598528788637438,87.71142939687923,80
21.598528788637438,87.72041254972038,80
21.598528788637438,87.72939570256159,80
21.598528788637438,87.7383788554028,80
21.598528788637438,87.74736200824401,80
21.598528788637438,87.75634516108516,80
21.598528788637438,87.76532831392637,80
21.598528788637438,87.77431146676759,80
21.598528788637438,87.7832946196088,80
21.598528788637438,87.79227777244995,80
21.598528788637438,87.80126092529116,80
21.598528788637438,87.81024407813237,80
21.598528788637438,87.81922723097358,80
21.598528788637438,87.82821038381473,80
21.598528788637438,87.83719353665595,80
21.598528788637438,87.84617668949716,80
21.598528788637438,87.85515984233831,80
21.598528788637438,87.86414299517952,80
21.598528788637438,87.87312614802073,80
21.598528788637438,87.88210930086194,80
21.598528788637438,87.8910924537031,80
21.598528788637438,87.9000756065443,80
21.598528788637438,87.90905875938552,80
21.598528788637438,87.91804191222673,80
21.598528788637438,87.92702506506788,80
21.598528788637438,87.93600821790909,80
21.598528788637438,87.9449913707503,80
21.598528788637438,87.95397452359146,80
21.598528788637438,87.96295767643267,80
21.598528788637438,87.97194082927388,80
21.598528788637438,87.98092398211509,80
21.598528788637438,87.98990713495624,80
21.598528788637438,87.99889028779745,80
21.598528788637438,88.00787344063866,80
21.598528788637438,88.01685659347987,80
21.598528788637438,88.02583974632103,80
21.598528788637438,88.03482289916224,80
21.598528788637438,88.04380605200345,80
21.598528788637438,88.05278920484466,80
21.598528788637438,88.06177235768581,80
21.598528788637438,88.07075551052702,80
21.598528788637438,88.07973866336823,80
21.598528788637438,88.08872181620939,80
21.598528788637438,88.0977049690506,80
21.598528788637438,88.1066881218918,80
21.598528788637438,88.11567127473302,80
21.598528788637438,88.12465442757417,80
21.598528788637438,88.13363758041538,80
21.598528788637438,88.14262073325659,80
21.598528788637438,88.1516038860978,80
21.598528788637438,88.16058703893896,80
21.598528788637438,88.16957019178017,80
21.598528788637438,88.17855334462138,80
21.598528788637438,88.18753649746253,80
21.598528788637438,88.19651965030374,80
21.598528788637438,88.20550280314495,80
21.598528788637438,88.21448595598616,80
21.598528788637438,88.22346910882732,80
21.598528788637438,88.23245226166853,80
21.598528788637438,88.24143541450974,80
21.598528788637438,88.25041856735095,95
21.598528788637438,88.2594017201921,40
21.598528788637438,88.26838487303331,40
21.598528788637438,88.27736802587452,40
21.598528788637438,88.28635117871568,60
21.598528788637438,88.29533433155689,80
21.58954563579624,87.50481688153172,80
21.58954563579624,87.51380003437293,80
21.58954563579624,87.52278318721409,80
21.58954563579624,87.5317663400553,80
21.58954563579624,87.54074949289651,80
21.58954563579624,87.54973264573772,80
21.58954563579624,87.55871579857887,80
21.58954563579624,87.56769895142008,80
21.58954563579624,87.5766821042613,80
21.58954563579624,87.5856652571025,80
21.58954563579624,87.59464840994366,80
21.58954563579624,87.60363156278487,80
21.58954563579624,87.61261471562608,80
21.58954563579624,87.62159786846723,80
21.58954563579624,87.63058102130844,80
21.58954563579624,87.63956417414965,80
21.58954563579624,87.64854732699087,80
21.58954563579624,87.65753047983202,80
21.58954563579624,87.66651363267323,80
21.58954563579624,87.67549678551444,80
21.58954563579624,87.68447993835565,80
21.58954563579624,87.6934630911968,80
21.58954563579624,87.70244624403801,80
21.58954563579624,87.71142939687923,80
21.58954563579624,87.72041254972038,80
21.58954563579624,87.72939570256159,80
21.58954563579624,87.7383788554028,80
21.58954563579624,87.74736200824401,80
21.58954563579624,87.75634516108516,80
21.58954563579624,87.76532831392637,80
21.58954563579624,87.77431146676759,80
21.58954563579624,87.7832946196088,80
21.58954563579624,87.79227777244995,80
21.58954563579624,87.80126092529116,80
21.58954563579624,87.81024407813237,80
21.58954563579624,87.81922723097358,80
21.58954563579624,87.82821038381473,80
21.58954563579624,87.83719353665595,80
21.58954563579624,87.84617668949716,80
21.58954563579624,87.85515984233831,80
21.58954563579624,87.86414299517952,80
21.58954563579624,87.87312614802073,80
21.58954563579624,87.88210930086194,80
21.58954563579624,87.8910924537031,80
21.58954563579624,87.9000756065443,80
21.58954563579624,87.90905875938552,80
21.58954563579624,87.91804191222673,80
21.58954563579624,87.92702506506788,80
21.58954563579624,87.93600821790909,80
21.58954563579624,87.9449913707503,80
21.58954563579624,87.95397452359146,80
21.58954563579624,87.96295767643267,80
21.58954563579624,87.97194082927388,80
21.58954563579624,87.98092398211509,80
21.58954563579624,87.98990713495624,80
21.58954563579624,87.99889028779745,80
21.58954563579624,88.00787344063866,80
21.58954563579624,88.01685659347987,80
21.58954563579624,88.02583974632103,80
21.58954563579624,88.03482289916224,80
21.58954563579624,88.04380605200345,80
21.58954563579624,88.05278920484466,80
21.58954563579624,88.06177235768581,80
21.58954563579624,88.07075551052702,80
21.58954563579624,88.07973866336823,80
21.58954563579624,88.08872181620939,80
21.58954563579624,88.0977049690506,80
21.58954563579624,88.1066881218918,80
21.58954563579624,88.11567127473302,80
21.58954563579624,88.12465442757417,80
21.58954563579624,88.13363758041538,80
21.58954563579624,88.14262073325659,80
21.58954563579624,88.1516038860978,80
21.58954563579624,88.16058703893896,80
21.58954563579624,88.16957019178017,80
21.58954563579624,88.17855334462138,95
21.58954563579624,88.18753649746253,80
21.58954563579624,88.19651965030374,80
21.58954563579624,88.20550280314495,80
21.58954563579624,88.21448595598616,80
21.58954563579624,88.22346910882732,80
21.58954563579624,88.23245226166853,80
21.58954563579624,88.24143541450974,80
21.58954563579624,88.25041856735095,80
21.58954563579624,88.2594017201921,95
21.58954563579624,88.26838487303331,40
21.58954563579624,88.27736802587452,40
21.58954563579624,88.28635117871568,40
21.58954563579624,88.29533433155689,80
21.580562482955045,87.50481688153172,80
21.580562482955045,87.51380003437293,80
21.580562482955045,87.52278318721409,80
21.580562482955045,87.5317663400553,80
21.580562482955045,87.54074949289651,80
21.580562482955045,87.54973264573772,80
21.580562482955045,87.55871579857887,80
21.580562482955045,87.56769895142008,80
21.580562482955045,87.5766821042613,80
21.580562482955045,87.5856652571025,80
21.580562482955045,87.59464840994366,80
21.580562482955045,87.60363156278487,80
21.580562482955045,87.61261471562608,80
21.580562482955045,87.62159786846723,80
21.580562482955045,87.63058102130844,80
21.580562482955045,87.63956417414965,80
21.580562482955045,87.64854732699087,80
21.580562482955045,87.65753047983202,80
21.580562482955045,87.66651363267323,80
21.580562482955045,87.67549678551444,80
21.580562482955045,87.68447993835565,80
21.580562482955045,87.6934630911968,80
21.580562482955045,87.70244624403801,80
21.580562482955045,87.71142939687923,80
21.580562482955045,87.72041254972038,80
21.580562482955045,87.72939570256159,80
21.580562482955045,87.7383788554028,80
21.580562482955045,87.74736200824401,80
21.580562482955045,87.75634516108516,80
21.580562482955045,87.76532831392637,80
21.580562482955045,87.77431146676759,80
21.580562482955045,87.7832946196088,80
21.580562482955045,87.79227777244995,80
21.580562482955045,87.80126092529116,80
21.580562482955045,87.81024407813237,80
21.580562482955045,87.81922723097358,80
21.580562482955045,87.82821038381473,80
21.580562482955045,87.83719353665595,80
21.580562482955045,87.84617668949716,80
21.580562482955045,87.85515984233831,80
21.580562482955045,87.86414299517952,80
21.580562482955045,87.87312614802073,80
21.580562482955045,87.88210930086194,80
21.580562482955045,87.8910924537031,80
21.580562482955045,87.9000756065443,80
21.580562482955045,87.90905875938552,80
21.580562482955045,87.91804191222673,80
21.580562482955045,87.92702506506788,80
21.580562482955045,87.93600821790909,80
21.580562482955045,87.9449913707503,80
21.580562482955045,87.95397452359146,80
21.580562482955045,87.96295767643267,80
21.580562482955045,87.97194082927388,80
21.580562482955045,87.98092398211509,80
21.580562482955045,87.98990713495624,80
21.580562482955045,87.99889028779745,80
21.580562482955045,88.00787344063866,80
21.580562482955045,88.01685659347987,80
21.580562482955045,88.02583974632103,80
21.580562482955045,88.03482289916224,80
21.580562482955045,88.04380605200345,80
21.580562482955045,88.05278920484466,80
21.580562482955045,88.06177235768581,80
21.580562482955045,88.07075551052702,80
21.580562482955045,88.07973866336823,80
21.580562482955045,88.08872181620939,80
21.580562482955045,88.0977049690506,80
21.580562482955045,88.1066881218918,80
21.580562482955045,88.11567127473302,80
21.580562482955045,88.12465442757417,80
21.580562482955045,88.13363758041538,80
21.580562482955045,88.14262073325659,80
21.580562482955045,88.1516038860978,80
21.580562482955045,88.16058703893896,80
21.580562482955045,88.16957019178017,80
21.580562482955045,88.17855334462138,95
21.580562482955045,88.18753649746253,95
21.580562482955045,88.19651965030374,80
21.580562482955045,88.20550280314495,80
21.580562482955045,88.21448595598616,80
21.580562482955045,88.22346910882732,80
21.580562482955045,88.23245226166853,80
21.580562482955045,88.24143541450974,80
21.580562482955045,88.25041856735095,95
21.580562482955045,88.2594017201921,10
21.580562482955045,88.26838487303331,40
21.580562482955045,88.27736802587452,40
21.580562482955045,88.28635117871568,40
21.580562482955045,88.29533433155689,95
21.57157933011385,87.50481688153172,80
21.57157933011385,87.51380003437293,80
21.57157933011385,87.52278318721409,80
21.57157933011385,87.5317663400553,80
21.57157933011385,87.54074949289651,80
21.57157933011385,87.54973264573772,80
21.57157933011385,87.55871579857887,80
21.57157933011385,87.56769895142008,80
21.57157933011385,87.5766821042613,80
21.57157933011385,87.5856652571025,80
21.57157933011385,87.59464840994366,80
21.57157933011385,87.60363156278487,80
21.57157933011385,87.61261471562608,80
21.57157933011385,87.62159786846723,80
21.57157933011385,87.63058102130844,80
21.57157933011385,87.63956417414965,80
21.57157933011385,87.64854732699087,80
21.57157933011385,87.65753047983202,80
21.57157933011385,87.66651363267323,80
21.57157933011385,87.67549678551444,80
21.57157933011385,87.68447993835565,80
21.57157933011385,87.6934630911968,80
21.57157933011385,87.70244624403801,80
21.57157933011385,87.71142939687923,80
21.57157933011385,87.72041254972038,80
21.57157933011385,87.72939570256159,80
21.57157933011385,87.7383788554028,80
21.57157933011385,87.74736200824401,80
21.57157933011385,87.75634516108516,80
21.57157933011385,87.76532831392637,80
21.57157933011385,87.77431146676759,80
21.57157933011385,87.7832946196088,80
21.57157933011385,87.79227777244995,80
21.57157933011385,87.80126092529116,80
21.57157933011385,87.81024407813237,80
21.57157933011385,87.81922723097358,80
21.57157933011385,87.82821038381473,80
21.57157933011385,87.83719353665595,80
21.57157933011385,87.84617668949716,80
21.57157933011385,87.85515984233831,80
21.57157933011385,87.86414299517952,80
21.57157933011385,87.87312614802073,80
21.57157933011385,87.88210930086194,80
21.57157933011385,87.8910924537031,80
21.57157933011385,87.9000756065443,80
21.57157933011385,87.90905875938552,80
21.57157933011385,87.91804191222673,80
21.57157933011385,87.92702506506788,80
21.57157933011385,87.93600821790909,80
21.57157933011385,87.9449913707503,80
21.57157933011385,87.95397452359146,80
21.57157933011385,87.96295767643267,80
21.57157933011385,87.97194082927388,80
21.57157933011385,87.98092398211509,80
21.57157933011385,87.98990713495624,80
21.57157933011385,87.99889028779745,80
21.57157933011385,88.00787344063866,80
21.57157933011385,88.01685659347987,80
21.57157933011385,88.02583974632103,80
21.57157933011385,88.03482289916224,80
21.57157933011385,88.04380605200345,80
21.57157933011385,88.05278920484466,80
21.57157933011385,88.06177235768581,80
21.57157933011385,88.07075551052702,80
21.57157933011385,88.07973866336823,80
21.57157933011385,88.08872181620939,80
21.57157933011385,88.0977049690506,80
21.57157933011385,88.1066881218918,80
21.57157933011385,88.11567127473302,80
21.57157933011385,88.12465442757417,80
21.57157933011385,88.13363758041538,80
21.57157933011385,88.14262073325659,80
21.57157933011385,88.1516038860978,80
21.57157933011385,88.16058703893896,80
21.57157933011385,88.16957019178017,80
21.57157933011385,88.17855334462138,80
21.57157933011385,88.18753649746253,80
21.57157933011385,88.19651965030374,80
21.57157933011385,88.20550280314495,80
21.57157933011385,88.21448595598616,80
21.57157933011385,88.22346910882732,80
21.57157933011385,88.23245226166853,80
21.57157933011385,88.24143541450974,80
21.57157933011385,88.25041856735095,40
21.57157933011385,88.2594017201921,40
21.57157933011385,88.26838487303331,40
21.57157933011385,88.27736802587452,80
21.57157933011385,88.28635117871568,80
21.57157933011385,88.29533433155689,95
21.562596177272653,87.50481688153172,80
21.562596177272653,87.51380003437293,80
21.562596177272653,87.52278318721409,80
21.562596177272653,87.5317663400553,80
21.562596177272653,87.54074949289651,80
21.562596177272653,87.54973264573772,80
21.562596177272653,87.55871579857887,80
21.562596177272653,87.56769895142008,80
21.562596177272653,87.5766821042613,80
21.562596177272653,87.5856652571025,80
21.562596177272653,87.59464840994366,80
21.562596177272653,87.60363156278487,80
21.562596177272653,87.61261471562608,80
21.562596177272653,87.62159786846723,80
21.562596177272653,87.63058102130844,80
21.562596177272653,87.63956417414965,80
21.562596177272653,87.64854732699087,80
21.562596177272653,87.65753047983202,80
21.562596177272653,87.66651363267323,80
21.562596177272653,87.67549678551444,80
21.562596177272653,87.68447993835565,80
21.562596177272653,87.6934630911968,80
21.562596177272653,87.70244624403801,80
21.562596177272653,87.71142939687923,80
21.562596177272653,87.72041254972038,80
21.562596177272653,87.72939570256159,80
21.562596177272653,87.7383788554028,80
21.562596177272653,87.74736200824401,80
21.562596177272653,87.75634516108516,80
21.562596177272653,87.76532831392637,80
21.562596177272653,87.77431146676759,80
21.562596177272653,87.7832946196088,80
21.562596177272653,87.79227777244995,80
21.562596177272653,87.80126092529116,80
21.562596177272653,87.81024407813237,80
21.562596177272653,87.81922723097358,80
21.562596177272653,87.82821038381473,80
21.562596177272653,87.83719353665595,80
21.562596177272653,87.84617668949716,80
21.562596177272653,87.85515984233831,80
21.562596177272653,87.86414299517952,80
21.562596177272653,87.87312614802073,80
21.562596177272653,87.88210930086194,80
21.562596177272653,87.8910924537031,80
21.562596177272653,87.9000756065443,80
21.562596177272653,87.90905875938552,80
21.562596177272653,87.91804191222673,80
21.562596177272653,87.92702506506788,80
21.562596177272653,87.93600821790909,80
21.562596177272653,87.9449913707503,80
21.562596177272653,87.95397452359146,80
21.562596177272653,87.96295767643267,80
21.562596177272653,87.97194082927388,80
21.562596177272653,87.98092398211509,80
21.562596177272653,87.98990713495624,80
21.562596177272653,87.99889028779745,80
21.562596177272653,88.00787344063866,80
21.562596177272653,88.01685659347987,80
21.562596177272653,88.02583974632103,80
21.562596177272653,88.03482289916224,80
21.562596177272653,88.04380605200345,80
21.562596177272653,88.05278920484466,80
21.562596177272653,88.06177235768581,80
21.562596177272653,88.07075551052702,80
21.562596177272653,88.07973866336823,80
21.562596177272653,88.08872181620939,80
21.562596177272653,88.0977049690506,80
21.562596177272653,88.1066881218918,80
21.562596177272653,88.11567127473302,80
21.562596177272653,88.12465442757417,80
21.562596177272653,88.13363758041538,80
21.562596177272653,88.14262073325659,80
21.562596177272653,88.1516038860978,80
21.562596177272653,88.16058703893896,80
21.562596177272653,88.16957019178017,80
21.562596177272653,88.17855334462138,80
21.562596177272653,88.18753649746253,80
21.562596177272653,88.19651965030374,80
21.562596177272653,88.20550280314495,80
21.562596177272653,88.21448595598616,80
21.562596177272653,88.22346910882732,80
21.562596177272653,88.23245226166853,80
21.562596177272653,88.24143541450974,80
21.562596177272653,88.25041856735095,80
21.562596177272653,88.2594017201921,80
21.562596177272653,88.26838487303331,10
21.562596177272653,88.27736802587452,80
21.562596177272653,88.28635117871568,95
21.562596177272653,88.29533433155689,80
21.553613024431463,87.50481688153172,80
21.553613024431463,87.51380003437293,80
21.553613024431463,87.52278318721409,80
21.553613024431463,87.5317663400553,80
21.553613024431463,87.54074949289651,80
21.553613024431463,87.54973264573772,80
21.553613024431463,87.55871579857887,80
21.553613024431463,87.56769895142008,80
21.553613024431463,87.5766821042613,80
21.553613024431463,87.5856652571025,80
21.553613024431463,87.59464840994366,80
21.553613024431463,87.60363156278487,80
21.553613024431463,87.61261471562608,80
21.553613024431463,87.62159786846723,80
21.553613024431463,87.63058102130844,80
21.553613024431463,87.63956417414965,80
21.553613024431463,87.64854732699087,80
21.553613024431463,87.65753047983202,80
21.553613024431463,87.66651363267323,80
21.553613024431463,87.67549678551444,80
21.553613024431463,87.68447993835565,80
21.553613024431463,87.6934630911968,80
21.553613024431463,87.70244624403801,80
21.553613024431463,87.71142939687923,80
21.553613024431463,87.72041254972038,80
21.553613024431463,87.72939570256159,80
21.553613024431463,87.7383788554028,80
21.553613024431463,87.74736200824401,80
21.553613024431463,87.75634516108516,80
21.553613024431463,87.76532831392637,80
21.553613024431463,87.77431146676759,80
21.553613024431463,87.7832946196088,80
21.553613024431463,87.79227777244995,80
21.553613024431463,87.80126092529116,80
21.553613024431463,87.81024407813237,80
21.553613024431463,87.81922723097358,80
21.553613024431463,87.82821038381473,80
21.553613024431463,87.83719353665595,80
21.553613024431463,87.84617668949716,80
21.553613024431463,87.85515984233831,80
21.553613024431463,87.86414299517952,80
21.553613024431463,87.87312614802073,80
21.553613024431463,87.88210930086194,80
21.553613024431463,87.8910924537031,80
21.553613024431463,87.9000756065443,80
21.553613024431463,87.90905875938552,80
21.553613024431463,87.91804191222673,80
21.553613024431463,87.92702506506788,80
21.553613024431463,87.93600821790909,80
21.553613024431463,87.9449913707503,80
21.553613024431463,87.95397452359146,80
21.553613024431463,87.96295767643267,80
21.553613024431463,87.97194082927388,80
21.553613024431463,87.98092398211509,80
21.553613024431463,87.98990713495624,80
21.553613024431463,87.99889028779745,80
21.553613024431463,88.00787344063866,80
21.553613024431463,88.01685659347987,80
21.553613024431463,88.02583974632103,80
21.553613024431463,88.03482289916224,80
21.553613024431463,88.04380605200345,80
21.553613024431463,88.05278920484466,80
21.553613024431463,88.06177235768581,80
21.553613024431463,88.07075551052702,80
21.553613024431463,88.07973866336823,80
21.553613024431463,88.08872181620939,80
21.553613024431463,88.0977049690506,80
21.553613024431463,88.1066881218918,80
21.553613024431463,88.11567127473302,80
21.553613024431463,88.12465442757417,80
21.553613024431463,88.13363758041538,80
21.553613024431463,88.14262073325659,80
21.553613024431463,88.1516038860978,80
21.553613024431463,88.16058703893896,80
21.553613024431463,88.16957019178017,80
21.553613024431463,88.17855334462138,80
21.553613024431463,88.18753649746253,80
21.553613024431463,88.19651965030374,80
21.553613024431463,88.20550280314495,80
21.553613024431463,88.21448595598616,80
21.553613024431463,88.22346910882732,80
21.553613024431463,88.23245226166853,80
21.553613024431463,88.24143541450974,80
21.553613024431463,88.25041856735095,80
21.553613024431463,88.2594017201921,80
21.553613024431463,88.26838487303331,80
21.553613024431463,88.27736802587452,80
21.553613024431463,88.28635117871568,80
21.553613024431463,88.29533433155689,80
21.544629871590267,87.50481688153172,80
21.544629871590267,87.51380003437293,80
21.544629871590267,87.52278318721409,80
21.544629871590267,87.5317663400553,80
21.544629871590267,87.54074949289651,80
21.544629871590267,87.54973264573772,80
21.544629871590267,87.55871579857887,80
21.544629871590267,87.56769895142008,80
21.544629871590267,87.5766821042613,80
21.544629871590267,87.5856652571025,80
21.544629871590267,87.59464840994366,80
21.544629871590267,87.60363156278487,80
21.544629871590267,87.61261471562608,80
21.544629871590267,87.62159786846723,80
21.544629871590267,87.63058102130844,80
21.544629871590267,87.63956417414965,80
21.544629871590267,87.64854732699087,80
21.544629871590267,87.65753047983202,80
21.544629871590267,87.66651363267323,80
21.544629871590267,87.67549678551444,80
21.544629871590267,87.68447993835565,80
21.544629871590267,87.6934630911968,80
21.544629871590267,87.70244624403801,80
21.544629871590267,87.71142939687923,80
21.544629871590267,87.72041254972038,80
21.544629871590267,87.72939570256159,80
21.544629871590267,87.7383788554028,80
21.544629871590267,87.74736200824401,80
21.544629871590267,87.75634516108516,80
21.544629871590267,87.76532831392637,80
21.544629871590267,87.77431146676759,80
21.544629871590267,87.7832946196088,80
21.544629871590267,87.79227777244995,80
21.544629871590267,87.80126092529116,80
21.544629871590267,87.81024407813237,80
21.544629871590267,87.81922723097358,80
21.544629871590267,87.82821038381473,80
21.544629871590267,87.83719353665595,80
21.544629871590267,87.84617668949716,80
21.544629871590267,87.85515984233831,80
21.544629871590267,87.86414299517952,80
21.544629871590267,87.87312614802073,80
21.544629871590267,87.88210930086194,80
21.544629871590267,87.8910924537031,80
21.544629871590267,87.9000756065443,80
21.544629871590267,87.90905875938552,80
21.544629871590267,87.91804191222673,80
21.544629871590267,87.92702506506788,80
21.544629871590267,87.93600821790909,80
21.544629871590267,87.9449913707503,80
21.544629871590267,87.95397452359146,80
21.544629871590267,87.96295767643267,80
21.544629871590267,87.97194082927388,80
21.544629871590267,87.98092398211509,80
21.544629871590267,87.98990713495624,80
21.544629871590267,87.99889028779745,80
21.544629871590267,88.00787344063866,80
21.544629871590267,88.01685659347987,80
21.544629871590267,88.02583974632103,80
21.544629871590267,88.03482289916224,80
21.544629871590267,88.04380605200345,80
21.544629871590267,88.05278920484466,80
21.544629871590267,88.06177235768581,80
21.544629871590267,88.07075551052702,80
21.544629871590267,88.07973866336823,80
21.544629871590267,88.08872181620939,80
21.544629871590267,88.0977049690506,80
21.544629871590267,88.1066881218918,80
21.544629871590267,88.11567127473302,80
21.544629871590267,88.12465442757417,80
21.544629871590267,88.13363758041538,80
21.544629871590267,88.14262073325659,80
21.544629871590267,88.1516038860978,80
21.544629871590267,88.16058703893896,80
21.544629871590267,88.16957019178017,80
21.544629871590267,88.17855334462138,80
21.544629871590267,88.18753649746253,80
21.544629871590267,88.19651965030374,80
21.544629871590267,88.20550280314495,80
21.544629871590267,88.21448595598616,80
21.544629871590267,88.22346910882732,80
21.544629871590267,88.23245226166853,80
21.544629871590267,88.24143541450974,80
21.544629871590267,88.25041856735095,80
21.544629871590267,88.2594017201921,80
21.544629871590267,88.26838487303331,80
21.544629871590267,88.27736802587452,80
21.544629871590267,88.28635117871568,80
21.544629871590267,88.29533433155689,80
21.53564671874907,87.50481688153172,80
21.53564671874907,87.51380003437293,80
21.53564671874907,87.52278318721409,80
21.53564671874907,87.5317663400553,80
21.53564671874907,87.54074949289651,80
21.53564671874907,87.54973264573772,80
21.53564671874907,87.55871579857887,80
21.53564671874907,87.56769895142008,80
21.53564671874907,87.5766821042613,80
21.53564671874907,87.5856652571025,80
21.53564671874907,87.59464840994366,80
21.53564671874907,87.60363156278487,80
21.53564671874907,87.61261471562608,80
21.53564671874907,87.62159786846723,80
21.53564671874907,87.63058102130844,80
21.53564671874907,87.63956417414965,80
21.53564671874907,87.64854732699087,80
21.53564671874907,87.65753047983202,80
21.53564671874907,87.66651363267323,80
21.53564671874907,87.67549678551444,80
21.53564671874907,87.68447993835565,80
21.53564671874907,87.6934630911968,80
21.53564671874907,87.70244624403801,80
21.53564671874907,87.71142939687923,80
21.53564671874907,87.72041254972038,80
21.53564671874907,87.72939570256159,80
21.53564671874907,87.7383788554028,80
21.53564671874907,87.74736200824401,80
21.53564671874907,87.75634516108516,80
21.53564671874907,87.76532831392637,80
21.53564671874907,87.77431146676759,80
21.53564671874907,87.7832946196088,80
21.53564671874907,87.79227777244995,80
21.53564671874907,87.80126092529116,80
21.53564671874907,87.81024407813237,80
21.53564671874907,87.81922723097358,80
21.53564671874907,87.82821038381473,80
21.53564671874907,87.83719353665595,80
21.53564671874907,87.84617668949716,80
21.53564671874907,87.85515984233831,80
21.53564671874907,87.86414299517952,80
21.53564671874907,87.87312614802073,80
21.53564671874907,87.88210930086194,80
21.53564671874907,87.8910924537031,80
21.53564671874907,87.9000756065443,80
21.53564671874907,87.90905875938552,80
21.53564671874907,87.91804191222673,80
21.53564671874907,87.92702506506788,80
21.53564671874907,87.93600821790909,80
21.53564671874907,87.9449913707503,80
21.53564671874907,87.95397452359146,80
21.53564671874907,87.96295767643267,80
21.53564671874907,87.97194082927388,80
21.53564671874907,87.98092398211509,80
21.53564671874907,87.98990713495624,80
21.53564671874907,87.99889028779745,80
21.53564671874907,88.00787344063866,80
21.53564671874907,88.01685659347987,80
21.53564671874907,88.02583974632103,80
21.53564671874907,88.03482289916224,80
21.53564671874907,88.04380605200345,80
21.53564671874907,88.05278920484466,80
21.53564671874907,88.06177235768581,80
21.53564671874907,88.07075551052702,80
21.53564671874907,88.07973866336823,80
21.53564671874907,88.08872181620939,80
21.53564671874907,88.0977049690506,80
21.53564671874907,88.1066881218918,80
21.53564671874907,88.11567127473302,80
21.53564671874907,88.12465442757417,80
21.53564671874907,88.13363758041538,80
21.53564671874907,88.14262073325659,80
21.53564671874907,88.1516038860978,80
21.53564671874907,88.16058703893896,80
21.53564671874907,88.16957019178017,80
21.53564671874907,88.17855334462138,80
21.53564671874907,88.18753649746253,80
21.53564671874907,88.19651965030374,80
21.53564671874907,88.20550280314495,80
21.53564671874907,88.21448595598616,80
21.53564671874907,88.22346910882732,80
21.53564671874907,88.23245226166853,80
21.53564671874907,88.24143541450974,80
21.53564671874907,88.25041856735095,80
21.53564671874907,88.2594017201921,80
21.53564671874907,88.26838487303331,80
21.53564671874907,88.27736802587452,80
21.53564671874907,88.28635117871568,80
21.53564671874907,88.29533433155689,80
21.526663565907874,87.50481688153172,80
21.526663565907874,87.51380003437293,80
21.526663565907874,87.52278318721409,80
21.526663565907874,87.5317663400553,80
21.526663565907874,87.54074949289651,80
21.526663565907874,87.54973264573772,80
21.526663565907874,87.55871579857887,80
21.526663565907874,87.56769895142008,80
21.526663565907874,87.5766821042613,80
21.526663565907874,87.5856652571025,80
21.526663565907874,87.59464840994366,80
21.526663565907874,87.60363156278487,80
21.526663565907874,87.61261471562608,80
21.526663565907874,87.62159786846723,80
21.526663565907874,87.63058102130844,80
21.526663565907874,87.63956417414965,80
21.526663565907874,87.64854732699087,80
21.526663565907874,87.65753047983202,80
21.526663565907874,87.66651363267323,80
21.526663565907874,87.67549678551444,80
21.526663565907874,87.68447993835565,80
21.526663565907874,87.6934630911968,80
21.526663565907874,87.70244624403801,80
21.526663565907874,87.71142939687923,80
21.526663565907874,87.72041254972038,80
21.526663565907874,87.72939570256159,80
21.526663565907874,87.7383788554028,80
21.526663565907874,87.74736200824401,80
21.526663565907874,87.75634516108516,80
21.526663565907874,87.76532831392637,80
21.526663565907874,87.77431146676759,80
21.526663565907874,87.7832946196088,80
21.526663565907874,87.79227777244995,80
21.526663565907874,87.80126092529116,80
21.526663565907874,87.81024407813237,80
21.526663565907874,87.81922723097358,80
21.526663565907874,87.82821038381473,80
21.526663565907874,87.83719353665595,80
21.526663565907874,87.84617668949716,80
21.526663565907874,87.85515984233831,80
21.526663565907874,87.86414299517952,80
21.526663565907874,87.87312614802073,80
21.526663565907874,87.88210930086194,80
21.526663565907874,87.8910924537031,80
21.526663565907874,87.9000756065443,80
21.526663565907874,87.90905875938552,80
21.526663565907874,87.91804191222673,80
21.526663565907874,87.92702506506788,80
21.526663565907874,87.93600821790909,80
21.526663565907874,87.9449913707503,80
21.526663565907874,87.95397452359146,80
21.526663565907874,87.96295767643267,80
21.526663565907874,87.97194082927388,80
21.526663565907874,87.98092398211509,80
21.526663565907874,87.98990713495624,80
21.526663565907874,87.99889028779745,80
21.526663565907874,88.00787344063866,80
21.526663565907874,88.01685659347987,80
21.526663565907874,88.02583974632103,80
21.526663565907874,88.03482289916224,80
21.526663565907874,88.04380605200345,80
21.526663565907874,88.05278920484466,80
21.526663565907874,88.06177235768581,80
21.526663565907874,88.07075551052702,80
21.526663565907874,88.07973866336823,80
21.526663565907874,88.08872181620939,80
21.526663565907874,88.0977049690506,80
21.526663565907874,88.1066881218918,80
21.526663565907874,88.11567127473302,80
21.526663565907874,88.12465442757417,80
21.526663565907874,88.13363758041538,80
21.526663565907874,88.14262073325659,80
21.526663565907874,88.1516038860978,80
21.526663565907874,88.16058703893896,80
21.526663565907874,88.16957019178017,80
21.526663565907874,88.17855334462138,80
21.526663565907874,88.18753649746253,80
21.526663565907874,88.19651965030374,80
21.526663565907874,88.20550280314495,80
21.526663565907874,88.21448595598616,80
21.526663565907874,88.22346910882732,80
21.526663565907874,88.23245226166853,80
21.526663565907874,88.24143541450974,80
21.526663565907874,88.25041856735095,80
21.526663565907874,88.2594017201921,80
21.526663565907874,88.26838487303331,80
21.526663565907874,88.27736802587452,80
21.526663565907874,88.28635117871568,80
21.526663565907874,88.29533433155689,80
21.517680413066678,87.50481688153172,80
21.517680413066678,87.51380003437293,80
21.517680413066678,87.52278318721409,80
21.517680413066678,87.5317663400553,80
21.517680413066678,87.54074949289651,80
21.517680413066678,87.54973264573772,80
21.517680413066678,87.55871579857887,80
21.517680413066678,87.56769895142008,80
21.517680413066678,87.5766821042613,80
21.517680413066678,87.5856652571025,80
21.517680413066678,87.59464840994366,80
21.517680413066678,87.60363156278487,80
21.517680413066678,87.61261471562608,80
21.517680413066678,87.62159786846723,80
21.517680413066678,87.63058102130844,80
21.517680413066678,87.63956417414965,80
21.517680413066678,87.64854732699087,80
21.517680413066678,87.65753047983202,80
21.517680413066678,87.66651363267323,80
21.517680413066678,87.67549678551444,80
21.517680413066678,87.68447993835565,80
21.517680413066678,87.6934630911968,80
21.517680413066678,87.70244624403801,80
21.517680413066678,87.71142939687923,80
21.517680413066678,87.72041254972038,80
21.517680413066678,87.72939570256159,80
21.517680413066678,87.7383788554028,80
21.517680413066678,87.74736200824401,80
21.517680413066678,87.75634516108516,80
21.517680413066678,87.76532831392637,80
21.517680413066678,87.77431146676759,80
21.517680413066678,87.7832946196088,80
21.517680413066678,87.79227777244995,80
21.517680413066678,87.80126092529116,80
21.517680413066678,87.81024407813237,80
21.517680413066678,87.81922723097358,80
21.517680413066678,87.82821038381473,80
21.517680413066678,87.83719353665595,80
21.517680413066678,87.84617668949716,80
21.517680413066678,87.85515984233831,80
21.517680413066678,87.86414299517952,80
21.517680413066678,87.87312614802073,80
21.517680413066678,87.88210930086194,80
21.517680413066678,87.8910924537031,80
21.517680413066678,87.9000756065443,80
21.517680413066678,87.90905875938552,80
21.517680413066678,87.91804191222673,80
21.517680413066678,87.92702506506788,80
21.517680413066678,87.93600821790909,80
21.517680413066678,87.9449913707503,80
21.517680413066678,87.95397452359146,80
21.517680413066678,87.96295767643267,80
21.517680413066678,87.97194082927388,80
21.517680413066678,87.98092398211509,80
21.517680413066678,87.98990713495624,80
21.517680413066678,87.99889028779745,80
21.517680413066678,88.00787344063866,80
21.517680413066678,88.01685659347987,80
21.517680413066678,88.02583974632103,80
21.517680413066678,88.03482289916224,80
21.517680413066678,88.04380605200345,80
21.517680413066678,88.05278920484466,80
21.517680413066678,88.06177235768581,80
21.517680413066678,88.07075551052702,80
21.517680413066678,88.07973866336823,80
21.517680413066678,88.08872181620939,80
21.517680413066678,88.0977049690506,80
21.517680413066678,88.1066881218918,80
21.517680413066678,88.11567127473302,80
21.517680413066678,88.12465442757417,80
21.517680413066678,88.13363758041538,80
21.517680413066678,88.14262073325659,80
21.517680413066678,88.1516038860978,80
21.517680413066678,88.16058703893896,80
21.517680413066678,88.16957019178017,80
21.517680413066678,88.17855334462138,80
21.517680413066678,88.18753649746253,80
21.517680413066678,88.19651965030374,80
21.517680413066678,88.20550280314495,80
21.517680413066678,88.21448595598616,80
21.517680413066678,88.22346910882732,80
21.517680413066678,88.23245226166853,80
21.517680413066678,88.24143541450974,80
21.517680413066678,88.25041856735095,80
21.517680413066678,88.2594017201921,80
21.517680413066678,88.26838487303331,80
21.517680413066678,88.27736802587452,80
21.517680413066678,88.28635117871568,80
21.517680413066678,88.29533433155689,80
21.508697260225482,87.50481688153172,80
21.508697260225482,87.51380003437293,80
21.508697260225482,87.52278318721409,80
21.508697260225482,87.5317663400553,80
21.508697260225482,87.54074949289651,80
21.508697260225482,87.54973264573772,80
21.508697260225482,87.55871579857887,80
21.508697260225482,87.56769895142008,80
21.508697260225482,87.5766821042613,80
21.508697260225482,87.5856652571025,80
21.508697260225482,87.59464840994366,80
21.508697260225482,87.60363156278487,80
21.508697260225482,87.61261471562608,80
21.508697260225482,87.62159786846723,80
21.508697260225482,87.63058102130844,80
21.508697260225482,87.63956417414965,80
21.508697260225482,87.64854732699087,80
21.508697260225482,87.65753047983202,80
21.508697260225482,87.66651363267323,80
21.508697260225482,87.67549678551444,80
21.508697260225482,87.68447993835565,80
21.508697260225482,87.6934630911968,80
21.508697260225482,87.70244624403801,80
21.508697260225482,87.71142939687923,80
21.508697260225482,87.72041254972038,80
21.508697260225482,87.72939570256159,80
21.508697260225482,87.7383788554028,80
21.508697260225482,87.74736200824401,80
21.508697260225482,87.75634516108516,80
21.508697260225482,87.76532831392637,80
21.508697260225482,87.77431146676759,80
21.508697260225482,87.7832946196088,80
21.508697260225482,87.79227777244995,80
21.508697260225482,87.80126092529116,80
21.508697260225482,87.81024407813237,80
21.508697260225482,87.81922723097358,80
21.508697260225482,87.82821038381473,80
21.508697260225482,87.83719353665595,80
21.508697260225482,87.84617668949716,80
21.508697260225482,87.85515984233831,80
21.508697260225482,87.86414299517952,80
21.508697260225482,87.87312614802073,80
21.508697260225482,87.88210930086194,80
21.508697260225482,87.8910924537031,80
21.508697260225482,87.9000756065443,80
21.508697260225482,87.90905875938552,80
21.508697260225482,87.91804191222673,80
21.508697260225482,87.92702506506788,80
21.508697260225482,87.93600821790909,80
21.508697260225482,87.9449913707503,80
21.508697260225482,87.95397452359146,80
21.508697260225482,87.96295767643267,80
21.508697260225482,87.97194082927388,80
21.508697260225482,87.98092398211509,80
21.508697260225482,87.98990713495624,80
21.508697260225482,87.99889028779745,80
21.508697260225482,88.00787344063866,80
21.508697260225482,88.01685659347987,80
21.508697260225482,88.02583974632103,80
21.508697260225482,88.03482289916224,80
21.508697260225482,88.04380605200345,80
21.508697260225482,88.05278920484466,80
21.508697260225482,88.06177235768581,80
21.508697260225482,88.07075551052702,80
21.508697260225482,88.07973866336823,80
21.508697260225482,88.08872181620939,80
21.508697260225482,88.0977049690506,80
21.508697260225482,88.1066881218918,80
21.508697260225482,88.11567127473302,80
21.508697260225482,88.12465442757417,80
21.508697260225482,88.13363758041538,80
21.508697260225482,88.14262073325659,80
21.508697260225482,88.1516038860978,80
21.508697260225482,88.16058703893896,80
21.508697260225482,88.16957019178017,80
21.508697260225482,88.17855334462138,80
21.508697260225482,88.18753649746253,80
21.508697260225482,88.19651965030374,80
21.508697260225482,88.20550280314495,80
21.508697260225482,88.21448595598616,80
21.508697260225482,88.22346910882732,80
21.508697260225482,88.23245226166853,80
21.508697260225482,88.24143541450974,80
21.508697260225482,88.25041856735095,80
21.508697260225482,88.2594017201921,80
21.508697260225482,88.26838487303331,80
21.508697260225482,88.27736802587452,80
21.508697260225482,88.28635117871568,80
21.508697260225482,88.29533433155689,80
21.499714107384293,87.50481688153172,80
21.499714107384293,87.51380003437293,80
21.499714107384293,87.52278318721409,80
21.499714107384293,87.5317663400553,80
21.499714107384293,87.54074949289651,80
21.499714107384293,87.54973264573772,80
21.499714107384293,87.55871579857887,80
21.499714107384293,87.56769895142008,80
21.499714107384293,87.5766821042613,80
21.499714107384293,87.5856652571025,80
21.499714107384293,87.59464840994366,80
21.499714107384293,87.60363156278487,80
21.499714107384293,87.61261471562608,80
21.499714107384293,87.62159786846723,80
21.499714107384293,87.63058102130844,80
21.499714107384293,87.63956417414965,80
21.499714107384293,87.64854732699087,80
21.499714107384293,87.65753047983202,80
21.499714107384293,87.66651363267323,80
21.499714107384293,87.67549678551444,80
21.499714107384293,87.68447993835565,80
21.499714107384293,87.6934630911968,80
21.499714107384293,87.70244624403801,80
21.499714107384293,87.71142939687923,80
21.499714107384293,87.72041254972038,80
21.499714107384293,87.72939570256159,80
21.499714107384293,87.7383788554028,80
21.499714107384293,87.74736200824401,80
21.499714107384293,87.75634516108516,80
21.499714107384293,87.76532831392637,80
21.499714107384293,87.77431146676759,80
21.499714107384293,87.7832946196088,80
21.499714107384293,87.79227777244995,80
21.499714107384293,87.80126092529116,80
21.499714107384293,87.81024407813237,80
21.499714107384293,87.81922723097358,80
21.499714107384293,87.82821038381473,80
21.499714107384293,87.83719353665595,80
21.499714107384293,87.84617668949716,80
21.499714107384293,87.85515984233831,80
21.499714107384293,87.86414299517952,80
21.499714107384293,87.87312614802073,80
21.499714107384293,87.88210930086194,80
21.499714107384293,87.8910924537031,80
21.499714107384293,87.9000756065443,80
21.499714107384293,87.90905875938552,80
21.499714107384293,87.91804191222673,80
21.499714107384293,87.92702506506788,80
21.499714107384293,87.93600821790909,80
21.499714107384293,87.9449913707503,80
21.499714107384293,87.95397452359146,80
21.499714107384293,87.96295767643267,80
21.499714107384293,87.97194082927388,80
21.499714107384293,87.98092398211509,80
21.499714107384293,87.98990713495624,80
21.499714107384293,87.99889028779745,80
21.499714107384293,88.00787344063866,80
21.499714107384293,88.01685659347987,80
21.499714107384293,88.02583974632103,80
21.499714107384293,88.03482289916224,80
21.499714107384293,88.04380605200345,80
21.499714107384293,88.05278920484466,80
21.499714107384293,88.06177235768581,80
21.499714107384293,88.07075551052702,80
21.499714107384293,88.07973866336823,80
21.499714107384293,88.08872181620939,80
21.499714107384293,88.0977049690506,80
21.499714107384293,88.1066881218918,80
21.499714107384293,88.11567127473302,80
21.499714107384293,88.12465442757417,80
21.499714107384293,88.13363758041538,80
21.499714107384293,88.14262073325659,80
21.499714107384293,88.1516038860978,80
21.499714107384293,88.16058703893896,80
21.499714107384293,88.16957019178017,80
21.499714107384293,88.17855334462138,80
21.499714107384293,88.18753649746253,80
21.499714107384293,88.19651965030374,80
21.499714107384293,88.20550280314495,80
21.499714107384293,88.21448595598616,80
21.499714107384293,88.22346910882732,80
21.499714107384293,88.23245226166853,80
21.499714107384293,88.24143541450974,80
21.499714107384293,88.25041856735095,80
21.499714107384293,88.2594017201921,80
21.499714107384293,88.26838487303331,80
21.499714107384293,88.27736802587452,80
21.499714107384293,88.28635117871568,80
21.499714107384293,88.29533433155689,80
21.490730954543096,87.50481688153172,80
21.490730954543096,87.51380003437293,80
21.490730954543096,87.52278318721409,80
21.490730954543096,87.5317663400553,80
21.490730954543096,87.54074949289651,80
21.490730954543096,87.54973264573772,80
21.490730954543096,87.55871579857887,80
21.490730954543096,87.56769895142008,80
21.490730954543096,87.5766821042613,80
21.490730954543096,87.5856652571025,80
21.490730954543096,87.59464840994366,80
21.490730954543096,87.60363156278487,80
21.490730954543096,87.61261471562608,80
21.490730954543096,87.62159786846723,80
21.490730954543096,87.63058102130844,80
21.490730954543096,87.63956417414965,80
21.490730954543096,87.64854732699087,80
21.490730954543096,87.65753047983202,80
21.490730954543096,87.66651363267323,80
21.490730954543096,87.67549678551444,80
21.490730954543096,87.68447993835565,80
21.490730954543096,87.6934630911968,80
21.490730954543096,87.70244624403801,80
21.490730954543096,87.71142939687923,80
21.490730954543096,87.72041254972038,80
21.490730954543096,87.72939570256159,80
21.490730954543096,87.7383788554028,80
21.490730954543096,87.74736200824401,80
21.490730954543096,87.75634516108516,80
21.490730954543096,87.76532831392637,80
21.490730954543096,87.77431146676759,80
21.490730954543096,87.7832946196088,80
21.490730954543096,87.79227777244995,80
21.490730954543096,87.80126092529116,80
21.490730954543096,87.81024407813237,80
21.490730954543096,87.81922723097358,80
21.490730954543096,87.82821038381473,80
21.490730954543096,87.83719353665595,80
21.490730954543096,87.84617668949716,80
21.490730954543096,87.85515984233831,80
21.490730954543096,87.86414299517952,80
21.490730954543096,87.87312614802073,80
21.490730954543096,87.88210930086194,80
21.490730954543096,87.8910924537031,80
21.490730954543096,87.9000756065443,80
21.490730954543096,87.90905875938552,80
21.490730954543096,87.91804191222673,80
21.490730954543096,87.92702506506788,80
21.490730954543096,87.93600821790909,80
21.490730954543096,87.9449913707503,80
21.490730954543096,87.95397452359146,80
21.490730954543096,87.96295767643267,80
21.490730954543096,87.97194082927388,80
21.490730954543096,87.98092398211509,80
21.490730954543096,87.98990713495624,80
21.490730954543096,87.99889028779745,80
21.490730954543096,88.00787344063866,80
21.490730954543096,88.01685659347987,80
21.490730954543096,88.02583974632103,80
21.490730954543096,88.03482289916224,80
21.490730954543096,88.04380605200345,80
21.490730954543096,88.05278920484466,80
21.490730954543096,88.06177235768581,80
21.490730954543096,88.07075551052702,80
21.490730954543096,88.07973866336823,80
21.490730954543096,88.08872181620939,80
21.490730954543096,88.0977049690506,80
21.490730954543096,88.1066881218918,80
21.490730954543096,88.11567127473302,80
21.490730954543096,88.12465442757417,80
21.490730954543096,88.13363758041538,80
21.490730954543096,88.14262073325659,80
21.490730954543096,88.1516038860978,80
21.490730954543096,88.16058703893896,80
21.490730954543096,88.16957019178017,80
21.490730954543096,88.17855334462138,80
21.490730954543096,88.18753649746253,80
21.490730954543096,88.19651965030374,80
21.490730954543096,88.20550280314495,80
21.490730954543096,88.21448595598616,80
21.490730954543096,88.22346910882732,80
21.490730954543096,88.23245226166853,80
21.490730954543096,88.24143541450974,80
21.490730954543096,88.25041856735095,80
21.490730954543096,88.2594017201921,80
21.490730954543096,88.26838487303331,80
21.490730954543096,88.27736802587452,80
21.490730954543096,88.28635117871568,80
21.490730954543096,88.29533433155689,80
21.4817478017019,87.50481688153172,80
21.4817478017019,87.51380003437293,80
21.4817478017019,87.52278318721409,80
21.4817478017019,87.5317663400553,80
21.4817478017019,87.54074949289651,80
21.4817478017019,87.54973264573772,80
21.4817478017019,87.55871579857887,80
21.4817478017019,87.56769895142008,80
21.4817478017019,87.5766821042613,80
21.4817478017019,87.5856652571025,80
21.4817478017019,87.59464840994366,80
21.4817478017019,87.60363156278487,80
21.4817478017019,87.61261471562608,80
21.4817478017019,87.62159786846723,80
21.4817478017019,87.63058102130844,80
21.4817478017019,87.63956417414965,80
21.4817478017019,87.64854732699087,80
21.4817478017019,87.65753047983202,80
21.4817478017019,87.66651363267323,80
21.4817478017019,87.67549678551444,80
21.4817478017019,87.68447993835565,80
21.4817478017019,87.6934630911968,80
21.4817478017019,87.70244624403801,80
21.4817478017019,87.71142939687923,80
21.4817478017019,87.72041254972038,80
21.4817478017019,87.72939570256159,80
21.4817478017019,87.7383788554028,80
21.4817478017019,87.74736200824401,80
21.4817478017019,87.75634516108516,80
21.4817478017019,87.76532831392637,80
21.4817478017019,87.77431146676759,80
21.4817478017019,87.7832946196088,80
21.4817478017019,87.79227777244995,80
21.4817478017019,87.80126092529116,80
21.4817478017019,87.81024407813237,80
21.4817478017019,87.81922723097358,80
21.4817478017019,87.82821038381473,80
21.4817478017019,87.83719353665595,80
21.4817478017019,87.84617668949716,80
21.4817478017019,87.85515984233831,80
21.4817478017019,87.86414299517952,80
21.4817478017019,87.87312614802073,80
21.4817478017019,87.88210930086194,80
21.4817478017019,87.8910924537031,80
21.4817478017019,87.9000756065443,80
21.4817478017019,87.90905875938552,80
21.4817478017019,87.91804191222673,80
21.4817478017019,87.92702506506788,80
21.4817478017019,87.93600821790909,80
21.4817478017019,87.9449913707503,80
21.4817478017019,87.95397452359146,80
21.4817478017019,87.96295767643267,80
21.4817478017019,87.97194082927388,80
21.4817478017019,87.98092398211509,80
21.4817478017019,87.98990713495624,80
21.4817478017019,87.99889028779745,80
21.4817478017019,88.00787344063866,80
21.4817478017019,88.01685659347987,80
21.4817478017019,88.02583974632103,80
21.4817478017019,88.03482289916224,80
21.4817478017019,88.04380605200345,80
21.4817478017019,88.05278920484466,80
21.4817478017019,88.06177235768581,80
21.4817478017019,88.07075551052702,80
21.4817478017019,88.07973866336823,80
21.4817478017019,88.08872181620939,80
21.4817478017019,88.0977049690506,80
21.4817478017019,88.1066881218918,80
21.4817478017019,88.11567127473302,80
21.4817478017019,88.12465442757417,80
21.4817478017019,88.13363758041538,80
21.4817478017019,88.14262073325659,80
21.4817478017019,88.1516038860978,80
21.4817478017019,88.16058703893896,80
21.4817478017019,88.16957019178017,80
21.4817478017019,88.17855334462138,80
21.4817478017019,88.18753649746253,80
21.4817478017019,88.19651965030374,80
21.4817478017019,88.20550280314495,80
21.4817478017019,88.21448595598616,80
21.4817478017019,88.22346910882732,80
21.4817478017019,88.23245226166853,80
21.4817478017019,88.24143541450974,80
21.4817478017019,88.25041856735095,80
21.4817478017019,88.2594017201921,80
21.4817478017019,88.26838487303331,80
21.4817478017019,88.27736802587452,80
21.4817478017019,88.28635117871568,80
21.4817478017019,88.29533433155689,80
21.472764648860704,87.50481688153172,80
21.472764648860704,87.51380003437293,80
21.472764648860704,87.52278318721409,80
21.472764648860704,87.5317663400553,80
21.472764648860704,87.54074949289651,80
21.472764648860704,87.54973264573772,80
21.472764648860704,87.55871579857887,80
21.472764648860704,87.56769895142008,80
21.472764648860704,87.5766821042613,80
21.472764648860704,87.5856652571025,80
21.472764648860704,87.59464840994366,80
21.472764648860704,87.60363156278487,80
21.472764648860704,87.61261471562608,80
21.472764648860704,87.62159786846723,80
21.472764648860704,87.63058102130844,80
21.472764648860704,87.63956417414965,80
21.472764648860704,87.64854732699087,80
21.472764648860704,87.65753047983202,80
21.472764648860704,87.66651363267323,80
21.472764648860704,87.67549678551444,80
21.472764648860704,87.68447993835565,80
21.472764648860704,87.6934630911968,80
21.472764648860704,87.70244624403801,80
21.472764648860704,87.71142939687923,80
21.472764648860704,87.72041254972038,80
21.472764648860704,87.72939570256159,80
21.472764648860704,87.7383788554028,80
21.472764648860704,87.74736200824401,80
21.472764648860704,87.75634516108516,80
21.472764648860704,87.76532831392637,80
21.472764648860704,87.77431146676759,80
21.472764648860704,87.7832946196088,80
21.472764648860704,87.79227777244995,80
21.472764648860704,87.80126092529116,80
21.472764648860704,87.81024407813237,80
21.472764648860704,87.81922723097358,80
21.472764648860704,87.82821038381473,80
21.472764648860704,87.83719353665595,80
21.472764648860704,87.84617668949716,80
21.472764648860704,87.85515984233831,80
21.472764648860704,87.86414299517952,80
21.472764648860704,87.87312614802073,80
21.472764648860704,87.88210930086194,80
21.472764648860704,87.8910924537031,80
21.472764648860704,87.9000756065443,80
21.472764648860704,87.90905875938552,80
21.472764648860704,87.91804191222673,80
21.472764648860704,87.92702506506788,80
21.472764648860704,87.93600821790909,80
21.472764648860704,87.9449913707503,80
21.472764648860704,87.95397452359146,80
21.472764648860704,87.96295767643267,80
21.472764648860704,87.97194082927388,80
21.472764648860704,87.98092398211509,80
21.472764648860704,87.98990713495624,80
21.472764648860704,87.99889028779745,80
21.472764648860704,88.00787344063866,80
21.472764648860704,88.01685659347987,80
21.472764648860704,88.02583974632103,80
21.472764648860704,88.03482289916224,80
21.472764648860704,88.04380605200345,80
21.472764648860704,88.05278920484466,80
21.472764648860704,88.06177235768581,80
21.472764648860704,88.07075551052702,80
21.472764648860704,88.07973866336823,80
21.472764648860704,88.08872181620939,80
21.472764648860704,88.0977049690506,80
21.472764648860704,88.1066881218918,80
21.472764648860704,88.11567127473302,80
21.472764648860704,88.12465442757417,80
21.472764648860704,88.13363758041538,80
21.472764648860704,88.14262073325659,80
21.472764648860704,88.1516038860978,80
21.472764648860704,88.16058703893896,80
21.472764648860704,88.16957019178017,80
21.472764648860704,88.17855334462138,80
21.472764648860704,88.18753649746253,80
21.472764648860704,88.19651965030374,80
21.472764648860704,88.20550280314495,80
21.472764648860704,88.21448595598616,80
21.472764648860704,88.22346910882732,80
21.472764648860704,88.23245226166853,80
21.472764648860704,88.24143541450974,80
21.472764648860704,88.25041856735095,80
21.472764648860704,88.2594017201921,80
21.472764648860704,88.26838487303331,80
21.472764648860704,88.27736802587452,80
21.472764648860704,88.28635117871568,80
21.472764648860704,88.29533433155689,80
21.463781496019507,87.50481688153172,80
21.463781496019507,87.51380003437293,80
21.463781496019507,87.52278318721409,80
21.463781496019507,87.5317663400553,80
21.463781496019507,87.54074949289651,80
21.463781496019507,87.54973264573772,80
21.463781496019507,87.55871579857887,80
21.463781496019507,87.56769895142008,80
21.463781496019507,87.5766821042613,80
21.463781496019507,87.5856652571025,80
21.463781496019507,87.59464840994366,80
21.463781496019507,87.60363156278487,80
21.463781496019507,87.61261471562608,80
21.463781496019507,87.62159786846723,80
21.463781496019507,87.63058102130844,80
21.463781496019507,87.63956417414965,80
21.463781496019507,87.64854732699087,80
21.463781496019507,87.65753047983202,80
21.463781496019507,87.66651363267323,80
21.463781496019507,87.67549678551444,80
21.463781496019507,87.68447993835565,80
21.463781496019507,87.6934630911968,80
21.463781496019507,87.70244624403801,80
21.463781496019507,87.71142939687923,80
21.463781496019507,87.72041254972038,80
21.463781496019507,87.72939570256159,80
21.463781496019507,87.7383788554028,80
21.463781496019507,87.74736200824401,80
21.463781496019507,87.75634516108516,80
21.463781496019507,87.76532831392637,80
21.463781496019507,87.77431146676759,80
21.463781496019507,87.7832946196088,80
21.463781496019507,87.79227777244995,80
21.463781496019507,87.80126092529116,80
21.463781496019507,87.81024407813237,80
21.463781496019507,87.81922723097358,80
21.463781496019507,87.82821038381473,80
21.463781496019507,87.83719353665595,80
21.463781496019507,87.84617668949716,80
21.463781496019507,87.85515984233831,80
21.463781496019507,87.86414299517952,80
21.463781496019507,87.87312614802073,80
21.463781496019507,87.88210930086194,80
21.463781496019507,87.8910924537031,80
21.463781496019507,87.9000756065443,80
21.463781496019507,87.90905875938552,80
21.463781496019507,87.91804191222673,80
21.463781496019507,87.92702506506788,80
21.463781496019507,87.93600821790909,80
21.463781496019507,87.9449913707503,80
21.463781496019507,87.95397452359146,80
21.463781496019507,87.96295767643267,80
21.463781496019507,87.97194082927388,80
21.463781496019507,87.98092398211509,80
21.463781496019507,87.98990713495624,80
21.463781496019507,87.99889028779745,80
21.463781496019507,88.00787344063866,80
21.463781496019507,88.01685659347987,80
21.463781496019507,88.02583974632103,80
21.463781496019507,88.03482289916224,80
21.463781496019507,88.04380605200345,80
21.463781496019507,88.05278920484466,80
21.463781496019507,88.06177235768581,80
21.463781496019507,88.07075551052702,80
21.463781496019507,88.07973866336823,80
21.463781496019507,88.08872181620939,80
21.463781496019507,88.0977049690506,80
21.463781496019507,88.1066881218918,80
21.463781496019507,88.11567127473302,80
21.463781496019507,88.12465442757417,80
21.463781496019507,88.13363758041538,80
21.463781496019507,88.14262073325659,80
21.463781496019507,88.1516038860978,80
21.463781496019507,88.16058703893896,80
21.463781496019507,88.16957019178017,80
21.463781496019507,88.17855334462138,80
21.463781496019507,88.18753649746253,80
21.463781496019507,88.19651965030374,80
21.463781496019507,88.20550280314495,80
21.463781496019507,88.21448595598616,80
21.463781496019507,88.22346910882732,80
21.463781496019507,88.23245226166853,80
21.463781496019507,88.24143541450974,80
21.463781496019507,88.25041856735095,80
21.463781496019507,88.2594017201921,80
21.463781496019507,88.26838487303331,80
21.463781496019507,88.27736802587452,80
21.463781496019507,88.28635117871568,80
21.463781496019507,88.29533433155689,80
21.45479834317831,87.50481688153172,80
21.45479834317831,87.51380003437293,80
21.45479834317831,87.52278318721409,80
21.45479834317831,87.5317663400553,80
21.45479834317831,87.54074949289651,80
21.45479834317831,87.54973264573772,80
21.45479834317831,87.55871579857887,80
21.45479834317831,87.56769895142008,80
21.45479834317831,87.5766821042613,80
21.45479834317831,87.5856652571025,80
21.45479834317831,87.59464840994366,80
21.45479834317831,87.60363156278487,80
21.45479834317831,87.61261471562608,80
21.45479834317831,87.62159786846723,80
21.45479834317831,87.63058102130844,80
21.45479834317831,87.63956417414965,80
21.45479834317831,87.64854732699087,80
21.45479834317831,87.65753047983202,80
21.45479834317831,87.66651363267323,80
21.45479834317831,87.67549678551444,80
21.45479834317831,87.68447993835565,80
21.45479834317831,87.6934630911968,80
21.45479834317831,87.70244624403801,80
21.45479834317831,87.71142939687923,80
21.45479834317831,87.72041254972038,80
21.45479834317831,87.72939570256159,80
21.45479834317831,87.7383788554028,80
21.45479834317831,87.74736200824401,80
21.45479834317831,87.75634516108516,80
21.45479834317831,87.76532831392637,80
21.45479834317831,87.77431146676759,80
21.45479834317831,87.7832946196088,80
21.45479834317831,87.79227777244995,80
21.45479834317831,87.80126092529116,80
21.45479834317831,87.81024407813237,80
21.45479834317831,87.81922723097358,80
21.45479834317831,87.82821038381473,80
21.45479834317831,87.83719353665595,80
21.45479834317831,87.84617668949716,80
21.45479834317831,87.85515984233831,80
21.45479834317831,87.86414299517952,80
21.45479834317831,87.87312614802073,80
21.45479834317831,87.88210930086194,80
21.45479834317831,87.8910924537031,80
21.45479834317831,87.9000756065443,80
21.45479834317831,87.90905875938552,80
21.45479834317831,87.91804191222673,80
21.45479834317831,87.92702506506788,80
21.45479834317831,87.93600821790909,80
21.45479834317831,87.9449913707503,80
21.45479834317831,87.95397452359146,80
21.45479834317831,87.96295767643267,80
21.45479834317831,87.97194082927388,80
21.45479834317831,87.98092398211509,80
21.45479834317831,87.98990713495624,80
21.45479834317831,87.99889028779745,80
21.45479834317831,88.00787344063866,80
21.45479834317831,88.01685659347987,80
21.45479834317831,88.02583974632103,80
21.45479834317831,88.03482289916224,80
21.45479834317831,88.04380605200345,80
21.45479834317831,88.05278920484466,80
21.45479834317831,88.06177235768581,80
21.45479834317831,88.07075551052702,80
21.45479834317831,88.07973866336823,80
21.45479834317831,88.08872181620939,80
21.45479834317831,88.0977049690506,80
21.45479834317831,88.1066881218918,80
21.45479834317831,88.11567127473302,80
21.45479834317831,88.12465442757417,80
21.45479834317831,88.13363758041538,80
21.45479834317831,88.14262073325659,80
21.45479834317831,88.1516038860978,80
21.45479834317831,88.16058703893896,80
21.45479834317831,88.16957019178017,80
21.45479834317831,88.17855334462138,80
21.45479834317831,88.18753649746253,80
21.45479834317831,88.19651965030374,80
21.45479834317831,88.20550280314495,80
21.45479834317831,88.21448595598616,80
21.45479834317831,88.22346910882732,80
21.45479834317831,88.23245226166853,80
21.45479834317831,88.24143541450974,80
21.45479834317831,88.25041856735095,80
21.45479834317831,88.2594017201921,80
21.45479834317831,88.26838487303331,80
21.45479834317831,88.27736802587452,80
21.45479834317831,88.28635117871568,80
21.45479834317831,88.29533433155689,80
21.445815190337115,87.50481688153172,80
21.445815190337115,87.51380003437293,80
21.445815190337115,87.52278318721409,80
21.445815190337115,87.5317663400553,80
21.445815190337115,87.54074949289651,80
21.445815190337115,87.54973264573772,80
21.445815190337115,87.55871579857887,80
21.445815190337115,87.56769895142008,80
21.445815190337115,87.5766821042613,80
21.445815190337115,87.5856652571025,80
21.445815190337115,87.59464840994366,80
21.445815190337115,87.60363156278487,80
21.445815190337115,87.61261471562608,80
21.445815190337115,87.62159786846723,80
21.445815190337115,87.63058102130844,80
21.445815190337115,87.63956417414965,80
21.445815190337115,87.64854732699087,80
21.445815190337115,87.65753047983202,80
21.445815190337115,87.66651363267323,80
21.445815190337115,87.67549678551444,80
21.445815190337115,87.68447993835565,80
21.445815190337115,87.6934630911968,80
21.445815190337115,87.70244624403801,80
21.445815190337115,87.71142939687923,80
21.445815190337115,87.72041254972038,80
21.445815190337115,87.72939570256159,80
21.445815190337115,87.7383788554028,80
21.445815190337115,87.74736200824401,80
21.445815190337115,87.75634516108516,80
21.445815190337115,87.76532831392637,80
21.445815190337115,87.77431146676759,80
21.445815190337115,87.7832946196088,80
21.445815190337115,87.79227777244995,80
21.445815190337115,87.80126092529116,80
21.445815190337115,87.81024407813237,80
21.445815190337115,87.81922723097358,80
21.445815190337115,87.82821038381473,80
21.445815190337115,87.83719353665595,80
21.445815190337115,87.84617668949716,80
21.445815190337115,87.85515984233831,80
21.445815190337115,87.86414299517952,80
21.445815190337115,87.87312614802073,80
21.445815190337115,87.88210930086194,80
21.445815190337115,87.8910924537031,80
21.445815190337115,87.9000756065443,80
21.445815190337115,87.90905875938552,80
21.445815190337115,87.91804191222673,80
21.445815190337115,87.92702506506788,80
21.445815190337115,87.93600821790909,80
21.445815190337115,87.9449913707503,80
21.445815190337115,87.95397452359146,80
21.445815190337115,87.96295767643267,80
21.445815190337115,87.97194082927388,80
21.445815190337115,87.98092398211509,80
21.445815190337115,87.98990713495624,80
21.445815190337115,87.99889028779745,80
21.445815190337115,88.00787344063866,80
21.445815190337115,88.01685659347987,80
21.445815190337115,88.02583974632103,80
21.445815190337115,88.03482289916224,80
21.445815190337115,88.04380605200345,80
21.445815190337115,88.05278920484466,80
21.445815190337115,88.06177235768581,80
21.445815190337115,88.07075551052702,80
21.445815190337115,88.07973866336823,80
21.445815190337115,88.08872181620939,80
21.445815190337115,88.0977049690506,80
21.445815190337115,88.1066881218918,80
21.445815190337115,88.11567127473302,80
21.445815190337115,88.12465442757417,80
21.445815190337115,88.13363758041538,80
21.445815190337115,88.14262073325659,80
21.445815190337115,88.1516038860978,80
21.445815190337115,88.16058703893896,80
21.445815190337115,88.16957019178017,80
21.445815190337115,88.17855334462138,80
21.445815190337115,88.18753649746253,80
21.445815190337115,88.19651965030374,80
21.445815190337115,88.20550280314495,80
21.445815190337115,88.21448595598616,80
21.445815190337115,88.22346910882732,80
21.445815190337115,88.23245226166853,80
21.445815190337115,88.24143541450974,80
21.445815190337115,88.25041856735095,80
21.445815190337115,88.2594017201921,80
21.445815190337115,88.26838487303331,80
21.445815190337115,88.27736802587452,80
21.445815190337115,88.28635117871568,80
21.445815190337115,88.29533433155689,80
21.436832037495925,87.50481688153172,80
21.436832037495925,87.51380003437293,80
21.436832037495925,87.52278318721409,80
21.436832037495925,87.5317663400553,80
21.436832037495925,87.54074949289651,80
21.436832037495925,87.54973264573772,80
21.436832037495925,87.55871579857887,80
21.436832037495925,87.56769895142008,80
21.436832037495925,87.5766821042613,80
21.436832037495925,87.5856652571025,80
21.436832037495925,87.59464840994366,80
21.436832037495925,87.60363156278487,80
21.436832037495925,87.61261471562608,80
21.436832037495925,87.62159786846723,80
21.436832037495925,87.63058102130844,80
21.436832037495925,87.63956417414965,80
21.436832037495925,87.64854732699087,80
21.436832037495925,87.65753047983202,80
21.436832037495925,87.66651363267323,80
21.436832037495925,87.67549678551444,80
21.436832037495925,87.68447993835565,80
21.436832037495925,87.6934630911968,80
21.436832037495925,87.70244624403801,80
21.436832037495925,87.71142939687923,80
21.436832037495925,87.72041254972038,80
21.436832037495925,87.72939570256159,80
21.436832037495925,87.7383788554028,80
21.436832037495925,87.74736200824401,80
21.436832037495925,87.75634516108516,80
21.436832037495925,87.76532831392637,80
21.436832037495925,87.77431146676759,80
21.436832037495925,87.7832946196088,80
21.436832037495925,87.79227777244995,80
21.436832037495925,87.80126092529116,80
21.436832037495925,87.81024407813237,80
21.436832037495925,87.81922723097358,80
21.436832037495925,87.82821038381473,80
21.436832037495925,87.83719353665595,80
21.436832037495925,87.84617668949716,80
21.436832037495925,87.85515984233831,80
21.436832037495925,87.86414299517952,80
21.436832037495925,87.87312614802073,80
21.436832037495925,87.88210930086194,80
21.436832037495925,87.8910924537031,80
21.436832037495925,87.9000756065443,80
21.436832037495925,87.90905875938552,80
21.436832037495925,87.91804191222673,80
21.436832037495925,87.92702506506788,80
21.436832037495925,87.93600821790909,80
21.436832037495925,87.9449913707503,80
21.436832037495925,87.95397452359146,80
21.436832037495925,87.96295767643267,80
21.436832037495925,87.97194082927388,80
21.436832037495925,87.98092398211509,80
21.436832037495925,87.98990713495624,80
21.436832037495925,87.99889028779745,80
21.436832037495925,88.00787344063866,80
21.436832037495925,88.01685659347987,80
21.436832037495925,88.02583974632103,80
21.436832037495925,88.03482289916224,80
21.436832037495925,88.04380605200345,80
21.436832037495925,88.05278920484466,80
21.436832037495925,88.06177235768581,80
21.436832037495925,88.07075551052702,80
21.436832037495925,88.07973866336823,80
21.436832037495925,88.08872181620939,80
21.436832037495925,88.0977049690506,80
21.436832037495925,88.1066881218918,80
21.436832037495925,88.11567127473302,80
21.436832037495925,88.12465442757417,80
21.436832037495925,88.13363758041538,80
21.436832037495925,88.14262073325659,80
21.436832037495925,88.1516038860978,80
21.436832037495925,88.16058703893896,80
21.436832037495925,88.16957019178017,80
21.436832037495925,88.17855334462138,80
21.436832037495925,88.18753649746253,80
21.436832037495925,88.19651965030374,80
21.436832037495925,88.20550280314495,80
21.436832037495925,88.21448595598616,80
21.436832037495925,88.22346910882732,80
21.436832037495925,88.23245226166853,80
21.436832037495925,88.24143541450974,80
21.436832037495925,88.25041856735095,80
21.436832037495925,88.2594017201921,80
21.436832037495925,88.26838487303331,80
21.436832037495925,88.27736802587452,80
21.436832037495925,88.28635117871568,80
21.436832037495925,88.29533433155689,80
21.42784888465473,87.50481688153172,80
21.42784888465473,87.51380003437293,80
21.42784888465473,87.52278318721409,80
21.42784888465473,87.5317663400553,80
21.42784888465473,87.54074949289651,80
21.42784888465473,87.54973264573772,80
21.42784888465473,87.55871579857887,80
21.42784888465473,87.56769895142008,80
21.42784888465473,87.5766821042613,80
21.42784888465473,87.5856652571025,80
21.42784888465473,87.59464840994366,80
21.42784888465473,87.60363156278487,80
21.42784888465473,87.61261471562608,80
21.42784888465473,87.62159786846723,80
21.42784888465473,87.63058102130844,80
21.42784888465473,87.63956417414965,80
21.42784888465473,87.64854732699087,80
21.42784888465473,87.65753047983202,80
21.42784888465473,87.66651363267323,80
21.42784888465473,87.67549678551444,80
21.42784888465473,87.68447993835565,80
21.42784888465473,87.6934630911968,80
21.42784888465473,87.70244624403801,80
21.42784888465473,87.71142939687923,80
21.42784888465473,87.72041254972038,80
21.42784888465473,87.72939570256159,80
21.42784888465473,87.7383788554028,80
21.42784888465473,87.74736200824401,80
21.42784888465473,87.75634516108516,80
21.42784888465473,87.76532831392637,80
21.42784888465473,87.77431146676759,80
21.42784888465473,87.7832946196088,80
21.42784888465473,87.79227777244995,80
21.42784888465473,87.80126092529116,80
21.42784888465473,87.81024407813237,80
21.42784888465473,87.81922723097358,80
21.42784888465473,87.82821038381473,80
21.42784888465473,87.83719353665595,80
21.42784888465473,87.84617668949716,80
21.42784888465473,87.85515984233831,80
21.42784888465473,87.86414299517952,80
21.42784888465473,87.87312614802073,80
21.42784888465473,87.88210930086194,80
21.42784888465473,87.8910924537031,80
21.42784888465473,87.9000756065443,80
21.42784888465473,87.90905875938552,80
21.42784888465473,87.91804191222673,80
21.42784888465473,87.92702506506788,80
21.42784888465473,87.93600821790909,80
21.42784888465473,87.9449913707503,80
21.42784888465473,87.95397452359146,80
21.42784888465473,87.96295767643267,80
21.42784888465473,87.97194082927388,80
21.42784888465473,87.98092398211509,80
21.42784888465473,87.98990713495624,80
21.42784888465473,87.99889028779745,80
21.42784888465473,88.00787344063866,80
21.42784888465473,88.01685659347987,80
21.42784888465473,88.02583974632103,80
21.42784888465473,88.03482289916224,80
21.42784888465473,88.04380605200345,80
21.42784888465473,88.05278920484466,80
21.42784888465473,88.06177235768581,80
21.42784888465473,88.07075551052702,80
21.42784888465473,88.07973866336823,80
21.42784888465473,88.08872181620939,80
21.42784888465473,88.0977049690506,80
21.42784888465473,88.1066881218918,80
21.42784888465473,88.11567127473302,80
21.42784888465473,88.12465442757417,80
21.42784888465473,88.13363758041538,80
21.42784888465473,88.14262073325659,80
21.42784888465473,88.1516038860978,80
21.42784888465473,88.16058703893896,80
21.42784888465473,88.16957019178017,80
21.42784888465473,88.17855334462138,80
21.42784888465473,88.18753649746253,80
21.42784888465473,88.19651965030374,80
21.42784888465473,88.20550280314495,80
21.42784888465473,88.21448595598616,80
21.42784888465473,88.22346910882732,80
21.42784888465473,88.23245226166853,80
21.42784888465473,88.24143541450974,80
21.42784888465473,88.25041856735095,80
21.42784888465473,88.2594017201921,80
21.42784888465473,88.26838487303331,80
21.42784888465473,88.27736802587452,80
21.42784888465473,88.28635117871568,80
21.42784888465473,88.29533433155689,80
21.418865731813533,87.50481688153172,80
21.418865731813533,87.51380003437293,80
21.418865731813533,87.52278318721409,80
21.418865731813533,87.5317663400553,80
21.418865731813533,87.54074949289651,80
21.418865731813533,87.54973264573772,80
21.418865731813533,87.55871579857887,80
21.418865731813533,87.56769895142008,80
21.418865731813533,87.5766821042613,80
21.418865731813533,87.5856652571025,80
21.418865731813533,87.59464840994366,80
21.418865731813533,87.60363156278487,80
21.418865731813533,87.61261471562608,80
21.418865731813533,87.62159786846723,80
21.418865731813533,87.63058102130844,80
21.418865731813533,87.63956417414965,80
21.418865731813533,87.64854732699087,80
21.418865731813533,87.65753047983202,80
21.418865731813533,87.66651363267323,80
21.418865731813533,87.67549678551444,80
21.418865731813533,87.68447993835565,80
21.418865731813533,87.6934630911968,80
21.418865731813533,87.70244624403801,80
21.418865731813533,87.71142939687923,80
21.418865731813533,87.72041254972038,80
21.418865731813533,87.72939570256159,80
21.418865731813533,87.7383788554028,80
21.418865731813533,87.74736200824401,80
21.418865731813533,87.75634516108516,80
21.418865731813533,87.76532831392637,80
21.418865731813533,87.77431146676759,80
21.418865731813533,87.7832946196088,80
21.418865731813533,87.79227777244995,80
21.418865731813533,87.80126092529116,80
21.418865731813533,87.81024407813237,80
21.418865731813533,87.81922723097358,80
21.418865731813533,87.82821038381473,80
21.418865731813533,87.83719353665595,80
21.418865731813533,87.84617668949716,80
21.418865731813533,87.85515984233831,80
21.418865731813533,87.86414299517952,80
21.418865731813533,87.87312614802073,80
21.418865731813533,87.88210930086194,80
21.418865731813533,87.8910924537031,80
21.418865731813533,87.9000756065443,80
21.418865731813533,87.90905875938552,80
21.418865731813533,87.91804191222673,80
21.418865731813533,87.92702506506788,80
21.418865731813533,87.93600821790909,80
21.418865731813533,87.9449913707503,80
21.418865731813533,87.95397452359146,80
21.418865731813533,87.96295767643267,80
21.418865731813533,87.97194082927388,80
21.418865731813533,87.98092398211509,80
21.418865731813533,87.98990713495624,80
21.418865731813533,87.99889028779745,80
21.418865731813533,88.00787344063866,80
21.418865731813533,88.01685659347987,80
21.418865731813533,88.02583974632103,80
21.418865731813533,88.03482289916224,80
21.418865731813533,88.04380605200345,80
21.418865731813533,88.05278920484466,80
21.418865731813533,88.06177235768581,80
21.418865731813533,88.07075551052702,80
21.418865731813533,88.07973866336823,80
21.418865731813533,88.08872181620939,80
21.418865731813533,88.0977049690506,80
21.418865731813533,88.1066881218918,80
21.418865731813533,88.11567127473302,80
21.418865731813533,88.12465442757417,80
21.418865731813533,88.13363758041538,80
21.418865731813533,88.14262073325659,80
21.418865731813533,88.1516038860978,80
21.418865731813533,88.16058703893896,80
21.418865731813533,88.16957019178017,80
21.418865731813533,88.17855334462138,80
21.418865731813533,88.18753649746253,80
21.418865731813533,88.19651965030374,80
21.418865731813533,88.20550280314495,80
21.418865731813533,88.21448595598616,80
21.418865731813533,88.22346910882732,80
21.418865731813533,88.23245226166853,80
21.418865731813533,88.24143541450974,80
21.418865731813533,88.25041856735095,80
21.418865731813533,88.2594017201921,80
21.418865731813533,88.26838487303331,80
21.418865731813533,88.27736802587452,80
21.418865731813533,88.28635117871568,80
21.418865731813533,88.29533433155689,80
21.409882578972336,87.50481688153172,80
21.409882578972336,87.51380003437293,80
21.409882578972336,87.52278318721409,80
21.409882578972336,87.5317663400553,80
21.409882578972336,87.54074949289651,80
21.409882578972336,87.54973264573772,80
21.409882578972336,87.55871579857887,80
21.409882578972336,87.56769895142008,80
21.409882578972336,87.5766821042613,80
21.409882578972336,87.5856652571025,80
21.409882578972336,87.59464840994366,80
21.409882578972336,87.60363156278487,80
21.409882578972336,87.61261471562608,80
21.409882578972336,87.62159786846723,80
21.409882578972336,87.63058102130844,80
21.409882578972336,87.63956417414965,80
21.409882578972336,87.64854732699087,80
21.409882578972336,87.65753047983202,80
21.409882578972336,87.66651363267323,80
21.409882578972336,87.67549678551444,80
21.409882578972336,87.68447993835565,80
21.409882578972336,87.6934630911968,80
21.409882578972336,87.70244624403801,80
21.409882578972336,87.71142939687923,80
21.409882578972336,87.72041254972038,80
21.409882578972336,87.72939570256159,80
21.409882578972336,87.7383788554028,80
21.409882578972336,87.74736200824401,80
21.409882578972336,87.75634516108516,80
21.409882578972336,87.76532831392637,80
21.409882578972336,87.77431146676759,80
21.409882578972336,87.7832946196088,80
21.409882578972336,87.79227777244995,80
21.409882578972336,87.80126092529116,80
21.409882578972336,87.81024407813237,80
21.409882578972336,87.81922723097358,80
21.409882578972336,87.82821038381473,80
21.409882578972336,87.83719353665595,80
21.409882578972336,87.84617668949716,80
21.409882578972336,87.85515984233831,80
21.409882578972336,87.86414299517952,80
21.409882578972336,87.87312614802073,80
21.409882578972336,87.88210930086194,80
21.409882578972336,87.8910924537031,80
21.409882578972336,87.9000756065443,80
21.409882578972336,87.90905875938552,80
21.409882578972336,87.91804191222673,80
21.409882578972336,87.92702506506788,80
21.409882578972336,87.93600821790909,80
21.409882578972336,87.9449913707503,80
21.409882578972336,87.95397452359146,80
21.409882578972336,87.96295767643267,80
21.409882578972336,87.97194082927388,80
21.409882578972336,87.98092398211509,80
21.409882578972336,87.98990713495624,80
21.409882578972336,87.99889028779745,80
21.409882578972336,88.00787344063866,80
21.409882578972336,88.01685659347987,80
21.409882578972336,88.02583974632103,80
21.409882578972336,88.03482289916224,80
21.409882578972336,88.04380605200345,80
21.409882578972336,88.05278920484466,80
21.409882578972336,88.06177235768581,80
21.409882578972336,88.07075551052702,80
21.409882578972336,88.07973866336823,80
21.409882578972336,88.08872181620939,80
21.409882578972336,88.0977049690506,80
21.409882578972336,88.1066881218918,80
21.409882578972336,88.11567127473302,80
21.409882578972336,88.12465442757417,80
21.409882578972336,88.13363758041538,80
21.409882578972336,88.14262073325659,80
21.409882578972336,88.1516038860978,80
21.409882578972336,88.16058703893896,80
21.409882578972336,88.16957019178017,80
21.409882578972336,88.17855334462138,80
21.409882578972336,88.18753649746253,80
21.409882578972336,88.19651965030374,80
21.409882578972336,88.20550280314495,80
21.409882578972336,88.21448595598616,80
21.409882578972336,88.22346910882732,80
21.409882578972336,88.23245226166853,80
21.409882578972336,88.24143541450974,80
21.409882578972336,88.25041856735095,80
21.409882578972336,88.2594017201921,80
21.409882578972336,88.26838487303331,80
21.409882578972336,88.27736802587452,80
21.409882578972336,88.28635117871568,80
21.409882578972336,88.29533433155689,80
21.40089942613114,87.50481688153172,80
21.40089942613114,87.51380003437293,80
21.40089942613114,87.52278318721409,80
21.40089942613114,87.5317663400553,80
21.40089942613114,87.54074949289651,80
21.40089942613114,87.54973264573772,80
21.40089942613114,87.55871579857887,80
21.40089942613114,87.56769895142008,80
21.40089942613114,87.5766821042613,80
21.40089942613114,87.5856652571025,80
21.40089942613114,87.59464840994366,80
21.40089942613114,87.60363156278487,80
21.40089942613114,87.61261471562608,80
21.40089942613114,87.62159786846723,80
21.40089942613114,87.63058102130844,80
21.40089942613114,87.63956417414965,80
21.40089942613114,87.64854732699087,80
21.40089942613114,87.65753047983202,80
21.40089942613114,87.66651363267323,80
21.40089942613114,87.67549678551444,80
21.40089942613114,87.68447993835565,80
21.40089942613114,87.6934630911968,80
21.40089942613114,87.70244624403801,80
21.40089942613114,87.71142939687923,80
21.40089942613114,87.72041254972038,80
21.40089942613114,87.72939570256159,80
21.40089942613114,87.7383788554028,80
21.40089942613114,87.74736200824401,80
21.40089942613114,87.75634516108516,80
21.40089942613114,87.76532831392637,80
21.40089942613114,87.77431146676759,80
21.40089942613114,87.7832946196088,80
21.40089942613114,87.79227777244995,80
21.40089942613114,87.80126092529116,80
21.40089942613114,87.81024407813237,80
21.40089942613114,87.81922723097358,80
21.40089942613114,87.82821038381473,80
21.40089942613114,87.83719353665595,80
21.40089942613114,87.84617668949716,80
21.40089942613114,87.85515984233831,80
21.40089942613114,87.87312614802073,80
21.40089942613114,87.88210930086194,80
21.40089942613114,87.8910924537031,80
21.40089942613114,87.9000756065443,80
21.40089942613114,87.90905875938552,80
21.40089942613114,87.91804191222673,80
21.40089942613114,87.92702506506788,80
21.40089942613114,87.93600821790909,80
21.40089942613114,87.9449913707503,80
21.40089942613114,87.95397452359146,80
21.40089942613114,87.96295767643267,80
21.40089942613114,87.97194082927388,80
21.40089942613114,87.98092398211509,80
21.40089942613114,87.98990713495624,80
21.40089942613114,87.99889028779745,80
21.40089942613114,88.00787344063866,80
21.40089942613114,88.01685659347987,80
21.40089942613114,88.02583974632103,80
21.40089942613114,88.03482289916224,80
21.40089942613114,88.04380605200345,80
21.40089942613114,88.05278920484466,80
21.40089942613114,88.06177235768581,80
21.40089942613114,88.07075551052702,80
21.40089942613114,88.07973866336823,80
21.40089942613114,88.08872181620939,80
21.40089942613114,88.0977049690506,80
21.40089942613114,88.1066881218918,80
21.40089942613114,88.11567127473302,80
21.40089942613114,88.12465442757417,80
21.40089942613114,88.13363758041538,80
21.40089942613114,88.14262073325659,80
21.40089942613114,88.1516038860978,80
21.40089942613114,88.16058703893896,80
21.40089942613114,88.16957019178017,80
21.40089942613114,88.17855334462138,80
21.40089942613114,88.18753649746253,80
21.40089942613114,88.19651965030374,80
21.40089942613114,88.20550280314495,80
21.40089942613114,88.21448595598616,80
21.40089942613114,88.22346910882732,80
21.40089942613114,88.23245226166853,80
21.40089942613114,88.24143541450974,80
21.40089942613114,88.25041856735095,80
21.40089942613114,88.2594017201921,80
21.40089942613114,88.26838487303331,80
21.40089942613114,88.27736802587452,80
21.40089942613114,88.28635117871568,80
21.40089942613114,88.29533433155689,80
