latitude,longitude,coastal_flood_depth_m
21.55507524244792,88.27295139400478,5.973342
21.564058395289113,88.18311986559283,0.0
21.564058395289113,88.2460019354812,1.7400832
21.564058395289113,88.2549850883224,2.2267237
21.564058395289113,88.26396824116358,3.0695817
21.564058395289113,88.27295139400478,2.6491938
21.564058395289113,88.28193454684597,2.3046632
21.564058395289113,88.29091769968717,3.5820377
21.564058395289113,88.29990085252837,3.6181736
21.57304154813031,88.01243996161013,4.464879
21.57304154813031,88.02142311445132,2.8396459
21.57304154813031,88.17413671275163,0.32702065
21.57304154813031,88.18311986559283,0.0
21.57304154813031,88.23701878264,4.899123
21.57304154813031,88.2460019354812,2.5720077
21.57304154813031,88.2549850883224,2.9406714
21.57304154813031,88.26396824116358,3.2332497
21.57304154813031,88.27295139400478,3.440406
21.57304154813031,88.28193454684597,3.862795
21.57304154813031,88.29091769968717,3.772014
21.57304154813031,88.29990085252837,3.5504136
21.582024700971505,88.01243996161013,2.448138
21.582024700971505,88.02142311445132,3.6651917
21.582024700971505,88.17413671275163,0.0
21.582024700971505,88.18311986559283,0.0
21.582024700971505,88.23701878264,6.1240115
21.582024700971505,88.2460019354812,3.9078608
21.582024700971505,88.2549850883224,3.0517282
21.582024700971505,88.26396824116358,2.8658874
21.582024700971505,88.27295139400478,2.6869383
21.582024700971505,88.28193454684597,3.3621366
21.582024700971505,88.29091769968717,3.5199826
21.582024700971505,88.29990085252837,3.4930294
21.5910078538127,88.17413671275163,0.0
21.5910078538127,88.18311986559283,0.0
21.5910078538127,88.2460019354812,3.7024045
21.5910078538127,88.2549850883224,3.0423849
21.5910078538127,88.26396824116358,2.8715816
21.5910078538127,88.27295139400478,2.7080631
21.5910078538127,88.28193454684597,2.8337412
21.5910078538127,88.29091769968717,2.8719335
21.5910078538127,88.29990085252837,3.009505
21.599991006653894,88.17413671275163,0.0
21.599991006653894,88.18311986559283,2.0542378
21.599991006653894,88.23701878264,6.573342
21.599991006653894,88.2460019354812,3.762308
21.599991006653894,88.2549850883224,2.5543947
21.599991006653894,88.26396824116358,2.739665
21.599991006653894,88.27295139400478,2.6895733
21.599991006653894,88.28193454684597,3.0532918
21.599991006653894,88.29091769968717,3.710877
21.599991006653894,88.29990085252837,3.138967
21.60897415949509,87.500400249662,0.0
21.60897415949509,88.20108617127522,2.8071868
21.60897415949509,88.21006932411642,3.6831305
21.60897415949509,88.21905247695761,4.029085
21.60897415949509,88.22803562979881,3.1245139
21.60897415949509,88.23701878264,3.3020341
21.60897415949509,88.2460019354812,3.2663107
21.60897415949509,88.2549850883224,3.2026544
21.60897415949509,88.26396824116358,2.3705764
21.60897415949509,88.27295139400478,2.2886229
21.60897415949509,88.28193454684597,2.9852326
21.60897415949509,88.29091769968717,5.138967
21.617957312336287,87.500400249662,0.0
21.617957312336287,87.50938340250319,0.0
21.617957312336287,87.51836655534439,0.0
21.617957312336287,87.52734970818558,0.0
21.617957312336287,88.19210301843403,3.3249044
21.617957312336287,88.20108617127522,3.2640274
21.617957312336287,88.21006932411642,3.6639345
21.617957312336287,88.21905247695761,3.486784
21.617957312336287,88.22803562979881,3.1107073
21.617957312336287,88.23701878264,3.26561
21.617957312336287,88.2460019354812,3.9176388
21.617957312336287,88.2549850883224,3.1551604
21.617957312336287,88.26396824116358,2.5715513
21.617957312336287,88.27295139400478,2.5165644
21.617957312336287,88.28193454684597,3.0910199
21.617957312336287,88.29091769968717,3.5093024
21.62694046517748,87.500400249662,0.0
21.62694046517748,87.50938340250319,0.0
21.62694046517748,87.51836655534439,0.0
21.62694046517748,87.52734970818558,0.0
21.62694046517748,87.53633286102678,1.0210643
21.62694046517748,87.54531601386797,1.1854186
21.62694046517748,87.56328231955037,3.8223002
21.62694046517748,88.08430518433968,3.988967
21.62694046517748,88.09328833718088,2.2722464
21.62694046517748,88.10227149002208,2.1422873
21.62694046517748,88.11125464286327,2.2742968
21.62694046517748,88.12023779570447,2.8520312
21.62694046517748,88.12922094854567,2.533988
21.62694046517748,88.13820410138686,3.029592
21.62694046517748,88.19210301843403,3.1782527
21.62694046517748,88.20108617127522,3.067354
21.62694046517748,88.21006932411642,3.3903635
21.62694046517748,88.21905247695761,3.0644193
21.62694046517748,88.22803562979881,3.3520272
21.62694046517748,88.23701878264,3.2064164
21.62694046517748,88.2460019354812,3.521877
21.62694046517748,88.2549850883224,3.3702168
21.62694046517748,88.26396824116358,2.709088
21.62694046517748,88.27295139400478,2.7145493
21.62694046517748,88.28193454684597,3.1497757
21.62694046517748,88.29091769968717,3.3108757
21.635923618018676,87.500400249662,0.0
21.635923618018676,87.50938340250319,0.64302015
21.635923618018676,87.51836655534439,0.15425777
21.635923618018676,87.52734970818558,0.96693563
21.635923618018676,87.53633286102678,1.7855296
21.635923618018676,87.54531601386797,1.2845745
21.635923618018676,87.55429916670917,2.404345
21.635923618018676,87.56328231955037,0.0
21.635923618018676,87.57226547239156,0.0
21.635923618018676,87.58124862523275,0.0
21.635923618018676,87.59023177807394,0.0
21.635923618018676,87.59921493091514,0.0
21.635923618018676,87.60819808375633,0.0
21.635923618018676,88.0573557258161,4.351467
21.635923618018676,88.06633887865729,1.7700577
21.635923618018676,88.07532203149849,2.0887327
21.635923618018676,88.08430518433968,2.3529992
21.635923618018676,88.09328833718088,1.9756413
21.635923618018676,88.10227149002208,2.8497818
21.635923618018676,88.11125464286327,2.7097816
21.635923618018676,88.12023779570447,2.6813443
21.635923618018676,88.12922094854567,2.8212662
21.635923618018676,88.13820410138686,2.7680666
21.635923618018676,88.14718725422806,5.1441674
21.635923618018676,88.19210301843403,3.678854
21.635923618018676,88.20108617127522,2.9634535
21.635923618018676,88.21006932411642,3.2092502
21.635923618018676,88.21905247695761,3.142959
21.635923618018676,88.22803562979881,2.717808
21.635923618018676,88.23701878264,3.5037358
21.635923618018676,88.2460019354812,3.148219
21.635923618018676,88.2549850883224,2.9903286
21.635923618018676,88.26396824116358,3.4892826
21.635923618018676,88.27295139400478,3.2010317
21.635923618018676,88.28193454684597,2.6398497
21.635923618018676,88.29091769968717,3.109125
21.635923618018676,88.29990085252837,3.793828
21.644906770859873,87.500400249662,0.0
21.644906770859873,87.50938340250319,0.13571835
21.644906770859873,87.51836655534439,0.48548317
21.644906770859873,87.52734970818558,0.06150627
21.644906770859873,87.53633286102678,0.19603777
21.644906770859873,87.54531601386797,0.0
21.644906770859873,87.55429916670917,0.26775646
21.644906770859873,87.56328231955037,1.3831859
21.644906770859873,87.57226547239156,1.1918511
21.644906770859873,87.58124862523275,1.2369981
21.644906770859873,87.59023177807394,1.1677566
21.644906770859873,87.59921493091514,0.80517817
21.644906770859873,87.60819808375633,0.0
21.644906770859873,87.61718123659753,0.0
21.644906770859873,87.62616438943873,0.0
21.644906770859873,87.63514754227992,0.85355043
21.644906770859873,87.64413069512112,4.3695917
21.644906770859873,87.65311384796232,3.2348552
21.644906770859873,87.66209700080351,6.2598004
21.644906770859873,88.0483725729749,3.1810966
21.644906770859873,88.0573557258161,1.9032154
21.644906770859873,88.06633887865729,2.0142407
21.644906770859873,88.07532203149849,1.8549457
21.644906770859873,88.08430518433968,2.1184158
21.644906770859873,88.09328833718088,1.852768
21.644906770859873,88.10227149002208,2.1586046
21.644906770859873,88.11125464286327,2.3451672
21.644906770859873,88.12023779570447,2.1992297
21.644906770859873,88.12922094854567,2.3850594
21.644906770859873,88.13820410138686,2.9111862
21.644906770859873,88.14718725422806,3.1410284
21.644906770859873,88.15617040706924,5.2206955
21.644906770859873,88.19210301843403,3.0714922
21.644906770859873,88.20108617127522,2.7347877
21.644906770859873,88.21006932411642,2.359757
21.644906770859873,88.21905247695761,3.0479908
21.644906770859873,88.22803562979881,3.5391622
21.644906770859873,88.23701878264,3.69659
21.644906770859873,88.2460019354812,3.1017408
21.644906770859873,88.2549850883224,2.8683019
21.644906770859873,88.26396824116358,3.0863528
21.644906770859873,88.27295139400478,2.682755
21.644906770859873,88.28193454684597,2.575234
21.644906770859873,88.29091769968717,2.8858309
21.644906770859873,88.29990085252837,4.2064667
21.653889923701065,87.500400249662,0.0
21.653889923701065,87.50938340250319,0.27227402
21.653889923701065,87.51836655534439,0.96525526
21.653889923701065,87.52734970818558,0.81995106
21.653889923701065,87.53633286102678,0.9225292
21.653889923701065,87.54531601386797,1.251883
21.653889923701065,87.55429916670917,1.2974725
21.653889923701065,87.56328231955037,1.8945918
21.653889923701065,87.57226547239156,2.0902324
21.653889923701065,87.58124862523275,1.7474804
21.653889923701065,87.59023177807394,0.4125514
21.653889923701065,87.59921493091514,0.5983882
21.653889923701065,87.60819808375633,1.1654134
21.653889923701065,87.61718123659753,1.3436985
21.653889923701065,87.62616438943873,1.0444613
21.653889923701065,87.63514754227992,2.0820436
21.653889923701065,87.64413069512112,0.81819105
21.653889923701065,87.65311384796232,1.9633417
21.653889923701065,87.66209700080351,1.8367796
21.653889923701065,87.67108015364471,1.6534634
21.653889923701065,87.6800633064859,0.9905791
21.653889923701065,87.68904645932709,0.5098934
21.653889923701065,88.0483725729749,2.9692013
21.653889923701065,88.0573557258161,2.0324502
21.653889923701065,88.06633887865729,2.0369759
21.653889923701065,88.07532203149849,1.287765
21.653889923701065,88.08430518433968,1.1750536
21.653889923701065,88.09328833718088,1.4472737
21.653889923701065,88.10227149002208,1.5815802
21.653889923701065,88.11125464286327,1.7699394
21.653889923701065,88.12023779570447,1.5189238
21.653889923701065,88.12922094854567,1.5425658
21.653889923701065,88.13820410138686,2.4183831
21.653889923701065,88.14718725422806,3.0571957
21.653889923701065,88.15617040706924,4.30192
21.653889923701065,88.19210301843403,2.8319485
21.653889923701065,88.20108617127522,2.442679
21.653889923701065,88.21006932411642,2.5095062
21.653889923701065,88.21905247695761,2.9683092
21.653889923701065,88.22803562979881,4.4334984
21.653889923701065,88.23701878264,3.3185039
21.653889923701065,88.2460019354812,2.9198666
21.653889923701065,88.2549850883224,2.7330825
21.653889923701065,88.26396824116358,2.5571408
21.653889923701065,88.27295139400478,2.6621828
21.653889923701065,88.28193454684597,3.2711542
21.653889923701065,88.29091769968717,3.2390263
21.653889923701065,88.29990085252837,3.6609328
21.66287307654226,87.500400249662,0.0
21.66287307654226,87.50938340250319,0.0
21.66287307654226,87.51836655534439,0.0
21.66287307654226,87.52734970818558,0.0
21.66287307654226,87.53633286102678,0.0
21.66287307654226,87.54531601386797,0.68604136
21.66287307654226,87.55429916670917,1.3148217
21.66287307654226,87.56328231955037,1.7956076
21.66287307654226,87.57226547239156,1.5788774
21.66287307654226,87.58124862523275,1.3227458
21.66287307654226,87.59023177807394,1.0404491
21.66287307654226,87.59921493091514,1.8972969
21.66287307654226,87.60819808375633,2.3261275
21.66287307654226,87.61718123659753,2.492795
21.66287307654226,87.62616438943873,2.404748
21.66287307654226,87.63514754227992,2.280373
21.66287307654226,87.64413069512112,3.1388106
21.66287307654226,87.65311384796232,3.39717
21.66287307654226,87.66209700080351,2.3356857
21.66287307654226,87.67108015364471,2.2298265
21.66287307654226,87.6800633064859,2.53717
21.66287307654226,87.68904645932709,1.7152948
21.66287307654226,87.69802961216828,0.6998205
21.66287307654226,87.70701276500948,0.0
21.66287307654226,87.71599591785068,0.075772285
21.66287307654226,88.0393894201337,4.967228
21.66287307654226,88.0483725729749,0.7302828
21.66287307654226,88.0573557258161,2.2954216
21.66287307654226,88.06633887865729,1.9583373
21.66287307654226,88.07532203149849,0.88208055
21.66287307654226,88.08430518433968,0.6415014
21.66287307654226,88.09328833718088,0.92801857
21.66287307654226,88.10227149002208,1.117302
21.66287307654226,88.11125464286327,1.1930399
21.66287307654226,88.12023779570447,1.2359338
21.66287307654226,88.12922094854567,1.8013163
21.66287307654226,88.13820410138686,2.030518
21.66287307654226,88.14718725422806,3.0727246
21.66287307654226,88.15617040706924,4.3917727
21.66287307654226,88.19210301843403,2.5998778
21.66287307654226,88.20108617127522,2.571753
21.66287307654226,88.21006932411642,2.8029246
21.66287307654226,88.21905247695761,2.7854471
21.66287307654226,88.22803562979881,4.7905293
21.66287307654226,88.23701878264,3.2360497
21.66287307654226,88.2460019354812,2.5596585
21.66287307654226,88.2549850883224,2.5766745
21.66287307654226,88.26396824116358,2.2645898
21.66287307654226,88.27295139400478,2.598229
21.66287307654226,88.28193454684597,3.1113846
21.66287307654226,88.29091769968717,3.3120446
21.66287307654226,88.29990085252837,3.569487
21.671856229383458,87.500400249662,0.0
21.671856229383458,87.50938340250319,0.0
21.671856229383458,87.51836655534439,0.0
21.671856229383458,87.52734970818558,0.0
21.671856229383458,87.53633286102678,0.0
21.671856229383458,87.54531601386797,0.0
21.671856229383458,87.55429916670917,0.0
21.671856229383458,87.56328231955037,0.5364351
21.671856229383458,87.57226547239156,0.1285553
21.671856229383458,87.58124862523275,0.33140373
21.671856229383458,87.59023177807394,0.7988267
21.671856229383458,87.59921493091514,1.5895715
21.671856229383458,87.60819808375633,2.172717
21.671856229383458,87.61718123659753,3.0495138
21.671856229383458,87.62616438943873,2.2092795
21.671856229383458,87.63514754227992,2.8311543
21.671856229383458,87.64413069512112,2.871545
21.671856229383458,87.65311384796232,3.3524044
21.671856229383458,87.66209700080351,2.7812326
21.671856229383458,87.67108015364471,3.0720139
21.671856229383458,87.6800633064859,2.4430294
21.671856229383458,87.68904645932709,2.5021925
21.671856229383458,87.69802961216828,2.448934
21.671856229383458,87.70701276500948,1.6582651
21.671856229383458,87.71599591785068,0.30490446
21.671856229383458,87.72497907069187,0.85845804
21.671856229383458,88.0393894201337,3.1027808
21.671856229383458,88.0483725729749,2.6260557
21.671856229383458,88.0573557258161,2.1392465
21.671856229383458,88.06633887865729,1.641962
21.671856229383458,88.07532203149849,0.89623356
21.671856229383458,88.08430518433968,0.5906725
21.671856229383458,88.09328833718088,0.69211197
21.671856229383458,88.10227149002208,0.8149605
21.671856229383458,88.11125464286327,1.170783
21.671856229383458,88.12023779570447,1.7209811
21.671856229383458,88.12922094854567,1.9426136
21.671856229383458,88.13820410138686,1.9587302
21.671856229383458,88.14718725422806,2.9070375
21.671856229383458,88.15617040706924,3.93467
21.671856229383458,88.19210301843403,2.576312
21.671856229383458,88.20108617127522,3.5030293
21.671856229383458,88.21006932411642,4.7053733
21.671856229383458,88.21905247695761,5.0863886
21.671856229383458,88.22803562979881,5.4518576
21.671856229383458,88.23701878264,2.964203
21.671856229383458,88.2460019354812,2.5289493
21.671856229383458,88.2549850883224,2.4804926
21.671856229383458,88.26396824116358,2.3174286
21.671856229383458,88.27295139400478,2.6479392
21.671856229383458,88.28193454684597,3.0839741
21.671856229383458,88.29091769968717,2.9779038
21.671856229383458,88.29990085252837,3.6419928
21.68083938222465,87.500400249662,0.0
21.68083938222465,87.50938340250319,0.0
21.68083938222465,87.51836655534439,0.0
21.68083938222465,87.52734970818558,0.0
21.68083938222465,87.53633286102678,0.0
21.68083938222465,87.54531601386797,0.0
21.68083938222465,87.55429916670917,0.0
21.68083938222465,87.56328231955037,0.0
21.68083938222465,87.57226547239156,0.0
21.68083938222465,87.58124862523275,0.0
21.68083938222465,87.59023177807394,0.0
21.68083938222465,87.59921493091514,0.0
21.68083938222465,87.60819808375633,0.0
21.68083938222465,87.61718123659753,1.3182468
21.68083938222465,87.62616438943873,2.022542
21.68083938222465,87.63514754227992,2.3713107
21.68083938222465,87.64413069512112,2.773967
21.68083938222465,87.65311384796232,2.9274044
21.68083938222465,87.66209700080351,2.5981073
21.68083938222465,87.67108015364471,2.5192685
21.68083938222465,87.6800633064859,2.5630927
21.68083938222465,87.68904645932709,2.150169
21.68083938222465,87.69802961216828,1.8491864
21.68083938222465,87.70701276500948,3.0744357
21.68083938222465,87.71599591785068,2.7460763
21.68083938222465,87.72497907069187,2.425208
21.68083938222465,87.73396222353307,2.0055685
21.68083938222465,87.74294537637427,5.437685
21.68083938222465,88.0393894201337,5.7260303
21.68083938222465,88.0483725729749,2.2528582
21.68083938222465,88.0573557258161,2.5933294
21.68083938222465,88.06633887865729,2.0558
21.68083938222465,88.07532203149849,1.2064447
21.68083938222465,88.08430518433968,0.61547756
21.68083938222465,88.09328833718088,0.7289767
21.68083938222465,88.10227149002208,1.2204905
21.68083938222465,88.11125464286327,1.4456544
21.68083938222465,88.12023779570447,1.4701147
21.68083938222465,88.12922094854567,1.9679165
21.68083938222465,88.13820410138686,2.563147
21.68083938222465,88.14718725422806,2.0166144
21.68083938222465,88.15617040706924,4.107873
21.68083938222465,88.18311986559283,6.4309983
21.68083938222465,88.19210301843403,3.8886545
21.68083938222465,88.20108617127522,4.0549827
21.68083938222465,88.21006932411642,2.694443
21.68083938222465,88.21905247695761,3.2407308
21.68083938222465,88.22803562979881,2.258215
21.68083938222465,88.23701878264,2.556767
21.68083938222465,88.2460019354812,2.454628
21.68083938222465,88.2549850883224,2.2451458
21.68083938222465,88.26396824116358,2.2002506
21.68083938222465,88.27295139400478,2.558578
21.68083938222465,88.28193454684597,3.10921
21.68083938222465,88.29091769968717,3.328378
21.68083938222465,88.29990085252837,3.7148898
21.689822535065847,87.500400249662,0.0
21.689822535065847,87.50938340250319,0.0
21.689822535065847,87.51836655534439,0.0
21.689822535065847,87.52734970818558,0.0
21.689822535065847,87.53633286102678,0.0
21.689822535065847,87.54531601386797,0.0
21.689822535065847,87.55429916670917,0.0
21.689822535065847,87.56328231955037,0.0
21.689822535065847,87.57226547239156,0.0
21.689822535065847,87.58124862523275,0.0
21.689822535065847,87.59023177807394,0.0
21.689822535065847,87.59921493091514,0.0
21.689822535065847,87.60819808375633,0.047901154
21.689822535065847,87.61718123659753,0.0
21.689822535065847,87.62616438943873,0.0
21.689822535065847,87.63514754227992,0.8816147
21.689822535065847,87.64413069512112,1.6871052
21.689822535065847,87.65311384796232,1.9773397
21.689822535065847,87.66209700080351,2.0682554
21.689822535065847,87.67108015364471,1.4039364
21.689822535065847,87.6800633064859,2.1390772
21.689822535065847,87.68904645932709,2.4257708
21.689822535065847,87.69802961216828,3.500838
21.689822535065847,87.70701276500948,3.6950753
21.689822535065847,87.71599591785068,3.9257638
21.689822535065847,87.72497907069187,3.5000608
21.689822535065847,87.73396222353307,1.7058334
21.689822535065847,87.74294537637427,0.778286
21.689822535065847,87.75192852921546,6.318226
21.689822535065847,88.0393894201337,6.3374825
21.689822535065847,88.0483725729749,3.9327168
21.689822535065847,88.0573557258161,2.4081988
21.689822535065847,88.06633887865729,1.7657032
21.689822535065847,88.07532203149849,1.3188715
21.689822535065847,88.08430518433968,0.7340884
21.689822535065847,88.09328833718088,0.7580719
21.689822535065847,88.10227149002208,1.3719172
21.689822535065847,88.11125464286327,1.38795
21.689822535065847,88.12023779570447,1.7516179
21.689822535065847,88.12922094854567,1.858943
21.689822535065847,88.13820410138686,1.8836603
21.689822535065847,88.14718725422806,2.216302
21.689822535065847,88.15617040706924,4.1867795
21.689822535065847,88.18311986559283,6.2130294
21.689822535065847,88.19210301843403,4.5501385
21.689822535065847,88.20108617127522,2.908929
21.689822535065847,88.21006932411642,2.6966145
21.689822535065847,88.21905247695761,2.7505207
21.689822535065847,88.22803562979881,2.8141973
21.689822535065847,88.23701878264,2.5307426
21.689822535065847,88.2460019354812,2.1399536
21.689822535065847,88.2549850883224,2.1088424
21.689822535065847,88.26396824116358,2.3803658
21.689822535065847,88.27295139400478,2.8385646
21.689822535065847,88.28193454684597,3.0075858
21.689822535065847,88.29091769968717,3.2888849
21.689822535065847,88.29990085252837,3.8767977
21.698805687907043,87.500400249662,0.0
21.698805687907043,87.50938340250319,0.0
21.698805687907043,87.51836655534439,0.0
21.698805687907043,87.52734970818558,0.0
21.698805687907043,87.53633286102678,0.0
21.698805687907043,87.54531601386797,0.0
21.698805687907043,87.55429916670917,0.0
21.698805687907043,87.56328231955037,0.0
21.698805687907043,87.57226547239156,0.0
21.698805687907043,87.58124862523275,0.0
21.698805687907043,87.59023177807394,0.0
21.698805687907043,87.59921493091514,0.8598242
21.698805687907043,87.60819808375633,1.1735926
21.698805687907043,87.61718123659753,1.5099673
21.698805687907043,87.62616438943873,1.5102797
21.698805687907043,87.63514754227992,1.6226187
21.698805687907043,87.64413069512112,1.4239907
21.698805687907043,87.65311384796232,1.3649282
21.698805687907043,87.66209700080351,1.2582436
21.698805687907043,87.67108015364471,1.3276963
21.698805687907043,87.6800633064859,1.8544002
21.698805687907043,87.68904645932709,2.4099097
21.698805687907043,87.69802961216828,2.91929
21.698805687907043,87.70701276500948,3.116122
21.698805687907043,87.71599591785068,3.45092
21.698805687907043,87.72497907069187,3.2246702
21.698805687907043,87.73396222353307,3.3497481
21.698805687907043,87.74294537637427,2.54217
21.698805687907043,87.75192852921546,3.9074044
21.698805687907043,87.76091168205666,1.3664083
21.698805687907043,87.76989483489785,0.0
21.698805687907043,87.77887798773905,0.0
21.698805687907043,87.78786114058025,0.0
21.698805687907043,87.79684429342144,0.0
21.698805687907043,88.0483725729749,4.804514
21.698805687907043,88.0573557258161,2.343886
21.698805687907043,88.06633887865729,1.4651308
21.698805687907043,88.07532203149849,1.3825197
21.698805687907043,88.08430518433968,0.9246354
21.698805687907043,88.09328833718088,1.015317
21.698805687907043,88.10227149002208,1.3161821
21.698805687907043,88.11125464286327,1.2640777
21.698805687907043,88.12023779570447,1.6616611
21.698805687907043,88.12922094854567,1.6733985
21.698805687907043,88.13820410138686,1.5637541
21.698805687907043,88.14718725422806,2.0022106
21.698805687907043,88.15617040706924,4.181076
21.698805687907043,88.19210301843403,2.5353732
21.698805687907043,88.20108617127522,4.8070917
21.698805687907043,88.21006932411642,5.0913105
21.698805687907043,88.21905247695761,3.6449044
21.698805687907043,88.22803562979881,2.858808
21.698805687907043,88.23701878264,2.5750527
21.698805687907043,88.2460019354812,1.8257504
21.698805687907043,88.2549850883224,2.1694727
21.698805687907043,88.26396824116358,2.8502474
21.698805687907043,88.27295139400478,3.0807774
21.698805687907043,88.28193454684597,3.3367057
21.698805687907043,88.29091769968717,3.4183903
21.698805687907043,88.29990085252837,5.25342
21.707788840748236,87.500400249662,0.0
21.707788840748236,87.50938340250319,0.0
21.707788840748236,87.51836655534439,0.0
21.707788840748236,87.52734970818558,0.0
21.707788840748236,87.53633286102678,0.0
21.707788840748236,87.54531601386797,0.0
21.707788840748236,87.55429916670917,0.0
21.707788840748236,87.56328231955037,0.0
21.707788840748236,87.57226547239156,0.6267557
21.707788840748236,87.58124862523275,0.43993187
21.707788840748236,87.59023177807394,0.36484194
21.707788840748236,87.59921493091514,0.5815439
21.707788840748236,87.60819808375633,0.4324212
21.707788840748236,87.61718123659753,1.0391865
21.707788840748236,87.62616438943873,1.0254364
21.707788840748236,87.63514754227992,0.8170724
21.707788840748236,87.64413069512112,0.33627796
21.707788840748236,87.65311384796232,0.0
21.707788840748236,87.66209700080351,1.088088
21.707788840748236,87.67108015364471,0.46678114
21.707788840748236,87.6800633064859,1.3952312
21.707788840748236,87.68904645932709,1.8737335
21.707788840748236,87.69802961216828,2.48666
21.707788840748236,87.70701276500948,2.1113486
21.707788840748236,87.71599591785068,2.715057
21.707788840748236,87.72497907069187,2.8172727
21.707788840748236,87.73396222353307,3.00342
21.707788840748236,87.74294537637427,2.6811934
21.707788840748236,87.75192852921546,0.9982743
21.707788840748236,87.76091168205666,1.117763
21.707788840748236,87.76989483489785,0.4925642
21.707788840748236,87.77887798773905,0.93149996
21.707788840748236,87.78786114058025,0.0
21.707788840748236,87.79684429342144,0.0
21.707788840748236,87.80582744626263,0.0
21.707788840748236,87.81481059910382,2.2557492
21.707788840748236,88.0483725729749,5.695998
21.707788840748236,88.0573557258161,2.2166266
21.707788840748236,88.06633887865729,1.9030423
21.707788840748236,88.07532203149849,1.2255554
21.707788840748236,88.08430518433968,0.9290829
21.707788840748236,88.09328833718088,0.7012224
21.707788840748236,88.10227149002208,0.9026232
21.707788840748236,88.11125464286327,1.3919134
21.707788840748236,88.12023779570447,1.4116621
21.707788840748236,88.12922094854567,1.4612207
21.707788840748236,88.13820410138686,1.4502125
21.707788840748236,88.14718725422806,1.6549077
21.707788840748236,88.15617040706924,2.7649045
21.707788840748236,88.19210301843403,2.389595
21.707788840748236,88.20108617127522,2.4698796
21.707788840748236,88.21006932411642,2.8384202
21.707788840748236,88.21905247695761,5.059514
21.707788840748236,88.22803562979881,2.7939703
21.707788840748236,88.23701878264,2.432961
21.707788840748236,88.2460019354812,1.9699988
21.707788840748236,88.2549850883224,2.086534
21.707788840748236,88.26396824116358,2.836721
21.707788840748236,88.27295139400478,3.3431985
21.707788840748236,88.28193454684597,3.4074292
21.707788840748236,88.29091769968717,5.3399825
21.707788840748236,88.29990085252837,5.7387323
21.716771993589433,87.500400249662,0.0
21.716771993589433,87.50938340250319,0.0
21.716771993589433,87.51836655534439,0.0
21.716771993589433,87.52734970818558,0.0
21.716771993589433,87.53633286102678,0.0
21.716771993589433,87.54531601386797,0.0
21.716771993589433,87.55429916670917,0.0
21.716771993589433,87.56328231955037,0.0
21.716771993589433,87.57226547239156,0.0
21.716771993589433,87.58124862523275,0.0
21.716771993589433,87.59023177807394,0.0
21.716771993589433,87.59921493091514,0.1936903
21.716771993589433,87.60819808375633,0.0
21.716771993589433,87.61718123659753,0.0
21.716771993589433,87.62616438943873,0.61234856
21.716771993589433,87.63514754227992,0.6119528
21.716771993589433,87.64413069512112,0.7172947
21.716771993589433,87.65311384796232,0.12643528
21.716771993589433,87.66209700080351,0.0
21.716771993589433,87.67108015364471,0.3446331
21.716771993589433,87.6800633064859,0.8540139
21.716771993589433,87.68904645932709,1.8182425
21.716771993589433,87.69802961216828,1.8929067
21.716771993589433,87.70701276500948,1.6632681
21.716771993589433,87.71599591785068,1.6817884
21.716771993589433,87.72497907069187,1.2165132
21.716771993589433,87.73396222353307,1.8757195
21.716771993589433,87.74294537637427,2.0881915
21.716771993589433,87.75192852921546,2.3107376
21.716771993589433,87.76091168205666,1.8044834
21.716771993589433,87.76989483489785,1.8995543
21.716771993589433,87.77887798773905,1.6193495
21.716771993589433,87.78786114058025,2.3138056
21.716771993589433,87.79684429342144,1.7418256
21.716771993589433,87.80582744626263,0.9837842
21.716771993589433,87.81481059910382,0.0
21.716771993589433,87.82379375194502,2.42592
21.716771993589433,88.0573557258161,5.531701
21.716771993589433,88.06633887865729,1.7844148
21.716771993589433,88.07532203149849,1.1455121
21.716771993589433,88.08430518433968,0.6788235
21.716771993589433,88.09328833718088,0.5707302
21.716771993589433,88.10227149002208,0.0
21.716771993589433,88.11125464286327,0.22967815
21.716771993589433,88.12023779570447,0.48527288
21.716771993589433,88.12922094854567,0.8887582
21.716771993589433,88.13820410138686,1.0661492
21.716771993589433,88.14718725422806,1.3243771
21.716771993589433,88.15617040706924,1.8381228
21.716771993589433,88.16515355991044,3.4506857
21.716771993589433,88.19210301843403,6.474201
21.716771993589433,88.20108617127522,5.568264
21.716771993589433,88.21006932411642,4.5474825
21.716771993589433,88.21905247695761,2.398435
21.716771993589433,88.22803562979881,2.3697782
21.716771993589433,88.23701878264,2.1633244
21.716771993589433,88.2460019354812,2.0136366
21.716771993589433,88.2549850883224,2.641653
21.716771993589433,88.26396824116358,2.9911697
21.716771993589433,88.27295139400478,2.5714822
21.716771993589433,88.28193454684597,5.915217
21.716771993589433,88.29091769968717,3.1423264
21.716771993589433,88.29990085252837,1.819529
21.72575514643063,87.500400249662,0.0
21.72575514643063,87.50938340250319,0.0
21.72575514643063,87.51836655534439,0.0
21.72575514643063,87.52734970818558,0.0
21.72575514643063,87.53633286102678,0.0
21.72575514643063,87.54531601386797,0.0
21.72575514643063,87.55429916670917,0.0
21.72575514643063,87.56328231955037,0.0
21.72575514643063,87.57226547239156,0.0
21.72575514643063,87.58124862523275,0.0
21.72575514643063,87.59023177807394,0.0
21.72575514643063,87.59921493091514,0.0
21.72575514643063,87.60819808375633,0.0
21.72575514643063,87.61718123659753,0.0
21.72575514643063,87.62616438943873,0.044338226
21.72575514643063,87.63514754227992,0.3325367
21.72575514643063,87.64413069512112,0.20586777
21.72575514643063,87.65311384796232,0.0
21.72575514643063,87.66209700080351,0.0
21.72575514643063,87.67108015364471,0.24593925
21.72575514643063,87.6800633064859,0.87024355
21.72575514643063,87.68904645932709,1.2800064
21.72575514643063,87.69802961216828,1.4529433
21.72575514643063,87.70701276500948,1.4123673
21.72575514643063,87.71599591785068,0.9924507
21.72575514643063,87.72497907069187,1.1201429
21.72575514643063,87.73396222353307,1.6199751
21.72575514643063,87.74294537637427,1.8298111
21.72575514643063,87.75192852921546,1.6941795
21.72575514643063,87.76091168205666,1.9472904
21.72575514643063,87.76989483489785,1.7306066
21.72575514643063,87.77887798773905,1.5773897
21.72575514643063,87.78786114058025,1.5658922
21.72575514643063,87.79684429342144,1.798975
21.72575514643063,87.80582744626263,1.6679163
21.72575514643063,87.81481059910382,1.6182065
21.72575514643063,87.82379375194502,0.0
21.72575514643063,87.83277690478621,3.8552952
21.72575514643063,88.06633887865729,3.5420918
21.72575514643063,88.07532203149849,0.91864014
21.72575514643063,88.08430518433968,0.83636475
21.72575514643063,88.09328833718088,0.3429041
21.72575514643063,88.10227149002208,0.0
21.72575514643063,88.11125464286327,0.0
21.72575514643063,88.12023779570447,0.0
21.72575514643063,88.12922094854567,0.48067856
21.72575514643063,88.13820410138686,1.0038385
21.72575514643063,88.14718725422806,1.2748117
21.72575514643063,88.15617040706924,1.9838319
21.72575514643063,88.16515355991044,2.2595139
21.72575514643063,88.17413671275163,6.316545
21.72575514643063,88.19210301843403,5.26842
21.72575514643063,88.20108617127522,6.300686
21.72575514643063,88.21006932411642,4.424514
21.72575514643063,88.21905247695761,2.3311758
21.72575514643063,88.22803562979881,2.0423903
21.72575514643063,88.23701878264,2.0481277
21.72575514643063,88.2460019354812,2.1949682
21.72575514643063,88.2549850883224,2.7497694
21.72575514643063,88.26396824116358,3.642639
21.72575514643063,88.27295139400478,4.587717
21.72575514643063,88.28193454684597,4.4611545
21.72575514643063,88.29091769968717,1.9021916
21.72575514643063,88.29990085252837,2.5887537
21.734738299271825,87.500400249662,0.0
21.734738299271825,87.50938340250319,0.0
21.734738299271825,87.51836655534439,0.0
21.734738299271825,87.52734970818558,0.0
21.734738299271825,87.53633286102678,0.0
21.734738299271825,87.54531601386797,0.0
21.734738299271825,87.55429916670917,0.0
21.734738299271825,87.56328231955037,0.0
21.734738299271825,87.57226547239156,0.0
21.734738299271825,87.58124862523275,0.0
21.734738299271825,87.59023177807394,0.0
21.734738299271825,87.59921493091514,0.0
21.734738299271825,87.60819808375633,0.0
21.734738299271825,87.61718123659753,0.0
21.734738299271825,87.62616438943873,0.0
21.734738299271825,87.63514754227992,0.26086664
21.734738299271825,87.64413069512112,0.105994225
21.734738299271825,87.65311384796232,0.0
21.734738299271825,87.66209700080351,0.0
21.734738299271825,87.67108015364471,0.0
21.734738299271825,87.6800633064859,0.31615162
21.734738299271825,87.68904645932709,0.33365345
21.734738299271825,87.69802961216828,0.0
21.734738299271825,87.70701276500948,0.5114002
21.734738299271825,87.71599591785068,0.3430462
21.734738299271825,87.72497907069187,0.4426918
21.734738299271825,87.73396222353307,0.8479142
21.734738299271825,87.74294537637427,0.9698601
21.734738299271825,87.75192852921546,0.561337
21.734738299271825,87.76091168205666,0.8709836
21.734738299271825,87.76989483489785,0.39190483
21.734738299271825,87.77887798773905,1.0146875
21.734738299271825,87.78786114058025,0.95799255
21.734738299271825,87.79684429342144,1.8744221
21.734738299271825,87.80582744626263,2.3126488
21.734738299271825,87.81481059910382,2.5490165
21.734738299271825,87.82379375194502,2.2814355
21.734738299271825,87.83277690478621,0.0
21.734738299271825,87.84176005762741,6.2942014
21.734738299271825,88.06633887865729,5.236311
21.734738299271825,88.07532203149849,1.543076
21.734738299271825,88.08430518433968,1.0472717
21.734738299271825,88.09328833718088,0.65474844
21.734738299271825,88.10227149002208,0.17378712
21.734738299271825,88.11125464286327,0.0
21.734738299271825,88.12023779570447,0.0
21.734738299271825,88.12922094854567,0.21448994
21.734738299271825,88.13820410138686,0.9258418
21.734738299271825,88.14718725422806,1.518053
21.734738299271825,88.15617040706924,1.5921388
21.734738299271825,88.16515355991044,2.1162596
21.734738299271825,88.17413671275163,4.8975606
21.734738299271825,88.19210301843403,6.520217
21.734738299271825,88.20108617127522,6.317873
21.734738299271825,88.21006932411642,5.518264
21.734738299271825,88.21905247695761,1.9946971
21.734738299271825,88.22803562979881,1.8163924
21.734738299271825,88.23701878264,1.8008795
21.734738299271825,88.2460019354812,1.9996076
21.734738299271825,88.2549850883224,2.364541
21.734738299271825,88.26396824116358,3.245295
21.734738299271825,88.27295139400478,3.8809981
21.734738299271825,88.28193454684597,4.607717
21.734738299271825,88.29091769968717,2.485713
21.734738299271825,88.29990085252837,2.6352444
21.743721452113018,87.500400249662,0.0
21.743721452113018,87.50938340250319,0.0
21.743721452113018,87.51836655534439,0.0
21.743721452113018,87.52734970818558,0.0
21.743721452113018,87.53633286102678,0.0
21.743721452113018,87.54531601386797,0.0
21.743721452113018,87.55429916670917,0.0
21.743721452113018,87.56328231955037,0.0
21.743721452113018,87.57226547239156,0.0
21.743721452113018,87.58124862523275,0.0
21.743721452113018,87.59023177807394,0.0
21.743721452113018,87.59921493091514,0.0
21.743721452113018,87.60819808375633,0.0
21.743721452113018,87.61718123659753,0.0
21.743721452113018,87.62616438943873,0.0
21.743721452113018,87.63514754227992,0.0
21.743721452113018,87.64413069512112,0.0
21.743721452113018,87.65311384796232,0.0
21.743721452113018,87.66209700080351,0.0
21.743721452113018,87.67108015364471,0.0
21.743721452113018,87.6800633064859,0.24754
21.743721452113018,87.68904645932709,0.0
21.743721452113018,87.69802961216828,0.0
21.743721452113018,87.70701276500948,0.5494299
21.743721452113018,87.71599591785068,0.0
21.743721452113018,87.72497907069187,0.038455963
21.743721452113018,87.73396222353307,0.38039684
21.743721452113018,87.74294537637427,0.36406088
21.743721452113018,87.75192852921546,0.3138976
21.743721452113018,87.76091168205666,0.66339254
21.743721452113018,87.76989483489785,0.3346467
21.743721452113018,87.77887798773905,0.813076
21.743721452113018,87.78786114058025,1.342349
21.743721452113018,87.79684429342144,1.8196259
21.743721452113018,87.80582744626263,2.4333344
21.743721452113018,87.81481059910382,2.8158739
21.743721452113018,87.82379375194502,2.7131715
21.743721452113018,87.83277690478621,2.3987098
21.743721452113018,87.84176005762741,2.6212325
21.743721452113018,87.85074321046861,6.177639
21.743721452113018,88.06633887865729,6.161701
21.743721452113018,88.07532203149849,1.4984536
21.743721452113018,88.08430518433968,1.5103168
21.743721452113018,88.09328833718088,0.45178986
21.743721452113018,88.10227149002208,0.33755922
21.743721452113018,88.11125464286327,0.045360565
21.743721452113018,88.12023779570447,0.0
21.743721452113018,88.12922094854567,0.045186996
21.743721452113018,88.13820410138686,0.70910454
21.743721452113018,88.14718725422806,1.2892728
21.743721452113018,88.15617040706924,1.4119577
21.743721452113018,88.16515355991044,1.9112659
21.743721452113018,88.17413671275163,4.39967
21.743721452113018,88.21006932411642,5.9778733
21.743721452113018,88.21905247695761,1.921422
21.743721452113018,88.22803562979881,1.61486
21.743721452113018,88.23701878264,1.9340224
21.743721452113018,88.2460019354812,2.2211876
21.743721452113018,88.2549850883224,2.4251719
21.743721452113018,88.26396824116358,2.6208754
21.743721452113018,88.27295139400478,3.9637325
21.743721452113018,88.28193454684597,5.6831856
21.743721452113018,88.29091769968717,3.2310717
21.743721452113018,88.29990085252837,3.023219
21.752704604954214,87.500400249662,0.0
21.752704604954214,87.50938340250319,0.0
21.752704604954214,87.51836655534439,0.0
21.752704604954214,87.52734970818558,0.0
21.752704604954214,87.53633286102678,0.0
21.752704604954214,87.54531601386797,0.0
21.752704604954214,87.55429916670917,0.0
21.752704604954214,87.56328231955037,0.0
21.752704604954214,87.57226547239156,0.0
21.752704604954214,87.58124862523275,0.0
21.752704604954214,87.59023177807394,0.0
21.752704604954214,87.59921493091514,0.0
21.752704604954214,87.60819808375633,0.0
21.752704604954214,87.61718123659753,0.0
21.752704604954214,87.62616438943873,0.0
21.752704604954214,87.63514754227992,0.0
21.752704604954214,87.64413069512112,0.0
21.752704604954214,87.65311384796232,0.0
21.752704604954214,87.66209700080351,0.0
21.752704604954214,87.67108015364471,0.0
21.752704604954214,87.6800633064859,0.0
21.752704604954214,87.68904645932709,0.0
21.752704604954214,87.69802961216828,0.0
21.752704604954214,87.70701276500948,0.0
21.752704604954214,87.71599591785068,0.0
21.752704604954214,87.72497907069187,0.0
21.752704604954214,87.73396222353307,0.0045318604
21.752704604954214,87.74294537637427,0.0
21.752704604954214,87.75192852921546,0.37436104
21.752704604954214,87.76091168205666,0.0
21.752704604954214,87.76989483489785,0.0
21.752704604954214,87.77887798773905,0.059668064
21.752704604954214,87.78786114058025,0.93654203
21.752704604954214,87.79684429342144,1.0248594
21.752704604954214,87.80582744626263,1.6833286
21.752704604954214,87.81481059910382,1.9410248
21.752704604954214,87.82379375194502,2.5846105
21.752704604954214,87.83277690478621,2.2611408
21.752704604954214,87.84176005762741,1.980432
21.752704604954214,87.85074321046861,2.1539168
21.752704604954214,87.8597263633098,5.629123
21.752704604954214,88.07532203149849,1.4235377
21.752704604954214,88.08430518433968,0.9387727
21.752704604954214,88.09328833718088,0.65596056
21.752704604954214,88.10227149002208,0.3193202
21.752704604954214,88.11125464286327,0.076976776
21.752704604954214,88.12023779570447,0.0
21.752704604954214,88.12922094854567,0.09205532
21.752704604954214,88.13820410138686,0.43697643
21.752704604954214,88.14718725422806,0.8446326
21.752704604954214,88.15617040706924,1.3391633
21.752704604954214,88.16515355991044,1.6219754
21.752704604954214,88.17413671275163,4.2147484
21.752704604954214,88.21006932411642,6.0316234
21.752704604954214,88.21905247695761,1.5530691
21.752704604954214,88.22803562979881,1.8890848
21.752704604954214,88.23701878264,1.225512
21.752704604954214,88.2460019354812,2.7693577
21.752704604954214,88.2549850883224,3.3755295
21.752704604954214,88.26396824116358,3.3831856
21.752704604954214,88.27295139400478,4.062795
21.752704604954214,88.28193454684597,4.2006855
21.752704604954214,88.29091769968717,4.714514
21.752704604954214,88.29990085252837,3.1372094
21.76168775779541,87.500400249662,0.0
21.76168775779541,87.50938340250319,0.0
21.76168775779541,87.51836655534439,0.0
21.76168775779541,87.52734970818558,0.0
21.76168775779541,87.53633286102678,0.0
21.76168775779541,87.54531601386797,0.0
21.76168775779541,87.55429916670917,0.0
21.76168775779541,87.56328231955037,0.0
21.76168775779541,87.57226547239156,0.0
21.76168775779541,87.58124862523275,0.0
21.76168775779541,87.59023177807394,0.0
21.76168775779541,87.59921493091514,0.0
21.76168775779541,87.60819808375633,0.0
21.76168775779541,87.61718123659753,0.0
21.76168775779541,87.62616438943873,0.0
21.76168775779541,87.63514754227992,0.0
21.76168775779541,87.64413069512112,0.0
21.76168775779541,87.65311384796232,0.0
21.76168775779541,87.66209700080351,0.0
21.76168775779541,87.67108015364471,0.0
21.76168775779541,87.6800633064859,0.0
21.76168775779541,87.68904645932709,0.0
21.76168775779541,87.69802961216828,0.0
21.76168775779541,87.70701276500948,0.0
21.76168775779541,87.71599591785068,0.0
21.76168775779541,87.72497907069187,0.0
21.76168775779541,87.73396222353307,0.0
21.76168775779541,87.74294537637427,0.0
21.76168775779541,87.75192852921546,0.0
21.76168775779541,87.76091168205666,0.0
21.76168775779541,87.76989483489785,0.0
21.76168775779541,87.77887798773905,0.141366
21.76168775779541,87.78786114058025,0.02890253
21.76168775779541,87.79684429342144,0.5609646
21.76168775779541,87.80582744626263,0.52966356
21.76168775779541,87.81481059910382,1.4267778
21.76168775779541,87.82379375194502,1.2616796
21.76168775779541,87.83277690478621,1.8537769
21.76168775779541,87.84176005762741,2.0105615
21.76168775779541,87.85074321046861,1.077116
21.76168775779541,87.8597263633098,1.0968838
21.76168775779541,87.868709516151,5.0380297
21.76168775779541,88.07532203149849,1.7290902
21.76168775779541,88.08430518433968,0.9115248
21.76168775779541,88.09328833718088,0.94037294
21.76168775779541,88.10227149002208,0.75125694
21.76168775779541,88.11125464286327,0.36854744
21.76168775779541,88.12023779570447,0.0
21.76168775779541,88.12922094854567,0.12148476
21.76168775779541,88.13820410138686,0.6124091
21.76168775779541,88.14718725422806,0.68184996
21.76168775779541,88.15617040706924,0.8224621
21.76168775779541,88.16515355991044,1.8037777
21.76168775779541,88.17413671275163,4.2110763
21.76168775779541,88.19210301843403,3.87342
21.76168775779541,88.20108617127522,5.748967
21.76168775779541,88.21006932411642,6.755139
21.76168775779541,88.21905247695761,2.8556857
21.76168775779541,88.22803562979881,2.1681857
21.76168775779541,88.23701878264,1.9997482
21.76168775779541,88.2460019354812,2.0616126
21.76168775779541,88.2549850883224,1.8025279
21.76168775779541,88.26396824116358,2.5319028
21.76168775779541,88.27295139400478,3.610139
21.76168775779541,88.28193454684597,4.411389
21.76168775779541,88.29091769968717,5.313264
21.76168775779541,88.29990085252837,3.2399514
21.770670910636603,87.500400249662,0.0
21.770670910636603,87.50938340250319,0.0
21.770670910636603,87.51836655534439,0.0
21.770670910636603,87.52734970818558,0.0
21.770670910636603,87.53633286102678,0.0
21.770670910636603,87.54531601386797,0.0
21.770670910636603,87.55429916670917,0.0
21.770670910636603,87.56328231955037,0.0
21.770670910636603,87.57226547239156,0.0
21.770670910636603,87.58124862523275,0.0
21.770670910636603,87.59023177807394,0.0
21.770670910636603,87.59921493091514,0.0
21.770670910636603,87.60819808375633,0.0
21.770670910636603,87.61718123659753,0.0
21.770670910636603,87.62616438943873,0.0
21.770670910636603,87.63514754227992,0.0
21.770670910636603,87.64413069512112,0.0
21.770670910636603,87.65311384796232,0.0
21.770670910636603,87.66209700080351,0.0
21.770670910636603,87.67108015364471,0.0
21.770670910636603,87.6800633064859,0.0
21.770670910636603,87.68904645932709,0.0
21.770670910636603,87.69802961216828,0.0
21.770670910636603,87.70701276500948,0.0
21.770670910636603,87.71599591785068,0.0
21.770670910636603,87.72497907069187,0.0
21.770670910636603,87.73396222353307,0.0
21.770670910636603,87.74294537637427,0.0
21.770670910636603,87.75192852921546,0.0
21.770670910636603,87.76091168205666,0.0
21.770670910636603,87.76989483489785,0.0
21.770670910636603,87.77887798773905,0.22764969
21.770670910636603,87.78786114058025,0.39721203
21.770670910636603,87.79684429342144,0.36817598
21.770670910636603,87.80582744626263,0.9347439
21.770670910636603,87.81481059910382,1.1283293
21.770670910636603,87.82379375194502,1.1145549
21.770670910636603,87.83277690478621,0.94489384
21.770670910636603,87.84176005762741,0.76948595
21.770670910636603,87.85074321046861,1.0661187
21.770670910636603,87.8597263633098,1.4420948
21.770670910636603,87.868709516151,0.9899359
21.770670910636603,87.8776926689922,4.9436545
21.770670910636603,88.07532203149849,1.7211661
21.770670910636603,88.08430518433968,1.3628764
21.770670910636603,88.09328833718088,0.96282244
21.770670910636603,88.10227149002208,1.0807371
21.770670910636603,88.11125464286327,0.7241101
21.770670910636603,88.12023779570447,0.20681524
21.770670910636603,88.12922094854567,0.14380169
21.770670910636603,88.13820410138686,0.5814209
21.770670910636603,88.14718725422806,0.680213
21.770670910636603,88.15617040706924,0.9414644
21.770670910636603,88.16515355991044,1.4108152
21.770670910636603,88.17413671275163,4.455451
21.770670910636603,88.19210301843403,6.526545
21.770670910636603,88.20108617127522,6.7131076
21.770670910636603,88.21905247695761,3.117795
21.770670910636603,88.22803562979881,1.8016748
21.770670910636603,88.23701878264,2.1196432
21.770670910636603,88.2460019354812,2.2814975
21.770670910636603,88.2549850883224,2.7762835
21.770670910636603,88.26396824116358,3.7648263
21.770670910636603,88.27295139400478,3.6625607
21.770670910636603,88.28193454684597,4.97592
21.770670910636603,88.29091769968717,4.922326
21.770670910636603,88.29990085252837,4.812795
21.7796540634778,87.500400249662,0.0
21.7796540634778,87.50938340250319,0.0
21.7796540634778,87.51836655534439,0.0
21.7796540634778,87.52734970818558,0.0
21.7796540634778,87.53633286102678,0.0
21.7796540634778,87.54531601386797,0.0
21.7796540634778,87.55429916670917,0.0
21.7796540634778,87.56328231955037,0.0
21.7796540634778,87.57226547239156,0.0
21.7796540634778,87.58124862523275,0.0
21.7796540634778,87.59023177807394,0.0
21.7796540634778,87.59921493091514,0.0
21.7796540634778,87.60819808375633,0.0
21.7796540634778,87.61718123659753,0.0
21.7796540634778,87.62616438943873,0.0
21.7796540634778,87.63514754227992,0.0
21.7796540634778,87.64413069512112,0.0
21.7796540634778,87.65311384796232,0.0
21.7796540634778,87.66209700080351,0.0
21.7796540634778,87.67108015364471,0.0
21.7796540634778,87.6800633064859,0.0
21.7796540634778,87.68904645932709,0.0
21.7796540634778,87.69802961216828,0.0
21.7796540634778,87.70701276500948,0.0
21.7796540634778,87.71599591785068,0.0
21.7796540634778,87.72497907069187,0.0
21.7796540634778,87.73396222353307,0.0
21.7796540634778,87.74294537637427,0.0
21.7796540634778,87.75192852921546,0.0
21.7796540634778,87.76091168205666,0.0
21.7796540634778,87.76989483489785,0.0
21.7796540634778,87.77887798773905,0.0
21.7796540634778,87.78786114058025,0.0
21.7796540634778,87.79684429342144,0.0
21.7796540634778,87.80582744626263,0.0
21.7796540634778,87.81481059910382,0.0
21.7796540634778,87.82379375194502,0.17561054
21.7796540634778,87.83277690478621,0.027447224
21.7796540634778,87.84176005762741,0.9277196
21.7796540634778,87.85074321046861,1.075078
21.7796540634778,87.8597263633098,1.1835461
21.7796540634778,87.868709516151,1.5714002
21.7796540634778,87.8776926689922,2.4918532
21.7796540634778,87.88667582183339,5.014123
21.7796540634778,88.07532203149849,3.2797482
21.7796540634778,88.08430518433968,1.3948054
21.7796540634778,88.09328833718088,1.2660141
21.7796540634778,88.10227149002208,0.9070649
21.7796540634778,88.11125464286327,0.6830511
21.7796540634778,88.12023779570447,0.12849045
21.7796540634778,88.12922094854567,0.2234335
21.7796540634778,88.13820410138686,0.67456865
21.7796540634778,88.14718725422806,1.1742201
21.7796540634778,88.15617040706924,1.5984802
21.7796540634778,88.16515355991044,1.1361337
21.7796540634778,88.17413671275163,5.1003733
21.7796540634778,88.21006932411642,7.0117793
21.7796540634778,88.21905247695761,2.9729514
21.7796540634778,88.22803562979881,2.101915
21.7796540634778,88.23701878264,1.8208561
21.7796540634778,88.2460019354812,2.8207033
21.7796540634778,88.2549850883224,3.6884983
21.7796540634778,88.26396824116358,3.8576388
21.7796540634778,88.27295139400478,4.317951
21.7796540634778,88.28193454684597,3.2572274
21.7796540634778,88.29091769968717,5.076389
21.7796540634778,88.29990085252837,4.328108
21.788637216318996,87.500400249662,0.0
21.788637216318996,87.50938340250319,0.0
21.788637216318996,87.51836655534439,0.0
21.788637216318996,87.52734970818558,0.0
21.788637216318996,87.53633286102678,0.0
21.788637216318996,87.54531601386797,0.0
21.788637216318996,87.55429916670917,0.0
21.788637216318996,87.56328231955037,0.0
21.788637216318996,87.57226547239156,0.0
21.788637216318996,87.58124862523275,0.0
21.788637216318996,87.59023177807394,0.0
21.788637216318996,87.59921493091514,0.0
21.788637216318996,87.60819808375633,0.0
21.788637216318996,87.61718123659753,0.0
21.788637216318996,87.62616438943873,0.0
21.788637216318996,87.63514754227992,0.0
21.788637216318996,87.64413069512112,0.0
21.788637216318996,87.65311384796232,0.0
21.788637216318996,87.66209700080351,0.0
21.788637216318996,87.67108015364471,0.0
21.788637216318996,87.6800633064859,0.0
21.788637216318996,87.68904645932709,0.0
21.788637216318996,87.69802961216828,0.0
21.788637216318996,87.70701276500948,0.0
21.788637216318996,87.71599591785068,0.0
21.788637216318996,87.72497907069187,0.0
21.788637216318996,87.73396222353307,0.0
21.788637216318996,87.74294537637427,0.0
21.788637216318996,87.75192852921546,0.0
21.788637216318996,87.76091168205666,0.0
21.788637216318996,87.76989483489785,0.0
21.788637216318996,87.77887798773905,0.0
21.788637216318996,87.78786114058025,0.0
21.788637216318996,87.79684429342144,0.0
21.788637216318996,87.80582744626263,0.0
21.788637216318996,87.81481059910382,0.0
21.788637216318996,87.82379375194502,0.024822235
21.788637216318996,87.83277690478621,0.0
21.788637216318996,87.84176005762741,0.0
21.788637216318996,87.85074321046861,0.0
21.788637216318996,87.8597263633098,0.0
21.788637216318996,87.868709516151,0.656466
21.788637216318996,87.8776926689922,1.7017646
21.788637216318996,87.88667582183339,3.197717
21.788637216318996,88.07532203149849,5.6738887
21.788637216318996,88.08430518433968,1.6204939
21.788637216318996,88.09328833718088,1.2107835
21.788637216318996,88.10227149002208,0.9359884
21.788637216318996,88.11125464286327,0.70884943
21.788637216318996,88.12023779570447,0.4837265
21.788637216318996,88.12922094854567,0.45928
21.788637216318996,88.13820410138686,0.8193097
21.788637216318996,88.14718725422806,1.3246517
21.788637216318996,88.15617040706924,1.6150718
21.788637216318996,88.16515355991044,1.2398005
21.788637216318996,88.17413671275163,6.572248
21.788637216318996,88.18311986559283,5.4156075
21.788637216318996,88.21006932411642,5.79842
21.788637216318996,88.21905247695761,2.427312
21.788637216318996,88.22803562979881,1.7026587
21.788637216318996,88.23701878264,2.2478242
21.788637216318996,88.2460019354812,3.0648093
21.788637216318996,88.2549850883224,4.0249825
21.788637216318996,88.26396824116358,3.76217
21.788637216318996,88.27295139400478,3.5056858
21.788637216318996,88.28193454684597,3.686623
21.788637216318996,88.29091769968717,4.2106075
21.788637216318996,88.29990085252837,3.242615
21.79762036916019,87.500400249662,0.0
21.79762036916019,87.50938340250319,0.0
21.79762036916019,87.51836655534439,0.0
21.79762036916019,87.52734970818558,0.0
21.79762036916019,87.53633286102678,0.0
21.79762036916019,87.54531601386797,0.0
21.79762036916019,87.55429916670917,0.0
21.79762036916019,87.56328231955037,0.0
21.79762036916019,87.57226547239156,0.0
21.79762036916019,87.58124862523275,0.0
21.79762036916019,87.59023177807394,0.0
21.79762036916019,87.59921493091514,0.0
21.79762036916019,87.60819808375633,0.0
21.79762036916019,87.61718123659753,0.0
21.79762036916019,87.62616438943873,0.0
21.79762036916019,87.63514754227992,0.0
21.79762036916019,87.64413069512112,0.0
21.79762036916019,87.65311384796232,0.0
21.79762036916019,87.66209700080351,0.0
21.79762036916019,87.67108015364471,0.0
21.79762036916019,87.6800633064859,0.0
21.79762036916019,87.68904645932709,0.0
21.79762036916019,87.69802961216828,0.0
21.79762036916019,87.70701276500948,0.0
21.79762036916019,87.71599591785068,0.0
21.79762036916019,87.72497907069187,0.0
21.79762036916019,87.73396222353307,0.0
21.79762036916019,87.74294537637427,0.0
21.79762036916019,87.75192852921546,0.0
21.79762036916019,87.76091168205666,0.0
21.79762036916019,87.76989483489785,0.0
21.79762036916019,87.77887798773905,0.0
21.79762036916019,87.78786114058025,0.0
21.79762036916019,87.79684429342144,0.0
21.79762036916019,87.80582744626263,0.0
21.79762036916019,87.81481059910382,0.0
21.79762036916019,87.82379375194502,0.0
21.79762036916019,87.83277690478621,0.0
21.79762036916019,87.84176005762741,0.0
21.79762036916019,87.85074321046861,0.0
21.79762036916019,87.8597263633098,0.5035758
21.79762036916019,87.868709516151,0.2772398
21.79762036916019,87.8776926689922,2.6472483
21.79762036916019,87.88667582183339,3.70092
21.79762036916019,87.89565897467459,0.8373265
21.79762036916019,87.90464212751579,3.3849044
21.79762036916019,87.91362528035698,4.330217
21.79762036916019,88.08430518433968,3.3559983
21.79762036916019,88.09328833718088,1.0976305
21.79762036916019,88.10227149002208,0.7262063
21.79762036916019,88.11125464286327,0.5155535
21.79762036916019,88.12023779570447,0.3817196
21.79762036916019,88.12922094854567,0.3017807
21.79762036916019,88.13820410138686,0.6732044
21.79762036916019,88.14718725422806,1.3229876
21.79762036916019,88.15617040706924,1.6587863
21.79762036916019,88.16515355991044,3.1609514
21.79762036916019,88.17413671275163,4.0261545
21.79762036916019,88.18311986559283,6.2303734
21.79762036916019,88.21006932411642,4.308655
21.79762036916019,88.21905247695761,2.0371614
21.79762036916019,88.22803562979881,1.9138627
21.79762036916019,88.23701878264,2.26085
21.79762036916019,88.2460019354812,2.6690142
21.79762036916019,88.2549850883224,3.87717
21.79762036916019,88.26396824116358,4.18717
21.79762036916019,88.27295139400478,3.832092
21.79762036916019,88.28193454684597,3.0371141
21.79762036916019,88.29091769968717,2.9355485
21.79762036916019,88.29990085252837,3.004064
21.806603522001385,87.500400249662,0.0
21.806603522001385,87.50938340250319,0.0
21.806603522001385,87.51836655534439,0.0
21.806603522001385,87.52734970818558,0.0
21.806603522001385,87.53633286102678,0.0
21.806603522001385,87.54531601386797,0.0
21.806603522001385,87.55429916670917,0.0
21.806603522001385,87.56328231955037,0.0
21.806603522001385,87.57226547239156,0.0
21.806603522001385,87.58124862523275,0.0
21.806603522001385,87.59023177807394,0.0
21.806603522001385,87.59921493091514,0.0
21.806603522001385,87.60819808375633,0.0
21.806603522001385,87.61718123659753,0.0
21.806603522001385,87.62616438943873,0.0
21.806603522001385,87.63514754227992,0.0
21.806603522001385,87.64413069512112,0.0
21.806603522001385,87.65311384796232,0.0
21.806603522001385,87.66209700080351,0.0
21.806603522001385,87.67108015364471,0.0
21.806603522001385,87.6800633064859,0.0
21.806603522001385,87.68904645932709,0.0
21.806603522001385,87.69802961216828,0.0
21.806603522001385,87.70701276500948,0.0
21.806603522001385,87.71599591785068,0.0
21.806603522001385,87.72497907069187,0.0
21.806603522001385,87.73396222353307,0.0
21.806603522001385,87.74294537637427,0.0
21.806603522001385,87.75192852921546,0.0
21.806603522001385,87.76091168205666,0.0
21.806603522001385,87.76989483489785,0.0
21.806603522001385,87.77887798773905,0.0
21.806603522001385,87.78786114058025,0.0
21.806603522001385,87.79684429342144,0.0
21.806603522001385,87.80582744626263,0.0
21.806603522001385,87.81481059910382,0.0
21.806603522001385,87.82379375194502,0.0
21.806603522001385,87.83277690478621,0.0
21.806603522001385,87.84176005762741,0.97702694
21.806603522001385,87.85074321046861,0.95656395
21.806603522001385,87.8597263633098,2.106647
21.806603522001385,87.868709516151,1.9381208
21.806603522001385,87.8776926689922,3.805295
21.806603522001385,87.88667582183339,1.545136
21.806603522001385,87.89565897467459,0.0
21.806603522001385,87.90464212751579,0.0
21.806603522001385,87.91362528035698,0.0
21.806603522001385,87.92260843319816,2.170217
21.806603522001385,88.08430518433968,5.5493574
21.806603522001385,88.09328833718088,1.1889048
21.806603522001385,88.10227149002208,0.45462894
21.806603522001385,88.11125464286327,0.15220165
21.806603522001385,88.12023779570447,0.17860222
21.806603522001385,88.12922094854567,0.50322104
21.806603522001385,88.13820410138686,0.7574587
21.806603522001385,88.14718725422806,1.342308
21.806603522001385,88.15617040706924,1.423173
21.806603522001385,88.16515355991044,3.0888054
21.806603522001385,88.17413671275163,4.9526386
21.806603522001385,88.20108617127522,6.910061
21.806603522001385,88.21006932411642,2.7737687
21.806603522001385,88.21905247695761,2.2056446
21.806603522001385,88.22803562979881,2.0878267
21.806603522001385,88.23701878264,2.1039586
21.806603522001385,88.2460019354812,2.5083394
21.806603522001385,88.2549850883224,2.7879512
21.806603522001385,88.26396824116358,2.748342
21.806603522001385,88.27295139400478,2.869511
21.806603522001385,88.28193454684597,2.3469725
21.806603522001385,88.29091769968717,2.7484694
21.806603522001385,88.29990085252837,2.9481647
21.81558667484258,87.500400249662,0.0
21.81558667484258,87.50938340250319,0.0
21.81558667484258,87.51836655534439,0.0
21.81558667484258,87.52734970818558,0.0
21.81558667484258,87.53633286102678,0.0
21.81558667484258,87.54531601386797,0.0
21.81558667484258,87.55429916670917,0.0
21.81558667484258,87.56328231955037,0.0
21.81558667484258,87.57226547239156,0.0
21.81558667484258,87.58124862523275,0.0
21.81558667484258,87.59023177807394,0.0
21.81558667484258,87.59921493091514,0.0
21.81558667484258,87.60819808375633,0.0
21.81558667484258,87.61718123659753,0.0
21.81558667484258,87.62616438943873,0.0
21.81558667484258,87.63514754227992,0.0
21.81558667484258,87.64413069512112,0.0
21.81558667484258,87.65311384796232,0.0
21.81558667484258,87.66209700080351,0.0
21.81558667484258,87.67108015364471,0.0
21.81558667484258,87.6800633064859,0.0
21.81558667484258,87.68904645932709,0.0
21.81558667484258,87.69802961216828,0.0
21.81558667484258,87.70701276500948,0.0
21.81558667484258,87.71599591785068,0.0
21.81558667484258,87.72497907069187,0.0
21.81558667484258,87.73396222353307,0.0
21.81558667484258,87.74294537637427,0.0
21.81558667484258,87.75192852921546,0.0
21.81558667484258,87.76091168205666,0.0
21.81558667484258,87.76989483489785,0.0
21.81558667484258,87.77887798773905,0.0
21.81558667484258,87.78786114058025,0.0
21.81558667484258,87.79684429342144,0.0
21.81558667484258,87.80582744626263,0.0
21.81558667484258,87.81481059910382,0.0
21.81558667484258,87.82379375194502,0.0
21.81558667484258,87.83277690478621,0.06792116
21.81558667484258,87.84176005762741,1.537499
21.81558667484258,87.85074321046861,1.4807739
21.81558667484258,87.8597263633098,1.4018607
21.81558667484258,87.868709516151,3.3398263
21.81558667484258,87.8776926689922,2.4363298
21.81558667484258,87.88667582183339,1.683075
21.81558667484258,87.89565897467459,1.7297459
21.81558667484258,87.90464212751579,1.4842772
21.81558667484258,87.91362528035698,0.5250282
21.81558667484258,87.92260843319816,0.0
21.81558667484258,87.93159158603936,2.860139
21.81558667484258,88.09328833718088,3.392717
21.81558667484258,88.10227149002208,0.85139227
21.81558667484258,88.11125464286327,0.82655525
21.81558667484258,88.12023779570447,0.41068268
21.81558667484258,88.12922094854567,0.83627033
21.81558667484258,88.13820410138686,0.87642
21.81558667484258,88.14718725422806,1.4477792
21.81558667484258,88.15617040706924,1.7367468
21.81558667484258,88.16515355991044,1.530611
21.81558667484258,88.17413671275163,4.1244354
21.81558667484258,88.20108617127522,5.170139
21.81558667484258,88.21006932411642,2.035533
21.81558667484258,88.21905247695761,2.0768828
21.81558667484258,88.22803562979881,1.9171238
21.81558667484258,88.23701878264,2.2483387
21.81558667484258,88.2460019354812,2.5363011
21.81558667484258,88.2549850883224,2.4992337
21.81558667484258,88.26396824116358,3.10592
21.81558667484258,88.27295139400478,2.5799236
21.81558667484258,88.28193454684597,3.2309234
21.81558667484258,88.29091769968717,2.904439
21.81558667484258,88.29990085252837,2.9845068
21.824569827683774,87.500400249662,0.0
21.824569827683774,87.50938340250319,0.0
21.824569827683774,87.51836655534439,0.0
21.824569827683774,87.52734970818558,0.0
21.824569827683774,87.53633286102678,0.0
21.824569827683774,87.54531601386797,0.0
21.824569827683774,87.55429916670917,0.0
21.824569827683774,87.56328231955037,0.0
21.824569827683774,87.57226547239156,0.0
21.824569827683774,87.58124862523275,0.0
21.824569827683774,87.59023177807394,0.0
21.824569827683774,87.59921493091514,0.0
21.824569827683774,87.60819808375633,0.0
21.824569827683774,87.61718123659753,0.0
21.824569827683774,87.62616438943873,0.0
21.824569827683774,87.63514754227992,0.0
21.824569827683774,87.64413069512112,0.0
21.824569827683774,87.65311384796232,0.0
21.824569827683774,87.66209700080351,0.0
21.824569827683774,87.67108015364471,0.0
21.824569827683774,87.6800633064859,0.0
21.824569827683774,87.68904645932709,0.0
21.824569827683774,87.69802961216828,0.0
21.824569827683774,87.70701276500948,0.0
21.824569827683774,87.71599591785068,0.0
21.824569827683774,87.72497907069187,0.0
21.824569827683774,87.73396222353307,0.0
21.824569827683774,87.74294537637427,0.0
21.824569827683774,87.75192852921546,0.0
21.824569827683774,87.76091168205666,0.0
21.824569827683774,87.76989483489785,0.0
21.824569827683774,87.77887798773905,0.0
21.824569827683774,87.78786114058025,0.0
21.824569827683774,87.79684429342144,0.0
21.824569827683774,87.80582744626263,0.0
21.824569827683774,87.81481059910382,0.0
21.824569827683774,87.82379375194502,0.0
21.824569827683774,87.83277690478621,0.14233208
21.824569827683774,87.84176005762741,1.2697945
21.824569827683774,87.85074321046861,1.3344641
21.824569827683774,87.8597263633098,2.2138205
21.824569827683774,87.868709516151,3.7146702
21.824569827683774,87.8776926689922,1.3198357
21.824569827683774,87.88667582183339,0.49924183
21.824569827683774,87.89565897467459,0.13402605
21.824569827683774,87.90464212751579,0.9166894
21.824569827683774,87.91362528035698,1.3229446
21.824569827683774,87.92260843319816,1.8040991
21.824569827683774,87.93159158603936,1.2753582
21.824569827683774,87.94057473888056,2.983342
21.824569827683774,87.94955789172175,5.991389
21.824569827683774,88.09328833718088,6.229592
21.824569827683774,88.10227149002208,1.188117
21.824569827683774,88.11125464286327,1.3785524
21.824569827683774,88.12023779570447,0.89583635
21.824569827683774,88.12922094854567,0.60835123
21.824569827683774,88.13820410138686,0.801301
21.824569827683774,88.14718725422806,1.0941548
21.824569827683774,88.15617040706924,1.3774137
21.824569827683774,88.16515355991044,2.662092
21.824569827683774,88.17413671275163,6.9320917
21.824569827683774,88.18311986559283,6.874748
21.824569827683774,88.19210301843403,7.2881074
21.824569827683774,88.20108617127522,3.5317795
21.824569827683774,88.21006932411642,2.2945232
21.824569827683774,88.21905247695761,1.8586826
21.824569827683774,88.22803562979881,1.2044816
21.824569827683774,88.23701878264,2.0663528
21.824569827683774,88.2460019354812,2.3032875
21.824569827683774,88.2549850883224,2.4345713
21.824569827683774,88.26396824116358,2.733342
21.824569827683774,88.27295139400478,3.4016232
21.824569827683774,88.28193454684597,4.63678
21.824569827683774,88.29091769968717,4.711858
21.824569827683774,88.29990085252837,4.073654
21.83355298052497,87.500400249662,0.0
21.83355298052497,87.50938340250319,0.0
21.83355298052497,87.51836655534439,0.0
21.83355298052497,87.52734970818558,0.0
21.83355298052497,87.53633286102678,0.0
21.83355298052497,87.54531601386797,0.0
21.83355298052497,87.55429916670917,0.0
21.83355298052497,87.56328231955037,0.0
21.83355298052497,87.57226547239156,0.0
21.83355298052497,87.58124862523275,0.0
21.83355298052497,87.59023177807394,0.0
21.83355298052497,87.59921493091514,0.0
21.83355298052497,87.60819808375633,0.0
21.83355298052497,87.61718123659753,0.0
21.83355298052497,87.62616438943873,0.0
21.83355298052497,87.63514754227992,0.0
21.83355298052497,87.64413069512112,0.0
21.83355298052497,87.65311384796232,0.0
21.83355298052497,87.66209700080351,0.0
21.83355298052497,87.67108015364471,0.0
21.83355298052497,87.6800633064859,0.0
21.83355298052497,87.68904645932709,0.0
21.83355298052497,87.69802961216828,0.0
21.83355298052497,87.70701276500948,0.0
21.83355298052497,87.71599591785068,0.0
21.83355298052497,87.72497907069187,0.0
21.83355298052497,87.73396222353307,0.0
21.83355298052497,87.74294537637427,0.0
21.83355298052497,87.75192852921546,0.0
21.83355298052497,87.76091168205666,0.0
21.83355298052497,87.76989483489785,0.0
21.83355298052497,87.77887798773905,0.0
21.83355298052497,87.78786114058025,0.0
21.83355298052497,87.79684429342144,0.0
21.83355298052497,87.80582744626263,0.0
21.83355298052497,87.81481059910382,0.0
21.83355298052497,87.82379375194502,0.2918315
21.83355298052497,87.83277690478621,0.093299866
21.83355298052497,87.84176005762741,0.94243336
21.83355298052497,87.85074321046861,1.5053592
21.83355298052497,87.8597263633098,1.4553165
21.83355298052497,87.868709516151,2.6001387
21.83355298052497,87.8776926689922,1.6341624
21.83355298052497,87.88667582183339,1.0038319
21.83355298052497,87.89565897467459,0.71841574
21.83355298052497,87.90464212751579,0.5655017
21.83355298052497,87.91362528035698,0.78088
21.83355298052497,87.92260843319816,1.4978681
21.83355298052497,87.93159158603936,1.2874994
21.83355298052497,87.94057473888056,0.9323187
21.83355298052497,87.94955789172175,1.3365664
21.83355298052497,88.10227149002208,6.2832637
21.83355298052497,88.11125464286327,1.7587719
21.83355298052497,88.12023779570447,1.2794285
21.83355298052497,88.12922094854567,0.8422837
21.83355298052497,88.13820410138686,1.9681001
21.83355298052497,88.14718725422806,2.3058028
21.83355298052497,88.15617040706924,6.0561543
21.83355298052497,88.19210301843403,3.3219357
21.83355298052497,88.20108617127522,2.4310975
21.83355298052497,88.21006932411642,1.7966871
21.83355298052497,88.21905247695761,1.3927565
21.83355298052497,88.22803562979881,1.4031901
21.83355298052497,88.23701878264,1.7365417
21.83355298052497,88.2460019354812,2.3551345
21.83355298052497,88.2549850883224,2.231439
21.83355298052497,88.26396824116358,2.1718502
21.83355298052497,88.27295139400478,2.4420457
21.83355298052497,88.28193454684597,2.5254722
21.83355298052497,88.29091769968717,3.359
21.83355298052497,88.29990085252837,3.2734416
21.842536133366167,87.500400249662,0.0
21.842536133366167,87.50938340250319,0.0
21.842536133366167,87.51836655534439,0.0
21.842536133366167,87.52734970818558,0.0
21.842536133366167,87.53633286102678,0.0
21.842536133366167,87.54531601386797,0.0
21.842536133366167,87.55429916670917,0.0
21.842536133366167,87.56328231955037,0.0
21.842536133366167,87.57226547239156,0.0
21.842536133366167,87.58124862523275,0.0
21.842536133366167,87.59023177807394,0.0
21.842536133366167,87.59921493091514,0.0
21.842536133366167,87.60819808375633,0.0
21.842536133366167,87.61718123659753,0.0
21.842536133366167,87.62616438943873,0.0
21.842536133366167,87.63514754227992,0.0
21.842536133366167,87.64413069512112,0.0
21.842536133366167,87.65311384796232,0.0
21.842536133366167,87.66209700080351,0.0
21.842536133366167,87.67108015364471,0.0
21.842536133366167,87.6800633064859,0.0
21.842536133366167,87.68904645932709,0.0
21.842536133366167,87.69802961216828,0.0
21.842536133366167,87.70701276500948,0.0
21.842536133366167,87.71599591785068,0.0
21.842536133366167,87.72497907069187,0.0
21.842536133366167,87.73396222353307,0.0
21.842536133366167,87.74294537637427,0.0
21.842536133366167,87.75192852921546,0.0
21.842536133366167,87.76091168205666,0.0
21.842536133366167,87.76989483489785,0.0
21.842536133366167,87.77887798773905,0.0
21.842536133366167,87.78786114058025,0.0
21.842536133366167,87.79684429342144,0.0
21.842536133366167,87.80582744626263,0.30188417
21.842536133366167,87.81481059910382,0.1179328
21.842536133366167,87.82379375194502,0.6488695
21.842536133366167,87.83277690478621,0.9132438
21.842536133366167,87.84176005762741,1.6317225
21.842536133366167,87.85074321046861,1.6967053
21.842536133366167,87.8597263633098,1.6242285
21.842536133366167,87.868709516151,2.7225606
21.842536133366167,87.8776926689922,1.903213
21.842536133366167,87.88667582183339,2.023265
21.842536133366167,87.89565897467459,1.2966795
21.842536133366167,87.90464212751579,0.6899371
21.842536133366167,87.91362528035698,0.6974716
21.842536133366167,87.92260843319816,1.2816668
21.842536133366167,87.93159158603936,1.3509068
21.842536133366167,87.94057473888056,0.9998822
21.842536133366167,87.94955789172175,1.4732652
21.842536133366167,87.95854104456295,3.3409982
21.842536133366167,88.11125464286327,4.869201
21.842536133366167,88.12023779570447,1.6197753
21.842536133366167,88.12922094854567,1.3134799
21.842536133366167,88.13820410138686,1.8751659
21.842536133366167,88.14718725422806,3.0266232
21.842536133366167,88.18311986559283,6.705529
21.842536133366167,88.19210301843403,3.0096102
21.842536133366167,88.20108617127522,1.9332652
21.842536133366167,88.21006932411642,1.9104295
21.842536133366167,88.21905247695761,1.8228283
21.842536133366167,88.22803562979881,1.1399145
21.842536133366167,88.23701878264,1.5924258
21.842536133366167,88.2460019354812,1.8129439
21.842536133366167,88.2549850883224,2.5190463
21.842536133366167,88.26396824116358,2.5012598
21.842536133366167,88.27295139400478,2.6664944
21.842536133366167,88.28193454684597,2.64876
21.842536133366167,88.29091769968717,2.4154787
21.842536133366167,88.29990085252837,2.258265
21.85151928620736,87.500400249662,0.0
21.85151928620736,87.50938340250319,0.0
21.85151928620736,87.51836655534439,0.0
21.85151928620736,87.52734970818558,0.0
21.85151928620736,87.53633286102678,0.0
21.85151928620736,87.54531601386797,0.0
21.85151928620736,87.55429916670917,0.0
21.85151928620736,87.56328231955037,0.0
21.85151928620736,87.57226547239156,0.0
21.85151928620736,87.58124862523275,0.0
21.85151928620736,87.59023177807394,0.0
21.85151928620736,87.59921493091514,0.0
21.85151928620736,87.60819808375633,0.0
21.85151928620736,87.61718123659753,0.0
21.85151928620736,87.62616438943873,0.0
21.85151928620736,87.63514754227992,0.0
21.85151928620736,87.64413069512112,0.0
21.85151928620736,87.65311384796232,0.0
21.85151928620736,87.66209700080351,0.0
21.85151928620736,87.67108015364471,0.0
21.85151928620736,87.6800633064859,0.0
21.85151928620736,87.68904645932709,0.0
21.85151928620736,87.69802961216828,0.0
21.85151928620736,87.70701276500948,0.0
21.85151928620736,87.71599591785068,0.0
21.85151928620736,87.72497907069187,0.0
21.85151928620736,87.73396222353307,0.0
21.85151928620736,87.74294537637427,0.0
21.85151928620736,87.75192852921546,0.0
21.85151928620736,87.76091168205666,0.0
21.85151928620736,87.76989483489785,0.0
21.85151928620736,87.77887798773905,0.0
21.85151928620736,87.78786114058025,0.0
21.85151928620736,87.79684429342144,0.0
21.85151928620736,87.80582744626263,0.0
21.85151928620736,87.81481059910382,0.0
21.85151928620736,87.82379375194502,0.71190596
21.85151928620736,87.83277690478621,1.2683115
21.85151928620736,87.84176005762741,1.5556989
21.85151928620736,87.85074321046861,1.8947577
21.85151928620736,87.8597263633098,2.1502504
21.85151928620736,87.868709516151,2.0180292
21.85151928620736,87.8776926689922,2.572795
21.85151928620736,87.88667582183339,1.7967348
21.85151928620736,87.89565897467459,1.6973486
21.85151928620736,87.90464212751579,1.1675892
21.85151928620736,87.91362528035698,0.3990178
21.85151928620736,87.92260843319816,0.0
21.85151928620736,87.93159158603936,0.084905624
21.85151928620736,87.94057473888056,0.42312002
21.85151928620736,87.94955789172175,0.90974665
21.85151928620736,87.95854104456295,2.4098158
21.85151928620736,87.96752419740415,3.902795
21.85151928620736,88.11125464286327,7.6971703
21.85151928620736,88.12023779570447,2.8050306
21.85151928620736,88.12922094854567,1.5367112
21.85151928620736,88.13820410138686,1.4393911
21.85151928620736,88.14718725422806,3.603967
21.85151928620736,88.17413671275163,7.9669356
21.85151928620736,88.18311986559283,4.8515453
21.85151928620736,88.19210301843403,2.970364
21.85151928620736,88.20108617127522,2.746509
21.85151928620736,88.21006932411642,2.0274954
21.85151928620736,88.21905247695761,1.0563121
21.85151928620736,88.22803562979881,1.7058296
21.85151928620736,88.23701878264,1.9349813
21.85151928620736,88.2460019354812,2.2151484
21.85151928620736,88.2549850883224,2.4813442
21.85151928620736,88.26396824116358,3.337092
21.85151928620736,88.27295139400478,3.7991233
21.85151928620736,88.28193454684597,3.7281075
21.85151928620736,88.29091769968717,3.2341232
21.85151928620736,88.29990085252837,2.1793127
21.860502439048556,87.500400249662,0.0
21.860502439048556,87.50938340250319,0.0
21.860502439048556,87.51836655534439,0.0
21.860502439048556,87.52734970818558,0.0
21.860502439048556,87.53633286102678,0.0
21.860502439048556,87.54531601386797,0.0
21.860502439048556,87.55429916670917,0.0
21.860502439048556,87.56328231955037,0.0
21.860502439048556,87.57226547239156,0.0
21.860502439048556,87.58124862523275,0.0
21.860502439048556,87.59023177807394,0.0
21.860502439048556,87.59921493091514,0.0
21.860502439048556,87.60819808375633,0.0
21.860502439048556,87.61718123659753,0.0
21.860502439048556,87.62616438943873,0.0
21.860502439048556,87.63514754227992,0.0
21.860502439048556,87.64413069512112,0.0
21.860502439048556,87.65311384796232,0.0
21.860502439048556,87.66209700080351,0.0
21.860502439048556,87.67108015364471,0.0
21.860502439048556,87.6800633064859,0.0
21.860502439048556,87.68904645932709,0.0
21.860502439048556,87.69802961216828,0.0
21.860502439048556,87.70701276500948,0.0
21.860502439048556,87.71599591785068,0.0
21.860502439048556,87.72497907069187,0.0
21.860502439048556,87.73396222353307,0.0
21.860502439048556,87.74294537637427,0.0
21.860502439048556,87.75192852921546,0.0
21.860502439048556,87.76091168205666,0.0
21.860502439048556,87.76989483489785,0.0
21.860502439048556,87.77887798773905,0.0
21.860502439048556,87.78786114058025,0.10217285
21.860502439048556,87.79684429342144,0.11406708
21.860502439048556,87.80582744626263,0.69013596
21.860502439048556,87.81481059910382,0.47353554
21.860502439048556,87.82379375194502,1.350204
21.860502439048556,87.83277690478621,1.3728933
21.860502439048556,87.84176005762741,1.7978134
21.860502439048556,87.85074321046861,1.6177564
21.860502439048556,87.8597263633098,2.0231075
21.860502439048556,87.868709516151,1.5605869
21.860502439048556,87.8776926689922,3.2493575
21.860502439048556,87.88667582183339,1.9561939
21.860502439048556,87.89565897467459,1.3603354
21.860502439048556,87.90464212751579,1.3426023
21.860502439048556,87.91362528035698,0.6112747
21.860502439048556,87.92260843319816,0.0
21.860502439048556,87.93159158603936,0.23705435
21.860502439048556,87.94057473888056,0.3364277
21.860502439048556,87.94955789172175,1.2261147
21.860502439048556,87.95854104456295,1.3573446
21.860502439048556,87.96752419740415,2.3575616
21.860502439048556,87.97650735024534,4.309904
21.860502439048556,88.12023779570447,5.5824046
21.860502439048556,88.12922094854567,1.4422879
21.860502439048556,88.13820410138686,1.8378525
21.860502439048556,88.14718725422806,6.9776387
21.860502439048556,88.17413671275163,7.028264
21.860502439048556,88.18311986559283,3.1167192
21.860502439048556,88.19210301843403,2.033647
21.860502439048556,88.20108617127522,2.418283
21.860502439048556,88.21006932411642,2.3898187
21.860502439048556,88.21905247695761,1.825181
21.860502439048556,88.22803562979881,1.4959936
21.860502439048556,88.23701878264,2.1891956
21.860502439048556,88.2460019354812,2.5822878
21.860502439048556,88.2549850883224,3.7087326
21.860502439048556,88.26396824116358,3.3906314
21.860502439048556,88.27295139400478,3.0986156
21.860502439048556,88.28193454684597,3.1375222
21.860502439048556,88.29091769968717,3.2645137
21.860502439048556,88.29990085252837,3.3749826
21.869485591889752,87.500400249662,0.0
21.869485591889752,87.50938340250319,0.0
21.869485591889752,87.51836655534439,0.0
21.869485591889752,87.52734970818558,0.0
21.869485591889752,87.53633286102678,0.0
21.869485591889752,87.54531601386797,0.0
21.869485591889752,87.55429916670917,0.0
21.869485591889752,87.56328231955037,0.0
21.869485591889752,87.57226547239156,0.0
21.869485591889752,87.58124862523275,0.0
21.869485591889752,87.59023177807394,0.0
21.869485591889752,87.59921493091514,0.0
21.869485591889752,87.60819808375633,0.0
21.869485591889752,87.61718123659753,0.0
21.869485591889752,87.62616438943873,0.0
21.869485591889752,87.63514754227992,0.0
21.869485591889752,87.64413069512112,0.0
21.869485591889752,87.65311384796232,0.0
21.869485591889752,87.66209700080351,0.0
21.869485591889752,87.67108015364471,0.0
21.869485591889752,87.6800633064859,0.0
21.869485591889752,87.68904645932709,0.0
21.869485591889752,87.69802961216828,0.0
21.869485591889752,87.70701276500948,0.0
21.869485591889752,87.71599591785068,0.0
21.869485591889752,87.72497907069187,0.0
21.869485591889752,87.73396222353307,0.0
21.869485591889752,87.74294537637427,0.0
21.869485591889752,87.75192852921546,0.0
21.869485591889752,87.76091168205666,0.0
21.869485591889752,87.76989483489785,0.0
21.869485591889752,87.77887798773905,0.025213242
21.869485591889752,87.78786114058025,0.44200993
21.869485591889752,87.79684429342144,0.4304819
21.869485591889752,87.80582744626263,0.463943
21.869485591889752,87.81481059910382,0.70079327
21.869485591889752,87.82379375194502,1.2252092
21.869485591889752,87.83277690478621,1.3309398
21.869485591889752,87.84176005762741,1.8765903
21.869485591889752,87.85074321046861,2.1999044
21.869485591889752,87.8597263633098,2.201622
21.869485591889752,87.868709516151,1.9370136
21.869485591889752,87.8776926689922,2.7088888
21.869485591889752,87.88667582183339,2.0920591
21.869485591889752,87.89565897467459,1.6209002
21.869485591889752,87.90464212751579,1.6063824
21.869485591889752,87.91362528035698,0.83287954
21.869485591889752,87.92260843319816,0.2181263
21.869485591889752,87.93159158603936,0.16429806
21.869485591889752,87.94057473888056,1.1352224
21.869485591889752,87.94955789172175,1.0006061
21.869485591889752,87.95854104456295,0.6887126
21.869485591889752,87.96752419740415,0.59229374
21.869485591889752,87.97650735024534,2.1546702
21.869485591889752,87.98549050308654,6.3975606
21.869485591889752,88.12023779570447,7.9061546
21.869485591889752,88.12922094854567,4.88342
21.869485591889752,88.13820410138686,3.9475608
21.869485591889752,88.17413671275163,5.011154
21.869485591889752,88.18311986559283,2.1269197
21.869485591889752,88.19210301843403,1.5532494
21.869485591889752,88.20108617127522,1.9975204
21.869485591889752,88.21006932411642,2.680895
21.869485591889752,88.21905247695761,2.4952016
21.869485591889752,88.22803562979881,2.1511512
21.869485591889752,88.23701878264,2.2207851
21.869485591889752,88.2460019354812,2.312275
21.869485591889752,88.2549850883224,3.534748
21.869485591889752,88.26396824116358,2.5673885
21.869485591889752,88.27295139400478,2.315947
21.869485591889752,88.28193454684597,2.599228
21.869485591889752,88.29091769968717,2.080184
21.869485591889752,88.29990085252837,2.5172935
21.87846874473095,87.500400249662,0.0
21.87846874473095,87.50938340250319,0.0
21.87846874473095,87.51836655534439,0.0
21.87846874473095,87.52734970818558,0.0
21.87846874473095,87.53633286102678,0.0
21.87846874473095,87.54531601386797,0.0
21.87846874473095,87.55429916670917,0.0
21.87846874473095,87.56328231955037,0.0
21.87846874473095,87.57226547239156,0.0
21.87846874473095,87.58124862523275,0.0
21.87846874473095,87.59023177807394,0.0
21.87846874473095,87.59921493091514,0.0
21.87846874473095,87.60819808375633,0.0
21.87846874473095,87.61718123659753,0.0
21.87846874473095,87.62616438943873,0.0
21.87846874473095,87.63514754227992,0.0
21.87846874473095,87.64413069512112,0.0
21.87846874473095,87.65311384796232,0.0
21.87846874473095,87.66209700080351,0.0
21.87846874473095,87.67108015364471,0.0
21.87846874473095,87.6800633064859,0.0
21.87846874473095,87.68904645932709,0.0
21.87846874473095,87.69802961216828,0.0
21.87846874473095,87.70701276500948,0.0
21.87846874473095,87.71599591785068,0.0
21.87846874473095,87.72497907069187,0.0
21.87846874473095,87.73396222353307,0.0
21.87846874473095,87.74294537637427,0.0
21.87846874473095,87.75192852921546,0.0
21.87846874473095,87.76091168205666,0.0
21.87846874473095,87.76989483489785,0.0
21.87846874473095,87.77887798773905,0.36886644
21.87846874473095,87.78786114058025,0.5581932
21.87846874473095,87.79684429342144,0.6752286
21.87846874473095,87.80582744626263,1.0468988
21.87846874473095,87.81481059910382,1.0813026
21.87846874473095,87.82379375194502,1.2610435
21.87846874473095,87.83277690478621,1.4610834
21.87846874473095,87.84176005762741,2.0011277
21.87846874473095,87.85074321046861,1.964778
21.87846874473095,87.8597263633098,2.3069358
21.87846874473095,87.868709516151,2.2215967
21.87846874473095,87.8776926689922,1.8697996
21.87846874473095,87.88667582183339,1.9958773
21.87846874473095,87.89565897467459,1.8054338
21.87846874473095,87.90464212751579,1.7464743
21.87846874473095,87.91362528035698,1.3151712
21.87846874473095,87.92260843319816,0.53605556
21.87846874473095,87.93159158603936,0.378644
21.87846874473095,87.94057473888056,0.70841503
21.87846874473095,87.94955789172175,1.6753435
21.87846874473095,87.95854104456295,2.129887
21.87846874473095,87.96752419740415,2.2368932
21.87846874473095,87.97650735024534,2.2094874
21.87846874473095,87.98549050308654,4.592639
21.87846874473095,88.12922094854567,7.9397483
21.87846874473095,88.13820410138686,7.561076
21.87846874473095,88.16515355991044,7.39967
21.87846874473095,88.17413671275163,3.736066
21.87846874473095,88.18311986559283,2.1549401
21.87846874473095,88.19210301843403,1.3108492
21.87846874473095,88.20108617127522,1.876647
21.87846874473095,88.21006932411642,2.0477915
21.87846874473095,88.21905247695761,1.8939476
21.87846874473095,88.22803562979881,2.008459
21.87846874473095,88.23701878264,2.106557
21.87846874473095,88.2460019354812,2.4612732
21.87846874473095,88.2549850883224,2.5641127
21.87846874473095,88.26396824116358,3.9992795
21.87846874473095,88.27295139400478,2.8901613
21.87846874473095,88.28193454684597,2.4684553
21.87846874473095,88.29091769968717,2.093172
21.87846874473095,88.29990085252837,2.311348
21.88745189757214,87.500400249662,0.0
21.88745189757214,87.50938340250319,0.0
21.88745189757214,87.51836655534439,0.0
21.88745189757214,87.52734970818558,0.0
21.88745189757214,87.53633286102678,0.0
21.88745189757214,87.54531601386797,0.0
21.88745189757214,87.55429916670917,0.0
21.88745189757214,87.56328231955037,0.0
21.88745189757214,87.57226547239156,0.0
21.88745189757214,87.58124862523275,0.0
21.88745189757214,87.59023177807394,0.0
21.88745189757214,87.59921493091514,0.0
21.88745189757214,87.60819808375633,0.0
21.88745189757214,87.61718123659753,0.0
21.88745189757214,87.62616438943873,0.0
21.88745189757214,87.63514754227992,0.0
21.88745189757214,87.64413069512112,0.0
21.88745189757214,87.65311384796232,0.0
21.88745189757214,87.66209700080351,0.0
21.88745189757214,87.67108015364471,0.0
21.88745189757214,87.6800633064859,0.0
21.88745189757214,87.68904645932709,0.0
21.88745189757214,87.69802961216828,0.0
21.88745189757214,87.70701276500948,0.0
21.88745189757214,87.71599591785068,0.0
21.88745189757214,87.72497907069187,0.0
21.88745189757214,87.73396222353307,0.0
21.88745189757214,87.74294537637427,0.0
21.88745189757214,87.75192852921546,0.024469376
21.88745189757214,87.76091168205666,0.1326971
21.88745189757214,87.76989483489785,0.28037357
21.88745189757214,87.77887798773905,0.48468208
21.88745189757214,87.78786114058025,0.8108969
21.88745189757214,87.79684429342144,0.9937334
21.88745189757214,87.80582744626263,1.628274
21.88745189757214,87.81481059910382,1.6422834
21.88745189757214,87.82379375194502,1.9303637
21.88745189757214,87.83277690478621,2.2361984
21.88745189757214,87.84176005762741,2.4457636
21.88745189757214,87.85074321046861,2.50592
21.88745189757214,87.8597263633098,2.5352168
21.88745189757214,87.868709516151,2.38629
21.88745189757214,87.8776926689922,1.9350772
21.88745189757214,87.88667582183339,1.5620804
21.88745189757214,87.89565897467459,1.349082
21.88745189757214,87.90464212751579,1.0352907
21.88745189757214,87.91362528035698,0.8613434
21.88745189757214,87.92260843319816,0.16911507
21.88745189757214,87.93159158603936,0.0
21.88745189757214,87.94057473888056,0.057688236
21.88745189757214,87.94955789172175,0.6144686
21.88745189757214,87.95854104456295,1.959238
21.88745189757214,87.96752419740415,1.799829
21.88745189757214,87.97650735024534,2.0744796
21.88745189757214,87.98549050308654,2.7425613
21.88745189757214,87.99447365592773,6.616545
21.88745189757214,88.16515355991044,7.4029512
21.88745189757214,88.17413671275163,3.159962
21.88745189757214,88.18311986559283,3.079011
21.88745189757214,88.19210301843403,1.7257257
21.88745189757214,88.20108617127522,2.317091
21.88745189757214,88.21006932411642,1.7153654
21.88745189757214,88.21905247695761,1.7171717
21.88745189757214,88.22803562979881,2.175231
21.88745189757214,88.23701878264,2.181211
21.88745189757214,88.2460019354812,1.8744001
21.88745189757214,88.2549850883224,2.3644013
21.88745189757214,88.26396824116358,2.609326
21.88745189757214,88.27295139400478,3.4997482
21.88745189757214,88.28193454684597,2.7810905
21.88745189757214,88.29091769968717,2.0103521
21.88745189757214,88.29990085252837,1.8500986
21.896435050413338,87.500400249662,0.0
21.896435050413338,87.50938340250319,0.0
21.896435050413338,87.51836655534439,0.0
21.896435050413338,87.52734970818558,0.0
21.896435050413338,87.53633286102678,0.0
21.896435050413338,87.54531601386797,0.0
21.896435050413338,87.55429916670917,0.0
21.896435050413338,87.56328231955037,0.0
21.896435050413338,87.57226547239156,0.0
21.896435050413338,87.58124862523275,0.0
21.896435050413338,87.59023177807394,0.0
21.896435050413338,87.59921493091514,0.0
21.896435050413338,87.60819808375633,0.0
21.896435050413338,87.61718123659753,0.0
21.896435050413338,87.62616438943873,0.0
21.896435050413338,87.63514754227992,0.0
21.896435050413338,87.64413069512112,0.0
21.896435050413338,87.65311384796232,0.0
21.896435050413338,87.66209700080351,0.0
21.896435050413338,87.67108015364471,0.0
21.896435050413338,87.6800633064859,0.0
21.896435050413338,87.68904645932709,0.0
21.896435050413338,87.69802961216828,0.0
21.896435050413338,87.70701276500948,0.0
21.896435050413338,87.71599591785068,0.0
21.896435050413338,87.72497907069187,0.0
21.896435050413338,87.73396222353307,0.0
21.896435050413338,87.74294537637427,0.1554327
21.896435050413338,87.75192852921546,0.69880915
21.896435050413338,87.76091168205666,1.0235138
21.896435050413338,87.76989483489785,0.9621272
21.896435050413338,87.77887798773905,0.8489351
21.896435050413338,87.78786114058025,1.0778923
21.896435050413338,87.79684429342144,1.4314251
21.896435050413338,87.80582744626263,1.8619132
21.896435050413338,87.81481059910382,2.244193
21.896435050413338,87.82379375194502,2.5340548
21.896435050413338,87.83277690478621,2.37708
21.896435050413338,87.84176005762741,2.2087355
21.896435050413338,87.85074321046861,2.3541865
21.896435050413338,87.8597263633098,2.5469213
21.896435050413338,87.868709516151,2.730504
21.896435050413338,87.8776926689922,2.0703187
21.896435050413338,87.88667582183339,1.0406027
21.896435050413338,87.89565897467459,1.0644426
21.896435050413338,87.90464212751579,0.84331894
21.896435050413338,87.91362528035698,0.7218838
21.896435050413338,87.92260843319816,0.46708965
21.896435050413338,87.93159158603936,0.0
21.896435050413338,87.94057473888056,0.25880814
21.896435050413338,87.94955789172175,1.1232901
21.896435050413338,87.95854104456295,1.1493912
21.896435050413338,87.96752419740415,1.7198105
21.896435050413338,87.97650735024534,2.0626206
21.896435050413338,87.98549050308654,2.5510616
21.896435050413338,87.99447365592773,3.8550606
21.896435050413338,88.16515355991044,7.8981075
21.896435050413338,88.17413671275163,4.2813888
21.896435050413338,88.18311986559283,3.0253587
21.896435050413338,88.19210301843403,1.7109575
21.896435050413338,88.20108617127522,1.542882
21.896435050413338,88.21006932411642,0.9892216
21.896435050413338,88.21905247695761,1.622437
21.896435050413338,88.22803562979881,1.6148028
21.896435050413338,88.23701878264,1.7912407
21.896435050413338,88.2460019354812,1.7159042
21.896435050413338,88.2549850883224,2.277872
21.896435050413338,88.26396824116358,2.3272228
21.896435050413338,88.27295139400478,2.5425515
21.896435050413338,88.28193454684597,2.6858094
21.896435050413338,88.29091769968717,2.0290508
21.896435050413338,88.29990085252837,1.7570515
21.905418203254534,87.500400249662,0.0
21.905418203254534,87.50938340250319,0.0
21.905418203254534,87.51836655534439,0.0
21.905418203254534,87.52734970818558,0.0
21.905418203254534,87.53633286102678,0.0
21.905418203254534,87.54531601386797,0.0
21.905418203254534,87.55429916670917,0.0
21.905418203254534,87.56328231955037,0.0
21.905418203254534,87.57226547239156,0.0
21.905418203254534,87.58124862523275,0.0
21.905418203254534,87.59023177807394,0.0
21.905418203254534,87.59921493091514,0.0
21.905418203254534,87.60819808375633,0.0
21.905418203254534,87.61718123659753,0.0
21.905418203254534,87.62616438943873,0.0
21.905418203254534,87.63514754227992,0.0
21.905418203254534,87.64413069512112,0.0
21.905418203254534,87.65311384796232,0.0
21.905418203254534,87.66209700080351,0.0
21.905418203254534,87.67108015364471,0.0
21.905418203254534,87.6800633064859,0.0
21.905418203254534,87.68904645932709,0.0
21.905418203254534,87.69802961216828,0.0
21.905418203254534,87.70701276500948,0.0
21.905418203254534,87.71599591785068,0.0
21.905418203254534,87.72497907069187,0.0
21.905418203254534,87.73396222353307,0.0
21.905418203254534,87.74294537637427,0.28991175
21.905418203254534,87.75192852921546,0.70610046
21.905418203254534,87.76091168205666,0.98416424
21.905418203254534,87.76989483489785,1.2223063
21.905418203254534,87.77887798773905,1.7468491
21.905418203254534,87.78786114058025,1.6186771
21.905418203254534,87.79684429342144,1.8980908
21.905418203254534,87.80582744626263,2.07928
21.905418203254534,87.81481059910382,2.0222168
21.905418203254534,87.82379375194502,2.503624
21.905418203254534,87.83277690478621,2.250599
21.905418203254534,87.84176005762741,2.3734117
21.905418203254534,87.85074321046861,2.0903478
21.905418203254534,87.8597263633098,2.0346327
21.905418203254534,87.868709516151,2.2045436
21.905418203254534,87.8776926689922,1.4017892
21.905418203254534,87.88667582183339,0.898335
21.905418203254534,87.89565897467459,0.9575367
21.905418203254534,87.90464212751579,0.8580723
21.905418203254534,87.91362528035698,0.60390186
21.905418203254534,87.92260843319816,0.087790966
21.905418203254534,87.93159158603936,0.0
21.905418203254534,87.94057473888056,0.5258379
21.905418203254534,87.94955789172175,1.1871829
21.905418203254534,87.95854104456295,0.92633057
21.905418203254534,87.96752419740415,1.5743847
21.905418203254534,87.97650735024534,1.8965893
21.905418203254534,87.98549050308654,2.1171532
21.905418203254534,87.99447365592773,2.0758963
21.905418203254534,88.00345680876893,6.1522484
21.905418203254534,88.12023779570447,5.3437853
21.905418203254534,88.12922094854567,0.0
21.905418203254534,88.13820410138686,3.337926
21.905418203254534,88.17413671275163,5.8383417
21.905418203254534,88.18311986559283,2.8534117
21.905418203254534,88.19210301843403,1.5528393
21.905418203254534,88.20108617127522,1.8215847
21.905418203254534,88.21006932411642,1.4899392
21.905418203254534,88.21905247695761,1.2123384
21.905418203254534,88.22803562979881,1.216733
21.905418203254534,88.23701878264,1.4794207
21.905418203254534,88.2460019354812,1.557344
21.905418203254534,88.2549850883224,1.8954077
21.905418203254534,88.26396824116358,1.8377681
21.905418203254534,88.27295139400478,2.654339
21.905418203254534,88.28193454684597,2.3762212
21.905418203254534,88.29091769968717,2.5316992
21.905418203254534,88.29990085252837,1.6426668
21.914401356095727,87.500400249662,0.0
21.914401356095727,87.50938340250319,0.0
21.914401356095727,87.51836655534439,0.0
21.914401356095727,87.52734970818558,0.0
21.914401356095727,87.53633286102678,0.0
21.914401356095727,87.54531601386797,0.0
21.914401356095727,87.55429916670917,0.0
21.914401356095727,87.56328231955037,0.0
21.914401356095727,87.57226547239156,0.0
21.914401356095727,87.58124862523275,0.0
21.914401356095727,87.59023177807394,0.0
21.914401356095727,87.59921493091514,0.0
21.914401356095727,87.60819808375633,0.0
21.914401356095727,87.61718123659753,0.0
21.914401356095727,87.62616438943873,0.0
21.914401356095727,87.63514754227992,0.0
21.914401356095727,87.64413069512112,0.0
21.914401356095727,87.65311384796232,0.0
21.914401356095727,87.66209700080351,0.0
21.914401356095727,87.67108015364471,0.0
21.914401356095727,87.6800633064859,0.0
21.914401356095727,87.68904645932709,0.0
21.914401356095727,87.69802961216828,0.0
21.914401356095727,87.70701276500948,0.0
21.914401356095727,87.71599591785068,0.0
21.914401356095727,87.72497907069187,0.0
21.914401356095727,87.73396222353307,0.0
21.914401356095727,87.74294537637427,0.0
21.914401356095727,87.75192852921546,0.32668018
21.914401356095727,87.76091168205666,0.87645054
21.914401356095727,87.76989483489785,1.2150493
21.914401356095727,87.77887798773905,1.4877439
21.914401356095727,87.78786114058025,1.8747363
21.914401356095727,87.79684429342144,2.0031948
21.914401356095727,87.80582744626263,2.049388
21.914401356095727,87.81481059910382,2.3768754
21.914401356095727,87.82379375194502,2.517446
21.914401356095727,87.83277690478621,2.8254514
21.914401356095727,87.84176005762741,2.2467713
21.914401356095727,87.85074321046861,1.9563756
21.914401356095727,87.8597263633098,1.3033719
21.914401356095727,87.868709516151,1.3796105
21.914401356095727,87.8776926689922,0.9903774
21.914401356095727,87.88667582183339,0.9339514
21.914401356095727,87.89565897467459,0.48558712
21.914401356095727,87.90464212751579,0.0
21.914401356095727,87.91362528035698,0.0
21.914401356095727,87.92260843319816,0.090595245
21.914401356095727,87.93159158603936,0.0
21.914401356095727,87.94057473888056,0.0
21.914401356095727,87.94955789172175,0.13129997
21.914401356095727,87.95854104456295,0.6029773
21.914401356095727,87.96752419740415,0.9274354
21.914401356095727,87.97650735024534,1.6865807
21.914401356095727,87.98549050308654,2.0876317
21.914401356095727,87.99447365592773,2.6314645
21.914401356095727,88.00345680876893,2.706545
21.914401356095727,88.0483725729749,6.7711544
21.914401356095727,88.0573557258161,5.17717
21.914401356095727,88.06633887865729,7.467326
21.914401356095727,88.12023779570447,1.5615978
21.914401356095727,88.12922094854567,0.0
21.914401356095727,88.13820410138686,0.0
21.914401356095727,88.14718725422806,4.974957
21.914401356095727,88.17413671275163,7.5483418
21.914401356095727,88.18311986559283,2.0471048
21.914401356095727,88.19210301843403,1.5859847
21.914401356095727,88.20108617127522,0.98637104
21.914401356095727,88.21006932411642,1.2818346
21.914401356095727,88.21905247695761,0.7419081
21.914401356095727,88.22803562979881,0.847208
21.914401356095727,88.23701878264,1.2195568
21.914401356095727,88.2460019354812,1.4485459
21.914401356095727,88.2549850883224,2.1930037
21.914401356095727,88.26396824116358,2.6105866
21.914401356095727,88.27295139400478,3.0800421
21.914401356095727,88.28193454684597,2.471696
21.914401356095727,88.29091769968717,2.219222
21.914401356095727,88.29990085252837,1.3628473
21.923384508936923,87.500400249662,0.0
21.923384508936923,87.50938340250319,0.0
21.923384508936923,87.51836655534439,0.0
21.923384508936923,87.52734970818558,0.0
21.923384508936923,87.53633286102678,0.0
21.923384508936923,87.54531601386797,0.0
21.923384508936923,87.55429916670917,0.0
21.923384508936923,87.56328231955037,0.0
21.923384508936923,87.57226547239156,0.0
21.923384508936923,87.58124862523275,0.0
21.923384508936923,87.59023177807394,0.0
21.923384508936923,87.59921493091514,0.0
21.923384508936923,87.60819808375633,0.0
21.923384508936923,87.61718123659753,0.0
21.923384508936923,87.62616438943873,0.0
21.923384508936923,87.63514754227992,0.0
21.923384508936923,87.64413069512112,0.0
21.923384508936923,87.65311384796232,0.0
21.923384508936923,87.66209700080351,0.0
21.923384508936923,87.67108015364471,0.0
21.923384508936923,87.6800633064859,0.0
21.923384508936923,87.68904645932709,0.0
21.923384508936923,87.69802961216828,0.0
21.923384508936923,87.70701276500948,0.0
21.923384508936923,87.71599591785068,0.0
21.923384508936923,87.72497907069187,0.0
21.923384508936923,87.73396222353307,0.0
21.923384508936923,87.74294537637427,0.0
21.923384508936923,87.75192852921546,0.7173948
21.923384508936923,87.76091168205666,1.0107946
21.923384508936923,87.76989483489785,1.2635717
21.923384508936923,87.77887798773905,1.5411148
21.923384508936923,87.78786114058025,2.18405
21.923384508936923,87.79684429342144,2.4206796
21.923384508936923,87.80582744626263,2.4210157
21.923384508936923,87.81481059910382,2.3576121
21.923384508936923,87.82379375194502,2.4322486
21.923384508936923,87.83277690478621,2.5077205
21.923384508936923,87.84176005762741,1.7666922
21.923384508936923,87.85074321046861,1.2710595
21.923384508936923,87.8597263633098,0.8808327
21.923384508936923,87.868709516151,0.78086185
21.923384508936923,87.8776926689922,0.45936775
21.923384508936923,87.88667582183339,0.5942755
21.923384508936923,87.89565897467459,0.6662092
21.923384508936923,87.90464212751579,0.0
21.923384508936923,87.91362528035698,0.0
21.923384508936923,87.92260843319816,0.0
21.923384508936923,87.93159158603936,0.0
21.923384508936923,87.94057473888056,0.0
21.923384508936923,87.94955789172175,0.0
21.923384508936923,87.95854104456295,0.61525154
21.923384508936923,87.96752419740415,0.36657238
21.923384508936923,87.97650735024534,1.3054657
21.923384508936923,87.98549050308654,1.920537
21.923384508936923,87.99447365592773,1.7610765
21.923384508936923,88.00345680876893,2.648439
21.923384508936923,88.01243996161013,6.416623
21.923384508936923,88.0483725729749,6.472717
21.923384508936923,88.0573557258161,2.6443613
21.923384508936923,88.06633887865729,3.3763106
21.923384508936923,88.12023779570447,2.635426
21.923384508936923,88.12922094854567,0.0
21.923384508936923,88.13820410138686,2.2176135
21.923384508936923,88.16515355991044,6.630998
21.923384508936923,88.17413671275163,6.8337326
21.923384508936923,88.18311986559283,3.6974826
21.923384508936923,88.19210301843403,1.9436655
21.923384508936923,88.20108617127522,1.4189072
21.923384508936923,88.21006932411642,1.2277427
21.923384508936923,88.21905247695761,0.9465151
21.923384508936923,88.22803562979881,0.9665899
21.923384508936923,88.23701878264,0.9929886
21.923384508936923,88.2460019354812,1.1188412
21.923384508936923,88.2549850883224,1.7046151
21.923384508936923,88.26396824116358,2.0263891
21.923384508936923,88.27295139400478,2.7952764
21.923384508936923,88.28193454684597,2.220046
21.923384508936923,88.29091769968717,2.0599751
21.923384508936923,88.29990085252837,1.395144
21.93236766177812,87.500400249662,0.0
21.93236766177812,87.50938340250319,0.0
21.93236766177812,87.51836655534439,0.0
21.93236766177812,87.52734970818558,0.0
21.93236766177812,87.53633286102678,0.0
21.93236766177812,87.54531601386797,0.0
21.93236766177812,87.55429916670917,0.0
21.93236766177812,87.56328231955037,0.0
21.93236766177812,87.57226547239156,0.0
21.93236766177812,87.58124862523275,0.0
21.93236766177812,87.59023177807394,0.0
21.93236766177812,87.59921493091514,0.0
21.93236766177812,87.60819808375633,0.0
21.93236766177812,87.61718123659753,0.0
21.93236766177812,87.62616438943873,0.0
21.93236766177812,87.63514754227992,0.0
21.93236766177812,87.64413069512112,0.0
21.93236766177812,87.65311384796232,0.0
21.93236766177812,87.66209700080351,0.0
21.93236766177812,87.67108015364471,0.0
21.93236766177812,87.6800633064859,0.0
21.93236766177812,87.68904645932709,0.0
21.93236766177812,87.69802961216828,0.0
21.93236766177812,87.70701276500948,0.0
21.93236766177812,87.71599591785068,0.0
21.93236766177812,87.72497907069187,0.0
21.93236766177812,87.73396222353307,0.0
21.93236766177812,87.74294537637427,0.013494015
21.93236766177812,87.75192852921546,0.5296316
21.93236766177812,87.76091168205666,1.0434241
21.93236766177812,87.76989483489785,1.507946
21.93236766177812,87.77887798773905,1.9375486
21.93236766177812,87.78786114058025,2.2028499
21.93236766177812,87.79684429342144,2.3021183
21.93236766177812,87.80582744626263,2.520052
21.93236766177812,87.81481059910382,2.4626646
21.93236766177812,87.82379375194502,2.2565584
21.93236766177812,87.83277690478621,2.2650776
21.93236766177812,87.84176005762741,1.4985852
21.93236766177812,87.85074321046861,1.2086544
21.93236766177812,87.8597263633098,1.112709
21.93236766177812,87.868709516151,0.6762438
21.93236766177812,87.8776926689922,0.508605
21.93236766177812,87.88667582183339,0.5028143
21.93236766177812,87.89565897467459,0.28436232
21.93236766177812,87.90464212751579,0.0
21.93236766177812,87.91362528035698,0.0
21.93236766177812,87.92260843319816,0.0
21.93236766177812,87.93159158603936,0.0
21.93236766177812,87.94057473888056,0.0
21.93236766177812,87.94955789172175,0.0
21.93236766177812,87.95854104456295,0.20025301
21.93236766177812,87.96752419740415,0.19526434
21.93236766177812,87.97650735024534,0.9129796
21.93236766177812,87.98549050308654,1.3671012
21.93236766177812,87.99447365592773,1.8070426
21.93236766177812,88.00345680876893,2.4738984
21.93236766177812,88.01243996161013,4.9076385
21.93236766177812,88.0483725729749,7.0713887
21.93236766177812,88.0573557258161,3.0072694
21.93236766177812,88.06633887865729,2.8832104
21.93236766177812,88.07532203149849,5.317717
21.93236766177812,88.12922094854567,5.234332
21.93236766177812,88.13820410138686,5.40566
21.93236766177812,88.16515355991044,5.564904
21.93236766177812,88.17413671275163,5.844826
21.93236766177812,88.18311986559283,3.3018575
21.93236766177812,88.19210301843403,1.8616524
21.93236766177812,88.20108617127522,1.1778431
21.93236766177812,88.21006932411642,0.78301954
21.93236766177812,88.21905247695761,0.9698353
21.93236766177812,88.22803562979881,0.88192654
21.93236766177812,88.23701878264,1.0852661
21.93236766177812,88.2460019354812,1.4375906
21.93236766177812,88.2549850883224,1.7175713
21.93236766177812,88.26396824116358,1.9234896
21.93236766177812,88.27295139400478,2.8173077
21.93236766177812,88.28193454684597,2.272143
21.93236766177812,88.29091769968717,2.1356816
21.93236766177812,88.29990085252837,1.6742172
21.941350814619312,87.500400249662,0.0
21.941350814619312,87.50938340250319,0.0
21.941350814619312,87.51836655534439,0.0
21.941350814619312,87.52734970818558,0.0
21.941350814619312,87.53633286102678,0.0
21.941350814619312,87.54531601386797,0.0
21.941350814619312,87.55429916670917,0.0
21.941350814619312,87.56328231955037,0.0
21.941350814619312,87.57226547239156,0.0
21.941350814619312,87.58124862523275,0.0
21.941350814619312,87.59023177807394,0.0
21.941350814619312,87.59921493091514,0.0
21.941350814619312,87.60819808375633,0.0
21.941350814619312,87.61718123659753,0.0
21.941350814619312,87.62616438943873,0.0
21.941350814619312,87.63514754227992,0.0
21.941350814619312,87.64413069512112,0.0
21.941350814619312,87.65311384796232,0.0
21.941350814619312,87.66209700080351,0.0
21.941350814619312,87.67108015364471,0.0
21.941350814619312,87.6800633064859,0.0
21.941350814619312,87.68904645932709,0.0
21.941350814619312,87.69802961216828,0.0
21.941350814619312,87.70701276500948,0.0
21.941350814619312,87.71599591785068,0.0
21.941350814619312,87.72497907069187,0.0
21.941350814619312,87.73396222353307,0.0
21.941350814619312,87.74294537637427,0.0
21.941350814619312,87.75192852921546,0.4240713
21.941350814619312,87.76091168205666,0.736722
21.941350814619312,87.76989483489785,1.7077303
21.941350814619312,87.77887798773905,1.5128756
21.941350814619312,87.78786114058025,1.0445309
21.941350814619312,87.79684429342144,1.8206592
21.941350814619312,87.80582744626263,2.1882024
21.941350814619312,87.81481059910382,1.7305031
21.941350814619312,87.82379375194502,1.1408029
21.941350814619312,87.83277690478621,1.3866658
21.941350814619312,87.84176005762741,1.453928
21.941350814619312,87.85074321046861,1.1889238
21.941350814619312,87.8597263633098,0.17844582
21.941350814619312,87.868709516151,0.0
21.941350814619312,87.8776926689922,0.0
21.941350814619312,87.88667582183339,0.0
21.941350814619312,87.89565897467459,0.0
21.941350814619312,87.90464212751579,0.0
21.941350814619312,87.91362528035698,0.0
21.941350814619312,87.92260843319816,0.0
21.941350814619312,87.93159158603936,0.0
21.941350814619312,87.94057473888056,0.0
21.941350814619312,87.94955789172175,0.0
21.941350814619312,87.95854104456295,0.0
21.941350814619312,87.96752419740415,0.44090557
21.941350814619312,87.97650735024534,0.33384323
21.941350814619312,87.98549050308654,0.4482646
21.941350814619312,87.99447365592773,2.004014
21.941350814619312,88.00345680876893,2.4794517
21.941350814619312,88.01243996161013,3.2542014
21.941350814619312,88.02142311445132,7.745764
21.941350814619312,88.0573557258161,3.658264
21.941350814619312,88.06633887865729,2.9869661
21.941350814619312,88.07532203149849,3.2816231
21.941350814619312,88.08430518433968,4.9387326
21.941350814619312,88.16515355991044,7.180373
21.941350814619312,88.17413671275163,5.1906075
21.941350814619312,88.18311986559283,2.6155453
21.941350814619312,88.19210301843403,1.3993282
21.941350814619312,88.20108617127522,0.9883442
21.941350814619312,88.21006932411642,0.32282877
21.941350814619312,88.21905247695761,0.25059462
21.941350814619312,88.22803562979881,0.1472168
21.941350814619312,88.23701878264,0.78046656
21.941350814619312,88.2460019354812,1.2373881
21.941350814619312,88.2549850883224,1.3311067
21.941350814619312,88.26396824116358,1.5959187
21.941350814619312,88.27295139400478,2.6103225
21.941350814619312,88.28193454684597,2.544889
21.941350814619312,88.29091769968717,2.177651
21.941350814619312,88.29990085252837,1.5919795
21.95033396746051,87.500400249662,0.0
21.95033396746051,87.50938340250319,0.0
21.95033396746051,87.51836655534439,0.0
21.95033396746051,87.52734970818558,0.0
21.95033396746051,87.53633286102678,0.0
21.95033396746051,87.54531601386797,0.0
21.95033396746051,87.55429916670917,0.0
21.95033396746051,87.56328231955037,0.0
21.95033396746051,87.57226547239156,0.0
21.95033396746051,87.58124862523275,0.0
21.95033396746051,87.59023177807394,0.0
21.95033396746051,87.59921493091514,0.0
21.95033396746051,87.60819808375633,0.0
21.95033396746051,87.61718123659753,0.0
21.95033396746051,87.62616438943873,0.0
21.95033396746051,87.63514754227992,0.0
21.95033396746051,87.64413069512112,0.0
21.95033396746051,87.65311384796232,0.0
21.95033396746051,87.66209700080351,0.0
21.95033396746051,87.67108015364471,0.0
21.95033396746051,87.6800633064859,0.0
21.95033396746051,87.68904645932709,0.0
21.95033396746051,87.69802961216828,0.0
21.95033396746051,87.70701276500948,0.0
21.95033396746051,87.71599591785068,0.0
21.95033396746051,87.72497907069187,0.0
21.95033396746051,87.73396222353307,0.0
21.95033396746051,87.74294537637427,0.0
21.95033396746051,87.75192852921546,0.18283367
21.95033396746051,87.76091168205666,0.34040022
21.95033396746051,87.76989483489785,0.20632553
21.95033396746051,87.77887798773905,0.5574875
21.95033396746051,87.78786114058025,0.92174196
21.95033396746051,87.79684429342144,1.2204342
21.95033396746051,87.80582744626263,1.2064929
21.95033396746051,87.81481059910382,0.7873087
21.95033396746051,87.82379375194502,0.76354647
21.95033396746051,87.83277690478621,0.79112816
21.95033396746051,87.84176005762741,0.42785358
21.95033396746051,87.85074321046861,0.0
21.95033396746051,87.8597263633098,0.0
21.95033396746051,87.868709516151,0.0
21.95033396746051,87.8776926689922,0.0
21.95033396746051,87.88667582183339,0.0
21.95033396746051,87.89565897467459,0.0
21.95033396746051,87.90464212751579,0.0
21.95033396746051,87.91362528035698,0.0
21.95033396746051,87.92260843319816,0.0
21.95033396746051,87.93159158603936,0.0
21.95033396746051,87.94057473888056,0.0
21.95033396746051,87.94955789172175,0.0
21.95033396746051,87.95854104456295,0.0
21.95033396746051,87.96752419740415,0.258986
21.95033396746051,87.97650735024534,0.58439875
21.95033396746051,87.98549050308654,1.1252027
21.95033396746051,87.99447365592773,1.4526463
21.95033396746051,88.00345680876893,1.8453007
21.95033396746051,88.01243996161013,1.6775103
21.95033396746051,88.02142311445132,3.6132638
21.95033396746051,88.03040626729252,7.8767796
21.95033396746051,88.0573557258161,6.491389
21.95033396746051,88.06633887865729,3.324329
21.95033396746051,88.07532203149849,2.5602512
21.95033396746051,88.08430518433968,2.7862604
21.95033396746051,88.09328833718088,4.0760765
21.95033396746051,88.15617040706924,6.3737326
21.95033396746051,88.16515355991044,2.3993855
21.95033396746051,88.17413671275163,2.230095
21.95033396746051,88.18311986559283,1.1938376
21.95033396746051,88.19210301843403,0.0
21.95033396746051,88.20108617127522,0.0
21.95033396746051,88.21006932411642,0.0
21.95033396746051,88.21905247695761,0.0
21.95033396746051,88.22803562979881,0.0
21.95033396746051,88.23701878264,0.16937685
21.95033396746051,88.2460019354812,0.86907196
21.95033396746051,88.2549850883224,1.6097622
21.95033396746051,88.26396824116358,2.2226038
21.95033396746051,88.27295139400478,2.7070773
21.95033396746051,88.28193454684597,2.1530066
21.95033396746051,88.29091769968717,1.5025635
21.95033396746051,88.29990085252837,1.4877124
21.959317120301705,87.500400249662,0.0
21.959317120301705,87.50938340250319,0.0
21.959317120301705,87.51836655534439,0.0
21.959317120301705,87.52734970818558,0.0
21.959317120301705,87.53633286102678,0.0
21.959317120301705,87.54531601386797,0.0
21.959317120301705,87.55429916670917,0.0
21.959317120301705,87.56328231955037,0.0
21.959317120301705,87.57226547239156,0.0
21.959317120301705,87.58124862523275,0.0
21.959317120301705,87.59023177807394,0.0
21.959317120301705,87.59921493091514,0.0
21.959317120301705,87.60819808375633,0.0
21.959317120301705,87.61718123659753,0.0
21.959317120301705,87.62616438943873,0.0
21.959317120301705,87.63514754227992,0.0
21.959317120301705,87.64413069512112,0.0
21.959317120301705,87.65311384796232,0.0
21.959317120301705,87.66209700080351,0.0
21.959317120301705,87.67108015364471,0.0
21.959317120301705,87.6800633064859,0.0
21.959317120301705,87.68904645932709,0.0
21.959317120301705,87.69802961216828,0.0
21.959317120301705,87.70701276500948,0.0
21.959317120301705,87.71599591785068,0.0
21.959317120301705,87.72497907069187,0.0
21.959317120301705,87.73396222353307,0.0
21.959317120301705,87.74294537637427,0.0
21.959317120301705,87.75192852921546,0.0
21.959317120301705,87.76091168205666,0.0
21.959317120301705,87.76989483489785,0.0
21.959317120301705,87.77887798773905,0.0
21.959317120301705,87.78786114058025,0.19438171
21.959317120301705,87.79684429342144,0.5208864
21.959317120301705,87.80582744626263,0.16186714
21.959317120301705,87.81481059910382,0.32471466
21.959317120301705,87.82379375194502,0.0
21.959317120301705,87.83277690478621,0.023533344
21.959317120301705,87.84176005762741,0.0
21.959317120301705,87.85074321046861,0.0
21.959317120301705,87.8597263633098,0.0
21.959317120301705,87.868709516151,0.0
21.959317120301705,87.8776926689922,0.0
21.959317120301705,87.88667582183339,0.0
21.959317120301705,87.89565897467459,0.0
21.959317120301705,87.90464212751579,0.0
21.959317120301705,87.91362528035698,0.0
21.959317120301705,87.92260843319816,0.0
21.959317120301705,87.93159158603936,0.0
21.959317120301705,87.94057473888056,0.0
21.959317120301705,87.94955789172175,0.0
21.959317120301705,87.95854104456295,0.0
21.959317120301705,87.96752419740415,0.0
21.959317120301705,87.97650735024534,0.42669773
21.959317120301705,87.98549050308654,0.13077068
21.959317120301705,87.99447365592773,0.4227395
21.959317120301705,88.00345680876893,1.4356403
21.959317120301705,88.01243996161013,1.884088
21.959317120301705,88.02142311445132,2.3799386
21.959317120301705,88.03040626729252,5.8119354
21.959317120301705,88.0573557258161,7.714279
21.959317120301705,88.06633887865729,4.076623
21.959317120301705,88.07532203149849,2.7586193
21.959317120301705,88.08430518433968,2.7612755
21.959317120301705,88.09328833718088,2.4970536
21.959317120301705,88.10227149002208,5.2987328
21.959317120301705,88.15617040706924,7.017248
21.959317120301705,88.16515355991044,2.720455
21.959317120301705,88.17413671275163,1.5890789
21.959317120301705,88.18311986559283,1.3631501
21.959317120301705,88.19210301843403,0.31926918
21.959317120301705,88.20108617127522,0.18122387
21.959317120301705,88.21006932411642,0.04362297
21.959317120301705,88.21905247695761,0.0
21.959317120301705,88.22803562979881,0.0
21.959317120301705,88.23701878264,0.11793232
21.959317120301705,88.2460019354812,0.91714764
21.959317120301705,88.2549850883224,1.681653
21.959317120301705,88.26396824116358,2.2014537
21.959317120301705,88.27295139400478,1.9775643
21.959317120301705,88.28193454684597,1.7844276
21.959317120301705,88.29091769968717,1.3377714
21.959317120301705,88.29990085252837,1.3418598
21.968300273142898,87.500400249662,0.0
21.968300273142898,87.50938340250319,0.0
21.968300273142898,87.51836655534439,0.0
21.968300273142898,87.52734970818558,0.0
21.968300273142898,87.53633286102678,0.0
21.968300273142898,87.54531601386797,0.0
21.968300273142898,87.55429916670917,0.0
21.968300273142898,87.56328231955037,0.0
21.968300273142898,87.57226547239156,0.0
21.968300273142898,87.58124862523275,0.0
21.968300273142898,87.59023177807394,0.0
21.968300273142898,87.59921493091514,0.0
21.968300273142898,87.60819808375633,0.0
21.968300273142898,87.61718123659753,0.0
21.968300273142898,87.62616438943873,0.0
21.968300273142898,87.63514754227992,0.0
21.968300273142898,87.64413069512112,0.0
21.968300273142898,87.65311384796232,0.0
21.968300273142898,87.66209700080351,0.0
21.968300273142898,87.67108015364471,0.0
21.968300273142898,87.6800633064859,0.0
21.968300273142898,87.68904645932709,0.0
21.968300273142898,87.69802961216828,0.0
21.968300273142898,87.70701276500948,0.0
21.968300273142898,87.71599591785068,0.0
21.968300273142898,87.72497907069187,0.0
21.968300273142898,87.73396222353307,0.0
21.968300273142898,87.74294537637427,0.0
21.968300273142898,87.75192852921546,0.0
21.968300273142898,87.76091168205666,0.0
21.968300273142898,87.76989483489785,0.0
21.968300273142898,87.77887798773905,0.0
21.968300273142898,87.78786114058025,0.0
21.968300273142898,87.79684429342144,0.0
21.968300273142898,87.80582744626263,0.0
21.968300273142898,87.81481059910382,0.0
21.968300273142898,87.82379375194502,0.0
21.968300273142898,87.83277690478621,0.0
21.968300273142898,87.84176005762741,0.0
21.968300273142898,87.85074321046861,0.0
21.968300273142898,87.8597263633098,0.0
21.968300273142898,87.868709516151,0.0
21.968300273142898,87.8776926689922,0.0
21.968300273142898,87.88667582183339,0.0
21.968300273142898,87.89565897467459,0.0
21.968300273142898,87.90464212751579,0.0
21.968300273142898,87.91362528035698,0.0
21.968300273142898,87.92260843319816,0.0
21.968300273142898,87.93159158603936,0.0
21.968300273142898,87.94057473888056,0.0
21.968300273142898,87.94955789172175,0.0
21.968300273142898,87.95854104456295,0.0
21.968300273142898,87.96752419740415,0.08969498
21.968300273142898,87.97650735024534,0.37547398
21.968300273142898,87.98549050308654,0.51324844
21.968300273142898,87.99447365592773,0.35902786
21.968300273142898,88.00345680876893,0.64816666
21.968300273142898,88.01243996161013,1.5887747
21.968300273142898,88.02142311445132,2.0259604
21.968300273142898,88.03040626729252,3.15717
21.968300273142898,88.06633887865729,5.6535764
21.968300273142898,88.07532203149849,2.6154914
21.968300273142898,88.08430518433968,2.1692433
21.968300273142898,88.09328833718088,2.296976
21.968300273142898,88.10227149002208,2.289123
21.968300273142898,88.11125464286327,6.469748
21.968300273142898,88.16515355991044,6.3688107
21.968300273142898,88.17413671275163,3.0281856
21.968300273142898,88.18311986559283,1.0971322
21.968300273142898,88.19210301843403,0.48253632
21.968300273142898,88.20108617127522,0.442513
21.968300273142898,88.21006932411642,0.0
21.968300273142898,88.21905247695761,0.019416332
21.968300273142898,88.22803562979881,0.11693001
21.968300273142898,88.23701878264,0.40458584
21.968300273142898,88.2460019354812,0.69166946
21.968300273142898,88.2549850883224,0.83591795
21.968300273142898,88.26396824116358,1.522038
21.968300273142898,88.27295139400478,1.4734898
21.968300273142898,88.28193454684597,1.2225204
21.968300273142898,88.29091769968717,1.4745998
21.968300273142898,88.29990085252837,0.64130306
21.977283425984094,87.500400249662,0.0
21.977283425984094,87.50938340250319,0.0
21.977283425984094,87.51836655534439,0.0
21.977283425984094,87.52734970818558,0.0
21.977283425984094,87.53633286102678,0.0
21.977283425984094,87.54531601386797,0.0
21.977283425984094,87.55429916670917,0.0
21.977283425984094,87.56328231955037,0.0
21.977283425984094,87.57226547239156,0.0
21.977283425984094,87.58124862523275,0.0
21.977283425984094,87.59023177807394,0.0
21.977283425984094,87.59921493091514,0.0
21.977283425984094,87.60819808375633,0.0
21.977283425984094,87.61718123659753,0.0
21.977283425984094,87.62616438943873,0.0
21.977283425984094,87.63514754227992,0.0
21.977283425984094,87.64413069512112,0.0
21.977283425984094,87.65311384796232,0.0
21.977283425984094,87.66209700080351,0.0
21.977283425984094,87.67108015364471,0.0
21.977283425984094,87.6800633064859,0.0
21.977283425984094,87.68904645932709,0.0
21.977283425984094,87.69802961216828,0.0
21.977283425984094,87.70701276500948,0.0
21.977283425984094,87.71599591785068,0.0
21.977283425984094,87.72497907069187,0.0
21.977283425984094,87.73396222353307,0.0
21.977283425984094,87.74294537637427,0.0
21.977283425984094,87.75192852921546,0.0
21.977283425984094,87.76091168205666,0.0
21.977283425984094,87.76989483489785,0.0
21.977283425984094,87.77887798773905,0.0
21.977283425984094,87.78786114058025,0.0
21.977283425984094,87.79684429342144,0.0
21.977283425984094,87.80582744626263,0.0
21.977283425984094,87.81481059910382,0.0
21.977283425984094,87.82379375194502,0.0
21.977283425984094,87.83277690478621,0.0
21.977283425984094,87.84176005762741,0.0
21.977283425984094,87.85074321046861,0.0
21.977283425984094,87.8597263633098,0.0
21.977283425984094,87.868709516151,0.0
21.977283425984094,87.8776926689922,0.0
21.977283425984094,87.88667582183339,0.0
21.977283425984094,87.89565897467459,0.0
21.977283425984094,87.90464212751579,0.0
21.977283425984094,87.91362528035698,0.0
21.977283425984094,87.92260843319816,0.0
21.977283425984094,87.93159158603936,0.0
21.977283425984094,87.94057473888056,0.0
21.977283425984094,87.94955789172175,0.0
21.977283425984094,87.95854104456295,0.0
21.977283425984094,87.96752419740415,0.0
21.977283425984094,87.97650735024534,0.5265875
21.977283425984094,87.98549050308654,0.14469814
21.977283425984094,87.99447365592773,1.2650752
21.977283425984094,88.00345680876893,0.89960194
21.977283425984094,88.01243996161013,1.5916972
21.977283425984094,88.02142311445132,2.03973
21.977283425984094,88.03040626729252,2.3326201
21.977283425984094,88.0393894201337,6.418967
21.977283425984094,88.06633887865729,7.3597484
21.977283425984094,88.07532203149849,2.5740266
21.977283425984094,88.08430518433968,2.3667612
21.977283425984094,88.09328833718088,2.2251987
21.977283425984094,88.10227149002208,1.9948721
21.977283425984094,88.11125464286327,3.1463888
21.977283425984094,88.17413671275163,7.353264
21.977283425984094,88.18311986559283,2.9953732
21.977283425984094,88.19210301843403,1.3724017
21.977283425984094,88.20108617127522,0.5453057
21.977283425984094,88.21006932411642,0.3993826
21.977283425984094,88.21905247695761,0.73455334
21.977283425984094,88.22803562979881,0.0
21.977283425984094,88.23701878264,0.4188652
21.977283425984094,88.2460019354812,0.5019665
21.977283425984094,88.2549850883224,0.040769577
21.977283425984094,88.26396824116358,1.1836085
21.977283425984094,88.27295139400478,1.2100601
21.977283425984094,88.28193454684597,1.1708093
21.977283425984094,88.29091769968717,0.6068506
21.977283425984094,88.29990085252837,0.49682093
21.98626657882529,87.500400249662,0.0
21.98626657882529,87.50938340250319,0.0
21.98626657882529,87.51836655534439,0.0
21.98626657882529,87.52734970818558,0.0
21.98626657882529,87.53633286102678,0.0
21.98626657882529,87.54531601386797,0.0
21.98626657882529,87.55429916670917,0.0
21.98626657882529,87.56328231955037,0.0
21.98626657882529,87.57226547239156,0.0
21.98626657882529,87.58124862523275,0.0
21.98626657882529,87.59023177807394,0.0
21.98626657882529,87.59921493091514,0.0
21.98626657882529,87.60819808375633,0.0
21.98626657882529,87.61718123659753,0.0
21.98626657882529,87.62616438943873,0.0
21.98626657882529,87.63514754227992,0.0
21.98626657882529,87.64413069512112,0.0
21.98626657882529,87.65311384796232,0.0
21.98626657882529,87.66209700080351,0.0
21.98626657882529,87.67108015364471,0.0
21.98626657882529,87.6800633064859,0.0
21.98626657882529,87.68904645932709,0.0
21.98626657882529,87.69802961216828,0.0
21.98626657882529,87.70701276500948,0.0
21.98626657882529,87.71599591785068,0.0
21.98626657882529,87.72497907069187,0.0
21.98626657882529,87.73396222353307,0.0
21.98626657882529,87.74294537637427,0.0
21.98626657882529,87.75192852921546,0.0
21.98626657882529,87.76091168205666,0.0
21.98626657882529,87.76989483489785,0.0
21.98626657882529,87.77887798773905,0.0
21.98626657882529,87.78786114058025,0.0
21.98626657882529,87.79684429342144,0.0
21.98626657882529,87.80582744626263,0.0
21.98626657882529,87.81481059910382,0.0
21.98626657882529,87.82379375194502,0.0
21.98626657882529,87.83277690478621,0.0
21.98626657882529,87.84176005762741,0.0
21.98626657882529,87.85074321046861,0.0
21.98626657882529,87.8597263633098,0.0
21.98626657882529,87.868709516151,0.0
21.98626657882529,87.8776926689922,0.0
21.98626657882529,87.88667582183339,0.0
21.98626657882529,87.89565897467459,0.0
21.98626657882529,87.90464212751579,0.0
21.98626657882529,87.91362528035698,0.0
21.98626657882529,87.92260843319816,0.0
21.98626657882529,87.93159158603936,0.0
21.98626657882529,87.94057473888056,0.0
21.98626657882529,87.94955789172175,0.0
21.98626657882529,87.95854104456295,0.0
21.98626657882529,87.96752419740415,0.0
21.98626657882529,87.97650735024534,0.0
21.98626657882529,87.98549050308654,0.0
21.98626657882529,87.99447365592773,0.43483305
21.98626657882529,88.00345680876893,1.5923848
21.98626657882529,88.01243996161013,1.7199373
21.98626657882529,88.02142311445132,1.4639668
21.98626657882529,88.03040626729252,1.7454252
21.98626657882529,88.0393894201337,3.332873
21.98626657882529,88.07532203149849,3.1099045
21.98626657882529,88.08430518433968,2.5787067
21.98626657882529,88.09328833718088,2.3049731
21.98626657882529,88.10227149002208,2.0770822
21.98626657882529,88.11125464286327,1.8825612
21.98626657882529,88.12023779570447,4.898264
21.98626657882529,88.18311986559283,7.0554514
21.98626657882529,88.19210301843403,1.4278326
21.98626657882529,88.20108617127522,1.4866867
21.98626657882529,88.21006932411642,0.8287215
21.98626657882529,88.21905247695761,0.4922948
21.98626657882529,88.22803562979881,0.17201805
21.98626657882529,88.23701878264,0.1401968
21.98626657882529,88.2460019354812,0.0
21.98626657882529,88.2549850883224,0.0
21.98626657882529,88.26396824116358,0.74628496
21.98626657882529,88.27295139400478,0.55851746
21.98626657882529,88.28193454684597,0.2973137
21.98626657882529,88.29091769968717,0.7457819
21.98626657882529,88.29990085252837,0.6869793
21.995249731666483,87.500400249662,0.0
21.995249731666483,87.50938340250319,0.0
21.995249731666483,87.51836655534439,0.0
21.995249731666483,87.52734970818558,0.0
21.995249731666483,87.53633286102678,0.0
21.995249731666483,87.54531601386797,0.0
21.995249731666483,87.55429916670917,0.0
21.995249731666483,87.56328231955037,0.0
21.995249731666483,87.57226547239156,0.0
21.995249731666483,87.58124862523275,0.0
21.995249731666483,87.59023177807394,0.0
21.995249731666483,87.59921493091514,0.0
21.995249731666483,87.60819808375633,0.0
21.995249731666483,87.61718123659753,0.0
21.995249731666483,87.62616438943873,0.0
21.995249731666483,87.63514754227992,0.0
21.995249731666483,87.64413069512112,0.0
21.995249731666483,87.65311384796232,0.0
21.995249731666483,87.66209700080351,0.0
21.995249731666483,87.67108015364471,0.0
21.995249731666483,87.6800633064859,0.0
21.995249731666483,87.68904645932709,0.0
21.995249731666483,87.69802961216828,0.0
21.995249731666483,87.70701276500948,0.0
21.995249731666483,87.71599591785068,0.0
21.995249731666483,87.72497907069187,0.0
21.995249731666483,87.73396222353307,0.0
21.995249731666483,87.74294537637427,0.0
21.995249731666483,87.75192852921546,0.0
21.995249731666483,87.76091168205666,0.0
21.995249731666483,87.76989483489785,0.0
21.995249731666483,87.77887798773905,0.0
21.995249731666483,87.78786114058025,0.0
21.995249731666483,87.79684429342144,0.0
21.995249731666483,87.80582744626263,0.0
21.995249731666483,87.81481059910382,0.0
21.995249731666483,87.82379375194502,0.0
21.995249731666483,87.83277690478621,0.0
21.995249731666483,87.84176005762741,0.0
21.995249731666483,87.85074321046861,0.0
21.995249731666483,87.8597263633098,0.0
21.995249731666483,87.868709516151,0.0
21.995249731666483,87.8776926689922,0.0
21.995249731666483,87.88667582183339,0.0
21.995249731666483,87.89565897467459,0.0
21.995249731666483,87.90464212751579,0.0
21.995249731666483,87.91362528035698,0.0
21.995249731666483,87.92260843319816,0.0
21.995249731666483,87.93159158603936,0.0
21.995249731666483,87.94057473888056,0.0
21.995249731666483,87.94955789172175,0.0
21.995249731666483,87.95854104456295,0.0
21.995249731666483,87.96752419740415,0.0
21.995249731666483,87.97650735024534,0.0
21.995249731666483,87.98549050308654,0.0
21.995249731666483,87.99447365592773,0.0
21.995249731666483,88.00345680876893,0.7803173
21.995249731666483,88.01243996161013,0.94388676
21.995249731666483,88.02142311445132,2.002442
21.995249731666483,88.03040626729252,1.7604504
21.995249731666483,88.0393894201337,1.3338819
21.995249731666483,88.0483725729749,5.249045
21.995249731666483,88.07532203149849,4.0970135
21.995249731666483,88.08430518433968,3.0711544
21.995249731666483,88.09328833718088,2.6522284
21.995249731666483,88.10227149002208,2.112072
21.995249731666483,88.11125464286327,2.3049045
21.995249731666483,88.12023779570447,2.784592
21.995249731666483,88.12922094854567,6.8306074
21.995249731666483,88.19210301843403,2.0703921
21.995249731666483,88.20108617127522,1.16295
21.995249731666483,88.21006932411642,0.7247224
21.995249731666483,88.21905247695761,0.75499725
21.995249731666483,88.22803562979881,1.0160666
21.995249731666483,88.23701878264,0.04135132
21.995249731666483,88.2460019354812,0.290308
21.995249731666483,88.2549850883224,0.1644988
21.995249731666483,88.26396824116358,0.0
21.995249731666483,88.27295139400478,0.6590185
21.995249731666483,88.28193454684597,0.5656271
21.995249731666483,88.29091769968717,0.0
21.995249731666483,88.29990085252837,0.0
22.00423288450768,87.500400249662,0.0
22.00423288450768,87.50938340250319,0.0
22.00423288450768,87.51836655534439,0.0
22.00423288450768,87.52734970818558,0.0
22.00423288450768,87.53633286102678,0.0
22.00423288450768,87.54531601386797,0.0
22.00423288450768,87.55429916670917,0.0
22.00423288450768,87.56328231955037,0.0
22.00423288450768,87.57226547239156,0.0
22.00423288450768,87.58124862523275,0.0
22.00423288450768,87.59023177807394,0.0
22.00423288450768,87.59921493091514,0.0
22.00423288450768,87.60819808375633,0.0
22.00423288450768,87.61718123659753,0.0
22.00423288450768,87.62616438943873,0.0
22.00423288450768,87.63514754227992,0.0
22.00423288450768,87.64413069512112,0.0
22.00423288450768,87.65311384796232,0.0
22.00423288450768,87.66209700080351,0.0
22.00423288450768,87.67108015364471,0.0
22.00423288450768,87.6800633064859,0.0
22.00423288450768,87.68904645932709,0.0
22.00423288450768,87.69802961216828,0.0
22.00423288450768,87.70701276500948,0.0
22.00423288450768,87.71599591785068,0.0
22.00423288450768,87.72497907069187,0.0
22.00423288450768,87.73396222353307,0.0
22.00423288450768,87.74294537637427,0.0
22.00423288450768,87.75192852921546,0.0
22.00423288450768,87.76091168205666,0.0
22.00423288450768,87.76989483489785,0.0
22.00423288450768,87.77887798773905,0.0
22.00423288450768,87.78786114058025,0.0
22.00423288450768,87.79684429342144,0.0
22.00423288450768,87.80582744626263,0.0
22.00423288450768,87.81481059910382,0.0
22.00423288450768,87.82379375194502,0.0
22.00423288450768,87.83277690478621,0.0
22.00423288450768,87.84176005762741,0.0
22.00423288450768,87.85074321046861,0.0
22.00423288450768,87.8597263633098,0.0
22.00423288450768,87.868709516151,0.0
22.00423288450768,87.8776926689922,0.0
22.00423288450768,87.88667582183339,0.0
22.00423288450768,87.89565897467459,0.0
22.00423288450768,87.90464212751579,0.0
22.00423288450768,87.91362528035698,0.0
22.00423288450768,87.92260843319816,0.0
22.00423288450768,87.93159158603936,0.0
22.00423288450768,87.94057473888056,0.0
22.00423288450768,87.94955789172175,0.0
22.00423288450768,87.95854104456295,0.0
22.00423288450768,87.96752419740415,0.0
22.00423288450768,87.97650735024534,0.0
22.00423288450768,87.98549050308654,0.0
22.00423288450768,87.99447365592773,0.0
22.00423288450768,88.00345680876893,0.1156683
22.00423288450768,88.01243996161013,0.6629176
22.00423288450768,88.02142311445132,1.4903355
22.00423288450768,88.03040626729252,1.6461129
22.00423288450768,88.0393894201337,1.869266
22.00423288450768,88.0483725729749,2.509748
22.00423288450768,88.0573557258161,7.489045
22.00423288450768,88.07532203149849,7.734592
22.00423288450768,88.08430518433968,4.9724827
22.00423288450768,88.09328833718088,2.8847716
22.00423288450768,88.10227149002208,2.2206845
22.00423288450768,88.11125464286327,1.8958535
22.00423288450768,88.12023779570447,1.8894601
22.00423288450768,88.12922094854567,4.1160765
22.00423288450768,88.19210301843403,5.4624043
22.00423288450768,88.20108617127522,1.867547
22.00423288450768,88.21006932411642,1.6820993
22.00423288450768,88.21905247695761,1.1966848
22.00423288450768,88.22803562979881,0.90384483
22.00423288450768,88.23701878264,0.94530106
22.00423288450768,88.2460019354812,0.20871067
22.00423288450768,88.2549850883224,0.0
22.00423288450768,88.26396824116358,0.0
22.00423288450768,88.27295139400478,0.0
22.00423288450768,88.28193454684597,0.027858734
22.00423288450768,88.29091769968717,0.0
22.00423288450768,88.29990085252837,0.0
22.013216037348876,87.500400249662,0.0
22.013216037348876,87.50938340250319,0.0
22.013216037348876,87.51836655534439,0.0
22.013216037348876,87.52734970818558,0.0
22.013216037348876,87.53633286102678,0.0
22.013216037348876,87.54531601386797,0.0
22.013216037348876,87.55429916670917,0.0
22.013216037348876,87.56328231955037,0.0
22.013216037348876,87.57226547239156,0.0
22.013216037348876,87.58124862523275,0.0
22.013216037348876,87.59023177807394,0.0
22.013216037348876,87.59921493091514,0.0
22.013216037348876,87.60819808375633,0.0
22.013216037348876,87.61718123659753,0.0
22.013216037348876,87.62616438943873,0.0
22.013216037348876,87.63514754227992,0.0
22.013216037348876,87.64413069512112,0.0
22.013216037348876,87.65311384796232,0.0
22.013216037348876,87.66209700080351,0.0
22.013216037348876,87.67108015364471,0.0
22.013216037348876,87.6800633064859,0.0
22.013216037348876,87.68904645932709,0.0
22.013216037348876,87.69802961216828,0.0
22.013216037348876,87.70701276500948,0.0
22.013216037348876,87.71599591785068,0.0
22.013216037348876,87.72497907069187,0.0
22.013216037348876,87.73396222353307,0.0
22.013216037348876,87.74294537637427,0.0
22.013216037348876,87.75192852921546,0.0
22.013216037348876,87.76091168205666,0.0
22.013216037348876,87.76989483489785,0.0
22.013216037348876,87.77887798773905,0.0
22.013216037348876,87.78786114058025,0.0
22.013216037348876,87.79684429342144,0.0
22.013216037348876,87.80582744626263,0.0
22.013216037348876,87.81481059910382,0.0
22.013216037348876,87.82379375194502,0.0
22.013216037348876,87.83277690478621,0.0
22.013216037348876,87.84176005762741,0.0
22.013216037348876,87.85074321046861,0.0
22.013216037348876,87.8597263633098,0.0
22.013216037348876,87.868709516151,0.0
22.013216037348876,87.8776926689922,0.0
22.013216037348876,87.88667582183339,0.0
22.013216037348876,87.89565897467459,0.0
22.013216037348876,87.90464212751579,0.0
22.013216037348876,87.91362528035698,0.0
22.013216037348876,87.92260843319816,0.0
22.013216037348876,87.93159158603936,0.0
22.013216037348876,87.94057473888056,0.0
22.013216037348876,87.94955789172175,0.0
22.013216037348876,87.95854104456295,0.0
22.013216037348876,87.96752419740415,0.0
22.013216037348876,87.97650735024534,0.0
22.013216037348876,87.98549050308654,0.1520772
22.013216037348876,87.99447365592773,0.44480324
22.013216037348876,88.00345680876893,0.341393
22.013216037348876,88.01243996161013,0.7070017
22.013216037348876,88.02142311445132,1.4560137
22.013216037348876,88.03040626729252,1.4270301
22.013216037348876,88.0393894201337,2.1862245
22.013216037348876,88.0483725729749,2.39505
22.013216037348876,88.0573557258161,6.6075606
22.013216037348876,88.06633887865729,6.1060762
22.013216037348876,88.09328833718088,6.431467
22.013216037348876,88.10227149002208,4.33092
22.013216037348876,88.11125464286327,2.7428732
22.013216037348876,88.12023779570447,1.6465502
22.013216037348876,88.12922094854567,1.9714785
22.013216037348876,88.13820410138686,5.413967
22.013216037348876,88.19210301843403,7.3874826
22.013216037348876,88.20108617127522,3.9667795
22.013216037348876,88.21006932411642,2.410191
22.013216037348876,88.21905247695761,1.0322666
22.013216037348876,88.22803562979881,0.88670444
22.013216037348876,88.23701878264,1.2548137
22.013216037348876,88.2460019354812,0.9294853
22.013216037348876,88.2549850883224,0.59196997
22.013216037348876,88.26396824116358,0.2605481
22.013216037348876,88.27295139400478,0.0
22.013216037348876,88.28193454684597,0.0
22.013216037348876,88.29091769968717,0.0
22.013216037348876,88.29990085252837,0.0
22.022199190190072,87.500400249662,0.0
22.022199190190072,87.50938340250319,0.0
22.022199190190072,87.51836655534439,0.0
22.022199190190072,87.52734970818558,0.0
22.022199190190072,87.53633286102678,0.0
22.022199190190072,87.54531601386797,0.0
22.022199190190072,87.55429916670917,0.0
22.022199190190072,87.56328231955037,0.0
22.022199190190072,87.57226547239156,0.0
22.022199190190072,87.58124862523275,0.0
22.022199190190072,87.59023177807394,0.0
22.022199190190072,87.59921493091514,0.0
22.022199190190072,87.60819808375633,0.0
22.022199190190072,87.61718123659753,0.0
22.022199190190072,87.62616438943873,0.0
22.022199190190072,87.63514754227992,0.0
22.022199190190072,87.64413069512112,0.0
22.022199190190072,87.65311384796232,0.0
22.022199190190072,87.66209700080351,0.0
22.022199190190072,87.67108015364471,0.0
22.022199190190072,87.6800633064859,0.0
22.022199190190072,87.68904645932709,0.0
22.022199190190072,87.69802961216828,0.0
22.022199190190072,87.70701276500948,0.0
22.022199190190072,87.71599591785068,0.0
22.022199190190072,87.72497907069187,0.0
22.022199190190072,87.73396222353307,0.0
22.022199190190072,87.74294537637427,0.0
22.022199190190072,87.75192852921546,0.0
22.022199190190072,87.76091168205666,0.0
22.022199190190072,87.76989483489785,0.0
22.022199190190072,87.77887798773905,0.0
22.022199190190072,87.78786114058025,0.0
22.022199190190072,87.79684429342144,0.0
22.022199190190072,87.80582744626263,0.0
22.022199190190072,87.81481059910382,0.0
22.022199190190072,87.82379375194502,0.0
22.022199190190072,87.83277690478621,0.0
22.022199190190072,87.84176005762741,0.0
22.022199190190072,87.85074321046861,0.0
22.022199190190072,87.8597263633098,0.0
22.022199190190072,87.868709516151,0.0
22.022199190190072,87.8776926689922,0.0
22.022199190190072,87.88667582183339,0.0
22.022199190190072,87.89565897467459,0.0
22.022199190190072,87.90464212751579,0.0
22.022199190190072,87.91362528035698,0.0
22.022199190190072,87.92260843319816,0.0
22.022199190190072,87.93159158603936,0.0
22.022199190190072,87.94057473888056,0.0
22.022199190190072,87.94955789172175,0.0
22.022199190190072,87.95854104456295,0.0
22.022199190190072,87.96752419740415,0.0
22.022199190190072,87.97650735024534,0.37650967
22.022199190190072,87.98549050308654,0.6568885
22.022199190190072,87.99447365592773,1.4553952
22.022199190190072,88.00345680876893,0.9896054
22.022199190190072,88.01243996161013,1.6913466
22.022199190190072,88.02142311445132,1.9010229
22.022199190190072,88.03040626729252,1.8013339
22.022199190190072,88.0393894201337,4.7311544
22.022199190190072,88.0483725729749,7.2249827
22.022199190190072,88.0573557258161,3.8044357
22.022199190190072,88.06633887865729,0.0
22.022199190190072,88.07532203149849,3.526545
22.022199190190072,88.08430518433968,6.4044356
22.022199190190072,88.12023779570447,7.063811
22.022199190190072,88.12922094854567,5.2310762
22.022199190190072,88.13820410138686,1.6485763
22.022199190190072,88.14718725422806,6.476467
22.022199190190072,88.20108617127522,6.7581077
22.022199190190072,88.21006932411642,3.020836
22.022199190190072,88.21905247695761,2.3382888
22.022199190190072,88.22803562979881,1.0996914
22.022199190190072,88.23701878264,1.1569533
22.022199190190072,88.2460019354812,1.0595284
22.022199190190072,88.2549850883224,0.8453064
22.022199190190072,88.26396824116358,0.0
22.022199190190072,88.27295139400478,0.0
22.022199190190072,88.28193454684597,0.0
22.022199190190072,88.29091769968717,0.0
22.022199190190072,88.29990085252837,0.0
22.031182343031265,87.500400249662,0.0
22.031182343031265,87.50938340250319,0.0
22.031182343031265,87.51836655534439,0.0
22.031182343031265,87.52734970818558,0.0
22.031182343031265,87.53633286102678,0.0
22.031182343031265,87.54531601386797,0.0
22.031182343031265,87.55429916670917,0.0
22.031182343031265,87.56328231955037,0.0
22.031182343031265,87.57226547239156,0.0
22.031182343031265,87.58124862523275,0.0
22.031182343031265,87.59023177807394,0.0
22.031182343031265,87.59921493091514,0.0
22.031182343031265,87.60819808375633,0.0
22.031182343031265,87.61718123659753,0.0
22.031182343031265,87.62616438943873,0.0
22.031182343031265,87.63514754227992,0.0
22.031182343031265,87.64413069512112,0.0
22.031182343031265,87.65311384796232,0.0
22.031182343031265,87.66209700080351,0.0
22.031182343031265,87.67108015364471,0.0
22.031182343031265,87.6800633064859,0.0
22.031182343031265,87.68904645932709,0.0
22.031182343031265,87.69802961216828,0.0
22.031182343031265,87.70701276500948,0.0
22.031182343031265,87.71599591785068,0.0
22.031182343031265,87.72497907069187,0.0
22.031182343031265,87.73396222353307,0.0
22.031182343031265,87.74294537637427,0.0
22.031182343031265,87.75192852921546,0.0
22.031182343031265,87.76091168205666,0.0
22.031182343031265,87.76989483489785,0.0
22.031182343031265,87.77887798773905,0.0
22.031182343031265,87.78786114058025,0.0
22.031182343031265,87.79684429342144,0.0
22.031182343031265,87.80582744626263,0.0
22.031182343031265,87.81481059910382,0.0
22.031182343031265,87.82379375194502,0.0
22.031182343031265,87.83277690478621,0.0
22.031182343031265,87.84176005762741,0.0
22.031182343031265,87.85074321046861,0.0
22.031182343031265,87.8597263633098,0.0
22.031182343031265,87.868709516151,0.0
22.031182343031265,87.8776926689922,0.0
22.031182343031265,87.88667582183339,0.0
22.031182343031265,87.89565897467459,0.0
22.031182343031265,87.90464212751579,0.0
22.031182343031265,87.91362528035698,0.0
22.031182343031265,87.92260843319816,0.0
22.031182343031265,87.93159158603936,0.0
22.031182343031265,87.94057473888056,0.0
22.031182343031265,87.94955789172175,0.0
22.031182343031265,87.95854104456295,0.0
22.031182343031265,87.96752419740415,0.0
22.031182343031265,87.97650735024534,0.13835907
22.031182343031265,87.98549050308654,0.08715439
22.031182343031265,87.99447365592773,0.606596
22.031182343031265,88.00345680876893,0.73197794
22.031182343031265,88.01243996161013,1.431891
22.031182343031265,88.02142311445132,1.6004677
22.031182343031265,88.03040626729252,5.654514
22.031182343031265,88.0393894201337,7.8992796
22.031182343031265,88.0483725729749,4.0275607
22.031182343031265,88.0573557258161,0.7510028
22.031182343031265,88.06633887865729,0.0
22.031182343031265,88.07532203149849,2.2236543
22.031182343031265,88.08430518433968,1.668498
22.031182343031265,88.09328833718088,3.798889
22.031182343031265,88.10227149002208,7.48092
22.031182343031265,88.13820410138686,7.4681077
22.031182343031265,88.21006932411642,4.409045
22.031182343031265,88.21905247695761,2.4954019
22.031182343031265,88.22803562979881,1.361372
22.031182343031265,88.23701878264,0.6794276
22.031182343031265,88.2460019354812,0.25560856
22.031182343031265,88.2549850883224,0.56906605
22.031182343031265,88.26396824116358,0.35049343
22.031182343031265,88.27295139400478,0.14987755
22.031182343031265,88.28193454684597,0.0
22.031182343031265,88.29091769968717,0.0
22.031182343031265,88.29990085252837,0.0
22.04016549587246,87.500400249662,0.0
22.04016549587246,87.50938340250319,0.0
22.04016549587246,87.51836655534439,0.0
22.04016549587246,87.52734970818558,0.0
22.04016549587246,87.53633286102678,0.0
22.04016549587246,87.54531601386797,0.0
22.04016549587246,87.55429916670917,0.0
22.04016549587246,87.56328231955037,0.0
22.04016549587246,87.57226547239156,0.0
22.04016549587246,87.58124862523275,0.0
22.04016549587246,87.59023177807394,0.0
22.04016549587246,87.59921493091514,0.0
22.04016549587246,87.60819808375633,0.0
22.04016549587246,87.61718123659753,0.0
22.04016549587246,87.62616438943873,0.0
22.04016549587246,87.63514754227992,0.0
22.04016549587246,87.64413069512112,0.0
22.04016549587246,87.65311384796232,0.0
22.04016549587246,87.66209700080351,0.0
22.04016549587246,87.67108015364471,0.0
22.04016549587246,87.6800633064859,0.0
22.04016549587246,87.68904645932709,0.0
22.04016549587246,87.69802961216828,0.0
22.04016549587246,87.70701276500948,0.0
22.04016549587246,87.71599591785068,0.0
22.04016549587246,87.72497907069187,0.0
22.04016549587246,87.73396222353307,0.0
22.04016549587246,87.74294537637427,0.0
22.04016549587246,87.75192852921546,0.0
22.04016549587246,87.76091168205666,0.0
22.04016549587246,87.76989483489785,0.0
22.04016549587246,87.77887798773905,0.0
22.04016549587246,87.78786114058025,0.0
22.04016549587246,87.79684429342144,0.0
22.04016549587246,87.80582744626263,0.0
22.04016549587246,87.81481059910382,0.0
22.04016549587246,87.82379375194502,0.0
22.04016549587246,87.83277690478621,0.0
22.04016549587246,87.84176005762741,0.0
22.04016549587246,87.85074321046861,0.0
22.04016549587246,87.8597263633098,0.0
22.04016549587246,87.868709516151,0.0
22.04016549587246,87.8776926689922,0.0
22.04016549587246,87.88667582183339,0.0
22.04016549587246,87.89565897467459,0.0
22.04016549587246,87.90464212751579,0.0
22.04016549587246,87.91362528035698,0.0
22.04016549587246,87.92260843319816,0.0
22.04016549587246,87.93159158603936,0.0
22.04016549587246,87.94057473888056,0.0
22.04016549587246,87.94955789172175,0.0
22.04016549587246,87.95854104456295,0.0
22.04016549587246,87.96752419740415,0.20217848
22.04016549587246,87.97650735024534,1.1105046
22.04016549587246,87.98549050308654,0.34164333
22.04016549587246,87.99447365592773,0.97911024
22.04016549587246,88.00345680876893,1.1007404
22.04016549587246,88.01243996161013,1.3705516
22.04016549587246,88.02142311445132,5.416936
22.04016549587246,88.03040626729252,8.046389
22.04016549587246,88.0393894201337,4.392639
22.04016549587246,88.0483725729749,1.0772591
22.04016549587246,88.0573557258161,0.8485398
22.04016549587246,88.06633887865729,0.73331976
22.04016549587246,88.07532203149849,1.8760014
22.04016549587246,88.08430518433968,0.35451365
22.04016549587246,88.09328833718088,0.0
22.04016549587246,88.10227149002208,1.3135762
22.04016549587246,88.11125464286327,6.435295
22.04016549587246,88.21006932411642,6.497717
22.04016549587246,88.21905247695761,2.6843135
22.04016549587246,88.22803562979881,2.069436
22.04016549587246,88.23701878264,1.653954
22.04016549587246,88.2460019354812,0.6383624
22.04016549587246,88.2549850883224,0.767848
22.04016549587246,88.26396824116358,0.9136629
22.04016549587246,88.27295139400478,0.52369547
22.04016549587246,88.28193454684597,0.0
22.04016549587246,88.29091769968717,0.0
22.04016549587246,88.29990085252837,0.0
22.049148648713658,87.500400249662,0.0
22.049148648713658,87.50938340250319,0.0
22.049148648713658,87.51836655534439,0.0
22.049148648713658,87.52734970818558,0.0
22.049148648713658,87.53633286102678,0.0
22.049148648713658,87.54531601386797,0.0
22.049148648713658,87.55429916670917,0.0
22.049148648713658,87.56328231955037,0.0
22.049148648713658,87.57226547239156,0.0
22.049148648713658,87.58124862523275,0.0
22.049148648713658,87.59023177807394,0.0
22.049148648713658,87.59921493091514,0.0
22.049148648713658,87.60819808375633,0.0
22.049148648713658,87.61718123659753,0.0
22.049148648713658,87.62616438943873,0.0
22.049148648713658,87.63514754227992,0.0
22.049148648713658,87.64413069512112,0.0
22.049148648713658,87.65311384796232,0.0
22.049148648713658,87.66209700080351,0.0
22.049148648713658,87.67108015364471,0.0
22.049148648713658,87.6800633064859,0.0
22.049148648713658,87.68904645932709,0.0
22.049148648713658,87.69802961216828,0.0
22.049148648713658,87.70701276500948,0.0
22.049148648713658,87.71599591785068,0.0
22.049148648713658,87.72497907069187,0.0
22.049148648713658,87.73396222353307,0.0
22.049148648713658,87.74294537637427,0.0
22.049148648713658,87.75192852921546,0.0
22.049148648713658,87.76091168205666,0.0
22.049148648713658,87.76989483489785,0.0
22.049148648713658,87.77887798773905,0.0
22.049148648713658,87.78786114058025,0.0
22.049148648713658,87.79684429342144,0.0
22.049148648713658,87.80582744626263,0.0
22.049148648713658,87.81481059910382,0.0
22.049148648713658,87.82379375194502,0.0
22.049148648713658,87.83277690478621,0.0
22.049148648713658,87.84176005762741,0.0
22.049148648713658,87.85074321046861,0.0
22.049148648713658,87.8597263633098,0.0
22.049148648713658,87.868709516151,0.0
22.049148648713658,87.8776926689922,0.0
22.049148648713658,87.88667582183339,0.0
22.049148648713658,87.89565897467459,0.0
22.049148648713658,87.90464212751579,0.0
22.049148648713658,87.91362528035698,0.0
22.049148648713658,87.92260843319816,0.0
22.049148648713658,87.93159158603936,0.0
22.049148648713658,87.94057473888056,0.0
22.049148648713658,87.94955789172175,0.0
22.049148648713658,87.95854104456295,0.1923151
22.049148648713658,87.96752419740415,0.45716667
22.049148648713658,87.97650735024534,0.74833536
22.049148648713658,87.98549050308654,0.13799
22.049148648713658,87.99447365592773,1.8904572
22.049148648713658,88.00345680876893,1.8855019
22.049148648713658,88.01243996161013,1.4803581
22.049148648713658,88.02142311445132,7.953108
22.049148648713658,88.03040626729252,5.031233
22.049148648713658,88.0393894201337,1.4179015
22.049148648713658,88.0483725729749,1.2147055
22.049148648713658,88.0573557258161,0.9728322
22.049148648713658,88.06633887865729,0.89399815
22.049148648713658,88.07532203149849,2.1014252
22.049148648713658,88.08430518433968,1.1842008
22.049148648713658,88.09328833718088,0.0
22.049148648713658,88.10227149002208,0.0
22.049148648713658,88.11125464286327,0.0
22.049148648713658,88.12023779570447,3.1147482
22.049148648713658,88.12922094854567,7.3857636
22.049148648713658,88.21006932411642,7.132717
22.049148648713658,88.21905247695761,2.846284
22.049148648713658,88.22803562979881,1.8785486
22.049148648713658,88.23701878264,2.0838947
22.049148648713658,88.2460019354812,1.0297089
22.049148648713658,88.2549850883224,0.9485698
22.049148648713658,88.26396824116358,0.8448529
22.049148648713658,88.27295139400478,0.07597923
22.049148648713658,88.28193454684597,0.0
22.049148648713658,88.29091769968717,0.0
22.049148648713658,88.29990085252837,0.0
22.05813180155485,87.500400249662,0.0
22.05813180155485,87.50938340250319,0.0
22.05813180155485,87.51836655534439,0.0
22.05813180155485,87.52734970818558,0.0
22.05813180155485,87.53633286102678,0.0
22.05813180155485,87.54531601386797,0.0
22.05813180155485,87.55429916670917,0.0
22.05813180155485,87.56328231955037,0.0
22.05813180155485,87.57226547239156,0.0
22.05813180155485,87.58124862523275,0.0
22.05813180155485,87.59023177807394,0.0
22.05813180155485,87.59921493091514,0.0
22.05813180155485,87.60819808375633,0.0
22.05813180155485,87.61718123659753,0.0
22.05813180155485,87.62616438943873,0.0
22.05813180155485,87.63514754227992,0.0
22.05813180155485,87.64413069512112,0.0
22.05813180155485,87.65311384796232,0.0
22.05813180155485,87.66209700080351,0.0
22.05813180155485,87.67108015364471,0.0
22.05813180155485,87.6800633064859,0.0
22.05813180155485,87.68904645932709,0.0
22.05813180155485,87.69802961216828,0.0
22.05813180155485,87.70701276500948,0.0
22.05813180155485,87.71599591785068,0.0
22.05813180155485,87.72497907069187,0.0
22.05813180155485,87.73396222353307,0.0
22.05813180155485,87.74294537637427,0.0
22.05813180155485,87.75192852921546,0.0
22.05813180155485,87.76091168205666,0.0
22.05813180155485,87.76989483489785,0.0
22.05813180155485,87.77887798773905,0.0
22.05813180155485,87.78786114058025,0.0
22.05813180155485,87.79684429342144,0.0
22.05813180155485,87.80582744626263,0.0
22.05813180155485,87.81481059910382,0.0
22.05813180155485,87.82379375194502,0.0
22.05813180155485,87.83277690478621,0.0
22.05813180155485,87.84176005762741,0.0
22.05813180155485,87.85074321046861,0.0
22.05813180155485,87.8597263633098,0.0
22.05813180155485,87.868709516151,0.0
22.05813180155485,87.8776926689922,0.0
22.05813180155485,87.88667582183339,0.0
22.05813180155485,87.89565897467459,0.0
22.05813180155485,87.90464212751579,0.0
22.05813180155485,87.91362528035698,0.0
22.05813180155485,87.92260843319816,0.0
22.05813180155485,87.93159158603936,0.0
22.05813180155485,87.94057473888056,0.0
22.05813180155485,87.94955789172175,0.0
22.05813180155485,87.95854104456295,0.42069817
22.05813180155485,87.96752419740415,0.9583769
22.05813180155485,87.97650735024534,0.8124418
22.05813180155485,87.98549050308654,1.2319708
22.05813180155485,87.99447365592773,1.7127848
22.05813180155485,88.00345680876893,2.1450052
22.05813180155485,88.01243996161013,2.242795
22.05813180155485,88.02142311445132,8.020139
22.05813180155485,88.03040626729252,5.390295
22.05813180155485,88.0393894201337,0.32602072
22.05813180155485,88.0483725729749,0.0070033073
22.05813180155485,88.0573557258161,0.45526886
22.05813180155485,88.06633887865729,0.04282856
22.05813180155485,88.07532203149849,1.3131309
22.05813180155485,88.08430518433968,0.769145
22.05813180155485,88.09328833718088,0.38698435
22.05813180155485,88.10227149002208,1.0736642
22.05813180155485,88.11125464286327,0.25160408
22.05813180155485,88.12023779570447,0.0
22.05813180155485,88.12922094854567,2.5111547
22.05813180155485,88.13820410138686,5.163889
22.05813180155485,88.14718725422806,7.2617016
22.05813180155485,88.21006932411642,7.3263106
22.05813180155485,88.21905247695761,4.1462326
22.05813180155485,88.22803562979881,2.7520363
22.05813180155485,88.23701878264,2.524269
22.05813180155485,88.2460019354812,1.5237675
22.05813180155485,88.2549850883224,1.9732656
22.05813180155485,88.26396824116358,1.0551858
22.05813180155485,88.27295139400478,0.22984028
22.05813180155485,88.28193454684597,0.0
22.05813180155485,88.29091769968717,0.0
22.05813180155485,88.29990085252837,0.0
22.067114954396047,87.500400249662,0.0
22.067114954396047,87.50938340250319,0.0
22.067114954396047,87.51836655534439,0.0
22.067114954396047,87.52734970818558,0.0
22.067114954396047,87.53633286102678,0.0
22.067114954396047,87.54531601386797,0.0
22.067114954396047,87.55429916670917,0.0
22.067114954396047,87.56328231955037,0.0
22.067114954396047,87.57226547239156,0.0
22.067114954396047,87.58124862523275,0.0
22.067114954396047,87.59023177807394,0.0
22.067114954396047,87.59921493091514,0.0
22.067114954396047,87.60819808375633,0.0
22.067114954396047,87.61718123659753,0.0
22.067114954396047,87.62616438943873,0.0
22.067114954396047,87.63514754227992,0.0
22.067114954396047,87.64413069512112,0.0
22.067114954396047,87.65311384796232,0.0
22.067114954396047,87.66209700080351,0.0
22.067114954396047,87.67108015364471,0.0
22.067114954396047,87.6800633064859,0.0
22.067114954396047,87.68904645932709,0.0
22.067114954396047,87.69802961216828,0.0
22.067114954396047,87.70701276500948,0.0
22.067114954396047,87.71599591785068,0.0
22.067114954396047,87.72497907069187,0.0
22.067114954396047,87.73396222353307,0.0
22.067114954396047,87.74294537637427,0.0
22.067114954396047,87.75192852921546,0.0
22.067114954396047,87.76091168205666,0.0
22.067114954396047,87.76989483489785,0.0
22.067114954396047,87.77887798773905,0.0
22.067114954396047,87.78786114058025,0.0
22.067114954396047,87.79684429342144,0.0
22.067114954396047,87.80582744626263,0.0
22.067114954396047,87.81481059910382,0.0
22.067114954396047,87.82379375194502,0.0
22.067114954396047,87.83277690478621,0.0
22.067114954396047,87.84176005762741,0.0
22.067114954396047,87.85074321046861,0.0
22.067114954396047,87.8597263633098,0.0
22.067114954396047,87.868709516151,0.0
22.067114954396047,87.8776926689922,0.0
22.067114954396047,87.88667582183339,0.0
22.067114954396047,87.89565897467459,0.0
22.067114954396047,87.90464212751579,0.0
22.067114954396047,87.91362528035698,0.20169783
22.067114954396047,87.92260843319816,0.71379185
22.067114954396047,87.93159158603936,0.6446352
22.067114954396047,87.94057473888056,0.9807215
22.067114954396047,87.94955789172175,1.9143801
22.067114954396047,87.95854104456295,0.680974
22.067114954396047,87.96752419740415,1.3641357
22.067114954396047,87.97650735024534,1.4236588
22.067114954396047,87.98549050308654,1.9295902
22.067114954396047,87.99447365592773,1.7239237
22.067114954396047,88.00345680876893,1.85285
22.067114954396047,88.01243996161013,6.7110763
22.067114954396047,88.02142311445132,7.195842
22.067114954396047,88.03040626729252,2.1791306
22.067114954396047,88.0393894201337,1.6833401
22.067114954396047,88.0483725729749,0.4726286
22.067114954396047,88.0573557258161,0.9541044
22.067114954396047,88.06633887865729,0.413002
22.067114954396047,88.07532203149849,0.47154856
22.067114954396047,88.08430518433968,1.1776972
22.067114954396047,88.09328833718088,1.346312
22.067114954396047,88.10227149002208,1.6446409
22.067114954396047,88.11125464286327,1.0130506
22.067114954396047,88.12023779570447,2.3181705
22.067114954396047,88.12922094854567,2.1463785
22.067114954396047,88.13820410138686,0.16264248
22.067114954396047,88.14718725422806,1.2334766
22.067114954396047,88.15617040706924,2.5106401
22.067114954396047,88.16515355991044,4.600217
22.067114954396047,88.21905247695761,6.690139
22.067114954396047,88.22803562979881,2.6485329
22.067114954396047,88.23701878264,1.4739151
22.067114954396047,88.2460019354812,1.7132483
22.067114954396047,88.2549850883224,1.2591114
22.067114954396047,88.26396824116358,1.0545835
22.067114954396047,88.27295139400478,0.62622833
22.067114954396047,88.28193454684597,0.16209126
22.067114954396047,88.29091769968717,0.0
22.067114954396047,88.29990085252837,0.0
22.076098107237243,87.500400249662,0.0
22.076098107237243,87.50938340250319,0.0
22.076098107237243,87.51836655534439,0.0
22.076098107237243,87.52734970818558,0.0
22.076098107237243,87.53633286102678,0.0
22.076098107237243,87.54531601386797,0.0
22.076098107237243,87.55429916670917,0.0
22.076098107237243,87.56328231955037,0.0
22.076098107237243,87.57226547239156,0.0
22.076098107237243,87.58124862523275,0.0
22.076098107237243,87.59023177807394,0.0
22.076098107237243,87.59921493091514,0.0
22.076098107237243,87.60819808375633,0.0
22.076098107237243,87.61718123659753,0.0
22.076098107237243,87.62616438943873,0.0
22.076098107237243,87.63514754227992,0.0
22.076098107237243,87.64413069512112,0.0
22.076098107237243,87.65311384796232,0.0
22.076098107237243,87.66209700080351,0.0
22.076098107237243,87.67108015364471,0.0
22.076098107237243,87.6800633064859,0.0
22.076098107237243,87.68904645932709,0.0
22.076098107237243,87.69802961216828,0.0
22.076098107237243,87.70701276500948,0.0
22.076098107237243,87.71599591785068,0.0
22.076098107237243,87.72497907069187,0.0
22.076098107237243,87.73396222353307,0.0
22.076098107237243,87.74294537637427,0.0
22.076098107237243,87.75192852921546,0.0
22.076098107237243,87.76091168205666,0.0
22.076098107237243,87.76989483489785,0.0
22.076098107237243,87.77887798773905,0.0
22.076098107237243,87.78786114058025,0.0
22.076098107237243,87.79684429342144,0.0
22.076098107237243,87.80582744626263,0.0
22.076098107237243,87.81481059910382,0.0
22.076098107237243,87.82379375194502,0.0
22.076098107237243,87.83277690478621,0.0
22.076098107237243,87.84176005762741,0.0
22.076098107237243,87.85074321046861,0.0
22.076098107237243,87.8597263633098,0.0
22.076098107237243,87.868709516151,0.0
22.076098107237243,87.8776926689922,0.0
22.076098107237243,87.88667582183339,0.0
22.076098107237243,87.89565897467459,0.0
22.076098107237243,87.90464212751579,0.0
22.076098107237243,87.91362528035698,0.11108351
22.076098107237243,87.92260843319816,0.08419275
22.076098107237243,87.93159158603936,1.2154269
22.076098107237243,87.94057473888056,0.81361437
22.076098107237243,87.94955789172175,1.623992
22.076098107237243,87.95854104456295,1.7230859
22.076098107237243,87.96752419740415,1.6233983
22.076098107237243,87.97650735024534,1.3032708
22.076098107237243,87.98549050308654,1.5351796
22.076098107237243,87.99447365592773,3.0319357
22.076098107237243,88.00345680876893,7.483342
22.076098107237243,88.01243996161013,6.449748
22.076098107237243,88.02142311445132,1.9343028
22.076098107237243,88.03040626729252,0.8824897
22.076098107237243,88.0393894201337,1.4874325
22.076098107237243,88.0483725729749,1.1336074
22.076098107237243,88.0573557258161,0.22236109
22.076098107237243,88.06633887865729,0.0
22.076098107237243,88.07532203149849,0.44288492
22.076098107237243,88.08430518433968,0.41469622
22.076098107237243,88.09328833718088,0.9196148
22.076098107237243,88.10227149002208,1.2088966
22.076098107237243,88.11125464286327,1.31531
22.076098107237243,88.12023779570447,1.6809788
22.076098107237243,88.12922094854567,2.5458694
22.076098107237243,88.13820410138686,1.188662
22.076098107237243,88.14718725422806,0.23038149
22.076098107237243,88.15617040706924,1.382659
22.076098107237243,88.16515355991044,2.0390859
22.076098107237243,88.17413671275163,3.4968576
22.076098107237243,88.18311986559283,7.2821703
22.076098107237243,88.21905247695761,7.191545
22.076098107237243,88.22803562979881,2.755446
22.076098107237243,88.23701878264,1.1805086
22.076098107237243,88.2460019354812,1.2834029
22.076098107237243,88.2549850883224,1.6706724
22.076098107237243,88.26396824116358,1.2441916
22.076098107237243,88.27295139400478,1.2995858
22.076098107237243,88.28193454684597,0.59474564
22.076098107237243,88.29091769968717,0.024515152
22.076098107237243,88.29990085252837,0.0
22.085081260078436,87.500400249662,0.0
22.085081260078436,87.50938340250319,0.0
22.085081260078436,87.51836655534439,0.0
22.085081260078436,87.52734970818558,0.0
22.085081260078436,87.53633286102678,0.0
22.085081260078436,87.54531601386797,0.0
22.085081260078436,87.55429916670917,0.0
22.085081260078436,87.56328231955037,0.0
22.085081260078436,87.57226547239156,0.0
22.085081260078436,87.58124862523275,0.0
22.085081260078436,87.59023177807394,0.0
22.085081260078436,87.59921493091514,0.0
22.085081260078436,87.60819808375633,0.0
22.085081260078436,87.61718123659753,0.0
22.085081260078436,87.62616438943873,0.0
22.085081260078436,87.63514754227992,0.0
22.085081260078436,87.64413069512112,0.0
22.085081260078436,87.65311384796232,0.0
22.085081260078436,87.66209700080351,0.0
22.085081260078436,87.67108015364471,0.0
22.085081260078436,87.6800633064859,0.0
22.085081260078436,87.68904645932709,0.0
22.085081260078436,87.69802961216828,0.0
22.085081260078436,87.70701276500948,0.0
22.085081260078436,87.71599591785068,0.0
22.085081260078436,87.72497907069187,0.0
22.085081260078436,87.73396222353307,0.0
22.085081260078436,87.74294537637427,0.0
22.085081260078436,87.75192852921546,0.0
22.085081260078436,87.76091168205666,0.0
22.085081260078436,87.76989483489785,0.0
22.085081260078436,87.77887798773905,0.0
22.085081260078436,87.78786114058025,0.0
22.085081260078436,87.79684429342144,0.0
22.085081260078436,87.80582744626263,0.0
22.085081260078436,87.81481059910382,0.0
22.085081260078436,87.82379375194502,0.0
22.085081260078436,87.83277690478621,0.0
22.085081260078436,87.84176005762741,0.0
22.085081260078436,87.85074321046861,0.0
22.085081260078436,87.8597263633098,0.0
22.085081260078436,87.868709516151,0.0
22.085081260078436,87.8776926689922,0.0
22.085081260078436,87.88667582183339,0.0
22.085081260078436,87.89565897467459,0.0
22.085081260078436,87.90464212751579,0.07124472
22.085081260078436,87.91362528035698,1.0589385
22.085081260078436,87.92260843319816,0.5780921
22.085081260078436,87.93159158603936,1.0427642
22.085081260078436,87.94057473888056,1.294311
22.085081260078436,87.94955789172175,0.801795
22.085081260078436,87.95854104456295,1.2493262
22.085081260078436,87.96752419740415,1.3741703
22.085081260078436,87.97650735024534,1.564795
22.085081260078436,87.98549050308654,3.1209981
22.085081260078436,87.99447365592773,7.343967
22.085081260078436,88.00345680876893,4.1297483
22.085081260078436,88.01243996161013,2.3200293
22.085081260078436,88.02142311445132,1.5913262
22.085081260078436,88.03040626729252,0.9339814
22.085081260078436,88.0393894201337,0.3325982
22.085081260078436,88.0483725729749,0.0
22.085081260078436,88.0573557258161,0.0
22.085081260078436,88.06633887865729,0.0
22.085081260078436,88.07532203149849,0.0
22.085081260078436,88.08430518433968,0.0
22.085081260078436,88.09328833718088,0.86860895
22.085081260078436,88.10227149002208,0.73835945
22.085081260078436,88.11125464286327,2.0289135
22.085081260078436,88.12023779570447,1.7214518
22.085081260078436,88.12922094854567,1.0680103
22.085081260078436,88.13820410138686,0.7012038
22.085081260078436,88.14718725422806,1.1849604
22.085081260078436,88.15617040706924,1.2262573
22.085081260078436,88.16515355991044,2.0245662
22.085081260078436,88.17413671275163,2.2776804
22.085081260078436,88.18311986559283,4.8838887
22.085081260078436,88.21905247695761,7.175373
22.085081260078436,88.22803562979881,3.2286544
22.085081260078436,88.23701878264,2.0382323
22.085081260078436,88.2460019354812,1.6344199
22.085081260078436,88.2549850883224,1.7084203
22.085081260078436,88.26396824116358,1.3306236
22.085081260078436,88.27295139400478,0.84282684
22.085081260078436,88.28193454684597,0.15721798
22.085081260078436,88.29091769968717,0.14207745
22.085081260078436,88.29990085252837,0.0
22.094064412919632,87.500400249662,0.0
22.094064412919632,87.50938340250319,0.0
22.094064412919632,87.51836655534439,0.0
22.094064412919632,87.52734970818558,0.0
22.094064412919632,87.53633286102678,0.0
22.094064412919632,87.54531601386797,0.0
22.094064412919632,87.55429916670917,0.0
22.094064412919632,87.56328231955037,0.0
22.094064412919632,87.57226547239156,0.0
22.094064412919632,87.58124862523275,0.0
22.094064412919632,87.59023177807394,0.0
22.094064412919632,87.59921493091514,0.0
22.094064412919632,87.60819808375633,0.0
22.094064412919632,87.61718123659753,0.0
22.094064412919632,87.62616438943873,0.0
22.094064412919632,87.63514754227992,0.0
22.094064412919632,87.64413069512112,0.0
22.094064412919632,87.65311384796232,0.0
22.094064412919632,87.66209700080351,0.0
22.094064412919632,87.67108015364471,0.0
22.094064412919632,87.6800633064859,0.0
22.094064412919632,87.68904645932709,0.0
22.094064412919632,87.69802961216828,0.0
22.094064412919632,87.70701276500948,0.0
22.094064412919632,87.71599591785068,0.0
22.094064412919632,87.72497907069187,0.0
22.094064412919632,87.73396222353307,0.0
22.094064412919632,87.74294537637427,0.0
22.094064412919632,87.75192852921546,0.0
22.094064412919632,87.76091168205666,0.0
22.094064412919632,87.76989483489785,0.0
22.094064412919632,87.77887798773905,0.0
22.094064412919632,87.78786114058025,0.0
22.094064412919632,87.79684429342144,0.3785138
22.094064412919632,87.80582744626263,0.30008745
22.094064412919632,87.81481059910382,0.0
22.094064412919632,87.82379375194502,0.0
22.094064412919632,87.83277690478621,0.0
22.094064412919632,87.84176005762741,0.0
22.094064412919632,87.85074321046861,0.0
22.094064412919632,87.8597263633098,0.5752392
22.094064412919632,87.868709516151,0.6163883
22.094064412919632,87.8776926689922,0.26448536
22.094064412919632,87.88667582183339,0.07124901
22.094064412919632,87.89565897467459,0.6811924
22.094064412919632,87.90464212751579,0.36188698
22.094064412919632,87.91362528035698,0.8172207
22.094064412919632,87.92260843319816,1.1948366
22.094064412919632,87.93159158603936,0.80629826
22.094064412919632,87.94057473888056,0.9889698
22.094064412919632,87.94955789172175,0.8587856
22.094064412919632,87.95854104456295,5.2120137
22.094064412919632,87.96752419740415,6.2487326
22.094064412919632,87.97650735024534,4.190217
22.094064412919632,87.98549050308654,7.8687325
22.094064412919632,87.99447365592773,4.1625605
22.094064412919632,88.00345680876893,1.8323793
22.094064412919632,88.01243996161013,2.1562567
22.094064412919632,88.02142311445132,0.27987814
22.094064412919632,88.03040626729252,0.610116
22.094064412919632,88.0393894201337,0.26308346
22.094064412919632,88.0483725729749,0.17138767
22.094064412919632,88.0573557258161,0.29186916
22.094064412919632,88.06633887865729,0.0
22.094064412919632,88.07532203149849,0.0
22.094064412919632,88.08430518433968,0.0
22.094064412919632,88.09328833718088,0.32534933
22.094064412919632,88.10227149002208,1.1011934
22.094064412919632,88.11125464286327,1.0905757
22.094064412919632,88.12023779570447,1.04038
22.094064412919632,88.12922094854567,1.3732662
22.094064412919632,88.13820410138686,0.52747536
22.094064412919632,88.14718725422806,1.260849
22.094064412919632,88.15617040706924,1.7971663
22.094064412919632,88.16515355991044,2.189968
22.094064412919632,88.17413671275163,2.0062127
22.094064412919632,88.18311986559283,1.9244313
22.094064412919632,88.21905247695761,6.7972484
22.094064412919632,88.22803562979881,2.8431706
22.094064412919632,88.23701878264,2.6701353
22.094064412919632,88.2460019354812,1.345007
22.094064412919632,88.2549850883224,1.3840976
22.094064412919632,88.26396824116358,1.1820941
22.094064412919632,88.27295139400478,0.6064186
22.094064412919632,88.28193454684597,0.2108221
22.094064412919632,88.29091769968717,0.0
22.094064412919632,88.29990085252837,0.0
22.10304756576083,87.500400249662,0.0
22.10304756576083,87.50938340250319,0.0
22.10304756576083,87.51836655534439,0.0
22.10304756576083,87.52734970818558,0.0
22.10304756576083,87.53633286102678,0.0
22.10304756576083,87.54531601386797,0.0
22.10304756576083,87.55429916670917,0.0
22.10304756576083,87.56328231955037,0.0
22.10304756576083,87.57226547239156,0.0
22.10304756576083,87.58124862523275,0.0
22.10304756576083,87.59023177807394,0.0
22.10304756576083,87.59921493091514,0.0
22.10304756576083,87.60819808375633,0.0
22.10304756576083,87.61718123659753,0.0
22.10304756576083,87.62616438943873,0.0
22.10304756576083,87.63514754227992,0.0
22.10304756576083,87.64413069512112,0.0
22.10304756576083,87.65311384796232,0.0
22.10304756576083,87.66209700080351,0.0
22.10304756576083,87.67108015364471,0.0
22.10304756576083,87.6800633064859,0.0
22.10304756576083,87.68904645932709,0.0
22.10304756576083,87.69802961216828,0.0
22.10304756576083,87.70701276500948,0.0
22.10304756576083,87.71599591785068,0.0
22.10304756576083,87.72497907069187,0.0
22.10304756576083,87.73396222353307,0.0
22.10304756576083,87.74294537637427,0.0
22.10304756576083,87.75192852921546,0.0
22.10304756576083,87.76091168205666,0.0
22.10304756576083,87.76989483489785,0.0
22.10304756576083,87.77887798773905,0.0
22.10304756576083,87.78786114058025,0.0
22.10304756576083,87.79684429342144,0.0
22.10304756576083,87.80582744626263,0.0
22.10304756576083,87.81481059910382,0.75224113
22.10304756576083,87.82379375194502,0.37216282
22.10304756576083,87.83277690478621,0.35691833
22.10304756576083,87.84176005762741,0.9057636
22.10304756576083,87.85074321046861,0.7992935
22.10304756576083,87.8597263633098,0.8582983
22.10304756576083,87.868709516151,1.167448
22.10304756576083,87.8776926689922,0.6376543
22.10304756576083,87.88667582183339,0.91949654
22.10304756576083,87.89565897467459,1.3212366
22.10304756576083,87.90464212751579,1.5546741
22.10304756576083,87.91362528035698,2.142455
22.10304756576083,87.92260843319816,2.1686478
22.10304756576083,87.93159158603936,2.1677485
22.10304756576083,87.94057473888056,2.010353
22.10304756576083,87.94955789172175,2.9838214
22.10304756576083,87.95854104456295,2.3188243
22.10304756576083,87.96752419740415,5.49467
22.10304756576083,87.97650735024534,5.678967
22.10304756576083,87.98549050308654,5.186623
22.10304756576083,87.99447365592773,2.1186495
22.10304756576083,88.00345680876893,2.0458913
22.10304756576083,88.01243996161013,2.2272592
22.10304756576083,88.02142311445132,1.273345
22.10304756576083,88.03040626729252,0.9889641
22.10304756576083,88.0393894201337,0.047516346
22.10304756576083,88.0483725729749,0.8182187
22.10304756576083,88.0573557258161,0.43003845
22.10304756576083,88.06633887865729,0.0
22.10304756576083,88.07532203149849,0.0
22.10304756576083,88.08430518433968,0.0
22.10304756576083,88.09328833718088,0.0
22.10304756576083,88.10227149002208,0.75380564
22.10304756576083,88.11125464286327,0.0
22.10304756576083,88.12023779570447,0.3863516
22.10304756576083,88.12922094854567,0.52001905
22.10304756576083,88.13820410138686,1.0278459
22.10304756576083,88.14718725422806,1.332571
22.10304756576083,88.15617040706924,1.288384
22.10304756576083,88.16515355991044,1.0768766
22.10304756576083,88.17413671275163,1.3949342
22.10304756576083,88.18311986559283,2.8721595
22.10304756576083,88.19210301843403,7.1055293
22.10304756576083,88.21905247695761,5.6406856
22.10304756576083,88.22803562979881,2.3384013
22.10304756576083,88.23701878264,1.5179725
22.10304756576083,88.2460019354812,0.82659864
22.10304756576083,88.2549850883224,1.0519509
22.10304756576083,88.26396824116358,1.1275382
22.10304756576083,88.27295139400478,0.39742184
22.10304756576083,88.28193454684597,0.020274162
22.10304756576083,88.29091769968717,0.0
22.10304756576083,88.29990085252837,0.0
22.11203071860202,87.500400249662,0.0
22.11203071860202,87.50938340250319,0.0
22.11203071860202,87.51836655534439,0.0
22.11203071860202,87.52734970818558,0.0
22.11203071860202,87.53633286102678,0.0
22.11203071860202,87.54531601386797,0.0
22.11203071860202,87.55429916670917,0.0
22.11203071860202,87.56328231955037,0.0
22.11203071860202,87.57226547239156,0.0
22.11203071860202,87.58124862523275,0.0
22.11203071860202,87.59023177807394,0.0
22.11203071860202,87.59921493091514,0.0
22.11203071860202,87.60819808375633,0.0
22.11203071860202,87.61718123659753,0.0
22.11203071860202,87.62616438943873,0.0
22.11203071860202,87.63514754227992,0.0
22.11203071860202,87.64413069512112,0.0
22.11203071860202,87.65311384796232,0.0
22.11203071860202,87.66209700080351,0.0
22.11203071860202,87.67108015364471,0.0
22.11203071860202,87.6800633064859,0.0
22.11203071860202,87.68904645932709,0.0
22.11203071860202,87.69802961216828,0.0
22.11203071860202,87.70701276500948,0.0
22.11203071860202,87.71599591785068,0.0
22.11203071860202,87.72497907069187,0.0
22.11203071860202,87.73396222353307,0.0
22.11203071860202,87.74294537637427,0.0
22.11203071860202,87.75192852921546,0.0
22.11203071860202,87.76091168205666,0.0
22.11203071860202,87.76989483489785,0.0
22.11203071860202,87.77887798773905,0.0
22.11203071860202,87.78786114058025,0.0
22.11203071860202,87.79684429342144,0.0
22.11203071860202,87.80582744626263,0.70149183
22.11203071860202,87.81481059910382,0.0
22.11203071860202,87.82379375194502,0.27469492
22.11203071860202,87.83277690478621,0.0
22.11203071860202,87.84176005762741,1.3270454
22.11203071860202,87.85074321046861,1.182867
22.11203071860202,87.8597263633098,1.2356253
22.11203071860202,87.868709516151,1.3546643
22.11203071860202,87.8776926689922,1.4127645
22.11203071860202,87.88667582183339,1.3810911
22.11203071860202,87.89565897467459,0.99439335
22.11203071860202,87.90464212751579,1.7119718
22.11203071860202,87.91362528035698,1.4554958
22.11203071860202,87.92260843319816,1.2147245
22.11203071860202,87.93159158603936,1.2403593
22.11203071860202,87.94057473888056,2.7432625
22.11203071860202,87.94955789172175,2.550933
22.11203071860202,87.95854104456295,1.7447114
22.11203071860202,87.96752419740415,1.6261415
22.11203071860202,87.97650735024534,2.4136415
22.11203071860202,87.98549050308654,2.1124697
22.11203071860202,87.99447365592773,2.0523033
22.11203071860202,88.00345680876893,2.2788248
22.11203071860202,88.01243996161013,1.0968461
22.11203071860202,88.02142311445132,0.7708044
22.11203071860202,88.03040626729252,0.29107523
22.11203071860202,88.0393894201337,0.0
22.11203071860202,88.0483725729749,0.0
22.11203071860202,88.0573557258161,0.0
22.11203071860202,88.06633887865729,0.0
22.11203071860202,88.07532203149849,0.0
22.11203071860202,88.08430518433968,0.0
22.11203071860202,88.09328833718088,0.0
22.11203071860202,88.10227149002208,0.08033657
22.11203071860202,88.11125464286327,0.14112473
22.11203071860202,88.12023779570447,0.0
22.11203071860202,88.12922094854567,0.0
22.11203071860202,88.13820410138686,0.6459265
22.11203071860202,88.14718725422806,1.0248508
22.11203071860202,88.15617040706924,1.3149738
22.11203071860202,88.16515355991044,2.301921
22.11203071860202,88.17413671275163,1.8703251
22.11203071860202,88.18311986559283,2.9277585
22.11203071860202,88.19210301843403,6.653264
22.11203071860202,88.21905247695761,3.805295
22.11203071860202,88.22803562979881,2.2062197
22.11203071860202,88.23701878264,1.7311158
22.11203071860202,88.2460019354812,1.8921838
22.11203071860202,88.2549850883224,1.5042672
22.11203071860202,88.26396824116358,0.8933039
22.11203071860202,88.27295139400478,0.20593452
22.11203071860202,88.28193454684597,0.0
22.11203071860202,88.29091769968717,0.0
22.11203071860202,88.29990085252837,0.0
22.121013871443218,87.500400249662,0.0
22.121013871443218,87.50938340250319,0.0
22.121013871443218,87.51836655534439,0.0
22.121013871443218,87.52734970818558,0.0
22.121013871443218,87.53633286102678,0.0
22.121013871443218,87.54531601386797,0.0
22.121013871443218,87.55429916670917,0.0
22.121013871443218,87.56328231955037,0.0
22.121013871443218,87.57226547239156,0.0
22.121013871443218,87.58124862523275,0.0
22.121013871443218,87.59023177807394,0.0
22.121013871443218,87.59921493091514,0.0
22.121013871443218,87.60819808375633,0.0
22.121013871443218,87.61718123659753,0.0
22.121013871443218,87.62616438943873,0.0
22.121013871443218,87.63514754227992,0.0
22.121013871443218,87.64413069512112,0.0
22.121013871443218,87.65311384796232,0.0
22.121013871443218,87.66209700080351,0.0
22.121013871443218,87.67108015364471,0.0
22.121013871443218,87.6800633064859,0.0
22.121013871443218,87.68904645932709,0.0
22.121013871443218,87.69802961216828,0.0
22.121013871443218,87.70701276500948,0.0
22.121013871443218,87.71599591785068,0.0
22.121013871443218,87.72497907069187,0.0
22.121013871443218,87.73396222353307,0.29794598
22.121013871443218,87.74294537637427,0.037083626
22.121013871443218,87.75192852921546,0.0
22.121013871443218,87.76091168205666,0.4434023
22.121013871443218,87.76989483489785,0.6528168
22.121013871443218,87.77887798773905,0.0
22.121013871443218,87.78786114058025,0.077676296
22.121013871443218,87.79684429342144,0.0
22.121013871443218,87.80582744626263,0.7648711
22.121013871443218,87.81481059910382,0.0
22.121013871443218,87.82379375194502,0.0
22.121013871443218,87.83277690478621,0.0
22.121013871443218,87.84176005762741,1.8475342
22.121013871443218,87.85074321046861,1.4197617
22.121013871443218,87.8597263633098,1.9838595
22.121013871443218,87.868709516151,1.5609245
22.121013871443218,87.8776926689922,1.9249144
22.121013871443218,87.88667582183339,2.223298
22.121013871443218,87.89565897467459,1.765976
22.121013871443218,87.90464212751579,2.2602725
22.121013871443218,87.91362528035698,1.0892572
22.121013871443218,87.92260843319816,1.8191729
22.121013871443218,87.93159158603936,3.297684
22.121013871443218,87.94057473888056,2.64322
22.121013871443218,87.94955789172175,2.292787
22.121013871443218,87.95854104456295,0.5262542
22.121013871443218,87.96752419740415,1.3735437
22.121013871443218,87.97650735024534,2.467606
22.121013871443218,87.98549050308654,2.161903
22.121013871443218,87.99447365592773,1.8350182
22.121013871443218,88.00345680876893,1.9045081
22.121013871443218,88.01243996161013,1.1919632
22.121013871443218,88.02142311445132,1.4681215
22.121013871443218,88.03040626729252,0.73623276
22.121013871443218,88.0393894201337,0.10561943
22.121013871443218,88.0483725729749,0.0
22.121013871443218,88.0573557258161,0.0
22.121013871443218,88.06633887865729,0.0
22.121013871443218,88.07532203149849,0.0
22.121013871443218,88.08430518433968,0.0
22.121013871443218,88.09328833718088,0.0
22.121013871443218,88.10227149002208,0.0
22.121013871443218,88.11125464286327,0.0
22.121013871443218,88.12023779570447,0.063326836
22.121013871443218,88.12922094854567,0.7795782
22.121013871443218,88.13820410138686,0.32012796
22.121013871443218,88.14718725422806,1.0281372
22.121013871443218,88.15617040706924,1.2728844
22.121013871443218,88.16515355991044,1.538393
22.121013871443218,88.17413671275163,2.2780013
22.121013871443218,88.18311986559283,2.904282
22.121013871443218,88.21006932411642,6.8841233
22.121013871443218,88.21905247695761,2.904926
22.121013871443218,88.22803562979881,2.615345
22.121013871443218,88.23701878264,2.3683782
22.121013871443218,88.2460019354812,1.0995364
22.121013871443218,88.2549850883224,0.8906946
22.121013871443218,88.26396824116358,0.0
22.121013871443218,88.27295139400478,0.0
22.121013871443218,88.28193454684597,0.0
22.121013871443218,88.29091769968717,0.0
22.121013871443218,88.29990085252837,0.0
22.129997024284414,87.500400249662,0.0
22.129997024284414,87.50938340250319,0.0
22.129997024284414,87.51836655534439,0.0
22.129997024284414,87.52734970818558,0.0
22.129997024284414,87.53633286102678,0.0
22.129997024284414,87.54531601386797,0.0
22.129997024284414,87.55429916670917,0.0
22.129997024284414,87.56328231955037,0.0
22.129997024284414,87.57226547239156,0.0
22.129997024284414,87.58124862523275,0.0
22.129997024284414,87.59023177807394,0.0
22.129997024284414,87.59921493091514,0.0
22.129997024284414,87.60819808375633,0.0
22.129997024284414,87.61718123659753,0.0
22.129997024284414,87.62616438943873,0.0
22.129997024284414,87.63514754227992,0.0
22.129997024284414,87.64413069512112,0.0
22.129997024284414,87.65311384796232,0.0
22.129997024284414,87.66209700080351,0.0
22.129997024284414,87.67108015364471,0.0
22.129997024284414,87.6800633064859,0.0
22.129997024284414,87.68904645932709,0.0
22.129997024284414,87.69802961216828,0.0
22.129997024284414,87.70701276500948,0.0
22.129997024284414,87.71599591785068,0.0
22.129997024284414,87.72497907069187,0.0
22.129997024284414,87.73396222353307,0.0
22.129997024284414,87.74294537637427,0.027872086
22.129997024284414,87.75192852921546,0.4306469
22.129997024284414,87.76091168205666,0.6654463
22.129997024284414,87.76989483489785,0.90204334
22.129997024284414,87.77887798773905,0.95575047
22.129997024284414,87.78786114058025,0.7612486
22.129997024284414,87.79684429342144,0.8793988
22.129997024284414,87.80582744626263,0.5440197
22.129997024284414,87.81481059910382,0.15941048
22.129997024284414,87.82379375194502,0.8380041
22.129997024284414,87.83277690478621,0.47761345
22.129997024284414,87.84176005762741,1.1788626
22.129997024284414,87.85074321046861,0.3497696
22.129997024284414,87.8597263633098,0.8710542
22.129997024284414,87.868709516151,1.4534597
22.129997024284414,87.8776926689922,1.871007
22.129997024284414,87.88667582183339,1.4477282
22.129997024284414,87.89565897467459,2.7021544
22.129997024284414,87.90464212751579,3.4516857
22.129997024284414,87.91362528035698,2.8745763
22.129997024284414,87.92260843319816,3.2052336
22.129997024284414,87.93159158603936,1.267972
22.129997024284414,87.94057473888056,2.603333
22.129997024284414,87.94955789172175,2.5138617
22.129997024284414,87.95854104456295,0.057730675
22.129997024284414,87.96752419740415,1.3336926
22.129997024284414,87.97650735024534,1.2600985
22.129997024284414,87.98549050308654,2.0173645
22.129997024284414,87.99447365592773,1.7918854
22.129997024284414,88.00345680876893,0.9925475
22.129997024284414,88.01243996161013,0.72078896
22.129997024284414,88.02142311445132,0.30785322
22.129997024284414,88.03040626729252,0.0
22.129997024284414,88.0393894201337,0.0
22.129997024284414,88.0483725729749,0.0
22.129997024284414,88.0573557258161,0.0
22.129997024284414,88.06633887865729,0.0
22.129997024284414,88.07532203149849,0.0
22.129997024284414,88.08430518433968,0.0
22.129997024284414,88.09328833718088,0.0
22.129997024284414,88.10227149002208,0.0
22.129997024284414,88.11125464286327,0.05539322
22.129997024284414,88.12023779570447,1.0584755
22.129997024284414,88.12922094854567,1.6313434
22.129997024284414,88.13820410138686,0.9671593
22.129997024284414,88.14718725422806,1.3347068
22.129997024284414,88.15617040706924,2.3141952
22.129997024284414,88.16515355991044,1.585041
22.129997024284414,88.17413671275163,2.9164755
22.129997024284414,88.18311986559283,5.6085763
22.129997024284414,88.21006932411642,4.4911547
22.129997024284414,88.21905247695761,2.5274038
22.129997024284414,88.22803562979881,1.592793
22.129997024284414,88.23701878264,1.6620164
22.129997024284414,88.2460019354812,1.2829523
22.129997024284414,88.2549850883224,0.7456069
22.129997024284414,88.26396824116358,0.0
22.129997024284414,88.27295139400478,0.0
22.129997024284414,88.28193454684597,0.0
22.129997024284414,88.29091769968717,0.0
22.129997024284414,88.29990085252837,0.0
22.138980177125607,87.500400249662,0.0
22.138980177125607,87.50938340250319,0.0
22.138980177125607,87.51836655534439,0.0
22.138980177125607,87.52734970818558,0.0
22.138980177125607,87.53633286102678,0.0
22.138980177125607,87.54531601386797,0.0
22.138980177125607,87.55429916670917,0.0
22.138980177125607,87.56328231955037,0.0
22.138980177125607,87.57226547239156,0.0
22.138980177125607,87.58124862523275,0.0
22.138980177125607,87.59023177807394,0.0
22.138980177125607,87.59921493091514,0.0
22.138980177125607,87.60819808375633,0.0
22.138980177125607,87.61718123659753,0.0
22.138980177125607,87.62616438943873,0.0
22.138980177125607,87.63514754227992,0.0
22.138980177125607,87.64413069512112,0.0
22.138980177125607,87.65311384796232,0.0
22.138980177125607,87.66209700080351,0.0
22.138980177125607,87.67108015364471,0.0
22.138980177125607,87.6800633064859,0.0
22.138980177125607,87.68904645932709,0.0
22.138980177125607,87.69802961216828,0.0
22.138980177125607,87.70701276500948,0.0
22.138980177125607,87.71599591785068,0.0
22.138980177125607,87.72497907069187,0.0
22.138980177125607,87.73396222353307,0.3348198
22.138980177125607,87.74294537637427,0.7228589
22.138980177125607,87.75192852921546,0.80129623
22.138980177125607,87.76091168205666,1.0701303
22.138980177125607,87.76989483489785,1.195086
22.138980177125607,87.77887798773905,1.2968392
22.138980177125607,87.78786114058025,1.0808535
22.138980177125607,87.79684429342144,1.4273629
22.138980177125607,87.80582744626263,1.5029211
22.138980177125607,87.81481059910382,0.38213968
22.138980177125607,87.82379375194502,0.83792114
22.138980177125607,87.83277690478621,0.5026865
22.138980177125607,87.84176005762741,1.1099515
22.138980177125607,87.85074321046861,0.95982504
22.138980177125607,87.8597263633098,0.9587841
22.138980177125607,87.868709516151,0.99200344
22.138980177125607,87.8776926689922,1.9632559
22.138980177125607,87.88667582183339,2.9972324
22.138980177125607,87.89565897467459,1.2748108
22.138980177125607,87.90464212751579,0.4644251
22.138980177125607,87.91362528035698,1.5174723
22.138980177125607,87.92260843319816,1.2590346
22.138980177125607,87.93159158603936,2.5029607
22.138980177125607,87.94057473888056,2.5795875
22.138980177125607,87.94955789172175,1.6933975
22.138980177125607,87.95854104456295,0.8885169
22.138980177125607,87.96752419740415,1.0003381
22.138980177125607,87.97650735024534,0.79494715
22.138980177125607,87.98549050308654,0.5569005
22.138980177125607,87.99447365592773,1.8166561
22.138980177125607,88.00345680876893,1.2091928
22.138980177125607,88.01243996161013,0.22251701
22.138980177125607,88.02142311445132,0.0
22.138980177125607,88.03040626729252,0.15172863
22.138980177125607,88.0393894201337,0.0
22.138980177125607,88.0483725729749,0.0
22.138980177125607,88.0573557258161,0.2876625
22.138980177125607,88.06633887865729,0.0
22.138980177125607,88.07532203149849,0.0
22.138980177125607,88.08430518433968,0.0
22.138980177125607,88.09328833718088,0.0
22.138980177125607,88.10227149002208,0.0
22.138980177125607,88.11125464286327,0.0
22.138980177125607,88.12023779570447,1.5841737
22.138980177125607,88.12922094854567,1.0315528
22.138980177125607,88.13820410138686,1.2955923
22.138980177125607,88.14718725422806,2.2564034
22.138980177125607,88.15617040706924,2.0204406
22.138980177125607,88.16515355991044,3.053113
22.138980177125607,88.17413671275163,4.90217
22.138980177125607,88.21006932411642,4.134045
22.138980177125607,88.21905247695761,2.3220973
22.138980177125607,88.22803562979881,1.1768737
22.138980177125607,88.23701878264,2.1482124
22.138980177125607,88.2460019354812,0.85392666
22.138980177125607,88.2549850883224,0.7701874
22.138980177125607,88.26396824116358,0.19129181
22.138980177125607,88.27295139400478,0.0
22.138980177125607,88.28193454684597,0.0
22.138980177125607,88.29091769968717,0.0
22.138980177125607,88.29990085252837,0.0
22.147963329966803,87.500400249662,0.0
22.147963329966803,87.50938340250319,0.0
22.147963329966803,87.51836655534439,0.0
22.147963329966803,87.52734970818558,0.0
22.147963329966803,87.53633286102678,0.0
22.147963329966803,87.54531601386797,0.0
22.147963329966803,87.55429916670917,0.0
22.147963329966803,87.56328231955037,0.0
22.147963329966803,87.57226547239156,0.0
22.147963329966803,87.58124862523275,0.0
22.147963329966803,87.59023177807394,0.0
22.147963329966803,87.59921493091514,0.0
22.147963329966803,87.60819808375633,0.0
22.147963329966803,87.61718123659753,0.0
22.147963329966803,87.62616438943873,0.0
22.147963329966803,87.63514754227992,0.0
22.147963329966803,87.64413069512112,0.0
22.147963329966803,87.65311384796232,0.0
22.147963329966803,87.66209700080351,0.0
22.147963329966803,87.67108015364471,0.0
22.147963329966803,87.6800633064859,0.0
22.147963329966803,87.68904645932709,0.0
22.147963329966803,87.69802961216828,0.0
22.147963329966803,87.70701276500948,0.0
22.147963329966803,87.71599591785068,0.0
22.147963329966803,87.72497907069187,0.0
22.147963329966803,87.73396222353307,0.0
22.147963329966803,87.74294537637427,0.31397295
22.147963329966803,87.75192852921546,1.0427938
22.147963329966803,87.76091168205666,0.9961529
22.147963329966803,87.76989483489785,1.4802217
22.147963329966803,87.77887798773905,2.2029896
22.147963329966803,87.78786114058025,1.8445868
22.147963329966803,87.79684429342144,2.0192213
22.147963329966803,87.80582744626263,2.017201
22.147963329966803,87.81481059910382,1.4525137
22.147963329966803,87.82379375194502,1.3718104
22.147963329966803,87.83277690478621,1.2242322
22.147963329966803,87.84176005762741,1.8257165
22.147963329966803,87.85074321046861,2.1200428
22.147963329966803,87.8597263633098,0.7017145
22.147963329966803,87.868709516151,3.0283263
22.147963329966803,87.8776926689922,2.9865294
22.147963329966803,87.88667582183339,1.019423
22.147963329966803,87.89565897467459,1.6045094
22.147963329966803,87.90464212751579,2.8915272
22.147963329966803,87.91362528035698,2.2938175
22.147963329966803,87.92260843319816,1.4369421
22.147963329966803,87.93159158603936,2.0871964
22.147963329966803,87.94057473888056,1.6858377
22.147963329966803,87.94955789172175,0.9219303
22.147963329966803,87.95854104456295,0.7223339
22.147963329966803,87.96752419740415,0.65668297
22.147963329966803,87.97650735024534,0.6240263
22.147963329966803,87.98549050308654,0.3729329
22.147963329966803,87.99447365592773,0.4308915
22.147963329966803,88.00345680876893,0.96264744
22.147963329966803,88.01243996161013,0.7407427
22.147963329966803,88.02142311445132,0.0
22.147963329966803,88.03040626729252,0.0
22.147963329966803,88.0393894201337,0.12472582
22.147963329966803,88.0483725729749,0.15629768
22.147963329966803,88.0573557258161,0.39639568
22.147963329966803,88.06633887865729,0.9907551
22.147963329966803,88.07532203149849,0.18630171
22.147963329966803,88.08430518433968,0.0
22.147963329966803,88.09328833718088,0.053333282
22.147963329966803,88.10227149002208,0.52520466
22.147963329966803,88.11125464286327,0.5712881
22.147963329966803,88.12023779570447,1.2458625
22.147963329966803,88.12922094854567,2.148796
22.147963329966803,88.13820410138686,1.6546125
22.147963329966803,88.14718725422806,3.0014648
22.147963329966803,88.15617040706924,2.492416
22.147963329966803,88.16515355991044,4.101389
22.147963329966803,88.17413671275163,7.0203733
22.147963329966803,88.21006932411642,4.31717
22.147963329966803,88.21905247695761,2.8272598
22.147963329966803,88.22803562979881,2.3708854
22.147963329966803,88.23701878264,2.2282605
22.147963329966803,88.2460019354812,0.8864088
22.147963329966803,88.2549850883224,1.0712752
22.147963329966803,88.26396824116358,0.118798256
22.147963329966803,88.27295139400478,0.0
22.147963329966803,88.28193454684597,0.0
22.147963329966803,88.29091769968717,0.0
22.147963329966803,88.29990085252837,0.0
22.156946482808,87.500400249662,0.0
22.156946482808,87.50938340250319,0.0
22.156946482808,87.51836655534439,0.0
22.156946482808,87.52734970818558,0.0
22.156946482808,87.53633286102678,0.0
22.156946482808,87.54531601386797,0.0
22.156946482808,87.55429916670917,0.0
22.156946482808,87.56328231955037,0.0
22.156946482808,87.57226547239156,0.0
22.156946482808,87.58124862523275,0.0
22.156946482808,87.59023177807394,0.0
22.156946482808,87.59921493091514,0.0
22.156946482808,87.60819808375633,0.0
22.156946482808,87.61718123659753,0.0
22.156946482808,87.62616438943873,0.0
22.156946482808,87.63514754227992,0.0
22.156946482808,87.64413069512112,0.0
22.156946482808,87.65311384796232,0.0
22.156946482808,87.66209700080351,0.0
22.156946482808,87.67108015364471,0.0
22.156946482808,87.6800633064859,0.0
22.156946482808,87.68904645932709,0.0
22.156946482808,87.69802961216828,0.0
22.156946482808,87.70701276500948,0.0
22.156946482808,87.71599591785068,0.0
22.156946482808,87.72497907069187,0.06647587
22.156946482808,87.73396222353307,0.78255653
22.156946482808,87.74294537637427,0.053926468
22.156946482808,87.75192852921546,0.18295288
22.156946482808,87.76091168205666,0.8335705
22.156946482808,87.76989483489785,0.72192955
22.156946482808,87.77887798773905,1.6643581
22.156946482808,87.78786114058025,1.5378294
22.156946482808,87.79684429342144,2.1202855
22.156946482808,87.80582744626263,2.4382658
22.156946482808,87.81481059910382,1.1933441
22.156946482808,87.82379375194502,1.965219
22.156946482808,87.83277690478621,1.2806878
22.156946482808,87.84176005762741,1.240922
22.156946482808,87.85074321046861,1.2646804
22.156946482808,87.8597263633098,2.587779
22.156946482808,87.868709516151,1.5298963
22.156946482808,87.8776926689922,1.7942033
22.156946482808,87.88667582183339,2.6453638
22.156946482808,87.89565897467459,1.6975856
22.156946482808,87.90464212751579,2.3142123
22.156946482808,87.91362528035698,1.6618438
22.156946482808,87.92260843319816,0.9200182
22.156946482808,87.93159158603936,0.9693346
22.156946482808,87.94057473888056,1.2713408
22.156946482808,87.94955789172175,1.4184203
22.156946482808,87.95854104456295,0.0
22.156946482808,87.96752419740415,0.0
22.156946482808,87.97650735024534,0.0
22.156946482808,87.98549050308654,0.5867119
22.156946482808,87.99447365592773,0.0
22.156946482808,88.00345680876893,0.76317215
22.156946482808,88.01243996161013,0.8300009
22.156946482808,88.02142311445132,0.0
22.156946482808,88.03040626729252,0.38132286
22.156946482808,88.0393894201337,1.2175093
22.156946482808,88.0483725729749,1.0695505
22.156946482808,88.0573557258161,1.109179
22.156946482808,88.06633887865729,0.9606476
22.156946482808,88.07532203149849,0.80275726
22.156946482808,88.08430518433968,0.9001007
22.156946482808,88.09328833718088,0.7999444
22.156946482808,88.10227149002208,1.1123629
22.156946482808,88.11125464286327,1.1828513
22.156946482808,88.12023779570447,1.4418311
22.156946482808,88.12922094854567,2.94703
22.156946482808,88.13820410138686,2.7218387
22.156946482808,88.14718725422806,3.0432816
22.156946482808,88.15617040706924,4.761154
22.156946482808,88.16515355991044,7.1237326
22.156946482808,88.20108617127522,7.1418576
22.156946482808,88.21006932411642,3.7274103
22.156946482808,88.21905247695761,2.4441295
22.156946482808,88.22803562979881,1.6484618
22.156946482808,88.23701878264,1.5731063
22.156946482808,88.2460019354812,0.9361882
22.156946482808,88.2549850883224,0.8563013
22.156946482808,88.26396824116358,0.3987589
22.156946482808,88.27295139400478,0.0
22.156946482808,88.28193454684597,0.0
22.156946482808,88.29091769968717,0.0
22.156946482808,88.29990085252837,0.0
22.165929635649192,87.500400249662,0.0
22.165929635649192,87.50938340250319,0.0
22.165929635649192,87.51836655534439,0.0
22.165929635649192,87.52734970818558,0.0
22.165929635649192,87.53633286102678,0.0
22.165929635649192,87.54531601386797,0.0
22.165929635649192,87.55429916670917,0.0
22.165929635649192,87.56328231955037,0.0
22.165929635649192,87.57226547239156,0.0
22.165929635649192,87.58124862523275,0.0
22.165929635649192,87.59023177807394,0.0
22.165929635649192,87.59921493091514,0.0
22.165929635649192,87.60819808375633,0.0
22.165929635649192,87.61718123659753,0.0
22.165929635649192,87.62616438943873,0.0
22.165929635649192,87.63514754227992,0.0
22.165929635649192,87.64413069512112,0.0
22.165929635649192,87.65311384796232,0.0
22.165929635649192,87.66209700080351,0.0
22.165929635649192,87.67108015364471,0.0
22.165929635649192,87.6800633064859,0.0
22.165929635649192,87.68904645932709,0.0
22.165929635649192,87.69802961216828,0.0
22.165929635649192,87.70701276500948,0.0
22.165929635649192,87.71599591785068,0.0
22.165929635649192,87.72497907069187,0.015612602
22.165929635649192,87.73396222353307,0.48689175
22.165929635649192,87.74294537637427,0.6375704
22.165929635649192,87.75192852921546,0.2887025
22.165929635649192,87.76091168205666,1.2616692
22.165929635649192,87.76989483489785,0.78131676
22.165929635649192,87.77887798773905,0.7937803
22.165929635649192,87.78786114058025,0.9039006
22.165929635649192,87.79684429342144,1.2158093
22.165929635649192,87.80582744626263,1.4957485
22.165929635649192,87.81481059910382,1.202857
22.165929635649192,87.82379375194502,1.2351227
22.165929635649192,87.83277690478621,1.7648106
22.165929635649192,87.84176005762741,1.8200445
22.165929635649192,87.85074321046861,2.6453574
22.165929635649192,87.8597263633098,1.6505051
22.165929635649192,87.868709516151,0.7548256
22.165929635649192,87.8776926689922,1.3445568
22.165929635649192,87.88667582183339,0.73204565
22.165929635649192,87.89565897467459,1.1548028
22.165929635649192,87.90464212751579,1.3940277
22.165929635649192,87.91362528035698,1.546812
22.165929635649192,87.92260843319816,1.4644346
22.165929635649192,87.93159158603936,1.3717194
22.165929635649192,87.94057473888056,1.3159184
22.165929635649192,87.94955789172175,0.47808075
22.165929635649192,87.95854104456295,0.0
22.165929635649192,87.96752419740415,0.0
22.165929635649192,87.97650735024534,0.20217514
22.165929635649192,87.98549050308654,0.1274724
22.165929635649192,87.99447365592773,1.0576267
22.165929635649192,88.00345680876893,0.952662
22.165929635649192,88.01243996161013,1.0003505
22.165929635649192,88.02142311445132,0.98189974
22.165929635649192,88.03040626729252,1.0583129
22.165929635649192,88.0393894201337,1.8282495
22.165929635649192,88.0483725729749,1.3731031
22.165929635649192,88.0573557258161,1.2874975
22.165929635649192,88.06633887865729,1.01756
22.165929635649192,88.07532203149849,1.4874034
22.165929635649192,88.08430518433968,1.2593565
22.165929635649192,88.09328833718088,1.3408408
22.165929635649192,88.10227149002208,1.505681
22.165929635649192,88.11125464286327,1.9761696
22.165929635649192,88.12023779570447,1.5638733
22.165929635649192,88.12922094854567,1.801764
22.165929635649192,88.13820410138686,3.4153104
22.165929635649192,88.14718725422806,3.545291
22.165929635649192,88.15617040706924,6.7661543
22.165929635649192,88.20108617127522,5.309748
22.165929635649192,88.21006932411642,2.246725
22.165929635649192,88.21905247695761,1.1498756
22.165929635649192,88.22803562979881,0.5914068
22.165929635649192,88.23701878264,1.290369
22.165929635649192,88.2460019354812,1.3213625
22.165929635649192,88.2549850883224,0.29133177
22.165929635649192,88.26396824116358,0.24286318
22.165929635649192,88.27295139400478,0.0
22.165929635649192,88.28193454684597,0.0
22.165929635649192,88.29091769968717,0.0
22.165929635649192,88.29990085252837,0.0
22.17491278849039,87.500400249662,0.0
22.17491278849039,87.50938340250319,0.0
22.17491278849039,87.51836655534439,0.0
22.17491278849039,87.52734970818558,0.0
22.17491278849039,87.53633286102678,0.0
22.17491278849039,87.54531601386797,0.0
22.17491278849039,87.55429916670917,0.0
22.17491278849039,87.56328231955037,0.0
22.17491278849039,87.57226547239156,0.0
22.17491278849039,87.58124862523275,0.0
22.17491278849039,87.59023177807394,0.0
22.17491278849039,87.59921493091514,0.0
22.17491278849039,87.60819808375633,0.0
22.17491278849039,87.61718123659753,0.0
22.17491278849039,87.62616438943873,0.0
22.17491278849039,87.63514754227992,0.0
22.17491278849039,87.64413069512112,0.0
22.17491278849039,87.65311384796232,0.0
22.17491278849039,87.66209700080351,0.0
22.17491278849039,87.67108015364471,0.0
22.17491278849039,87.6800633064859,0.0
22.17491278849039,87.68904645932709,0.0
22.17491278849039,87.69802961216828,0.0
22.17491278849039,87.70701276500948,0.0
22.17491278849039,87.71599591785068,0.0
22.17491278849039,87.72497907069187,0.0
22.17491278849039,87.73396222353307,0.0
22.17491278849039,87.74294537637427,0.0
22.17491278849039,87.75192852921546,0.0
22.17491278849039,87.76091168205666,0.87998676
22.17491278849039,87.76989483489785,0.8697233
22.17491278849039,87.77887798773905,0.4483595
22.17491278849039,87.78786114058025,1.1096339
22.17491278849039,87.79684429342144,0.8144784
22.17491278849039,87.80582744626263,1.6591935
22.17491278849039,87.81481059910382,1.6857419
22.17491278849039,87.82379375194502,1.2507858
22.17491278849039,87.83277690478621,0.7269578
22.17491278849039,87.84176005762741,1.3991375
22.17491278849039,87.85074321046861,1.3203869
22.17491278849039,87.8597263633098,1.564053
22.17491278849039,87.868709516151,0.6528969
22.17491278849039,87.8776926689922,0.89150524
22.17491278849039,87.88667582183339,1.429287
22.17491278849039,87.89565897467459,0.5322943
22.17491278849039,87.90464212751579,0.6485195
22.17491278849039,87.91362528035698,0.6182494
22.17491278849039,87.92260843319816,0.9730816
22.17491278849039,87.93159158603936,1.1051321
22.17491278849039,87.94057473888056,0.43214893
22.17491278849039,87.94955789172175,0.69802475
22.17491278849039,87.95854104456295,0.9584446
22.17491278849039,87.96752419740415,0.38682318
22.17491278849039,87.97650735024534,0.0
22.17491278849039,87.98549050308654,0.0
22.17491278849039,87.99447365592773,0.77390146
22.17491278849039,88.00345680876893,0.84003067
22.17491278849039,88.01243996161013,0.7927971
22.17491278849039,88.02142311445132,1.6832523
22.17491278849039,88.03040626729252,1.0577211
22.17491278849039,88.0393894201337,1.9671803
22.17491278849039,88.0483725729749,2.2362523
22.17491278849039,88.0573557258161,1.6525216
22.17491278849039,88.06633887865729,1.0595369
22.17491278849039,88.07532203149849,1.5396938
22.17491278849039,88.08430518433968,1.9528189
22.17491278849039,88.09328833718088,1.4203968
22.17491278849039,88.10227149002208,1.814065
22.17491278849039,88.11125464286327,2.0370455
22.17491278849039,88.12023779570447,1.5780525
22.17491278849039,88.12922094854567,1.7145376
22.17491278849039,88.13820410138686,2.9896219
22.17491278849039,88.14718725422806,5.979436
22.17491278849039,88.19210301843403,6.8755293
22.17491278849039,88.20108617127522,2.140345
22.17491278849039,88.21006932411642,0.96917534
22.17491278849039,88.21905247695761,1.3115005
22.17491278849039,88.22803562979881,0.68257046
22.17491278849039,88.23701878264,0.34669256
22.17491278849039,88.2460019354812,0.36771584
22.17491278849039,88.2549850883224,0.0
22.17491278849039,88.26396824116358,0.0
22.17491278849039,88.27295139400478,0.0
22.17491278849039,88.28193454684597,0.0
22.17491278849039,88.29091769968717,0.0
22.17491278849039,88.29990085252837,0.0
22.183895941331585,87.500400249662,0.0
22.183895941331585,87.50938340250319,0.0
22.183895941331585,87.51836655534439,0.0
22.183895941331585,87.52734970818558,0.0
22.183895941331585,87.53633286102678,0.0
22.183895941331585,87.54531601386797,0.0
22.183895941331585,87.55429916670917,0.0
22.183895941331585,87.56328231955037,0.0
22.183895941331585,87.57226547239156,0.0
22.183895941331585,87.58124862523275,0.0
22.183895941331585,87.59023177807394,0.0
22.183895941331585,87.59921493091514,0.0
22.183895941331585,87.60819808375633,0.0
22.183895941331585,87.61718123659753,0.0
22.183895941331585,87.62616438943873,0.0
22.183895941331585,87.63514754227992,0.0
22.183895941331585,87.64413069512112,0.0
22.183895941331585,87.65311384796232,0.0
22.183895941331585,87.66209700080351,0.0
22.183895941331585,87.67108015364471,0.0
22.183895941331585,87.6800633064859,0.0
22.183895941331585,87.68904645932709,0.0
22.183895941331585,87.69802961216828,0.0
22.183895941331585,87.70701276500948,0.0
22.183895941331585,87.71599591785068,0.0
22.183895941331585,87.72497907069187,0.0
22.183895941331585,87.73396222353307,0.0
22.183895941331585,87.74294537637427,0.11893749
22.183895941331585,87.75192852921546,0.0
22.183895941331585,87.76091168205666,0.0
22.183895941331585,87.76989483489785,0.0
22.183895941331585,87.77887798773905,1.1090956
22.183895941331585,87.78786114058025,1.4847255
22.183895941331585,87.79684429342144,2.0149527
22.183895941331585,87.80582744626263,1.7918177
22.183895941331585,87.81481059910382,0.6920452
22.183895941331585,87.82379375194502,0.0
22.183895941331585,87.83277690478621,1.2250004
22.183895941331585,87.84176005762741,0.071624756
22.183895941331585,87.85074321046861,1.896781
22.183895941331585,87.8597263633098,1.1652904
22.183895941331585,87.868709516151,1.4516921
22.183895941331585,87.8776926689922,1.0778542
22.183895941331585,87.88667582183339,0.9578705
22.183895941331585,87.89565897467459,0.37671232
22.183895941331585,87.90464212751579,0.0
22.183895941331585,87.91362528035698,0.0
22.183895941331585,87.92260843319816,0.0
22.183895941331585,87.93159158603936,0.036116123
22.183895941331585,87.94057473888056,0.14213467
22.183895941331585,87.94955789172175,0.13513851
22.183895941331585,87.95854104456295,0.71719265
22.183895941331585,87.96752419740415,0.5581293
22.183895941331585,87.97650735024534,0.0
22.183895941331585,87.98549050308654,0.0
22.183895941331585,87.99447365592773,0.7764144
22.183895941331585,88.00345680876893,1.2062926
22.183895941331585,88.01243996161013,2.661716
22.183895941331585,88.02142311445132,1.9892807
22.183895941331585,88.03040626729252,1.238122
22.183895941331585,88.0393894201337,2.237843
22.183895941331585,88.0483725729749,2.2271342
22.183895941331585,88.0573557258161,2.8804512
22.183895941331585,88.06633887865729,2.2336545
22.183895941331585,88.07532203149849,5.0611544
22.183895941331585,88.08430518433968,5.5512323
22.183895941331585,88.09328833718088,2.468967
22.183895941331585,88.10227149002208,2.1972241
22.183895941331585,88.11125464286327,3.4800606
22.183895941331585,88.12023779570447,4.07467
22.183895941331585,88.12922094854567,5.9238887
22.183895941331585,88.13820410138686,6.964592
22.183895941331585,88.18311986559283,7.0938888
22.183895941331585,88.19210301843403,0.9466653
22.183895941331585,88.20108617127522,2.6693983
22.183895941331585,88.21006932411642,2.1965919
22.183895941331585,88.21905247695761,1.6783504
22.183895941331585,88.22803562979881,0.9401531
22.183895941331585,88.23701878264,0.9350033
22.183895941331585,88.2460019354812,1.0805559
22.183895941331585,88.2549850883224,0.26642132
22.183895941331585,88.26396824116358,0.0
22.183895941331585,88.27295139400478,0.0
22.183895941331585,88.28193454684597,0.0
22.183895941331585,88.29091769968717,0.0
22.183895941331585,88.29990085252837,0.0
22.19287909417278,87.500400249662,0.0
22.19287909417278,87.50938340250319,0.0
22.19287909417278,87.51836655534439,0.0
22.19287909417278,87.52734970818558,0.0
22.19287909417278,87.53633286102678,0.0
22.19287909417278,87.54531601386797,0.0
22.19287909417278,87.55429916670917,0.0
22.19287909417278,87.56328231955037,0.0
22.19287909417278,87.57226547239156,0.0
22.19287909417278,87.58124862523275,0.0
22.19287909417278,87.59023177807394,0.0
22.19287909417278,87.59921493091514,0.0
22.19287909417278,87.60819808375633,0.0
22.19287909417278,87.61718123659753,0.0
22.19287909417278,87.62616438943873,0.0
22.19287909417278,87.63514754227992,0.0
22.19287909417278,87.64413069512112,0.0
22.19287909417278,87.65311384796232,0.0
22.19287909417278,87.66209700080351,0.0
22.19287909417278,87.67108015364471,0.0
22.19287909417278,87.6800633064859,0.0
22.19287909417278,87.68904645932709,0.0
22.19287909417278,87.69802961216828,0.0
22.19287909417278,87.70701276500948,0.0
22.19287909417278,87.71599591785068,0.0
22.19287909417278,87.72497907069187,0.0
22.19287909417278,87.73396222353307,0.0
22.19287909417278,87.74294537637427,0.0
22.19287909417278,87.75192852921546,0.0
22.19287909417278,87.76091168205666,0.0
22.19287909417278,87.76989483489785,0.45871735
22.19287909417278,87.77887798773905,0.7927065
22.19287909417278,87.78786114058025,1.0598154
22.19287909417278,87.79684429342144,0.69152737
22.19287909417278,87.80582744626263,0.94456434
22.19287909417278,87.81481059910382,0.87557983
22.19287909417278,87.82379375194502,0.0
22.19287909417278,87.83277690478621,0.5937624
22.19287909417278,87.84176005762741,0.921793
22.19287909417278,87.85074321046861,1.0142932
22.19287909417278,87.8597263633098,0.27436495
22.19287909417278,87.868709516151,0.8097563
22.19287909417278,87.8776926689922,0.95279837
22.19287909417278,87.88667582183339,0.566226
22.19287909417278,87.89565897467459,0.31764793
22.19287909417278,87.90464212751579,0.0
22.19287909417278,87.91362528035698,0.0
22.19287909417278,87.92260843319816,0.0
22.19287909417278,87.93159158603936,0.0
22.19287909417278,87.94057473888056,0.0
22.19287909417278,87.94955789172175,0.78808403
22.19287909417278,87.95854104456295,0.41812134
22.19287909417278,87.96752419740415,1.2289767
22.19287909417278,87.97650735024534,0.52662754
22.19287909417278,87.98549050308654,1.2836933
22.19287909417278,87.99447365592773,1.4624104
22.19287909417278,88.00345680876893,1.2919836
22.19287909417278,88.01243996161013,1.9325304
22.19287909417278,88.02142311445132,2.3000402
22.19287909417278,88.03040626729252,1.7293272
22.19287909417278,88.0393894201337,1.2558136
22.19287909417278,88.0483725729749,1.1158118
22.19287909417278,88.0573557258161,3.19967
22.19287909417278,88.06633887865729,6.4219356
22.19287909417278,88.10227149002208,7.277092
22.19287909417278,88.14718725422806,7.1849823
22.19287909417278,88.15617040706924,6.628498
22.19287909417278,88.16515355991044,6.4159203
22.19287909417278,88.17413671275163,5.2234983
22.19287909417278,88.18311986559283,1.2506075
22.19287909417278,88.19210301843403,0.0
22.19287909417278,88.20108617127522,1.7211337
22.19287909417278,88.21006932411642,1.914896
22.19287909417278,88.21905247695761,1.1996799
22.19287909417278,88.22803562979881,0.70876026
22.19287909417278,88.23701878264,0.69783354
22.19287909417278,88.2460019354812,0.662395
22.19287909417278,88.2549850883224,0.0
22.19287909417278,88.26396824116358,0.0
22.19287909417278,88.27295139400478,0.0
22.19287909417278,88.28193454684597,0.0
22.19287909417278,88.29091769968717,0.0
22.19287909417278,88.29990085252837,0.0
