latitude,longitude,builtup_area_m2
22.19182059050072,87.5048000243054,0
22.19182059050072,87.51526397647572,0
22.19182059050072,87.52572792864603,0
22.19182059050072,87.53619188081636,0
22.19182059050072,87.54665583298666,0
22.19182059050072,87.55711978515698,0
22.19182059050072,87.56758373732731,230
22.19182059050072,87.57804768949764,0
22.19182059050072,87.58851164166796,0
22.19182059050072,87.59897559383829,0
22.19182059050072,87.60943954600859,0
22.19182059050072,87.61990349817891,0
22.19182059050072,87.63036745034924,1960
22.19182059050072,87.64083140251957,0
22.19182059050072,87.65129535468988,0
22.19182059050072,87.6617593068602,0
22.19182059050072,87.67222325903052,0
22.19182059050072,87.68268721120083,0
22.19182059050072,87.69315116337116,0
22.19182059050072,87.70361511554148,476
22.19182059050072,87.71407906771181,295
22.19182059050072,87.72454301988213,0
22.19182059050072,87.73500697205245,0
22.19182059050072,87.74547092422277,0
22.19182059050072,87.75593487639308,0
22.19182059050072,87.76639882856341,0
22.19182059050072,87.77686278073372,0
22.19182059050072,87.78732673290405,0
22.19182059050072,87.79779068507436,0
22.19182059050072,87.80825463724469,0
22.19182059050072,87.81871858941501,203
22.19182059050072,87.82918254158533,988
22.19182059050072,87.83964649375565,0
22.19182059050072,87.85011044592598,0
22.19182059050072,87.86057439809629,0
22.19182059050072,87.87103835026662,0
22.19182059050072,87.88150230243694,0
22.19182059050072,87.89196625460725,0
22.19182059050072,87.90243020677757,0
22.19182059050072,87.91289415894788,444
22.19182059050072,87.9233581111182,0
22.19182059050072,87.93382206328853,0
22.19182059050072,87.94428601545886,0
22.19182059050072,87.95474996762918,0
22.19182059050072,87.96521391979951,0
22.19182059050072,87.97567787196981,0
22.19182059050072,87.98614182414013,1283
22.19182059050072,87.99660577631046,0
22.19182059050072,88.00706972848079,0
22.19182059050072,88.0175336806511,0
22.19182059050072,88.02799763282142,0
22.19182059050072,88.03846158499172,0
22.19182059050072,88.04892553716205,0
22.19182059050072,88.05938948933237,0
22.19182059050072,88.0698534415027,0
22.19182059050072,88.08031739367303,0
22.19182059050072,88.09078134584335,0
22.19182059050072,88.10124529801367,0
22.19182059050072,88.11170925018398,0
22.19182059050072,88.1221732023543,0
22.19182059050072,88.13263715452463,0
22.19182059050072,88.14310110669494,0
22.19182059050072,88.15356505886527,0
22.19182059050072,88.16402901103558,0
22.19182059050072,88.1744929632059,0
22.19182059050072,88.18495691537622,0
22.19182059050072,88.19542086754655,2262
22.19182059050072,88.20588481971687,0
22.19182059050072,88.2163487718872,0
22.19182059050072,88.22681272405751,0
22.19182059050072,88.23727667622784,0
22.19182059050072,88.24774062839816,0
22.19182059050072,88.25820458056847,0
22.19182059050072,88.26866853273879,0
22.19182059050072,88.27913248490911,0
22.19182059050072,88.28959643707942,0
22.183491811274877,87.50158633370421,0
22.183491811274877,87.5120499015767,0
22.183491811274877,87.5225134694492,0
22.183491811274877,87.53297703732169,0
22.183491811274877,87.54344060519416,0
22.183491811274877,87.55390417306667,0
22.183491811274877,87.56436774093916,0
22.183491811274877,87.57483130881165,0
22.183491811274877,87.58529487668413,0
22.183491811274877,87.59575844455664,386
22.183491811274877,87.60622201242911,0
22.183491811274877,87.6166855803016,0
22.183491811274877,87.6271491481741,0
22.183491811274877,87.6376127160466,0
22.183491811274877,87.6480762839191,0
22.183491811274877,87.65853985179157,0
22.183491811274877,87.66900341966405,0
22.183491811274877,87.67946698753656,0
22.183491811274877,87.68993055540905,3376
22.183491811274877,87.70039412328154,0
22.183491811274877,87.71085769115403,0
22.183491811274877,87.72132125902654,0
22.183491811274877,87.73178482689902,0
22.183491811274877,87.7422483947715,0
22.183491811274877,87.75271196264399,0
22.183491811274877,87.76317553051648,0
22.183491811274877,87.77363909838898,0
22.183491811274877,87.78410266626148,0
22.183491811274877,87.79456623413395,0
22.183491811274877,87.80502980200644,0
22.183491811274877,87.81549336987894,0
22.183491811274877,87.82595693775143,0
22.183491811274877,87.83642050562392,0
22.183491811274877,87.84688407349641,145
22.183491811274877,87.8573476413689,0
22.183491811274877,87.8678112092414,0
22.183491811274877,87.87827477711389,0
22.183491811274877,87.88873834498636,0
22.183491811274877,87.89920191285887,0
22.183491811274877,87.90966548073135,194
22.183491811274877,87.92012904860384,882
22.183491811274877,87.93059261647633,26
22.183491811274877,87.94105618434884,0
22.183491811274877,87.95151975222132,0
22.183491811274877,87.96198332009381,0
22.183491811274877,87.97244688796629,428
22.183491811274877,87.98291045583878,819
22.183491811274877,87.99337402371128,928
22.183491811274877,88.00383759158377,0
22.183491811274877,88.01430115945627,0
22.183491811274877,88.02476472732876,0
22.183491811274877,88.03522829520124,0
22.183491811274877,88.04569186307373,0
22.183491811274877,88.05615543094622,0
22.183491811274877,88.06661899881871,0
22.183491811274877,88.07708256669122,0
22.183491811274877,88.08754613456371,0
22.183491811274877,88.09800970243619,0
22.183491811274877,88.10847327030866,0
22.183491811274877,88.11893683818117,0
22.183491811274877,88.12940040605366,0
22.183491811274877,88.13986397392615,0
22.183491811274877,88.15032754179865,0
22.183491811274877,88.16079110967112,0
22.183491811274877,88.17125467754363,0
22.183491811274877,88.1817182454161,0
22.183491811274877,88.1921818132886,0
22.183491811274877,88.2026453811611,0
22.183491811274877,88.2131089490336,0
22.183491811274877,88.22357251690607,0
22.183491811274877,88.23403608477857,0
22.183491811274877,88.24449965265106,0
22.183491811274877,88.25496322052355,0
22.183491811274877,88.26542678839604,0
22.183491811274877,88.27589035626853,0
22.183491811274877,88.28635392414101,0
22.183491811274877,88.29681749201352,0
22.175163219896177,87.5088373635253,0
22.175163219896177,87.5193005472837,0
22.175163219896177,87.52976373104214,0
22.175163219896177,87.54022691480054,0
22.175163219896177,87.55069009855896,0
22.175163219896177,87.56115328231739,0
22.175163219896177,87.5716164660758,0
22.175163219896177,87.58207964983423,0
22.175163219896177,87.59254283359265,594
22.175163219896177,87.60300601735105,1222
22.175163219896177,87.61346920110947,0
22.175163219896177,87.62393238486789,0
22.175163219896177,87.6343955686263,0
22.175163219896177,87.64485875238474,0
22.175163219896177,87.65532193614314,0
22.175163219896177,87.66578511990154,0
22.175163219896177,87.67624830365997,1531
22.175163219896177,87.68671148741839,488
22.175163219896177,87.69717467117682,0
22.175163219896177,87.70763785493523,0
22.175163219896177,87.71810103869365,0
22.175163219896177,87.72856422245206,0
22.175163219896177,87.73902740621048,0
22.175163219896177,87.74949058996889,0
22.175163219896177,87.75995377372732,0
22.175163219896177,87.77041695748574,0
22.175163219896177,87.78088014124417,0
22.175163219896177,87.79134332500257,152
22.175163219896177,87.80180650876098,0
22.175163219896177,87.81226969251941,0
22.175163219896177,87.82273287627783,0
22.175163219896177,87.83319606003624,0
22.175163219896177,87.84365924379466,0
22.175163219896177,87.85412242755307,0
22.175163219896177,87.8645856113115,0
22.175163219896177,87.87504879506992,367
22.175163219896177,87.88551197882832,0
22.175163219896177,87.89597516258675,0
22.175163219896177,87.90643834634515,576
22.175163219896177,87.91690153010357,0
22.175163219896177,87.927364713862,0
22.175163219896177,87.93782789762041,0
22.175163219896177,87.94829108137884,0
22.175163219896177,87.95875426513726,0
22.175163219896177,87.96921744889566,0
22.175163219896177,87.97968063265408,8
22.175163219896177,87.9901438164125,0
22.175163219896177,88.00060700017092,0
22.175163219896177,88.01107018392935,0
22.175163219896177,88.02153336768775,0
22.175163219896177,88.03199655144616,0
22.175163219896177,88.04245973520459,0
22.175163219896177,88.052922918963,0
22.175163219896177,88.06338610272142,0
22.175163219896177,88.07384928647984,0
22.175163219896177,88.08431247023827,0
22.175163219896177,88.09477565399668,0
22.175163219896177,88.1052388377551,0
22.175163219896177,88.11570202151351,0
22.175163219896177,88.12616520527193,0
22.175163219896177,88.13662838903035,0
22.175163219896177,88.14709157278878,0
22.175163219896177,88.15755475654719,0
22.175163219896177,88.16801794030559,0
22.175163219896177,88.17848112406402,0
22.175163219896177,88.18894430782244,0
22.175163219896177,88.19940749158086,0
22.175163219896177,88.20987067533927,0
22.175163219896177,88.22033385909768,0
22.175163219896177,88.23079704285611,0
22.175163219896177,88.24126022661453,0
22.175163219896177,88.25172341037293,0
22.175163219896177,88.26218659413136,0
22.175163219896177,88.27264977788978,0
22.175163219896177,88.28311296164819,0
22.175163219896177,88.2935761454066,0
22.166834816279056,87.50562636186577,0
22.166834816279056,87.51608916169381,0
22.166834816279056,87.52655196152186,0
22.166834816279056,87.5370147613499,0
22.166834816279056,87.54747756117794,0
22.166834816279056,87.55794036100599,0
22.166834816279056,87.56840316083404,0
22.166834816279056,87.57886596066209,0
22.166834816279056,87.58932876049013,0
22.166834816279056,87.59979156031818,0
22.166834816279056,87.61025436014623,0
22.166834816279056,87.62071715997428,0
22.166834816279056,87.63117995980232,0
22.166834816279056,87.64164275963037,1434
22.166834816279056,87.65210555945842,0
22.166834816279056,87.66256835928645,0
22.166834816279056,87.6730311591145,0
22.166834816279056,87.68349395894255,0
22.166834816279056,87.6939567587706,0
22.166834816279056,87.70441955859864,4
22.166834816279056,87.7148823584267,0
22.166834816279056,87.72534515825473,0
22.166834816279056,87.73580795808277,0
22.166834816279056,87.74627075791082,0
22.166834816279056,87.75673355773887,0
22.166834816279056,87.76719635756692,0
22.166834816279056,87.77765915739496,0
22.166834816279056,87.788121957223,0
22.166834816279056,87.79858475705105,0
22.166834816279056,87.80904755687911,0
22.166834816279056,87.81951035670716,498
22.166834816279056,87.8299731565352,0
22.166834816279056,87.84043595636325,0
22.166834816279056,87.85089875619128,0
22.166834816279056,87.86136155601933,0
22.166834816279056,87.87182435584738,0
22.166834816279056,87.88228715567543,1434
22.166834816279056,87.89274995550348,0
22.166834816279056,87.90321275533151,0
22.166834816279056,87.91367555515957,0
22.166834816279056,87.92413835498762,0
22.166834816279056,87.93460115481567,0
22.166834816279056,87.94506395464371,0
22.166834816279056,87.95552675447176,0
22.166834816279056,87.9659895542998,0
22.166834816279056,87.97645235412784,0
22.166834816279056,87.98691515395589,345
22.166834816279056,87.99737795378394,0
22.166834816279056,88.00784075361199,0
22.166834816279056,88.01830355344003,0
22.166834816279056,88.02876635326808,0
22.166834816279056,88.03922915309613,0
22.166834816279056,88.04969195292418,0
22.166834816279056,88.06015475275223,0
22.166834816279056,88.07061755258027,0
22.166834816279056,88.08108035240832,0
22.166834816279056,88.09154315223634,0
22.166834816279056,88.10200595206439,0
22.166834816279056,88.11246875189244,0
22.166834816279056,88.1229315517205,0
22.166834816279056,88.13339435154855,0
22.166834816279056,88.1438571513766,0
22.166834816279056,88.15431995120463,0
22.166834816279056,88.16478275103267,0
22.166834816279056,88.17524555086072,0
22.166834816279056,88.18570835068877,0
22.166834816279056,88.19617115051682,0
22.166834816279056,88.20663395034487,0
22.166834816279056,88.2170967501729,0
22.166834816279056,88.22755955000096,0
22.166834816279056,88.23802234982901,0
22.166834816279056,88.24848514965706,0
22.166834816279056,88.2589479494851,0
22.166834816279056,88.26941074931315,0
22.166834816279056,88.27987354914119,0
22.166834816279056,88.29033634896923,0
22.158506600337937,87.50241689614266,407
22.158506600337937,87.512879312224,0
22.158506600337937,87.52334172830531,0
22.158506600337937,87.53380414438662,0
22.158506600337937,87.54426656046796,0
22.158506600337937,87.55472897654928,0
22.158506600337937,87.5651913926306,0
22.158506600337937,87.57565380871192,0
22.158506600337937,87.58611622479326,0
22.158506600337937,87.59657864087455,0
22.158506600337937,87.60704105695588,0
22.158506600337937,87.61750347303722,0
22.158506600337937,87.62796588911854,119
22.158506600337937,87.63842830519987,0
22.158506600337937,87.64889072128119,0
22.158506600337937,87.6593531373625,575
22.158506600337937,87.66981555344383,583
22.158506600337937,87.68027796952515,51
22.158506600337937,87.69074038560647,0
22.158506600337937,87.7012028016878,0
22.158506600337937,87.71166521776912,0
22.158506600337937,87.72212763385045,0
22.158506600337937,87.73259004993176,0
22.158506600337937,87.74305246601308,0
22.158506600337937,87.75351488209441,0
22.158506600337937,87.76397729817575,0
22.158506600337937,87.77443971425706,0
22.158506600337937,87.78490213033837,237
22.158506600337937,87.7953645464197,0
22.158506600337937,87.80582696250103,0
22.158506600337937,87.81628937858234,0
22.158506600337937,87.82675179466366,0
22.158506600337937,87.837214210745,0
22.158506600337937,87.84767662682631,0
22.158506600337937,87.85813904290762,0
22.158506600337937,87.86860145898896,0
22.158506600337937,87.87906387507029,0
22.158506600337937,87.88952629115161,0
22.158506600337937,87.89998870723292,0
22.158506600337937,87.91045112331425,0
22.158506600337937,87.92091353939557,0
22.158506600337937,87.9313759554769,0
22.158506600337937,87.94183837155823,0
22.158506600337937,87.95230078763954,0
22.158506600337937,87.96276320372085,0
22.158506600337937,87.9732256198022,0
22.158506600337937,87.9836880358835,0
22.158506600337937,87.99415045196483,0
22.158506600337937,88.00461286804615,0
22.158506600337937,88.01507528412749,0
22.158506600337937,88.02553770020879,0
22.158506600337937,88.03600011629011,0
22.158506600337937,88.04646253237145,0
22.158506600337937,88.05692494845277,0
22.158506600337937,88.0673873645341,0
22.158506600337937,88.07784978061541,0
22.158506600337937,88.08831219669673,0
22.158506600337937,88.09877461277806,0
22.158506600337937,88.10923702885938,0
22.158506600337937,88.11969944494071,0
22.158506600337937,88.13016186102203,0
22.158506600337937,88.14062427710336,0
22.158506600337937,88.15108669318468,0
22.158506600337937,88.16154910926599,0
22.158506600337937,88.17201152534732,0
22.158506600337937,88.18247394142864,0
22.158506600337937,88.19293635750998,0
22.158506600337937,88.20339877359129,0
22.158506600337937,88.2138611896726,0
22.158506600337937,88.22432360575394,0
22.158506600337937,88.23478602183526,0
22.158506600337937,88.24524843791657,0
22.158506600337937,88.2557108539979,0
22.158506600337937,88.26617327007924,0
22.158506600337937,88.27663568616055,0
22.158506600337937,88.28709810224186,0
22.158506600337937,88.2975605183232,0
22.150178571987308,87.50967099841908,0
22.150178571987308,87.52013303093727,0
22.150178571987308,87.53059506345546,0
22.150178571987308,87.54105709597366,0
22.150178571987308,87.55151912849185,786
22.150178571987308,87.56198116101004,0
22.150178571987308,87.57244319352824,0
22.150178571987308,87.58290522604644,898
22.150178571987308,87.59336725856461,506
22.150178571987308,87.6038292910828,0
22.150178571987308,87.614291323601,0
22.150178571987308,87.6247533561192,0
22.150178571987308,87.63521538863739,0
22.150178571987308,87.64567742115558,0
22.150178571987308,87.65613945367376,0
22.150178571987308,87.66660148619196,0
22.150178571987308,87.67706351871016,0
22.150178571987308,87.68752555122836,0
22.150178571987308,87.69798758374655,0
22.150178571987308,87.70844961626473,780
22.150178571987308,87.71891164878292,0
22.150178571987308,87.72937368130111,0
22.150178571987308,87.73983571381932,0
22.150178571987308,87.75029774633751,0
22.150178571987308,87.7607597788557,0
22.150178571987308,87.77122181137389,0
22.150178571987308,87.78168384389207,0
22.150178571987308,87.79214587641027,0
22.150178571987308,87.80260790892847,0
22.150178571987308,87.81306994144666,0
22.150178571987308,87.82353197396485,0
22.150178571987308,87.83399400648305,0
22.150178571987308,87.84445603900123,0
22.150178571987308,87.85491807151942,0
22.150178571987308,87.86538010403761,0
22.150178571987308,87.87584213655582,0
22.150178571987308,87.88630416907401,0
22.150178571987308,87.89676620159219,0
22.150178571987308,87.90722823411039,0
22.150178571987308,87.91769026662857,0
22.150178571987308,87.92815229914677,0
22.150178571987308,87.93861433166497,0
22.150178571987308,87.94907636418317,0
22.150178571987308,87.95953839670135,0
22.150178571987308,87.97000042921952,0
22.150178571987308,87.98046246173773,0
22.150178571987308,87.99092449425592,0
22.150178571987308,88.00138652677413,0
22.150178571987308,88.0118485592923,0
22.150178571987308,88.0223105918105,0
22.150178571987308,88.03277262432869,0
22.150178571987308,88.04323465684689,0
22.150178571987308,88.05369668936508,0
22.150178571987308,88.06415872188327,0
22.150178571987308,88.07462075440147,0
22.150178571987308,88.08508278691964,0
22.150178571987308,88.09554481943785,0
22.150178571987308,88.10600685195604,0
22.150178571987308,88.11646888447423,0
22.150178571987308,88.12693091699242,0
22.150178571987308,88.13739294951063,0
22.150178571987308,88.1478549820288,0
22.150178571987308,88.158317014547,0
22.150178571987308,88.16877904706519,0
22.150178571987308,88.17924107958338,0
22.150178571987308,88.18970311210158,0
22.150178571987308,88.20016514461977,0
22.150178571987308,88.21062717713797,0
22.150178571987308,88.22108920965614,0
22.150178571987308,88.23155124217435,0
22.150178571987308,88.24201327469254,0
22.150178571987308,88.25247530721074,0
22.150178571987308,88.26293733972894,0
22.150178571987308,88.2733993722471,0
22.150178571987308,88.2838614047653,0
22.150178571987308,88.2943234372835,0
22.14185073114165,87.50646421982421,0
22.14185073114165,87.5169258689628,0
22.14185073114165,87.52738751810139,0
22.14185073114165,87.53784916724,0
22.14185073114165,87.5483108163786,0
22.14185073114165,87.5587724655172,0
22.14185073114165,87.5692341146558,0
22.14185073114165,87.5796957637944,0
22.14185073114165,87.590157412933,0
22.14185073114165,87.60061906207159,0
22.14185073114165,87.61108071121019,0
22.14185073114165,87.6215423603488,0
22.14185073114165,87.6320040094874,0
22.14185073114165,87.64246565862601,0
22.14185073114165,87.6529273077646,0
22.14185073114165,87.6633889569032,0
22.14185073114165,87.67385060604181,0
22.14185073114165,87.68431225518042,0
22.14185073114165,87.694773904319,0
22.14185073114165,87.70523555345761,0
22.14185073114165,87.7156972025962,0
22.14185073114165,87.72615885173481,0
22.14185073114165,87.7366205008734,0
22.14185073114165,87.747082150012,0
22.14185073114165,87.75754379915061,0
22.14185073114165,87.76800544828922,0
22.14185073114165,87.7784670974278,0
22.14185073114165,87.7889287465664,0
22.14185073114165,87.799390395705,0
22.14185073114165,87.80985204484361,0
22.14185073114165,87.82031369398223,0
22.14185073114165,87.83077534312082,0
22.14185073114165,87.84123699225941,0
22.14185073114165,87.85169864139802,0
22.14185073114165,87.86216029053662,0
22.14185073114165,87.87262193967521,0
22.14185073114165,87.88308358881382,0
22.14185073114165,87.89354523795241,0
22.14185073114165,87.90400688709101,0
22.14185073114165,87.9144685362296,0
22.14185073114165,87.92493018536821,0
22.14185073114165,87.93539183450682,0
22.14185073114165,87.94585348364542,1262
22.14185073114165,87.95631513278401,0
22.14185073114165,87.96677678192262,0
22.14185073114165,87.97723843106122,1
22.14185073114165,87.98770008019983,555
22.14185073114165,87.99816172933843,0
22.14185073114165,88.00862337847703,0
22.14185073114165,88.01908502761562,0
22.14185073114165,88.02954667675422,0
22.14185073114165,88.04000832589283,0
22.14185073114165,88.05046997503142,0
22.14185073114165,88.06093162417002,0
22.14185073114165,88.07139327330863,0
22.14185073114165,88.08185492244722,0
22.14185073114165,88.09231657158581,671
22.14185073114165,88.10277822072442,0
22.14185073114165,88.11323986986302,0
22.14185073114165,88.12370151900163,0
22.14185073114165,88.13416316814023,0
22.14185073114165,88.14462481727882,0
22.14185073114165,88.15508646641743,0
22.14185073114165,88.16554811555604,0
22.14185073114165,88.17600976469464,0
22.14185073114165,88.18647141383323,0
22.14185073114165,88.19693306297184,0
22.14185073114165,88.20739471211043,0
22.14185073114165,88.21785636124903,0
22.14185073114165,88.22831801038762,0
22.14185073114165,88.23877965952623,0
22.14185073114165,88.24924130866484,0
22.14185073114165,88.25970295780344,0
22.14185073114165,88.27016460694202,0
22.14185073114165,88.28062625608062,0
22.14185073114165,88.29108790521923,0
22.13352307771547,87.50325897598476,0
22.13352307771547,87.51372024192727,490
22.13352307771547,87.52418150786974,0
22.13352307771547,87.53464277381225,0
22.13352307771547,87.54510403975473,0
22.13352307771547,87.55556530569724,0
22.13352307771547,87.56602657163972,0
22.13352307771547,87.57648783758223,0
22.13352307771547,87.5869491035247,0
22.13352307771547,87.5974103694672,0
22.13352307771547,87.6078716354097,0
22.13352307771547,87.61833290135219,0
22.13352307771547,87.62879416729469,0
22.13352307771547,87.63925543323718,0
22.13352307771547,87.64971669917968,0
22.13352307771547,87.66017796512216,0
22.13352307771547,87.67063923106465,0
22.13352307771547,87.68110049700715,0
22.13352307771547,87.69156176294965,0
22.13352307771547,87.70202302889214,0
22.13352307771547,87.71248429483462,0
22.13352307771547,87.72294556077712,0
22.13352307771547,87.73340682671962,0
22.13352307771547,87.74386809266211,0
22.13352307771547,87.75432935860461,0
22.13352307771547,87.7647906245471,0
22.13352307771547,87.77525189048959,0
22.13352307771547,87.78571315643208,0
22.13352307771547,87.79617442237458,0
22.13352307771547,87.80663568831707,0
22.13352307771547,87.81709695425957,0
22.13352307771547,87.82755822020206,0
22.13352307771547,87.83801948614455,0
22.13352307771547,87.84848075208704,0
22.13352307771547,87.85894201802954,0
22.13352307771547,87.86940328397203,526
22.13352307771547,87.87986454991452,0
22.13352307771547,87.89032581585701,0
22.13352307771547,87.9007870817995,0
22.13352307771547,87.911248347742,0
22.13352307771547,87.9217096136845,0
22.13352307771547,87.932170879627,0
22.13352307771547,87.94263214556949,0
22.13352307771547,87.95309341151197,0
22.13352307771547,87.96355467745447,0
22.13352307771547,87.97401594339695,0
22.13352307771547,87.98447720933946,1321
22.13352307771547,87.99493847528194,0
22.13352307771547,88.00539974122445,0
22.13352307771547,88.01586100716692,0
22.13352307771547,88.02632227310943,0
22.13352307771547,88.03678353905191,0
22.13352307771547,88.04724480499442,0
22.13352307771547,88.05770607093692,0
22.13352307771547,88.06816733687941,331
22.13352307771547,88.0786286028219,177
22.13352307771547,88.08908986876438,1900
22.13352307771547,88.09955113470689,0
22.13352307771547,88.11001240064937,0
22.13352307771547,88.12047366659188,0
22.13352307771547,88.13093493253436,0
22.13352307771547,88.14139619847685,0
22.13352307771547,88.15185746441934,0
22.13352307771547,88.16231873036185,0
22.13352307771547,88.17277999630433,0
22.13352307771547,88.18324126224682,0
22.13352307771547,88.19370252818932,0
22.13352307771547,88.2041637941318,0
22.13352307771547,88.21462506007431,0
22.13352307771547,88.2250863260168,0
22.13352307771547,88.2355475919593,0
22.13352307771547,88.24600885790178,0
22.13352307771547,88.2564701238443,0
22.13352307771547,88.26693138978676,0
22.13352307771547,88.27739265572926,0
22.13352307771547,88.28785392167175,0
22.13352307771547,88.29831518761425,0
22.1251956116233,87.50005526644652,0
22.1251956116233,87.51051614937633,0
22.1251956116233,87.52097703230613,0
22.1251956116233,87.53143791523597,0
22.1251956116233,87.54189879816578,0
22.1251956116233,87.5523596810956,0
22.1251956116233,87.56282056402542,0
22.1251956116233,87.57328144695524,0
22.1251956116233,87.58374232988504,0
22.1251956116233,87.59420321281486,0
22.1251956116233,87.60466409574467,0
22.1251956116233,87.61512497867449,0
22.1251956116233,87.62558586160432,0
22.1251956116233,87.63604674453413,0
22.1251956116233,87.64650762746393,0
22.1251956116233,87.65696851039375,0
22.1251956116233,87.66742939332357,0
22.1251956116233,87.6778902762534,0
22.1251956116233,87.68835115918321,0
22.1251956116233,87.69881204211302,0
22.1251956116233,87.70927292504282,0
22.1251956116233,87.71973380797266,0
22.1251956116233,87.73019469090247,0
22.1251956116233,87.74065557383229,0
22.1251956116233,87.7511164567621,0
22.1251956116233,87.76157733969193,0
22.1251956116233,87.77203822262173,0
22.1251956116233,87.78249910555155,0
22.1251956116233,87.79295998848136,0
22.1251956116233,87.80342087141118,0
22.1251956116233,87.81388175434101,0
22.1251956116233,87.82434263727082,0
22.1251956116233,87.83480352020062,0
22.1251956116233,87.84526440313044,0
22.1251956116233,87.85572528606026,0
22.1251956116233,87.86618616899008,0
22.1251956116233,87.8766470519199,0
22.1251956116233,87.8871079348497,0
22.1251956116233,87.89756881777951,0
22.1251956116233,87.90802970070935,0
22.1251956116233,87.91849058363916,0
22.1251956116233,87.92895146656898,0
22.1251956116233,87.9394123494988,0
22.1251956116233,87.9498732324286,0
22.1251956116233,87.96033411535842,0
22.1251956116233,87.97079499828824,0
22.1251956116233,87.98125588121805,0
22.1251956116233,87.99171676414787,0
22.1251956116233,88.0021776470777,0
22.1251956116233,88.0126385300075,0
22.1251956116233,88.02309941293731,0
22.1251956116233,88.03356029586713,0
22.1251956116233,88.04402117879695,0
22.1251956116233,88.05448206172677,0
22.1251956116233,88.0649429446566,0
22.1251956116233,88.07540382758638,0
22.1251956116233,88.0858647105162,0
22.1251956116233,88.09632559344604,0
22.1251956116233,88.10678647637585,0
22.1251956116233,88.11724735930567,0
22.1251956116233,88.12770824223549,0
22.1251956116233,88.13816912516529,0
22.1251956116233,88.14863000809511,0
22.1251956116233,88.15909089102493,0
22.1251956116233,88.16955177395474,0
22.1251956116233,88.18001265688456,0
22.1251956116233,88.19047353981439,0
22.1251956116233,88.20093442274418,0
22.1251956116233,88.211395305674,0
22.1251956116233,88.22185618860382,0
22.1251956116233,88.23231707153364,0
22.1251956116233,88.24277795446346,0
22.1251956116233,88.25323883739328,0
22.1251956116233,88.26369972032307,0
22.1251956116233,88.2741606032529,0
22.1251956116233,88.28462148618273,0
22.1251956116233,88.29508236911254,0
22.11686833277969,87.507313590856,0
22.11686833277969,87.51777409095651,0
22.11686833277969,87.52823459105701,0
22.11686833277969,87.53869509115754,0
22.11686833277969,87.54915559125804,0
22.11686833277969,87.55961609135856,0
22.11686833277969,87.57007659145908,0
22.11686833277969,87.58053709155959,129
22.11686833277969,87.59099759166011,0
22.11686833277969,87.60145809176063,0
22.11686833277969,87.61191859186114,0
22.11686833277969,87.62237909196165,0
22.11686833277969,87.63283959206217,0
22.11686833277969,87.64330009216268,0
22.11686833277969,87.6537605922632,0
22.11686833277969,87.6642210923637,0
22.11686833277969,87.67468159246422,0
22.11686833277969,87.68514209256475,0
22.11686833277969,87.69560259266527,0
22.11686833277969,87.70606309276577,0
22.11686833277969,87.7165235928663,0
22.11686833277969,87.7269840929668,0
22.11686833277969,87.73744459306731,0
22.11686833277969,87.74790509316783,0
22.11686833277969,87.75836559326835,0
22.11686833277969,87.76882609336886,0
22.11686833277969,87.77928659346937,0
22.11686833277969,87.78974709356989,0
22.11686833277969,87.80020759367041,0
22.11686833277969,87.81066809377093,1562
22.11686833277969,87.82112859387144,0
22.11686833277969,87.83158909397194,57
22.11686833277969,87.84204959407245,0
22.11686833277969,87.85251009417297,0
22.11686833277969,87.86297059427349,0
22.11686833277969,87.87343109437401,0
22.11686833277969,87.88389159447452,0
22.11686833277969,87.89435209457503,0
22.11686833277969,87.90481259467555,0
22.11686833277969,87.91527309477607,0
22.11686833277969,87.92573359487659,0
22.11686833277969,87.9361940949771,0
22.11686833277969,87.9466545950776,0
22.11686833277969,87.95711509517811,0
22.11686833277969,87.96757559527863,0
22.11686833277969,87.97803609537915,0
22.11686833277969,87.98849659547967,0
22.11686833277969,87.9989570955802,0
22.11686833277969,88.00941759568069,0
22.11686833277969,88.01987809578121,0
22.11686833277969,88.03033859588173,0
22.11686833277969,88.04079909598224,0
22.11686833277969,88.05125959608276,0
22.11686833277969,88.06172009618328,0
22.11686833277969,88.07218059628377,0
22.11686833277969,88.0826410963843,0
22.11686833277969,88.09310159648481,0
22.11686833277969,88.10356209658534,0
22.11686833277969,88.11402259668586,0
22.11686833277969,88.12448309678638,0
22.11686833277969,88.13494359688687,0
22.11686833277969,88.14540409698738,0
22.11686833277969,88.1558645970879,0
22.11686833277969,88.16632509718842,0
22.11686833277969,88.17678559728894,0
22.11686833277969,88.18724609738946,0
22.11686833277969,88.19770659748995,0
22.11686833277969,88.20816709759048,0
22.11686833277969,88.218627597691,0
22.11686833277969,88.22908809779152,0
22.11686833277969,88.23954859789202,0
22.11686833277969,88.25000909799253,0
22.11686833277969,88.26046959809304,0
22.11686833277969,88.27093009819356,0
22.11686833277969,88.28139059829408,0
22.11686833277969,88.2918510983946,0
22.108541241099207,87.50411256591252,515
22.108541241099207,87.51457268336705,0
22.108541241099207,87.52503280082158,0
22.108541241099207,87.53549291827612,0
22.108541241099207,87.54595303573066,0
22.108541241099207,87.55641315318519,0
22.108541241099207,87.56687327063973,0
22.108541241099207,87.57733338809426,0
22.108541241099207,87.5877935055488,0
22.108541241099207,87.59825362300333,0
22.108541241099207,87.60871374045787,0
22.108541241099207,87.6191738579124,0
22.108541241099207,87.62963397536694,0
22.108541241099207,87.64009409282147,0
22.108541241099207,87.65055421027601,0
22.108541241099207,87.66101432773054,0
22.108541241099207,87.67147444518508,0
22.108541241099207,87.68193456263963,0
22.108541241099207,87.69239468009415,0
22.108541241099207,87.70285479754867,0
22.108541241099207,87.71331491500321,0
22.108541241099207,87.72377503245774,0
22.108541241099207,87.73423514991228,0
22.108541241099207,87.74469526736682,0
22.108541241099207,87.75515538482135,0
22.108541241099207,87.76561550227588,0
22.108541241099207,87.77607561973042,0
22.108541241099207,87.78653573718495,0
22.108541241099207,87.79699585463949,162
22.108541241099207,87.80745597209403,0
22.108541241099207,87.81791608954856,0
22.108541241099207,87.82837620700309,0
22.108541241099207,87.83883632445763,0
22.108541241099207,87.84929644191217,0
22.108541241099207,87.8597565593667,0
22.108541241099207,87.87021667682124,0
22.108541241099207,87.88067679427577,0
22.108541241099207,87.8911369117303,0
22.108541241099207,87.90159702918484,0
22.108541241099207,87.91205714663938,0
22.108541241099207,87.92251726409391,0
22.108541241099207,87.93297738154845,0
22.108541241099207,87.94343749900298,0
22.108541241099207,87.95389761645751,0
22.108541241099207,87.96435773391205,262
22.108541241099207,87.9748178513666,0
22.108541241099207,87.98527796882112,106
22.108541241099207,87.99573808627567,0
22.108541241099207,88.0061982037302,0
22.108541241099207,88.01665832118472,0
22.108541241099207,88.02711843863926,0
22.108541241099207,88.0375785560938,0
22.108541241099207,88.04803867354833,0
22.108541241099207,88.05849879100288,0
22.108541241099207,88.0689589084574,0
22.108541241099207,88.07941902591193,0
22.108541241099207,88.08987914336647,0
22.108541241099207,88.10033926082102,0
22.108541241099207,88.11079937827554,0
22.108541241099207,88.12125949573009,0
22.108541241099207,88.13171961318461,0
22.108541241099207,88.14217973063914,0
22.108541241099207,88.15263984809368,0
22.108541241099207,88.16309996554823,0
22.108541241099207,88.17356008300276,0
22.108541241099207,88.1840202004573,0
22.108541241099207,88.19448031791183,0
22.108541241099207,88.20494043536637,0
22.108541241099207,88.2154005528209,0
22.108541241099207,88.22586067027544,0
22.108541241099207,88.23632078772998,0
22.108541241099207,88.24678090518451,0
22.108541241099207,88.25724102263902,0
22.108541241099207,88.26770114009356,0
22.108541241099207,88.27816125754809,0
22.108541241099207,88.28862137500265,0
22.108541241099207,88.29908149245719,0
22.100214336496446,87.50091307409248,0
22.100214336496446,87.5113728090843,0
22.100214336496446,87.52183254407612,0
22.100214336496446,87.53229227906796,0
22.100214336496446,87.54275201405977,0
22.100214336496446,87.5532117490516,0
22.100214336496446,87.56367148404343,0
22.100214336496446,87.57413121903524,0
22.100214336496446,87.58459095402706,0
22.100214336496446,87.59505068901888,0
22.100214336496446,87.60551042401072,0
22.100214336496446,87.61597015900253,0
22.100214336496446,87.62642989399437,0
22.100214336496446,87.63688962898617,0
22.100214336496446,87.64734936397801,0
22.100214336496446,87.65780909896982,0
22.100214336496446,87.66826883396165,0
22.100214336496446,87.67872856895347,0
22.100214336496446,87.6891883039453,0
22.100214336496446,87.69964803893711,0
22.100214336496446,87.71010777392893,0
22.100214336496446,87.72056750892077,0
22.100214336496446,87.73102724391258,0
22.100214336496446,87.74148697890442,134
22.100214336496446,87.75194671389623,0
22.100214336496446,87.76240644888804,0
22.100214336496446,87.77286618387987,1068
22.100214336496446,87.7833259188717,0
22.100214336496446,87.79378565386352,0
22.100214336496446,87.80424538885534,0
22.100214336496446,87.81470512384718,0
22.100214336496446,87.82516485883897,0
22.100214336496446,87.83562459383081,0
22.100214336496446,87.84608432882263,0
22.100214336496446,87.85654406381447,0
22.100214336496446,87.86700379880628,0
22.100214336496446,87.87746353379809,0
22.100214336496446,87.88792326878992,0
22.100214336496446,87.89838300378175,45
22.100214336496446,87.90884273877357,0
22.100214336496446,87.91930247376538,0
22.100214336496446,87.92976220875723,0
22.100214336496446,87.94022194374902,0
22.100214336496446,87.95068167874086,0
22.100214336496446,87.96114141373268,0
22.100214336496446,87.9716011487245,0
22.100214336496446,87.98206088371633,0
22.100214336496446,87.99252061870816,0
22.100214336496446,88.00298035369997,0
22.100214336496446,88.0134400886918,0
22.100214336496446,88.02389982368362,0
22.100214336496446,88.03435955867543,0
22.100214336496446,88.04481929366727,0
22.100214336496446,88.05527902865909,0
22.100214336496446,88.0657387636509,0
22.100214336496446,88.07619849864273,0
22.100214336496446,88.08665823363455,0
22.100214336496446,88.09711796862638,0
22.100214336496446,88.1075777036182,0
22.100214336496446,88.11803743861003,0
22.100214336496446,88.12849717360184,0
22.100214336496446,88.13895690859367,0
22.100214336496446,88.14941664358548,0
22.100214336496446,88.15987637857731,0
22.100214336496446,88.17033611356914,0
22.100214336496446,88.18079584856096,0
22.100214336496446,88.19125558355277,0
22.100214336496446,88.2017153185446,0
22.100214336496446,88.21217505353643,0
22.100214336496446,88.22263478852825,0
22.100214336496446,88.23309452352008,0
22.100214336496446,88.24355425851189,0
22.100214336496446,88.2540139935037,0
22.100214336496446,88.26447372849553,0
22.100214336496446,88.27493346348736,0
22.100214336496446,88.28539319847918,0
22.100214336496446,88.29585293347101,0
22.09188761888602,87.50817446765511,0
22.09188761888602,87.51863382036743,0
22.09188761888602,87.52909317307976,0
22.09188761888602,87.53955252579209,0
22.09188761888602,87.5500118785044,0
22.09188761888602,87.56047123121674,0
22.09188761888602,87.57093058392904,0
22.09188761888602,87.58138993664136,0
22.09188761888602,87.59184928935369,0
22.09188761888602,87.60230864206602,0
22.09188761888602,87.61276799477834,0
22.09188761888602,87.62322734749067,0
22.09188761888602,87.63368670020299,0
22.09188761888602,87.6441460529153,0
22.09188761888602,87.65460540562763,0
22.09188761888602,87.66506475833997,0
22.09188761888602,87.67552411105228,0
22.09188761888602,87.68598346376461,0
22.09188761888602,87.69644281647693,0
22.09188761888602,87.70690216918925,0
22.09188761888602,87.71736152190158,0
22.09188761888602,87.72782087461391,0
22.09188761888602,87.73828022732623,0
22.09188761888602,87.74873958003856,0
22.09188761888602,87.75919893275088,0
22.09188761888602,87.7696582854632,0
22.09188761888602,87.78011763817553,0
22.09188761888602,87.79057699088784,0
22.09188761888602,87.80103634360016,0
22.09188761888602,87.81149569631249,0
22.09188761888602,87.82195504902481,0
22.09188761888602,87.83241440173713,0
22.09188761888602,87.84287375444946,0
22.09188761888602,87.85333310716179,0
22.09188761888602,87.8637924598741,552
22.09188761888602,87.87425181258642,70
22.09188761888602,87.88471116529875,0
22.09188761888602,87.89517051801107,1123
22.09188761888602,87.9056298707234,0
22.09188761888602,87.91608922343573,0
22.09188761888602,87.92654857614805,0
22.09188761888602,87.93700792886037,0
22.09188761888602,87.9474672815727,288
22.09188761888602,87.95792663428502,0
22.09188761888602,87.96838598699735,0
22.09188761888602,87.97884533970968,0
22.09188761888602,87.989304692422,0
22.09188761888602,87.9997640451343,0
22.09188761888602,88.01022339784663,0
22.09188761888602,88.02068275055896,0
22.09188761888602,88.03114210327128,0
22.09188761888602,88.04160145598361,4
22.09188761888602,88.05206080869593,0
22.09188761888602,88.06252016140824,0
22.09188761888602,88.07297951412058,0
22.09188761888602,88.0834388668329,0
22.09188761888602,88.09389821954522,0
22.09188761888602,88.10435757225756,0
22.09188761888602,88.11481692496987,0
22.09188761888602,88.12527627768219,0
22.09188761888602,88.13573563039452,81
22.09188761888602,88.14619498310685,0
22.09188761888602,88.15665433581917,242
22.09188761888602,88.1671136885315,0
22.09188761888602,88.17757304124382,0
22.09188761888602,88.18803239395614,0
22.09188761888602,88.19849174666847,0
22.09188761888602,88.2089510993808,0
22.09188761888602,88.21941045209311,0
22.09188761888602,88.22986980480545,0
22.09188761888602,88.24032915751776,0
22.09188761888602,88.25078851023007,0
22.09188761888602,88.2612478629424,0
22.09188761888602,88.27170721565473,0
22.09188761888602,88.28216656836705,0
22.09188761888602,88.29262592107938,0
22.083561088182556,87.50497765862659,0
22.083561088182556,87.51543662924256,0
22.083561088182556,87.52589559985854,0
22.083561088182556,87.53635457047454,0
22.083561088182556,87.54681354109053,0
22.083561088182556,87.5572725117065,0
22.083561088182556,87.56773148232247,0
22.083561088182556,87.57819045293847,0
22.083561088182556,87.58864942355446,0
22.083561088182556,87.59910839417043,0
22.083561088182556,87.60956736478641,0
22.083561088182556,87.62002633540241,0
22.083561088182556,87.63048530601839,0
22.083561088182556,87.64094427663437,0
22.083561088182556,87.65140324725034,0
22.083561088182556,87.66186221786634,0
22.083561088182556,87.67232118848233,715
22.083561088182556,87.68278015909831,1287
22.083561088182556,87.69323912971427,1633
22.083561088182556,87.70369810033027,192
22.083561088182556,87.71415707094626,0
22.083561088182556,87.72461604156224,0
22.083561088182556,87.73507501217821,221
22.083561088182556,87.74553398279421,0
22.083561088182556,87.75599295341019,0
22.083561088182556,87.76645192402617,0
22.083561088182556,87.77691089464216,0
22.083561088182556,87.78736986525814,0
22.083561088182556,87.79782883587413,0
22.083561088182556,87.80828780649011,0
22.083561088182556,87.81874677710609,0
22.083561088182556,87.82920574772207,0
22.083561088182556,87.83966471833806,0
22.083561088182556,87.85012368895404,0
22.083561088182556,87.86058265957003,0
22.083561088182556,87.87104163018601,0
22.083561088182556,87.88150060080199,0
22.083561088182556,87.89195957141797,0
22.083561088182556,87.90241854203396,0
22.083561088182556,87.91287751264996,0
22.083561088182556,87.92333648326593,0
22.083561088182556,87.9337954538819,0
22.083561088182556,87.94425442449788,0
22.083561088182556,87.95471339511388,527
22.083561088182556,87.96517236572986,0
22.083561088182556,87.97563133634584,0
22.083561088182556,87.98609030696183,0
22.083561088182556,87.99654927757781,0
22.083561088182556,88.0070082481938,0
22.083561088182556,88.01746721880977,0
22.083561088182556,88.02792618942576,0
22.083561088182556,88.03838516004176,0
22.083561088182556,88.04884413065774,0
22.083561088182556,88.05930310127371,0
22.083561088182556,88.06976207188968,0
22.083561088182556,88.08022104250568,0
22.083561088182556,88.09068001312167,0
22.083561088182556,88.10113898373766,0
22.083561088182556,88.11159795435363,418
22.083561088182556,88.12205692496961,0
22.083561088182556,88.1325158955856,884
22.083561088182556,88.14297486620158,2497
22.083561088182556,88.15343383681756,655
22.083561088182556,88.16389280743356,110
22.083561088182556,88.17435177804954,0
22.083561088182556,88.18481074866551,0
22.083561088182556,88.1952697192815,0
22.083561088182556,88.20572868989748,0
22.083561088182556,88.21618766051347,0
22.083561088182556,88.22664663112946,0
22.083561088182556,88.23710560174544,143
22.083561088182556,88.24756457236141,0
22.083561088182556,88.2580235429774,0
22.083561088182556,88.26848251359338,0
22.083561088182556,88.27894148420937,0
22.083561088182556,88.28940045482535,0
22.07523474430072,87.50178238154616,0
22.07523474430072,87.51224097024891,0
22.07523474430072,87.52269955895166,0
22.07523474430072,87.5331581476544,0
22.07523474430072,87.54361673635715,0
22.07523474430072,87.55407532505991,0
22.07523474430072,87.56453391376265,0
22.07523474430072,87.57499250246539,0
22.07523474430072,87.58545109116814,0
22.07523474430072,87.5959096798709,0
22.07523474430072,87.60636826857366,0
22.07523474430072,87.61682685727641,0
22.07523474430072,87.62728544597914,0
22.07523474430072,87.63774403468189,1620
22.07523474430072,87.64820262338465,0
22.07523474430072,87.6586612120874,0
22.07523474430072,87.66911980079014,429
22.07523474430072,87.67957838949289,0
22.07523474430072,87.69003697819562,0
22.07523474430072,87.70049556689838,0
22.07523474430072,87.71095415560113,2331
22.07523474430072,87.72141274430389,4698
22.07523474430072,87.73187133300664,0
22.07523474430072,87.74232992170938,0
22.07523474430072,87.75278851041213,0
22.07523474430072,87.76324709911488,0
22.07523474430072,87.77370568781762,0
22.07523474430072,87.78416427652037,0
22.07523474430072,87.79462286522312,3
22.07523474430072,87.80508145392588,0
22.07523474430072,87.81554004262861,0
22.07523474430072,87.82599863133136,0
22.07523474430072,87.8364572200341,0
22.07523474430072,87.84691580873687,0
22.07523474430072,87.85737439743963,0
22.07523474430072,87.86783298614236,0
22.07523474430072,87.87829157484511,0
22.07523474430072,87.88875016354785,1
22.07523474430072,87.89920875225062,0
22.07523474430072,87.90966734095336,0
22.07523474430072,87.92012592965611,0
22.07523474430072,87.93058451835884,0
22.07523474430072,87.94104310706159,22
22.07523474430072,87.95150169576435,0
22.07523474430072,87.9619602844671,0
22.07523474430072,87.97241887316986,0
22.07523474430072,87.9828774618726,0
22.07523474430072,87.99333605057534,0
22.07523474430072,88.0037946392781,0
22.07523474430072,88.01425322798084,0
22.07523474430072,88.02471181668359,0
22.07523474430072,88.03517040538634,0
22.07523474430072,88.04562899408909,0
22.07523474430072,88.05608758279183,950
22.07523474430072,88.06654617149458,0
22.07523474430072,88.07700476019733,0
22.07523474430072,88.08746334890007,137
22.07523474430072,88.09792193760283,0
22.07523474430072,88.1083805263056,245
22.07523474430072,88.11883911500833,939
22.07523474430072,88.12929770371107,821
22.07523474430072,88.13975629241382,2284
22.07523474430072,88.15021488111658,2544
22.07523474430072,88.16067346981933,0
22.07523474430072,88.17113205852208,0
22.07523474430072,88.18159064722481,0
22.07523474430072,88.19204923592756,0
22.07523474430072,88.20250782463032,0
22.07523474430072,88.21296641333306,0
22.07523474430072,88.22342500203582,0
22.07523474430072,88.23388359073857,0
22.07523474430072,88.2443421794413,0
22.07523474430072,88.25480076814407,0
22.07523474430072,88.26525935684681,0
22.07523474430072,88.27571794554956,0
22.07523474430072,88.2861765342523,0
22.07523474430072,88.29663512295505,0
22.066908587155176,87.50904684293415,0
22.066908587155176,87.51950504990673,0
22.066908587155176,87.5299632568793,0
22.066908587155176,87.54042146385186,0
22.066908587155176,87.55087967082443,0
22.066908587155176,87.56133787779697,131
22.066908587155176,87.57179608476955,0
22.066908587155176,87.58225429174212,0
22.066908587155176,87.59271249871469,0
22.066908587155176,87.60317070568725,0
22.066908587155176,87.6136289126598,0
22.066908587155176,87.62408711963236,0
22.066908587155176,87.63454532660494,0
22.066908587155176,87.64500353357751,0
22.066908587155176,87.65546174055007,0
22.066908587155176,87.66591994752264,0
22.066908587155176,87.67637815449521,0
22.066908587155176,87.68683636146775,0
22.066908587155176,87.69729456844033,0
22.066908587155176,87.70775277541289,0
22.066908587155176,87.71821098238546,0
22.066908587155176,87.72866918935803,0
22.066908587155176,87.73912739633059,0
22.066908587155176,87.74958560330315,0
22.066908587155176,87.7600438102757,0
22.066908587155176,87.77050201724828,0
22.066908587155176,87.78096022422085,0
22.066908587155176,87.79141843119342,0
22.066908587155176,87.80187663816598,0
22.066908587155176,87.81233484513854,0
22.066908587155176,87.8227930521111,0
22.066908587155176,87.83325125908367,0
22.066908587155176,87.84370946605624,0
22.066908587155176,87.8541676730288,0
22.066908587155176,87.86462588000136,0
22.066908587155176,87.87508408697391,623
22.066908587155176,87.88554229394649,0
22.066908587155176,87.89600050091906,0
22.066908587155176,87.90645870789162,0
22.066908587155176,87.91691691486419,0
22.066908587155176,87.92737512183673,0
22.066908587155176,87.93783332880932,0
22.066908587155176,87.94829153578188,0
22.066908587155176,87.95874974275443,0
22.066908587155176,87.96920794972701,0
22.066908587155176,87.97966615669958,0
22.066908587155176,87.99012436367214,0
22.066908587155176,88.0005825706447,0
22.066908587155176,88.01104077761727,0
22.066908587155176,88.02149898458983,0
22.066908587155176,88.0319571915624,0
22.066908587155176,88.04241539853497,0
22.066908587155176,88.05287360550751,0
22.066908587155176,88.06333181248009,396
22.066908587155176,88.07379001945264,0
22.066908587155176,88.08424822642522,2352
22.066908587155176,88.09470643339779,0
22.066908587155176,88.10516464037035,1
22.066908587155176,88.1156228473429,1674
22.066908587155176,88.12608105431546,0
22.066908587155176,88.13653926128805,854
22.066908587155176,88.14699746826061,3096
22.066908587155176,88.15745567523317,0
22.066908587155176,88.16791388220574,0
22.066908587155176,88.17837208917828,0
22.066908587155176,88.18883029615087,0
22.066908587155176,88.19928850312343,0
22.066908587155176,88.20974671009598,0
22.066908587155176,88.22020491706856,0
22.066908587155176,88.23066312404113,0
22.066908587155176,88.24112133101369,0
22.066908587155176,88.25157953798625,0
22.066908587155176,88.26203774495882,0
22.066908587155176,88.27249595193138,0
22.066908587155176,88.28295415890395,0
22.066908587155176,88.29341236587652,0
22.058582616660622,87.5058542468463,0
22.058582616660622,87.51631207227166,0
22.058582616660622,87.52676989769705,0
22.058582616660622,87.53722772312243,0
22.058582616660622,87.54768554854782,0
22.058582616660622,87.55814337397318,0
22.058582616660622,87.56860119939856,0
22.058582616660622,87.57905902482393,0
22.058582616660622,87.58951685024931,0
22.058582616660622,87.59997467567469,1
22.058582616660622,87.61043250110008,0
22.058582616660622,87.62089032652544,0
22.058582616660622,87.63134815195082,0
22.058582616660622,87.64180597737621,0
22.058582616660622,87.65226380280158,0
22.058582616660622,87.66272162822696,0
22.058582616660622,87.67317945365234,0
22.058582616660622,87.6836372790777,0
22.058582616660622,87.69409510450309,0
22.058582616660622,87.70455292992847,0
22.058582616660622,87.71501075535386,199
22.058582616660622,87.72546858077922,0
22.058582616660622,87.7359264062046,0
22.058582616660622,87.74638423162997,0
22.058582616660622,87.75684205705535,0
22.058582616660622,87.76729988248073,0
22.058582616660622,87.77775770790612,0
22.058582616660622,87.7882155333315,0
22.058582616660622,87.79867335875687,0
22.058582616660622,87.80913118418223,0
22.058582616660622,87.81958900960761,0
22.058582616660622,87.830046835033,564
22.058582616660622,87.84050466045838,0
22.058582616660622,87.85096248588376,0
22.058582616660622,87.86142031130913,0
22.058582616660622,87.87187813673451,0
22.058582616660622,87.88233596215987,0
22.058582616660622,87.89279378758526,0
22.058582616660622,87.90325161301064,0
22.058582616660622,87.91370943843603,0
22.058582616660622,87.92416726386139,0
22.058582616660622,87.93462508928677,0
22.058582616660622,87.94508291471215,0
22.058582616660622,87.95554074013752,0
22.058582616660622,87.96599856556291,0
22.058582616660622,87.97645639098829,0
22.058582616660622,87.98691421641365,0
22.058582616660622,87.99737204183904,0
22.058582616660622,88.00782986726442,0
22.058582616660622,88.01828769268978,0
22.058582616660622,88.02874551811517,0
22.058582616660622,88.03920334354055,0
22.058582616660622,88.04966116896591,0
22.058582616660622,88.0601189943913,331
22.058582616660622,88.07057681981668,96
22.058582616660622,88.08103464524207,2
22.058582616660622,88.09149247066743,2016
22.058582616660622,88.10195029609281,0
22.058582616660622,88.11240812151819,4868
22.058582616660622,88.12286594694356,0
22.058582616660622,88.13332377236894,1975
22.058582616660622,88.14378159779433,0
22.058582616660622,88.1542394232197,0
22.058582616660622,88.16469724864508,0
22.058582616660622,88.17515507407045,0
22.058582616660622,88.18561289949582,0
22.058582616660622,88.19607072492121,0
22.058582616660622,88.20652855034659,0
22.058582616660622,88.21698637577198,0
22.058582616660622,88.22744420119734,0
22.058582616660622,88.2379020266227,0
22.058582616660622,88.2483598520481,0
22.058582616660622,88.25881767747347,0
22.058582616660622,88.26927550289885,0
22.058582616660622,88.27973332832424,0
22.058582616660622,88.29019115374962,0
22.050256832731765,87.50266318153358,0
22.050256832731765,87.51312062559471,0
22.050256832731765,87.52357806965584,0
22.050256832731765,87.53403551371699,0
22.050256832731765,87.54449295777812,0
22.050256832731765,87.55495040183924,0
22.050256832731765,87.56540784590038,0
22.050256832731765,87.57586528996151,0
22.050256832731765,87.58632273402264,0
22.050256832731765,87.59678017808379,0
22.050256832731765,87.60723762214492,0
22.050256832731765,87.61769506620604,0
22.050256832731765,87.62815251026718,0
22.050256832731765,87.63860995432832,0
22.050256832731765,87.64906739838945,0
22.050256832731765,87.65952484245058,0
22.050256832731765,87.66998228651171,0
22.050256832731765,87.68043973057283,0
22.050256832731765,87.69089717463397,0
22.050256832731765,87.7013546186951,0
22.050256832731765,87.71181206275625,0
22.050256832731765,87.72226950681738,0
22.050256832731765,87.73272695087852,0
22.050256832731765,87.74318439493965,0
22.050256832731765,87.75364183900078,0
22.050256832731765,87.76409928306191,0
22.050256832731765,87.77455672712306,0
22.050256832731765,87.78501417118419,0
22.050256832731765,87.79547161524532,0
22.050256832731765,87.80592905930645,0
22.050256832731765,87.81638650336758,0
22.050256832731765,87.82684394742871,0
22.050256832731765,87.83730139148986,0
22.050256832731765,87.84775883555099,0
22.050256832731765,87.85821627961211,0
22.050256832731765,87.86867372367325,0
22.050256832731765,87.87913116773439,0
22.050256832731765,87.8895886117955,0
22.050256832731765,87.90004605585665,0
22.050256832731765,87.91050349991778,0
22.050256832731765,87.9209609439789,0
22.050256832731765,87.93141838804004,0
22.050256832731765,87.94187583210118,0
22.050256832731765,87.9523332761623,0
22.050256832731765,87.96279072022345,0
22.050256832731765,87.97324816428458,0
22.050256832731765,87.9837056083457,0
22.050256832731765,87.99416305240685,0
22.050256832731765,88.00462049646798,0
22.050256832731765,88.01507794052911,0
22.050256832731765,88.02553538459026,0
22.050256832731765,88.03599282865139,0
22.050256832731765,88.0464502727125,329
22.050256832731765,88.05690771677365,0
22.050256832731765,88.06736516083478,568
22.050256832731765,88.07782260489591,0
22.050256832731765,88.08828004895706,295
22.050256832731765,88.09873749301819,37
22.050256832731765,88.10919493707931,5631
22.050256832731765,88.11965238114044,0
22.050256832731765,88.13010982520157,0
22.050256832731765,88.14056726926272,0
22.050256832731765,88.15102471332385,0
22.050256832731765,88.16148215738498,0
22.050256832731765,88.1719396014461,0
22.050256832731765,88.18239704550724,0
22.050256832731765,88.19285448956838,0
22.050256832731765,88.20331193362952,0
22.050256832731765,88.21376937769065,0
22.050256832731765,88.22422682175178,0
22.050256832731765,88.23468426581292,0
22.050256832731765,88.24514170987405,0
22.050256832731765,88.25559915393518,0
22.050256832731765,88.26605659799633,0
22.050256832731765,88.27651404205746,0
22.050256832731765,88.28697148611859,0
22.050256832731765,88.29742893017972,0
22.04193123528336,87.49947364654462,0
22.04193123528336,87.5099307094244,0
22.04193123528336,87.52038777230418,0
22.04193123528336,87.53084483518396,0
22.04193123528336,87.54130189806374,0
22.04193123528336,87.5517589609435,0
22.04193123528336,87.56221602382328,0
22.04193123528336,87.57267308670306,0
22.04193123528336,87.58313014958284,0
22.04193123528336,87.59358721246262,0
22.04193123528336,87.6040442753424,0
22.04193123528336,87.61450133822218,0
22.04193123528336,87.62495840110196,0
22.04193123528336,87.63541546398173,0
22.04193123528336,87.64587252686151,0
22.04193123528336,87.65632958974129,0
22.04193123528336,87.66678665262107,0
22.04193123528336,87.67724371550085,0
22.04193123528336,87.68770077838063,0
22.04193123528336,87.69815784126041,0
22.04193123528336,87.70861490414019,0
22.04193123528336,87.71907196701996,0
22.04193123528336,87.72952902989974,0
22.04193123528336,87.73998609277952,0
22.04193123528336,87.7504431556593,0
22.04193123528336,87.76090021853908,0
22.04193123528336,87.77135728141886,0
22.04193123528336,87.78181434429864,0
22.04193123528336,87.79227140717842,0
22.04193123528336,87.80272847005818,0
22.04193123528336,87.81318553293796,0
22.04193123528336,87.82364259581774,0
22.04193123528336,87.83409965869753,0
22.04193123528336,87.8445567215773,0
22.04193123528336,87.85501378445707,0
22.04193123528336,87.86547084733685,0
22.04193123528336,87.87592791021663,0
22.04193123528336,87.88638497309641,0
22.04193123528336,87.89684203597619,955
22.04193123528336,87.90729909885597,864
22.04193123528336,87.91775616173574,0
22.04193123528336,87.92821322461553,0
22.04193123528336,87.93867028749531,0
22.04193123528336,87.94912735037508,0
22.04193123528336,87.95958441325486,0
22.04193123528336,87.97004147613464,0
22.04193123528336,87.9804985390144,0
22.04193123528336,87.9909556018942,0
22.04193123528336,88.00141266477398,0
22.04193123528336,88.01186972765376,0
22.04193123528336,88.02232679053354,0
22.04193123528336,88.0327838534133,0
22.04193123528336,88.04324091629307,0
22.04193123528336,88.05369797917287,0
22.04193123528336,88.06415504205265,0
22.04193123528336,88.07461210493243,0
22.04193123528336,88.08506916781221,0
22.04193123528336,88.09552623069199,2772
22.04193123528336,88.10598329357174,6149
22.04193123528336,88.11644035645153,0
22.04193123528336,88.12689741933131,0
22.04193123528336,88.1373544822111,0
22.04193123528336,88.14781154509087,0
22.04193123528336,88.15826860797065,0
22.04193123528336,88.16872567085042,0
22.04193123528336,88.1791827337302,0
22.04193123528336,88.18963979660998,0
22.04193123528336,88.20009685948976,0
22.04193123528336,88.21055392236954,0
22.04193123528336,88.22101098524932,0
22.04193123528336,88.23146804812909,0
22.04193123528336,88.24192511100888,0
22.04193123528336,88.25238217388866,0
22.04193123528336,88.26283923676843,0
22.04193123528336,88.27329629964821,0
22.04193123528336,88.28375336252799,0
22.04193123528336,88.29421042540775,0
22.033605824230158,87.50674232330957,945
22.033605824230158,87.51719900519082,0
22.033605824230158,87.52765568707207,0
22.033605824230158,87.53811236895334,0
22.033605824230158,87.54856905083459,0
22.033605824230158,87.55902573271584,0
22.033605824230158,87.5694824145971,0
22.033605824230158,87.57993909647837,0
22.033605824230158,87.59039577835964,0
22.033605824230158,87.60085246024089,0
22.033605824230158,87.61130914212214,0
22.033605824230158,87.6217658240034,0
22.033605824230158,87.63222250588466,0
22.033605824230158,87.64267918776592,0
22.033605824230158,87.65313586964719,0
22.033605824230158,87.66359255152845,0
22.033605824230158,87.67404923340969,0
22.033605824230158,87.68450591529094,0
22.033605824230158,87.6949625971722,0
22.033605824230158,87.70541927905346,0
22.033605824230158,87.71587596093472,245
22.033605824230158,87.72633264281599,789
22.033605824230158,87.73678932469723,0
22.033605824230158,87.7472460065785,0
22.033605824230158,87.75770268845976,0
22.033605824230158,87.76815937034102,1781
22.033605824230158,87.77861605222228,0
22.033605824230158,87.78907273410354,923
22.033605824230158,87.7995294159848,0
22.033605824230158,87.80998609786604,0
22.033605824230158,87.82044277974731,0
22.033605824230158,87.83089946162858,0
22.033605824230158,87.84135614350983,355
22.033605824230158,87.85181282539106,0
22.033605824230158,87.86226950727233,1019
22.033605824230158,87.8727261891536,0
22.033605824230158,87.88318287103486,0
22.033605824230158,87.89363955291611,0
22.033605824230158,87.90409623479738,0
22.033605824230158,87.91455291667863,0
22.033605824230158,87.92500959855988,0
22.033605824230158,87.93546628044115,0
22.033605824230158,87.94592296232241,0
22.033605824230158,87.95637964420368,0
22.033605824230158,87.96683632608493,0
22.033605824230158,87.97729300796618,0
22.033605824230158,87.98774968984745,0
22.033605824230158,87.9982063717287,0
22.033605824230158,88.00866305360995,0
22.033605824230158,88.01911973549122,0
22.033605824230158,88.02957641737248,0
22.033605824230158,88.04003309925372,0
22.033605824230158,88.05048978113498,0
22.033605824230158,88.06094646301625,0
22.033605824230158,88.0714031448975,0
22.033605824230158,88.08185982677877,0
22.033605824230158,88.09231650866003,4262
22.033605824230158,88.10277319054127,0
22.033605824230158,88.11322987242254,0
22.033605824230158,88.1236865543038,0
22.033605824230158,88.13414323618507,0
22.033605824230158,88.14459991806632,0
22.033605824230158,88.15505659994757,0
22.033605824230158,88.16551328182882,0
22.033605824230158,88.17596996371007,0
22.033605824230158,88.18642664559134,0
22.033605824230158,88.1968833274726,0
22.033605824230158,88.20734000935387,0
22.033605824230158,88.21779669123512,0
22.033605824230158,88.22825337311637,0
22.033605824230158,88.23871005499764,0
22.033605824230158,88.24916673687889,0
22.033605824230158,88.25962341876016,0
22.033605824230158,88.27008010064142,0
22.033605824230158,88.28053678252269,0
22.033605824230158,88.29099346440393,0
22.025280599486916,87.50355546679934,0
22.025280599486916,87.51401176786486,0
22.025280599486916,87.52446806893037,0
22.025280599486916,87.5349243699959,0
22.025280599486916,87.54538067106141,528
22.025280599486916,87.55583697212693,0
22.025280599486916,87.56629327319246,0
22.025280599486916,87.57674957425797,0
22.025280599486916,87.58720587532349,0
22.025280599486916,87.59766217638902,0
22.025280599486916,87.60811847745452,0
22.025280599486916,87.61857477852004,0
22.025280599486916,87.62903107958557,0
22.025280599486916,87.63948738065109,0
22.025280599486916,87.6499436817166,0
22.025280599486916,87.66039998278214,0
22.025280599486916,87.67085628384764,0
22.025280599486916,87.68131258491317,0
22.025280599486916,87.69176888597868,0
22.025280599486916,87.7022251870442,0
22.025280599486916,87.71268148810974,0
22.025280599486916,87.72313778917524,0
22.025280599486916,87.73359409024076,0
22.025280599486916,87.74405039130629,0
22.025280599486916,87.7545066923718,0
22.025280599486916,87.76496299343732,0
22.025280599486916,87.77541929450285,0
22.025280599486916,87.78587559556837,0
22.025280599486916,87.79633189663387,0
22.025280599486916,87.8067881976994,0
22.025280599486916,87.81724449876492,0
22.025280599486916,87.82770079983044,3031
22.025280599486916,87.83815710089597,0
22.025280599486916,87.84861340196147,0
22.025280599486916,87.85906970302699,0
22.025280599486916,87.8695260040925,0
22.025280599486916,87.87998230515804,0
22.025280599486916,87.89043860622357,0
22.025280599486916,87.90089490728907,0
22.025280599486916,87.91135120835459,0
22.025280599486916,87.92180750942012,0
22.025280599486916,87.93226381048562,0
22.025280599486916,87.94272011155115,0
22.025280599486916,87.95317641261668,0
22.025280599486916,87.96363271368219,0
22.025280599486916,87.9740890147477,0
22.025280599486916,87.98454531581322,0
22.025280599486916,87.99500161687875,0
22.025280599486916,88.00545791794427,0
22.025280599486916,88.01591421900979,0
22.025280599486916,88.02637052007532,0
22.025280599486916,88.03682682114082,0
22.025280599486916,88.04728312220634,0
22.025280599486916,88.05773942327187,682
22.025280599486916,88.06819572433739,0
22.025280599486916,88.0786520254029,0
22.025280599486916,88.08910832646843,0
22.025280599486916,88.09956462753395,0
22.025280599486916,88.11002092859945,0
22.025280599486916,88.12047722966498,0
22.025280599486916,88.13093353073052,0
22.025280599486916,88.14138983179602,0
22.025280599486916,88.15184613286155,0
22.025280599486916,88.16230243392705,0
22.025280599486916,88.17275873499257,0
22.025280599486916,88.1832150360581,0
22.025280599486916,88.19367133712362,0
22.025280599486916,88.20412763818914,0
22.025280599486916,88.21458393925467,0
22.025280599486916,88.22504024032017,0
22.025280599486916,88.2354965413857,0
22.025280599486916,88.24595284245122,0
22.025280599486916,88.25640914351673,0
22.025280599486916,88.26686544458227,0
22.025280599486916,88.27732174564778,0
22.025280599486916,88.28777804671329,0
22.025280599486916,88.29823434777882,0
22.016955560968462,87.50037013944313,0
22.016955560968462,87.51082605987565,0
22.016955560968462,87.52128198030816,0
22.016955560968462,87.53173790074068,0
22.016955560968462,87.54219382117317,0
22.016955560968462,87.55264974160568,0
22.016955560968462,87.5631056620382,0
22.016955560968462,87.5735615824707,0
22.016955560968462,87.58401750290322,0
22.016955560968462,87.59447342333571,0
22.016955560968462,87.6049293437682,0
22.016955560968462,87.61538526420073,0
22.016955560968462,87.62584118463323,0
22.016955560968462,87.63629710506575,0
22.016955560968462,87.64675302549826,0
22.016955560968462,87.65720894593078,0
22.016955560968462,87.66766486636327,0
22.016955560968462,87.67812078679577,0
22.016955560968462,87.6885767072283,0
22.016955560968462,87.6990326276608,0
22.016955560968462,87.7094885480933,0
22.016955560968462,87.71994446852581,0
22.016955560968462,87.73040038895832,0
22.016955560968462,87.74085630939082,0
22.016955560968462,87.75131222982334,0
22.016955560968462,87.76176815025585,0
22.016955560968462,87.77222407068835,0
22.016955560968462,87.78267999112087,0
22.016955560968462,87.79313591155336,0
22.016955560968462,87.80359183198588,0
22.016955560968462,87.81404775241838,0
22.016955560968462,87.8245036728509,0
22.016955560968462,87.8349595932834,0
22.016955560968462,87.84541551371589,0
22.016955560968462,87.85587143414841,0
22.016955560968462,87.86632735458092,0
22.016955560968462,87.87678327501344,0
22.016955560968462,87.88723919544594,0
22.016955560968462,87.89769511587846,0
22.016955560968462,87.90815103631095,0
22.016955560968462,87.91860695674346,0
22.016955560968462,87.92906287717597,0
22.016955560968462,87.93951879760847,0
22.016955560968462,87.94997471804099,0
22.016955560968462,87.9604306384735,0
22.016955560968462,87.970886558906,1096
22.016955560968462,87.98134247933851,0
22.016955560968462,87.99179839977101,0
22.016955560968462,88.00225432020353,0
22.016955560968462,88.01271024063604,0
22.016955560968462,88.02316616106854,0
22.016955560968462,88.03362208150104,0
22.016955560968462,88.04407800193356,0
22.016955560968462,88.05453392236606,0
22.016955560968462,88.06498984279858,0
22.016955560968462,88.07544576323109,0
22.016955560968462,88.0859016836636,0
22.016955560968462,88.0963576040961,0
22.016955560968462,88.1068135245286,0
22.016955560968462,88.11726944496112,0
22.016955560968462,88.12772536539363,0
22.016955560968462,88.13818128582614,0
22.016955560968462,88.14863720625864,0
22.016955560968462,88.15909312669113,0
22.016955560968462,88.16954904712365,0
22.016955560968462,88.18000496755616,0
22.016955560968462,88.19046088798868,0
22.016955560968462,88.20091680842118,0
22.016955560968462,88.2113727288537,0
22.016955560968462,88.2218286492862,0
22.016955560968462,88.2322845697187,0
22.016955560968462,88.2427404901512,0
22.016955560968462,88.25319641058371,0
22.016955560968462,88.26365233101623,0
22.016955560968462,88.27410825144874,0
22.016955560968462,88.28456417188124,0
22.016955560968462,88.29502009231375,0
22.008630708589582,87.50764188077292,0
22.008630708589582,87.5180974207551,0
22.008630708589582,87.52855296073727,0
22.008630708589582,87.53900850071943,0
22.008630708589582,87.5494640407016,0
22.008630708589582,87.55991958068377,0
22.008630708589582,87.57037512066594,0
22.008630708589582,87.58083066064812,0
22.008630708589582,87.59128620063028,0
22.008630708589582,87.60174174061245,0
22.008630708589582,87.61219728059461,0
22.008630708589582,87.62265282057679,0
22.008630708589582,87.63310836055896,0
22.008630708589582,87.64356390054112,0
22.008630708589582,87.6540194405233,0
22.008630708589582,87.66447498050546,0
22.008630708589582,87.67493052048764,0
22.008630708589582,87.68538606046981,0
22.008630708589582,87.69584160045197,0
22.008630708589582,87.70629714043415,0
22.008630708589582,87.71675268041632,0
22.008630708589582,87.72720822039848,0
22.008630708589582,87.73766376038066,0
22.008630708589582,87.74811930036282,0
22.008630708589582,87.75857484034499,0
22.008630708589582,87.76903038032717,0
22.008630708589582,87.77948592030934,0
22.008630708589582,87.7899414602915,0
22.008630708589582,87.80039700027368,0
22.008630708589582,87.81085254025585,0
22.008630708589582,87.82130808023801,0
22.008630708589582,87.83176362022019,0
22.008630708589582,87.84221916020235,0
22.008630708589582,87.85267470018452,0
22.008630708589582,87.8631302401667,0
22.008630708589582,87.87358578014887,0
22.008630708589582,87.88404132013103,1
22.008630708589582,87.89449686011321,0
22.008630708589582,87.90495240009537,0
22.008630708589582,87.91540794007754,0
22.008630708589582,87.92586348005972,0
22.008630708589582,87.93631902004189,0
22.008630708589582,87.94677456002407,0
22.008630708589582,87.95723010000623,0
22.008630708589582,87.96768563998839,141
22.008630708589582,87.97814117997056,792
22.008630708589582,87.98859671995274,0
22.008630708589582,87.99905225993491,0
22.008630708589582,88.00950779991709,0
22.008630708589582,88.01996333989925,0
22.008630708589582,88.03041887988141,0
22.008630708589582,88.04087441986358,0
22.008630708589582,88.05132995984576,0
22.008630708589582,88.06178549982793,0
22.008630708589582,88.07224103981011,0
22.008630708589582,88.08269657979228,0
22.008630708589582,88.09315211977443,0
22.008630708589582,88.1036076597566,0
22.008630708589582,88.11406319973878,0
22.008630708589582,88.12451873972095,0
22.008630708589582,88.13497427970313,0
22.008630708589582,88.1454298196853,0
22.008630708589582,88.15588535966745,0
22.008630708589582,88.16634089964963,0
22.008630708589582,88.1767964396318,0
22.008630708589582,88.18725197961398,0
22.008630708589582,88.19770751959615,0
22.008630708589582,88.20816305957833,0
22.008630708589582,88.21861859956047,0
22.008630708589582,88.22907413954265,0
22.008630708589582,88.23952967952482,0
22.008630708589582,88.249985219507,0
22.008630708589582,88.26044075948917,0
22.008630708589582,88.27089629947135,0
22.008630708589582,88.28135183945349,0
22.008630708589582,88.29180737943567,0
22.00030604226515,87.50445923010662,0
22.00030604226515,87.51491438982107,0
22.00030604226515,87.52536954953553,0
22.00030604226515,87.53582470924997,0
22.00030604226515,87.54627986896443,0
22.00030604226515,87.55673502867887,0
22.00030604226515,87.56719018839333,0
22.00030604226515,87.5776453481078,0
22.00030604226515,87.58810050782223,0
22.00030604226515,87.59855566753669,0
22.00030604226515,87.60901082725114,0
22.00030604226515,87.61946598696558,0
22.00030604226515,87.62992114668005,0
22.00030604226515,87.6403763063945,0
22.00030604226515,87.65083146610895,0
22.00030604226515,87.6612866258234,0
22.00030604226515,87.67174178553785,300
22.00030604226515,87.6821969452523,74
22.00030604226515,87.69265210496675,0
22.00030604226515,87.70310726468122,0
22.00030604226515,87.71356242439566,0
22.00030604226515,87.72401758411011,0
22.00030604226515,87.73447274382457,0
22.00030604226515,87.74492790353901,0
22.00030604226515,87.75538306325348,0
22.00030604226515,87.76583822296793,0
22.00030604226515,87.77629338268238,0
22.00030604226515,87.78674854239682,0
22.00030604226515,87.79720370211126,0
22.00030604226515,87.80765886182573,0
22.00030604226515,87.81811402154018,331
22.00030604226515,87.82856918125464,844
22.00030604226515,87.83902434096908,0
22.00030604226515,87.84947950068353,0
22.00030604226515,87.85993466039798,0
22.00030604226515,87.87038982011244,0
22.00030604226515,87.8808449798269,0
22.00030604226515,87.89130013954134,0
22.00030604226515,87.9017552992558,0
22.00030604226515,87.91221045897025,0
22.00030604226515,87.92266561868469,0
22.00030604226515,87.93312077839916,0
22.00030604226515,87.94357593811361,0
22.00030604226515,87.95403109782806,0
22.00030604226515,87.9644862575425,0
22.00030604226515,87.97494141725696,323
22.00030604226515,87.98539657697141,0
22.00030604226515,87.99585173668586,0
22.00030604226515,88.00630689640033,0
22.00030604226515,88.01676205611477,0
22.00030604226515,88.02721721582921,0
22.00030604226515,88.03767237554368,0
22.00030604226515,88.04812753525812,0
22.00030604226515,88.05858269497259,0
22.00030604226515,88.06903785468704,0
22.00030604226515,88.07949301440148,0
22.00030604226515,88.08994817411593,0
22.00030604226515,88.10040333383037,0
22.00030604226515,88.11085849354484,0
22.00030604226515,88.12131365325929,0
22.00030604226515,88.13176881297375,0
22.00030604226515,88.1422239726882,0
22.00030604226515,88.15267913240264,0
22.00030604226515,88.16313429211709,0
22.00030604226515,88.17358945183155,0
22.00030604226515,88.18404461154601,0
22.00030604226515,88.19449977126045,0
22.00030604226515,88.2049549309749,0
22.00030604226515,88.21541009068936,0
22.00030604226515,88.2258652504038,0
22.00030604226515,88.23632041011827,0
22.00030604226515,88.24677556983272,0
22.00030604226515,88.25723072954716,0
22.00030604226515,88.26768588926163,0
22.00030604226515,88.27814104897607,0
22.00030604226515,88.28859620869052,0
21.991981561910002,87.50127810742703,0
21.991981561910002,87.51173288705633,0
21.991981561910002,87.52218766668562,0
21.991981561910002,87.53264244631492,0
21.991981561910002,87.54309722594422,0
21.991981561910002,87.55355200557352,0
21.991981561910002,87.56400678520284,0
21.991981561910002,87.57446156483213,0
21.991981561910002,87.58491634446143,0
21.991981561910002,87.59537112409072,0
21.991981561910002,87.60582590372002,0
21.991981561910002,87.61628068334933,0
21.991981561910002,87.62673546297863,0
21.991981561910002,87.63719024260793,0
21.991981561910002,87.64764502223724,0
21.991981561910002,87.65809980186651,0
21.991981561910002,87.66855458149583,0
21.991981561910002,87.67900936112513,0
21.991981561910002,87.68946414075442,0
21.991981561910002,87.69991892038374,0
21.991981561910002,87.71037370001304,0
21.991981561910002,87.72082847964232,0
21.991981561910002,87.73128325927162,0
21.991981561910002,87.74173803890093,0
21.991981561910002,87.75219281853023,0
21.991981561910002,87.76264759815953,0
21.991981561910002,87.77310237778885,0
21.991981561910002,87.78355715741813,0
21.991981561910002,87.79401193704743,0
21.991981561910002,87.80446671667673,0
21.991981561910002,87.81492149630603,0
21.991981561910002,87.82537627593534,0
21.991981561910002,87.83583105556463,0
21.991981561910002,87.84628583519392,0
21.991981561910002,87.85674061482324,0
21.991981561910002,87.86719539445252,0
21.991981561910002,87.87765017408184,0
21.991981561910002,87.88810495371114,0
21.991981561910002,87.89855973334042,0
21.991981561910002,87.90901451296973,0
21.991981561910002,87.91946929259902,0
21.991981561910002,87.92992407222833,0
21.991981561910002,87.94037885185763,0
21.991981561910002,87.95083363148693,0
21.991981561910002,87.96128841111623,0
21.991981561910002,87.97174319074553,0
21.991981561910002,87.98219797037483,0
21.991981561910002,87.99265275000413,0
21.991981561910002,88.00310752963344,0
21.991981561910002,88.01356230926274,0
21.991981561910002,88.02401708889202,0
21.991981561910002,88.03447186852132,0
21.991981561910002,88.04492664815062,0
21.991981561910002,88.05538142777993,0
21.991981561910002,88.06583620740923,0
21.991981561910002,88.07629098703853,0
21.991981561910002,88.08674576666783,0
21.991981561910002,88.09720054629712,0
21.991981561910002,88.10765532592643,0
21.991981561910002,88.11811010555574,0
21.991981561910002,88.12856488518503,0
21.991981561910002,88.13901966481434,0
21.991981561910002,88.14947444444363,0
21.991981561910002,88.15992922407293,0
21.991981561910002,88.17038400370224,0
21.991981561910002,88.18083878333154,0
21.991981561910002,88.19129356296084,0
21.991981561910002,88.20174834259014,0
21.991981561910002,88.21220312221942,261
21.991981561910002,88.22265790184873,0
21.991981561910002,88.23311268147803,0
21.991981561910002,88.24356746110733,0
21.991981561910002,88.25402224073663,0
21.991981561910002,88.26447702036594,0
21.991981561910002,88.27493179999523,0
21.991981561910002,88.28538657962453,0
21.991981561910002,88.29584135925384,0
21.983657267439018,87.5085529120114,0
21.983657267439018,87.51900731173806,0
21.983657267439018,87.5294617114647,0
21.983657267439018,87.53991611119137,0
21.983657267439018,87.55037051091803,0
21.983657267439018,87.5608249106447,0
21.983657267439018,87.57127931037137,0
21.983657267439018,87.58173371009802,74
21.983657267439018,87.59218810982468,0
21.983657267439018,87.60264250955133,0
21.983657267439018,87.613096909278,0
21.983657267439018,87.62355130900465,0
21.983657267439018,87.63400570873132,0
21.983657267439018,87.64446010845799,0
21.983657267439018,87.65491450818463,0
21.983657267439018,87.6653689079113,0
21.983657267439018,87.67582330763796,0
21.983657267439018,87.68627770736462,0
21.983657267439018,87.6967321070913,0
21.983657267439018,87.70718650681795,0
21.983657267439018,87.7176409065446,0
21.983657267439018,87.72809530627126,0
21.983657267439018,87.73854970599793,0
21.983657267439018,87.74900410572458,0
21.983657267439018,87.75945850545125,0
21.983657267439018,87.76991290517792,0
21.983657267439018,87.78036730490456,0
21.983657267439018,87.79082170463123,0
21.983657267439018,87.80127610435788,0
21.983657267439018,87.81173050408455,0
21.983657267439018,87.82218490381122,0
21.983657267439018,87.83263930353786,0
21.983657267439018,87.84309370326453,0
21.983657267439018,87.85354810299118,0
21.983657267439018,87.86400250271785,0
21.983657267439018,87.8744569024445,0
21.983657267439018,87.88491130217118,0
21.983657267439018,87.89536570189782,0
21.983657267439018,87.90582010162449,0
21.983657267439018,87.91627450135115,0
21.983657267439018,87.92672890107781,0
21.983657267439018,87.93718330080448,0
21.983657267439018,87.94763770053115,0
21.983657267439018,87.95809210025779,0
21.983657267439018,87.96854649998446,0
21.983657267439018,87.97900089971111,0
21.983657267439018,87.98945529943778,0
21.983657267439018,87.99990969916443,0
21.983657267439018,88.0103640988911,0
21.983657267439018,88.02081849861776,0
21.983657267439018,88.03127289834441,0
21.983657267439018,88.04172729807108,0
21.983657267439018,88.05218169779774,0
21.983657267439018,88.0626360975244,0
21.983657267439018,88.07309049725107,0
21.983657267439018,88.08354489697771,0
21.983657267439018,88.09399929670438,0
21.983657267439018,88.10445369643104,0
21.983657267439018,88.1149080961577,0
21.983657267439018,88.12536249588436,0
21.983657267439018,88.13581689561103,0
21.983657267439018,88.14627129533768,0
21.983657267439018,88.15672569506434,0
21.983657267439018,88.16718009479101,0
21.983657267439018,88.17763449451766,0
21.983657267439018,88.18808889424433,0
21.983657267439018,88.198543293971,0
21.983657267439018,88.20899769369764,0
21.983657267439018,88.21945209342431,0
21.983657267439018,88.22990649315096,0
21.983657267439018,88.24036089287763,0
21.983657267439018,88.25081529260429,0
21.983657267439018,88.26126969233096,0
21.983657267439018,88.27172409205761,0
21.983657267439018,88.28217849178426,0
21.983657267439018,88.29263289151093,0
21.975333158767107,87.50537446423711,0
21.975333158767107,87.5158284842436,0
21.975333158767107,87.52628250425006,0
21.975333158767107,87.53673652425655,0
21.975333158767107,87.54719054426303,0
21.975333158767107,87.55764456426952,0
21.975333158767107,87.568098584276,0
21.975333158767107,87.57855260428248,0
21.975333158767107,87.58900662428894,195
21.975333158767107,87.59946064429543,31
21.975333158767107,87.60991466430191,0
21.975333158767107,87.62036868430839,0
21.975333158767107,87.63082270431488,0
21.975333158767107,87.64127672432136,0
21.975333158767107,87.65173074432782,0
21.975333158767107,87.6621847643343,0
21.975333158767107,87.67263878434078,0
21.975333158767107,87.68309280434727,0
21.975333158767107,87.69354682435375,0
21.975333158767107,87.70400084436022,0
21.975333158767107,87.71445486436669,0
21.975333158767107,87.72490888437318,0
21.975333158767107,87.73536290437966,0
21.975333158767107,87.74581692438615,0
21.975333158767107,87.75627094439263,0
21.975333158767107,87.76672496439912,0
21.975333158767107,87.77717898440558,0
21.975333158767107,87.78763300441206,0
21.975333158767107,87.79808702441855,0
21.975333158767107,87.80854104442503,0
21.975333158767107,87.8189950644315,0
21.975333158767107,87.82944908443797,0
21.975333158767107,87.83990310444446,0
21.975333158767107,87.85035712445094,0
21.975333158767107,87.86081114445741,0
21.975333158767107,87.8712651644639,0
21.975333158767107,87.88171918447038,0
21.975333158767107,87.89217320447685,0
21.975333158767107,87.90262722448333,0
21.975333158767107,87.9130812444898,0
21.975333158767107,87.9235352644963,0
21.975333158767107,87.93398928450277,0
21.975333158767107,87.94444330450925,0
21.975333158767107,87.95489732451573,0
21.975333158767107,87.96535134452222,0
21.975333158767107,87.9758053645287,0
21.975333158767107,87.98625938453517,0
21.975333158767107,87.99671340454167,0
21.975333158767107,88.00716742454814,0
21.975333158767107,88.0176214445546,0
21.975333158767107,88.02807546456108,0
21.975333158767107,88.03852948456758,0
21.975333158767107,88.04898350457405,0
21.975333158767107,88.05943752458053,0
21.975333158767107,88.06989154458702,0
21.975333158767107,88.08034556459349,0
21.975333158767107,88.09079958459996,0
21.975333158767107,88.10125360460644,0
21.975333158767107,88.11170762461293,0
21.975333158767107,88.12216164461941,0
21.975333158767107,88.13261566462589,0
21.975333158767107,88.14306968463235,0
21.975333158767107,88.15352370463883,0
21.975333158767107,88.16397772464532,0
21.975333158767107,88.17443174465181,0
21.975333158767107,88.18488576465829,0
21.975333158767107,88.19533978466478,0
21.975333158767107,88.20579380467125,76
21.975333158767107,88.21624782467772,0
21.975333158767107,88.2267018446842,0
21.975333158767107,88.23715586469069,0
21.975333158767107,88.24760988469717,0
21.975333158767107,88.25806390470365,0
21.975333158767107,88.26851792471011,0
21.975333158767107,88.2789719447166,0
21.975333158767107,88.28942596472308,0
21.967009235809194,87.50219754328461,0
21.967009235809194,87.51265118375332,0
21.967009235809194,87.52310482422202,0
21.967009235809194,87.53355846469071,0
21.967009235809194,87.54401210515942,0
21.967009235809194,87.55446574562814,0
21.967009235809194,87.56491938609685,0
21.967009235809194,87.57537302656554,0
21.967009235809194,87.58582666703424,0
21.967009235809194,87.59628030750294,0
21.967009235809194,87.60673394797165,0
21.967009235809194,87.61718758844036,0
21.967009235809194,87.62764122890907,275
21.967009235809194,87.63809486937777,0
21.967009235809194,87.64854850984645,0
21.967009235809194,87.65900215031516,0
21.967009235809194,87.66945579078387,0
21.967009235809194,87.67990943125258,0
21.967009235809194,87.69036307172128,0
21.967009235809194,87.70081671218999,0
21.967009235809194,87.71127035265869,0
21.967009235809194,87.7217239931274,0
21.967009235809194,87.7321776335961,0
21.967009235809194,87.7426312740648,0
21.967009235809194,87.7530849145335,0
21.967009235809194,87.76353855500221,0
21.967009235809194,87.77399219547091,0
21.967009235809194,87.78444583593961,0
21.967009235809194,87.79489947640832,45
21.967009235809194,87.80535311687701,558
21.967009235809194,87.81580675734573,0
21.967009235809194,87.82626039781442,0
21.967009235809194,87.83671403828313,0
21.967009235809194,87.84716767875183,0
21.967009235809194,87.85762131922054,0
21.967009235809194,87.86807495968924,0
21.967009235809194,87.87852860015796,0
21.967009235809194,87.88898224062665,0
21.967009235809194,87.89943588109534,0
21.967009235809194,87.90988952156405,0
21.967009235809194,87.92034316203275,0
21.967009235809194,87.93079680250148,0
21.967009235809194,87.94125044297017,0
21.967009235809194,87.95170408343887,0
21.967009235809194,87.96215772390757,0
21.967009235809194,87.97261136437628,0
21.967009235809194,87.98306500484499,0
21.967009235809194,87.9935186453137,0
21.967009235809194,88.0039722857824,0
21.967009235809194,88.01442592625108,0
21.967009235809194,88.02487956671979,0
21.967009235809194,88.0353332071885,0
21.967009235809194,88.04578684765721,0
21.967009235809194,88.05624048812591,0
21.967009235809194,88.06669412859462,0
21.967009235809194,88.0771477690633,0
21.967009235809194,88.08760140953203,0
21.967009235809194,88.09805505000072,0
21.967009235809194,88.10850869046944,0
21.967009235809194,88.11896233093813,0
21.967009235809194,88.12941597140684,0
21.967009235809194,88.13986961187554,0
21.967009235809194,88.15032325234425,0
21.967009235809194,88.16077689281295,0
21.967009235809194,88.17123053328166,0
21.967009235809194,88.18168417375036,0
21.967009235809194,88.19213781421907,0
21.967009235809194,88.20259145468776,0
21.967009235809194,88.21304509515646,0
21.967009235809194,88.22349873562517,0
21.967009235809194,88.23395237609387,0
21.967009235809194,88.24440601656258,0
21.967009235809194,88.25485965703129,0
21.967009235809194,88.26531329749999,0
21.967009235809194,88.27576693796868,0
21.967009235809194,88.2862205784374,0
21.967009235809194,88.29667421890609,0
21.958685498480207,87.4990221487053,0
21.958685498480207,87.50947540981858,0
21.958685498480207,87.51992867093185,0
21.958685498480207,87.53038193204513,0
21.958685498480207,87.54083519315841,0
21.958685498480207,87.5512884542717,0
21.958685498480207,87.56174171538498,0
21.958685498480207,87.57219497649825,0
21.958685498480207,87.58264823761152,0
21.958685498480207,87.5931014987248,0
21.958685498480207,87.60355475983809,0
21.958685498480207,87.61400802095137,0
21.958685498480207,87.62446128206466,0
21.958685498480207,87.63491454317794,0
21.958685498480207,87.64536780429121,0
21.958685498480207,87.6558210654045,0
21.958685498480207,87.66627432651777,0
21.958685498480207,87.67672758763105,0
21.958685498480207,87.68718084874433,0
21.958685498480207,87.69763410985762,0
21.958685498480207,87.70808737097089,0
21.958685498480207,87.71854063208417,0
21.958685498480207,87.72899389319745,0
21.958685498480207,87.73944715431074,0
21.958685498480207,87.74990041542401,0
21.958685498480207,87.76035367653729,0
21.958685498480207,87.77080693765056,0
21.958685498480207,87.78126019876385,0
21.958685498480207,87.79171345987713,0
21.958685498480207,87.80216672099041,0
21.958685498480207,87.81261998210368,0
21.958685498480207,87.82307324321695,0
21.958685498480207,87.83352650433024,0
21.958685498480207,87.8439797654435,0
21.958685498480207,87.85443302655679,0
21.958685498480207,87.86488628767007,0
21.958685498480207,87.87533954878336,0
21.958685498480207,87.88579280989663,0
21.958685498480207,87.89624607100991,0
21.958685498480207,87.9066993321232,0
21.958685498480207,87.91715259323648,0
21.958685498480207,87.92760585434975,0
21.958685498480207,87.93805911546303,0
21.958685498480207,87.9485123765763,0
21.958685498480207,87.95896563768959,0
21.958685498480207,87.96941889880287,0
21.958685498480207,87.97987215991616,0
21.958685498480207,87.99032542102944,0
21.958685498480207,88.00077868214272,0
21.958685498480207,88.01123194325599,0
21.958685498480207,88.02168520436926,0
21.958685498480207,88.03213846548255,0
21.958685498480207,88.04259172659583,0
21.958685498480207,88.05304498770911,0
21.958685498480207,88.0634982488224,0
21.958685498480207,88.07395150993567,0
21.958685498480207,88.08440477104895,0
21.958685498480207,88.09485803216224,0
21.958685498480207,88.1053112932755,0
21.958685498480207,88.11576455438879,0
21.958685498480207,88.12621781550207,0
21.958685498480207,88.13667107661533,0
21.958685498480207,88.14712433772861,0
21.958685498480207,88.1575775988419,0
21.958685498480207,88.16803085995518,0
21.958685498480207,88.17848412106846,0
21.958685498480207,88.18893738218173,0
21.958685498480207,88.199390643295,0
21.958685498480207,88.20984390440829,0
21.958685498480207,88.22029716552157,0
21.958685498480207,88.23075042663486,0
21.958685498480207,88.24120368774814,0
21.958685498480207,88.25165694886142,0
21.958685498480207,88.2621102099747,0
21.958685498480207,88.27256347108798,0
21.958685498480207,88.28301673220125,0
21.958685498480207,88.29346999331453,0
21.950361946695114,87.50630116199108,0
21.950361946695114,87.51675404393121,0
21.950361946695114,87.52720692587137,0
21.950361946695114,87.53765980781152,0
21.950361946695114,87.54811268975168,0
21.950361946695114,87.55856557169184,0
21.950361946695114,87.56901845363198,0
21.950361946695114,87.57947133557214,0
21.950361946695114,87.58992421751229,0
21.950361946695114,87.60037709945244,0
21.950361946695114,87.6108299813926,0
21.950361946695114,87.62128286333275,0
21.950361946695114,87.63173574527292,0
21.950361946695114,87.64218862721305,0
21.950361946695114,87.65264150915321,0
21.950361946695114,87.66309439109335,0
21.950361946695114,87.67354727303352,0
21.950361946695114,87.68400015497367,0
21.950361946695114,87.69445303691383,0
21.950361946695114,87.70490591885397,0
21.950361946695114,87.71535880079412,0
21.950361946695114,87.72581168273429,0
21.950361946695114,87.73626456467443,0
21.950361946695114,87.7467174466146,0
21.950361946695114,87.75717032855475,0
21.950361946695114,87.76762321049489,0
21.950361946695114,87.77807609243504,0
21.950361946695114,87.7885289743752,0
21.950361946695114,87.79898185631535,0
21.950361946695114,87.80943473825552,0
21.950361946695114,87.81988762019564,0
21.950361946695114,87.83034050213581,0
21.950361946695114,87.84079338407597,0
21.950361946695114,87.85124626601612,0
21.950361946695114,87.86169914795627,0
21.950361946695114,87.87215202989643,0
21.950361946695114,87.88260491183657,0
21.950361946695114,87.89305779377672,0
21.950361946695114,87.90351067571689,0
21.950361946695114,87.91396355765703,0
21.950361946695114,87.9244164395972,0
21.950361946695114,87.93486932153733,0
21.950361946695114,87.94532220347749,0
21.950361946695114,87.95577508541764,0
21.950361946695114,87.9662279673578,0
21.950361946695114,87.97668084929796,0
21.950361946695114,87.9871337312381,0
21.950361946695114,87.99758661317827,0
21.950361946695114,88.0080394951184,0
21.950361946695114,88.01849237705856,0
21.950361946695114,88.02894525899872,0
21.950361946695114,88.03939814093887,0
21.950361946695114,88.04985102287903,0
21.950361946695114,88.06030390481918,0
21.950361946695114,88.07075678675933,0
21.950361946695114,88.08120966869947,0
21.950361946695114,88.09166255063964,0
21.950361946695114,88.1021154325798,0
21.950361946695114,88.11256831451995,0
21.950361946695114,88.1230211964601,0
21.950361946695114,88.13347407840024,0
21.950361946695114,88.1439269603404,0
21.950361946695114,88.15437984228056,0
21.950361946695114,88.1648327242207,0
21.950361946695114,88.17528560616087,0
21.950361946695114,88.18573848810101,0
21.950361946695114,88.19619137004116,0
21.950361946695114,88.20664425198132,0
21.950361946695114,88.21709713392147,0
21.950361946695114,88.22755001586164,0
21.950361946695114,88.23800289780178,0
21.950361946695114,88.24845577974195,0
21.950361946695114,88.25890866168207,0
21.950361946695114,88.26936154362224,0
21.950361946695114,88.27981442556239,0
21.950361946695114,88.29026730750255,0
21.9420385803689,87.50312843982277,0
21.9420385803689,87.51358094277202,0
21.9420385803689,87.5240334457213,0
21.9420385803689,87.53448594867056,0
21.9420385803689,87.54493845161984,0
21.9420385803689,87.55539095456912,0
21.9420385803689,87.56584345751838,0
21.9420385803689,87.57629596046765,0
21.9420385803689,87.58674846341692,0
21.9420385803689,87.59720096636619,0
21.9420385803689,87.60765346931548,0
21.9420385803689,87.61810597226474,0
21.9420385803689,87.62855847521402,0
21.9420385803689,87.63901097816328,0
21.9420385803689,87.64946348111255,0
21.9420385803689,87.65991598406183,0
21.9420385803689,87.6703684870111,0
21.9420385803689,87.68082098996037,0
21.9420385803689,87.69127349290964,0
21.9420385803689,87.7017259958589,0
21.9420385803689,87.71217849880817,0
21.9420385803689,87.72263100175745,0
21.9420385803689,87.73308350470673,0
21.9420385803689,87.743536007656,0
21.9420385803689,87.75398851060527,0
21.9420385803689,87.76444101355453,0
21.9420385803689,87.77489351650381,0
21.9420385803689,87.78534601945307,0
21.9420385803689,87.79579852240235,0
21.9420385803689,87.80625102535163,0
21.9420385803689,87.81670352830088,0
21.9420385803689,87.82715603125015,0
21.9420385803689,87.83760853419943,0
21.9420385803689,87.8480610371487,0
21.9420385803689,87.85851354009799,0
21.9420385803689,87.86896604304725,0
21.9420385803689,87.87941854599651,0
21.9420385803689,87.88987104894579,0
21.9420385803689,87.90032355189506,0
21.9420385803689,87.91077605484433,0
21.9420385803689,87.9212285577936,0
21.9420385803689,87.93168106074287,0
21.9420385803689,87.94213356369214,0
21.9420385803689,87.9525860666414,0
21.9420385803689,87.96303856959068,0
21.9420385803689,87.97349107253996,0
21.9420385803689,87.98394357548923,0
21.9420385803689,87.99439607843851,0
21.9420385803689,88.00484858138776,0
21.9420385803689,88.01530108433704,0
21.9420385803689,88.02575358728632,0
21.9420385803689,88.03620609023558,0
21.9420385803689,88.04665859318486,0
21.9420385803689,88.05711109613414,0
21.9420385803689,88.06756359908339,0
21.9420385803689,88.07801610203266,0
21.9420385803689,88.08846860498194,0
21.9420385803689,88.0989211079312,0
21.9420385803689,88.1093736108805,0
21.9420385803689,88.11982611382976,0
21.9420385803689,88.13027861677902,0
21.9420385803689,88.1407311197283,0
21.9420385803689,88.15118362267756,0
21.9420385803689,88.16163612562684,0
21.9420385803689,88.1720886285761,0
21.9420385803689,88.18254113152538,0
21.9420385803689,88.19299363447465,0
21.9420385803689,88.20344613742391,0
21.9420385803689,88.21389864037319,403
21.9420385803689,88.22435114332247,0
21.9420385803689,88.23480364627173,0
21.9420385803689,88.24525614922102,0
21.9420385803689,88.25570865217027,0
21.9420385803689,88.26616115511955,0
21.9420385803689,88.27661365806883,0
21.9420385803689,88.28706616101809,0
21.9420385803689,88.29751866396737,0
21.933715399416563,87.49995724286592,0
21.933715399416563,87.5104093670065,0
21.933715399416563,87.52086149114707,0
21.933715399416563,87.53131361528766,0
21.933715399416563,87.54176573942824,0
21.933715399416563,87.55221786356883,0
21.933715399416563,87.5626699877094,0
21.933715399416563,87.57312211184997,0
21.933715399416563,87.58357423599057,0
21.933715399416563,87.59402636013114,0
21.933715399416563,87.60447848427172,0
21.933715399416563,87.6149306084123,0
21.933715399416563,87.6253827325529,0
21.933715399416563,87.63583485669345,0
21.933715399416563,87.64628698083403,0
21.933715399416563,87.65673910497462,0
21.933715399416563,87.6671912291152,0
21.933715399416563,87.67764335325579,0
21.933715399416563,87.68809547739636,0
21.933715399416563,87.69854760153694,0
21.933715399416563,87.70899972567751,0
21.933715399416563,87.7194518498181,0
21.933715399416563,87.72990397395867,0
21.933715399416563,87.74035609809927,0
21.933715399416563,87.75080822223985,0
21.933715399416563,87.76126034638041,0
21.933715399416563,87.771712470521,0
21.933715399416563,87.78216459466158,0
21.933715399416563,87.79261671880217,2
21.933715399416563,87.80306884294274,0
21.933715399416563,87.81352096708332,0
21.933715399416563,87.8239730912239,0
21.933715399416563,87.83442521536448,0
21.933715399416563,87.84487733950506,0
21.933715399416563,87.85532946364565,0
21.933715399416563,87.86578158778623,0
21.933715399416563,87.87623371192679,0
21.933715399416563,87.88668583606737,0
21.933715399416563,87.89713796020796,0
21.933715399416563,87.90759008434854,0
21.933715399416563,87.91804220848913,0
21.933715399416563,87.92849433262971,0
21.933715399416563,87.93894645677028,0
21.933715399416563,87.94939858091085,88
21.933715399416563,87.95985070505144,0
21.933715399416563,87.97030282919202,0
21.933715399416563,87.9807549533326,0
21.933715399416563,87.99120707747318,0
21.933715399416563,88.00165920161375,0
21.933715399416563,88.01211132575435,0
21.933715399416563,88.02256344989492,0
21.933715399416563,88.0330155740355,0
21.933715399416563,88.04346769817609,0
21.933715399416563,88.05391982231667,0
21.933715399416563,88.06437194645723,0
21.933715399416563,88.07482407059781,0
21.933715399416563,88.08527619473841,0
21.933715399416563,88.09572831887898,0
21.933715399416563,88.10618044301957,0
21.933715399416563,88.11663256716015,0
21.933715399416563,88.12708469130072,0
21.933715399416563,88.1375368154413,0
21.933715399416563,88.14798893958188,0
21.933715399416563,88.15844106372246,0
21.933715399416563,88.16889318786305,0
21.933715399416563,88.17934531200363,0
21.933715399416563,88.18979743614419,0
21.933715399416563,88.20024956028479,0
21.933715399416563,88.21070168442536,0
21.933715399416563,88.22115380856594,0
21.933715399416563,88.23160593270653,0
21.933715399416563,88.24205805684711,0
21.933715399416563,88.25251018098768,0
21.933715399416563,88.26296230512826,0
21.933715399416563,88.27341442926885,0
21.933715399416563,88.28386655340942,0
21.933715399416563,88.29431867755001,0
21.92539240375313,87.50723931618715,0
21.92539240375313,87.51769106170117,0
21.92539240375313,87.5281428072152,0
21.92539240375313,87.53859455272924,0
21.92539240375313,87.54904629824327,0
21.92539240375313,87.55949804375729,0
21.92539240375313,87.5699497892713,0
21.92539240375313,87.58040153478534,0
21.92539240375313,87.59085328029937,0
21.92539240375313,87.6013050258134,0
21.92539240375313,87.61175677132742,0
21.92539240375313,87.62220851684144,0
21.92539240375313,87.63266026235546,0
21.92539240375313,87.64311200786949,0
21.92539240375313,87.65356375338352,0
21.92539240375313,87.66401549889756,0
21.92539240375313,87.67446724441157,0
21.92539240375313,87.6849189899256,0
21.92539240375313,87.69537073543962,0
21.92539240375313,87.70582248095366,0
21.92539240375313,87.71627422646769,0
21.92539240375313,87.72672597198171,0
21.92539240375313,87.73717771749574,0
21.92539240375313,87.74762946300977,0
21.92539240375313,87.75808120852379,0
21.92539240375313,87.76853295403781,0
21.92539240375313,87.77898469955184,0
21.92539240375313,87.78943644506587,2
21.92539240375313,87.7998881905799,0
21.92539240375313,87.81033993609391,0
21.92539240375313,87.82079168160794,0
21.92539240375313,87.83124342712196,0
21.92539240375313,87.841695172636,0
21.92539240375313,87.85214691815003,0
21.92539240375313,87.86259866366406,0
21.92539240375313,87.87305040917808,0
21.92539240375313,87.8835021546921,0
21.92539240375313,87.89395390020613,0
21.92539240375313,87.90440564572016,0
21.92539240375313,87.9148573912342,0
21.92539240375313,87.92530913674821,0
21.92539240375313,87.93576088226223,0
21.92539240375313,87.94621262777626,0
21.92539240375313,87.9566643732903,0
21.92539240375313,87.96711611880433,0
21.92539240375313,87.97756786431835,0
21.92539240375313,87.98801960983238,0
21.92539240375313,87.9984713553464,0
21.92539240375313,88.00892310086043,0
21.92539240375313,88.01937484637446,0
21.92539240375313,88.02982659188848,0
21.92539240375313,88.04027833740251,0
21.92539240375313,88.05073008291653,0
21.92539240375313,88.06118182843055,0
21.92539240375313,88.07163357394458,0
21.92539240375313,88.0820853194586,0
21.92539240375313,88.09253706497263,0
21.92539240375313,88.10298881048666,0
21.92539240375313,88.1134405560007,0
21.92539240375313,88.12389230151472,0
21.92539240375313,88.13434404702873,0
21.92539240375313,88.14479579254277,0
21.92539240375313,88.1552475380568,0
21.92539240375313,88.16569928357083,0
21.92539240375313,88.17615102908486,0
21.92539240375313,88.18660277459887,0
21.92539240375313,88.1970545201129,0
21.92539240375313,88.20750626562693,0
21.92539240375313,88.21795801114096,0
21.92539240375313,88.228409756655,0
21.92539240375313,88.23886150216902,0
21.92539240375313,88.24931324768302,0
21.92539240375313,88.25976499319705,0
21.92539240375313,88.27021673871108,0
21.92539240375313,88.28066848422512,0
21.92539240375313,88.29112022973914,0
21.917069593293647,87.50407078986677,0
21.917069593293647,87.51452215693634,0
21.917069593293647,87.5249735240059,0
21.917069593293647,87.53542489107545,0
21.917069593293647,87.54587625814501,0
21.917069593293647,87.55632762521458,0
21.917069593293647,87.56677899228413,0
21.917069593293647,87.57723035935368,0
21.917069593293647,87.58768172642324,0
21.917069593293647,87.5981330934928,0
21.917069593293647,87.60858446056237,0
21.917069593293647,87.61903582763192,0
21.917069593293647,87.62948719470145,0
21.917069593293647,87.63993856177102,0
21.917069593293647,87.65038992884058,0
21.917069593293647,87.66084129591015,0
21.917069593293647,87.6712926629797,0
21.917069593293647,87.68174403004926,0
21.917069593293647,87.69219539711881,0
21.917069593293647,87.70264676418837,0
21.917069593293647,87.71309813125794,0
21.917069593293647,87.72354949832749,0
21.917069593293647,87.73400086539705,0
21.917069593293647,87.74445223246661,0
21.917069593293647,87.75490359953616,0
21.917069593293647,87.7653549666057,0
21.917069593293647,87.77580633367526,23
21.917069593293647,87.78625770074483,76
21.917069593293647,87.79670906781439,0
21.917069593293647,87.80716043488394,0
21.917069593293647,87.81761180195349,0
21.917069593293647,87.82806316902305,0
21.917069593293647,87.83851453609262,0
21.917069593293647,87.84896590316218,0
21.917069593293647,87.85941727023173,0
21.917069593293647,87.86986863730128,0
21.917069593293647,87.88032000437084,0
21.917069593293647,87.89077137144041,0
21.917069593293647,87.90122273850994,0
21.917069593293647,87.91167410557951,0
21.917069593293647,87.92212547264907,0
21.917069593293647,87.93257683971862,0
21.917069593293647,87.94302820678818,0
21.917069593293647,87.95347957385773,0
21.917069593293647,87.9639309409273,0
21.917069593293647,87.97438230799686,0
21.917069593293647,87.98483367506643,0
21.917069593293647,87.99528504213596,0
21.917069593293647,88.00573640920553,0
21.917069593293647,88.01618777627509,0
21.917069593293647,88.02663914334465,0
21.917069593293647,88.0370905104142,0
21.917069593293647,88.04754187748375,0
21.917069593293647,88.0579932445533,0
21.917069593293647,88.06844461162287,0
21.917069593293647,88.07889597869243,0
21.917069593293647,88.08934734576198,0
21.917069593293647,88.09979871283154,0
21.917069593293647,88.1102500799011,0
21.917069593293647,88.12070144697066,0
21.917069593293647,88.1311528140402,401
21.917069593293647,88.14160418110977,0
21.917069593293647,88.15205554817933,0
21.917069593293647,88.1625069152489,0
21.917069593293647,88.17295828231845,0
21.917069593293647,88.18340964938798,1
21.917069593293647,88.19386101645755,0
21.917069593293647,88.20431238352711,0
21.917069593293647,88.21476375059667,0
21.917069593293647,88.22521511766622,0
21.917069593293647,88.23566648473579,62
21.917069593293647,88.24611785180534,0
21.917069593293647,88.2565692188749,0
21.917069593293647,88.26702058594445,0
21.917069593293647,88.27747195301401,0
21.917069593293647,88.28792332008358,0
21.917069593293647,88.29837468715314,0
21.908746967953164,87.50090378759853,0
21.908746967953164,87.51135477640565,0
21.908746967953164,87.52180576521278,0
21.908746967953164,87.53225675401988,629
21.908746967953164,87.542707742827,914
21.908746967953164,87.55315873163413,0
21.908746967953164,87.56360972044124,0
21.908746967953164,87.57406070924836,0
21.908746967953164,87.58451169805548,0
21.908746967953164,87.5949626868626,0
21.908746967953164,87.60541367566972,0
21.908746967953164,87.61586466447685,0
21.908746967953164,87.62631565328395,0
21.908746967953164,87.63676664209108,0
21.908746967953164,87.6472176308982,0
21.908746967953164,87.65766861970532,0
21.908746967953164,87.66811960851243,0
21.908746967953164,87.67857059731955,0
21.908746967953164,87.68902158612666,0
21.908746967953164,87.69947257493378,0
21.908746967953164,87.7099235637409,0
21.908746967953164,87.72037455254802,0
21.908746967953164,87.73082554135514,0
21.908746967953164,87.74127653016227,0
21.908746967953164,87.75172751896937,0
21.908746967953164,87.7621785077765,0
21.908746967953164,87.77262949658362,0
21.908746967953164,87.78308048539074,221
21.908746967953164,87.79353147419786,0
21.908746967953164,87.80398246300497,0
21.908746967953164,87.81443345181208,0
21.908746967953164,87.8248844406192,0
21.908746967953164,87.83533542942632,0
21.908746967953164,87.84578641823344,0
21.908746967953164,87.85623740704057,0
21.908746967953164,87.86668839584767,0
21.908746967953164,87.8771393846548,0
21.908746967953164,87.88759037346192,0
21.908746967953164,87.89804136226904,0
21.908746967953164,87.90849235107616,0
21.908746967953164,87.91894333988328,0
21.908746967953164,87.92939432869039,0
21.908746967953164,87.93984531749751,0
21.908746967953164,87.95029630630462,0
21.908746967953164,87.96074729511174,0
21.908746967953164,87.97119828391887,2
21.908746967953164,87.98164927272599,0
21.908746967953164,87.9921002615331,0
21.908746967953164,88.00255125034022,0
21.908746967953164,88.01300223914734,0
21.908746967953164,88.02345322795446,0
21.908746967953164,88.03390421676158,0
21.908746967953164,88.0443552055687,0
21.908746967953164,88.05480619437581,0
21.908746967953164,88.06525718318294,0
21.908746967953164,88.07570817199006,0
21.908746967953164,88.08615916079717,0
21.908746967953164,88.09661014960429,0
21.908746967953164,88.10706113841141,0
21.908746967953164,88.11751212721852,0
21.908746967953164,88.12796311602564,0
21.908746967953164,88.13841410483276,0
21.908746967953164,88.14886509363988,0
21.908746967953164,88.159316082447,0
21.908746967953164,88.16976707125413,0
21.908746967953164,88.18021806006122,0
21.908746967953164,88.19066904886836,0
21.908746967953164,88.20112003767548,0
21.908746967953164,88.2115710264826,0
21.908746967953164,88.22202201528971,0
21.908746967953164,88.23247300409683,0
21.908746967953164,88.24292399290393,0
21.908746967953164,88.25337498171105,0
21.908746967953164,88.26382597051817,0
21.908746967953164,88.27427695932529,0
21.908746967953164,88.28472794813241,0
21.908746967953164,88.29517893693954,0
21.900424527646777,87.50818891966244,0
21.900424527646777,87.51863953038911,0
21.900424527646777,87.52909014111577,0
21.900424527646777,87.53954075184242,1789
21.900424527646777,87.54999136256909,0
21.900424527646777,87.56044197329574,0
21.900424527646777,87.57089258402239,0
21.900424527646777,87.58134319474905,0
21.900424527646777,87.59179380547572,0
21.900424527646777,87.60224441620238,0
21.900424527646777,87.61269502692903,0
21.900424527646777,87.62314563765567,0
21.900424527646777,87.63359624838233,0
21.900424527646777,87.64404685910898,0
21.900424527646777,87.65449746983565,0
21.900424527646777,87.66494808056231,0
21.900424527646777,87.67539869128896,0
21.900424527646777,87.68584930201561,0
21.900424527646777,87.69629991274228,0
21.900424527646777,87.70675052346894,0
21.900424527646777,87.71720113419559,3
21.900424527646777,87.72765174492226,0
21.900424527646777,87.73810235564892,0
21.900424527646777,87.74855296637556,0
21.900424527646777,87.75900357710222,0
21.900424527646777,87.76945418782888,0
21.900424527646777,87.77990479855553,0
21.900424527646777,87.7903554092822,122
21.900424527646777,87.80080602000885,0
21.900424527646777,87.81125663073551,0
21.900424527646777,87.82170724146216,0
21.900424527646777,87.83215785218883,0
21.900424527646777,87.84260846291549,0
21.900424527646777,87.85305907364214,0
21.900424527646777,87.86350968436878,0
21.900424527646777,87.87396029509544,0
21.900424527646777,87.8844109058221,1184
21.900424527646777,87.89486151654876,0
21.900424527646777,87.90531212727542,0
21.900424527646777,87.91576273800207,0
21.900424527646777,87.92621334872872,0
21.900424527646777,87.93666395945539,0
21.900424527646777,87.94711457018205,0
21.900424527646777,87.9575651809087,0
21.900424527646777,87.96801579163537,0
21.900424527646777,87.97846640236203,0
21.900424527646777,87.98891701308867,0
21.900424527646777,87.99936762381533,0
21.900424527646777,88.009818234542,0
21.900424527646777,88.02026884526865,0
21.900424527646777,88.03071945599531,0
21.900424527646777,88.04117006672197,0
21.900424527646777,88.05162067744861,0
21.900424527646777,88.06207128817526,0
21.900424527646777,88.07252189890193,0
21.900424527646777,88.08297250962859,0
21.900424527646777,88.09342312035524,0
21.900424527646777,88.1038737310819,0
21.900424527646777,88.11432434180855,0
21.900424527646777,88.1247749525352,0
21.900424527646777,88.13522556326187,0
21.900424527646777,88.14567617398853,0
21.900424527646777,88.15612678471518,0
21.900424527646777,88.16657739544185,0
21.900424527646777,88.1770280061685,0
21.900424527646777,88.18747861689516,1095
21.900424527646777,88.19792922762181,0
21.900424527646777,88.20837983834848,0
21.900424527646777,88.21883044907514,0
21.900424527646777,88.22928105980179,0
21.900424527646777,88.23973167052844,0
21.900424527646777,88.2501822812551,0
21.900424527646777,88.26063289198176,0
21.900424527646777,88.27108350270842,0
21.900424527646777,88.28153411343509,0
21.900424527646777,88.29198472416174,0
21.892102272289595,87.50502458626042,0
21.892102272289595,87.51547481908854,0
21.892102272289595,87.52592505191666,0
21.892102272289595,87.53637528474479,468
21.892102272289595,87.54682551757291,0
21.892102272289595,87.55727575040102,0
21.892102272289595,87.56772598322914,0
21.892102272289595,87.57817621605726,0
21.892102272289595,87.58862644888538,0
21.892102272289595,87.59907668171351,0
21.892102272289595,87.60952691454162,0
21.892102272289595,87.61997714736974,0
21.892102272289595,87.63042738019786,0
21.892102272289595,87.64087761302598,0
21.892102272289595,87.6513278458541,0
21.892102272289595,87.66177807868223,0
21.892102272289595,87.67222831151034,0
21.892102272289595,87.68267854433846,0
21.892102272289595,87.69312877716656,0
21.892102272289595,87.7035790099947,0
21.892102272289595,87.71402924282282,0
21.892102272289595,87.72447947565094,0
21.892102272289595,87.73492970847906,0
21.892102272289595,87.74537994130716,0
21.892102272289595,87.7558301741353,0
21.892102272289595,87.76628040696342,0
21.892102272289595,87.77673063979154,0
21.892102272289595,87.78718087261966,5
21.892102272289595,87.79763110544778,0
21.892102272289595,87.80808133827588,0
21.892102272289595,87.81853157110402,0
21.892102272289595,87.82898180393214,0
21.892102272289595,87.83943203676026,0
21.892102272289595,87.84988226958838,0
21.892102272289595,87.86033250241648,0
21.892102272289595,87.8707827352446,0
21.892102272289595,87.88123296807274,0
21.892102272289595,87.89168320090084,0
21.892102272289595,87.90213343372898,0
21.892102272289595,87.9125836665571,0
21.892102272289595,87.9230338993852,0
21.892102272289595,87.93348413221332,0
21.892102272289595,87.94393436504144,0
21.892102272289595,87.95438459786956,0
21.892102272289595,87.9648348306977,0
21.892102272289595,87.9752850635258,0
21.892102272289595,87.98573529635392,0
21.892102272289595,87.99618552918206,0
21.892102272289595,88.00663576201016,0
21.892102272289595,88.0170859948383,0
21.892102272289595,88.02753622766642,0
21.892102272289595,88.03798646049454,0
21.892102272289595,88.04843669332264,0
21.892102272289595,88.05888692615076,0
21.892102272289595,88.06933715897888,0
21.892102272289595,88.07978739180702,0
21.892102272289595,88.09023762463512,0
21.892102272289595,88.10068785746326,0
21.892102272289595,88.11113809029136,0
21.892102272289595,88.12158832311948,0
21.892102272289595,88.1320385559476,0
21.892102272289595,88.14248878877574,0
21.892102272289595,88.15293902160384,0
21.892102272289595,88.16338925443198,0
21.892102272289595,88.17383948726007,0
21.892102272289595,88.1842897200882,0
21.892102272289595,88.19473995291632,1064
21.892102272289595,88.20519018574444,0
21.892102272289595,88.21564041857256,0
21.892102272289595,88.2260906514007,0
21.892102272289595,88.2365408842288,0
21.892102272289595,88.24699111705692,0
21.892102272289595,88.25744134988504,0
21.892102272289595,88.26789158271316,0
21.892102272289595,88.2783418155413,0
21.892102272289595,88.2887920483694,208
21.883780201796732,87.50186177575348,0
21.883780201796732,87.51231163086493,0
21.883780201796732,87.52276148597639,0
21.883780201796732,87.53321134108785,0
21.883780201796732,87.54366119619931,0
21.883780201796732,87.55411105131076,0
21.883780201796732,87.56456090642222,0
21.883780201796732,87.57501076153365,0
21.883780201796732,87.58546061664511,0
21.883780201796732,87.59591047175657,0
21.883780201796732,87.60636032686803,0
21.883780201796732,87.61681018197947,0
21.883780201796732,87.62726003709093,0
21.883780201796732,87.63770989220238,0
21.883780201796732,87.64815974731383,0
21.883780201796732,87.65860960242529,0
21.883780201796732,87.66905945753675,0
21.883780201796732,87.6795093126482,0
21.883780201796732,87.68995916775965,0
21.883780201796732,87.7004090228711,0
21.883780201796732,87.71085887798255,0
21.883780201796732,87.721308733094,0
21.883780201796732,87.73175858820547,0
21.883780201796732,87.74220844331691,0
21.883780201796732,87.75265829842837,107
21.883780201796732,87.76310815353982,0
21.883780201796732,87.77355800865126,0
21.883780201796732,87.78400786376272,0
21.883780201796732,87.79445771887417,0
21.883780201796732,87.80490757398563,0
21.883780201796732,87.81535742909709,0
21.883780201796732,87.82580728420854,0
21.883780201796732,87.83625713931998,0
21.883780201796732,87.84670699443144,0
21.883780201796732,87.85715684954289,0
21.883780201796732,87.86760670465435,0
21.883780201796732,87.87805655976581,0
21.883780201796732,87.88850641487726,0
21.883780201796732,87.89895626998872,0
21.883780201796732,87.90940612510016,0
21.883780201796732,87.91985598021161,0
21.883780201796732,87.93030583532307,0
21.883780201796732,87.94075569043453,0
21.883780201796732,87.95120554554597,0
21.883780201796732,87.96165540065743,0
21.883780201796732,87.97210525576888,0
21.883780201796732,87.98255511088033,0
21.883780201796732,87.99300496599179,0
21.883780201796732,88.00345482110325,0
21.883780201796732,88.0139046762147,0
21.883780201796732,88.02435453132615,0
21.883780201796732,88.0348043864376,0
21.883780201796732,88.04525424154905,0
21.883780201796732,88.0557040966605,0
21.883780201796732,88.06615395177197,0
21.883780201796732,88.07660380688341,0
21.883780201796732,88.08705366199487,0
21.883780201796732,88.09750351710632,0
21.883780201796732,88.10795337221776,0
21.883780201796732,88.11840322732922,0
21.883780201796732,88.12885308244068,0
21.883780201796732,88.13930293755213,0
21.883780201796732,88.14975279266359,0
21.883780201796732,88.16020264777505,0
21.883780201796732,88.17065250288648,0
21.883780201796732,88.18110235799794,0
21.883780201796732,88.1915522131094,1028
21.883780201796732,88.20200206822085,0
21.883780201796732,88.21245192333231,0
21.883780201796732,88.22290177844377,0
21.883780201796732,88.23335163355522,0
21.883780201796732,88.24380148866666,0
21.883780201796732,88.25425134377812,0
21.883780201796732,88.26470119888957,0
21.883780201796732,88.27515105400103,0
21.883780201796732,88.28560090911249,0
21.883780201796732,88.29605076422393,0
21.875458316083336,87.49870048769593,0
21.875458316083336,87.50914996527253,0
21.875458316083336,87.51959944284913,0
21.875458316083336,87.53004892042574,0
21.875458316083336,87.54049839800234,0
21.875458316083336,87.55094787557894,0
21.875458316083336,87.56139735315556,0
21.875458316083336,87.57184683073216,0
21.875458316083336,87.58229630830877,0
21.875458316083336,87.59274578588537,0
21.875458316083336,87.60319526346197,0
21.875458316083336,87.61364474103857,0
21.875458316083336,87.62409421861517,0
21.875458316083336,87.63454369619177,0
21.875458316083336,87.64499317376838,0
21.875458316083336,87.65544265134498,0
21.875458316083336,87.6658921289216,0
21.875458316083336,87.6763416064982,0
21.875458316083336,87.6867910840748,0
21.875458316083336,87.69724056165141,0
21.875458316083336,87.70769003922801,0
21.875458316083336,87.71813951680463,0
21.875458316083336,87.72858899438123,0
21.875458316083336,87.73903847195781,0
21.875458316083336,87.74948794953443,0
21.875458316083336,87.75993742711103,0
21.875458316083336,87.77038690468763,0
21.875458316083336,87.78083638226424,0
21.875458316083336,87.79128585984084,0
21.875458316083336,87.80173533741744,0
21.875458316083336,87.81218481499405,0
21.875458316083336,87.82263429257065,0
21.875458316083336,87.83308377014727,0
21.875458316083336,87.84353324772387,0
21.875458316083336,87.85398272530045,0
21.875458316083336,87.86443220287707,0
21.875458316083336,87.87488168045367,2
21.875458316083336,87.88533115803028,0
21.875458316083336,87.8957806356069,0
21.875458316083336,87.9062301131835,0
21.875458316083336,87.9166795907601,0
21.875458316083336,87.9271290683367,0
21.875458316083336,87.9375785459133,0
21.875458316083336,87.94802802348991,0
21.875458316083336,87.95847750106651,0
21.875458316083336,87.96892697864313,0
21.875458316083336,87.97937645621971,0
21.875458316083336,87.98982593379631,0
21.875458316083336,88.00027541137294,0
21.875458316083336,88.01072488894954,0
21.875458316083336,88.02117436652614,0
21.875458316083336,88.03162384410275,0
21.875458316083336,88.04207332167934,0
21.875458316083336,88.05252279925595,0
21.875458316083336,88.06297227683255,0
21.875458316083336,88.07342175440915,0
21.875458316083336,88.08387123198577,0
21.875458316083336,88.09432070956237,0
21.875458316083336,88.10477018713897,0
21.875458316083336,88.11521966471558,0
21.875458316083336,88.12566914229218,0
21.875458316083336,88.1361186198688,0
21.875458316083336,88.1465680974454,0
21.875458316083336,88.157017575022,0
21.875458316083336,88.1674670525986,111
21.875458316083336,88.1779165301752,0
21.875458316083336,88.1883660077518,25
21.875458316083336,88.19881548532841,2756
21.875458316083336,88.20926496290501,502
21.875458316083336,88.21971444048162,0
21.875458316083336,88.23016391805822,0
21.875458316083336,88.24061339563482,0
21.875458316083336,88.25106287321144,0
21.875458316083336,88.26151235078804,0
21.875458316083336,88.27196182836465,0
21.875458316083336,88.28241130594125,0
21.875458316083336,88.29286078351784,0
21.867136615064577,87.50598982186577,0
21.867136615064577,87.51643892208929,0
21.867136615064577,87.52688802231282,0
21.867136615064577,87.53733712253634,0
21.867136615064577,87.54778622275985,0
21.867136615064577,87.55823532298338,0
21.867136615064577,87.56868442320689,0
21.867136615064577,87.57913352343041,0
21.867136615064577,87.58958262365394,0
21.867136615064577,87.60003172387745,0
21.867136615064577,87.61048082410096,0
21.867136615064577,87.62092992432449,0
21.867136615064577,87.63137902454801,0
21.867136615064577,87.64182812477152,0
21.867136615064577,87.65227722499506,0
21.867136615064577,87.66272632521859,0
21.867136615064577,87.6731754254421,0
21.867136615064577,87.6836245256656,0
21.867136615064577,87.69407362588913,0
21.867136615064577,87.70452272611266,0
21.867136615064577,87.71497182633617,0
21.867136615064577,87.72542092655969,0
21.867136615064577,87.7358700267832,0
21.867136615064577,87.74631912700673,0
21.867136615064577,87.75676822723024,0
21.867136615064577,87.76721732745376,0
21.867136615064577,87.77766642767729,0
21.867136615064577,87.7881155279008,0
21.867136615064577,87.79856462812432,0
21.867136615064577,87.80901372834785,0
21.867136615064577,87.81946282857137,0
21.867136615064577,87.82991192879489,0
21.867136615064577,87.84036102901841,0
21.867136615064577,87.85081012924192,40
21.867136615064577,87.86125922946545,0
21.867136615064577,87.87170832968896,0
21.867136615064577,87.88215742991248,0
21.867136615064577,87.892606530136,0
21.867136615064577,87.90305563035952,0
21.867136615064577,87.91350473058303,0
21.867136615064577,87.92395383080657,0
21.867136615064577,87.93440293103009,0
21.867136615064577,87.9448520312536,0
21.867136615064577,87.95530113147713,0
21.867136615064577,87.96575023170065,0
21.867136615064577,87.97619933192415,0
21.867136615064577,87.98664843214767,0
21.867136615064577,87.9970975323712,0
21.867136615064577,88.00754663259472,0
21.867136615064577,88.01799573281824,0
21.867136615064577,88.02844483304176,0
21.867136615064577,88.03889393326527,0
21.867136615064577,88.0493430334888,0
21.867136615064577,88.05979213371232,0
21.867136615064577,88.07024123393585,0
21.867136615064577,88.08069033415937,0
21.867136615064577,88.09113943438288,0
21.867136615064577,88.10158853460639,0
21.867136615064577,88.11203763482992,0
21.867136615064577,88.12248673505343,0
21.867136615064577,88.13293583527695,0
21.867136615064577,88.14338493550048,0
21.867136615064577,88.153834035724,0
21.867136615064577,88.1642831359475,0
21.867136615064577,88.17473223617102,0
21.867136615064577,88.18518133639456,3570
21.867136615064577,88.19563043661807,2122
21.867136615064577,88.2060795368416,0
21.867136615064577,88.21652863706512,0
21.867136615064577,88.22697773728864,0
21.867136615064577,88.23742683751215,0
21.867136615064577,88.24787593773567,0
21.867136615064577,88.2583250379592,0
21.867136615064577,88.26877413818272,0
21.867136615064577,88.27922323840623,0
21.867136615064577,88.28967233862974,0
21.85881509865564,87.5028312001995,0
21.85881509865564,87.51327992325164,0
21.85881509865564,87.5237286463038,0
21.85881509865564,87.53417736935594,0
21.85881509865564,87.54462609240808,0
21.85881509865564,87.55507481546023,0
21.85881509865564,87.56552353851238,0
21.85881509865564,87.57597226156453,0
21.85881509865564,87.58642098461668,0
21.85881509865564,87.59686970766882,0
21.85881509865564,87.60731843072095,0
21.85881509865564,87.61776715377312,0
21.85881509865564,87.62821587682527,0
21.85881509865564,87.6386645998774,0
21.85881509865564,87.64911332292955,0
21.85881509865564,87.6595620459817,0
21.85881509865564,87.67001076903384,0
21.85881509865564,87.68045949208599,0
21.85881509865564,87.69090821513814,0
21.85881509865564,87.70135693819029,0
21.85881509865564,87.71180566124244,0
21.85881509865564,87.72225438429457,0
21.85881509865564,87.73270310734671,0
21.85881509865564,87.74315183039886,0
21.85881509865564,87.75360055345101,0
21.85881509865564,87.76404927650316,0
21.85881509865564,87.77449799955531,0
21.85881509865564,87.78494672260744,0
21.85881509865564,87.7953954456596,0
21.85881509865564,87.80584416871173,0
21.85881509865564,87.81629289176388,0
21.85881509865564,87.82674161481604,0
21.85881509865564,87.8371903378682,0
21.85881509865564,87.84763906092032,0
21.85881509865564,87.85808778397246,0
21.85881509865564,87.86853650702461,0
21.85881509865564,87.87898523007676,0
21.85881509865564,87.88943395312891,0
21.85881509865564,87.89988267618106,0
21.85881509865564,87.9103313992332,0
21.85881509865564,87.92078012228535,0
21.85881509865564,87.9312288453375,0
21.85881509865564,87.94167756838964,0
21.85881509865564,87.95212629144179,85
21.85881509865564,87.96257501449395,0
21.85881509865564,87.97302373754609,0
21.85881509865564,87.98347246059822,0
21.85881509865564,87.99392118365037,0
21.85881509865564,88.00436990670252,0
21.85881509865564,88.01481862975467,0
21.85881509865564,88.02526735280682,0
21.85881509865564,88.03571607585896,0
21.85881509865564,88.04616479891111,0
21.85881509865564,88.05661352196326,0
21.85881509865564,88.0670622450154,0
21.85881509865564,88.07751096806754,0
21.85881509865564,88.08795969111969,0
21.85881509865564,88.09840841417184,0
21.85881509865564,88.10885713722399,0
21.85881509865564,88.11930586027613,0
21.85881509865564,88.12975458332828,0
21.85881509865564,88.14020330638043,0
21.85881509865564,88.15065202943258,0
21.85881509865564,88.16110075248471,0
21.85881509865564,88.17154947553686,0
21.85881509865564,88.18199819858901,0
21.85881509865564,88.19244692164116,0
21.85881509865564,88.20289564469331,0
21.85881509865564,88.21334436774545,0
21.85881509865564,88.22379309079759,0
21.85881509865564,88.23424181384975,0
21.85881509865564,88.2446905369019,0
21.85881509865564,88.25513925995403,0
21.85881509865564,88.26558798300618,0
21.85881509865564,88.27603670605833,0
21.85881509865564,88.28648542911047,0
21.85881509865564,88.29693415216262,0
21.850493766771724,87.4996740998288,0
21.850493766771724,87.51012244589123,0
21.850493766771724,87.52057079195366,0
21.850493766771724,87.53101913801608,0
21.850493766771724,87.54146748407851,0
21.850493766771724,87.55191583014094,0
21.850493766771724,87.56236417620337,0
21.850493766771724,87.5728125222658,0
21.850493766771724,87.58326086832825,0
21.850493766771724,87.59370921439067,0
21.850493766771724,87.60415756045309,0
21.850493766771724,87.61460590651552,0
21.850493766771724,87.62505425257797,0
21.850493766771724,87.6355025986404,0
21.850493766771724,87.64595094470283,0
21.850493766771724,87.65639929076526,0
21.850493766771724,87.66684763682768,0
21.850493766771724,87.67729598289012,0
21.850493766771724,87.68774432895255,0
21.850493766771724,87.69819267501498,0
21.850493766771724,87.70864102107741,0
21.850493766771724,87.71908936713984,0
21.850493766771724,87.72953771320226,0
21.850493766771724,87.7399860592647,0
21.850493766771724,87.75043440532714,0
21.850493766771724,87.76088275138957,0
21.850493766771724,87.771331097452,0
21.850493766771724,87.78177944351441,0
21.850493766771724,87.79222778957686,0
21.850493766771724,87.80267613563929,0
21.850493766771724,87.81312448170172,0
21.850493766771724,87.82357282776415,0
21.850493766771724,87.83402117382659,0
21.850493766771724,87.844469519889,0
21.850493766771724,87.85491786595144,0
21.850493766771724,87.86536621201387,0
21.850493766771724,87.87581455807631,0
21.850493766771724,87.88626290413875,0
21.850493766771724,87.89671125020116,0
21.850493766771724,87.90715959626358,0
21.850493766771724,87.91760794232603,0
21.850493766771724,87.92805628838846,0
21.850493766771724,87.9385046344509,0
21.850493766771724,87.94895298051334,0
21.850493766771724,87.95940132657576,0
21.850493766771724,87.96984967263818,0
21.850493766771724,87.98029801870061,0
21.850493766771724,87.99074636476304,0
21.850493766771724,88.00119471082549,0
21.850493766771724,88.01164305688792,0
21.850493766771724,88.02209140295034,0
21.850493766771724,88.03253974901276,0
21.850493766771724,88.0429880950752,0
21.850493766771724,88.05343644113763,0
21.850493766771724,88.06388478720007,0
21.850493766771724,88.07433313326251,0
21.850493766771724,88.08478147932493,0
21.850493766771724,88.09522982538735,0
21.850493766771724,88.10567817144978,0
21.850493766771724,88.11612651751221,0
21.850493766771724,88.12657486357466,0
21.850493766771724,88.13702320963709,0
21.850493766771724,88.14747155569951,0
21.850493766771724,88.15791990176193,0
21.850493766771724,88.16836824782438,0
21.850493766771724,88.17881659388681,0
21.850493766771724,88.18926493994924,0
21.850493766771724,88.19971328601169,0
21.850493766771724,88.2101616320741,0
21.850493766771724,88.22060997813652,0
21.850493766771724,88.23105832419895,0
21.850493766771724,88.2415066702614,0
21.850493766771724,88.25195501632383,0
21.850493766771724,88.26240336238627,0
21.850493766771724,88.27285170844868,0
21.850493766771724,88.2833000545111,0
21.850493766771724,88.29374840057355,0
21.84217261932806,87.50696648956335,0
21.84217261932806,87.51741445881767,0
21.84217261932806,87.527862428072,0
21.84217261932806,87.53831039732631,0
21.84217261932806,87.54875836658063,0
21.84217261932806,87.55920633583496,0
21.84217261932806,87.56965430508927,0
21.84217261932806,87.5801022743436,0
21.84217261932806,87.59055024359793,0
21.84217261932806,87.60099821285223,0
21.84217261932806,87.61144618210655,0
21.84217261932806,87.62189415136088,0
21.84217261932806,87.6323421206152,0
21.84217261932806,87.64279008986954,26
21.84217261932806,87.65323805912385,0
21.84217261932806,87.66368602837815,0
21.84217261932806,87.67413399763248,0
21.84217261932806,87.68458196688681,0
21.84217261932806,87.69502993614113,0
21.84217261932806,87.70547790539545,0
21.84217261932806,87.71592587464977,0
21.84217261932806,87.72637384390407,0
21.84217261932806,87.73682181315841,0
21.84217261932806,87.74726978241273,0
21.84217261932806,87.75771775166706,0
21.84217261932806,87.76816572092137,0
21.84217261932806,87.77861369017567,0
21.84217261932806,87.78906165943002,0
21.84217261932806,87.79950962868433,0
21.84217261932806,87.80995759793865,0
21.84217261932806,87.82040556719298,0
21.84217261932806,87.8308535364473,0
21.84217261932806,87.84130150570161,0
21.84217261932806,87.85174947495594,0
21.84217261932806,87.86219744421025,0
21.84217261932806,87.87264541346458,0
21.84217261932806,87.8830933827189,0
21.84217261932806,87.89354135197321,0
21.84217261932806,87.90398932122754,0
21.84217261932806,87.91443729048186,0
21.84217261932806,87.92488525973619,0
21.84217261932806,87.9353332289905,0
21.84217261932806,87.94578119824482,0
21.84217261932806,87.95622916749916,0
21.84217261932806,87.96667713675346,0
21.84217261932806,87.97712510600778,0
21.84217261932806,87.9875730752621,0
21.84217261932806,87.99802104451642,0
21.84217261932806,88.00846901377076,0
21.84217261932806,88.01891698302508,0
21.84217261932806,88.02936495227938,0
21.84217261932806,88.03981292153371,0
21.84217261932806,88.05026089078802,0
21.84217261932806,88.06070886004235,0
21.84217261932806,88.07115682929668,0
21.84217261932806,88.081604798551,0
21.84217261932806,88.0920527678053,0
21.84217261932806,88.10250073705963,0
21.84217261932806,88.11294870631396,0
21.84217261932806,88.12339667556829,0
21.84217261932806,88.1338446448226,232
21.84217261932806,88.14429261407692,0
21.84217261932806,88.15474058333123,0
21.84217261932806,88.16518855258556,0
21.84217261932806,88.17563652183988,0
21.84217261932806,88.1860844910942,0
21.84217261932806,88.19653246034852,0
21.84217261932806,88.20698042960285,0
21.84217261932806,88.21742839885715,0
21.84217261932806,88.22787636811148,0
21.84217261932806,88.23832433736581,0
21.84217261932806,88.24877230662013,0
21.84217261932806,88.25922027587444,0
21.84217261932806,88.26966824512877,0
21.84217261932806,88.28011621438309,0
21.84217261932806,88.29056418363741,0
21.833851656239897,87.50381205382367,0
21.833851656239897,87.51425964645142,0
21.833851656239897,87.52470723907919,0
21.833851656239897,87.53515483170695,0
21.833851656239897,87.5456024243347,0
21.833851656239897,87.55605001696247,0
21.833851656239897,87.56649760959024,0
21.833851656239897,87.576945202218,0
21.833851656239897,87.58739279484577,0
21.833851656239897,87.59784038747351,0
21.833851656239897,87.60828798010128,0
21.833851656239897,87.61873557272904,0
21.833851656239897,87.6291831653568,0
21.833851656239897,87.63963075798456,0
21.833851656239897,87.65007835061233,0
21.833851656239897,87.66052594324009,0
21.833851656239897,87.67097353586786,0
21.833851656239897,87.68142112849561,0
21.833851656239897,87.69186872112338,0
21.833851656239897,87.70231631375114,0
21.833851656239897,87.71276390637891,0
21.833851656239897,87.72321149900667,0
21.833851656239897,87.73365909163444,0
21.833851656239897,87.74410668426219,0
21.833851656239897,87.75455427688996,0
21.833851656239897,87.76500186951773,0
21.833851656239897,87.77544946214547,0
21.833851656239897,87.78589705477324,0
21.833851656239897,87.79634464740101,0
21.833851656239897,87.80679224002877,0
21.833851656239897,87.81723983265654,0
21.833851656239897,87.8276874252843,0
21.833851656239897,87.83813501791204,0
21.833851656239897,87.84858261053981,0
21.833851656239897,87.85903020316758,0
21.833851656239897,87.86947779579533,0
21.833851656239897,87.8799253884231,0
21.833851656239897,87.89037298105087,0
21.833851656239897,87.90082057367862,0
21.833851656239897,87.91126816630639,0
21.833851656239897,87.92171575893416,0
21.833851656239897,87.93216335156191,0
21.833851656239897,87.94261094418968,0
21.833851656239897,87.95305853681745,0
21.833851656239897,87.9635061294452,0
21.833851656239897,87.97395372207296,0
21.833851656239897,87.98440131470073,0
21.833851656239897,87.99484890732849,0
21.833851656239897,88.00529649995626,0
21.833851656239897,88.01574409258403,0
21.833851656239897,88.02619168521177,0
21.833851656239897,88.03663927783953,0
21.833851656239897,88.0470868704673,0
21.833851656239897,88.05753446309505,0
21.833851656239897,88.06798205572282,0
21.833851656239897,88.07842964835059,0
21.833851656239897,88.08887724097835,0
21.833851656239897,88.0993248336061,0
21.833851656239897,88.10977242623387,0
21.833851656239897,88.12022001886164,0
21.833851656239897,88.1306676114894,803
21.833851656239897,88.14111520411717,0
21.833851656239897,88.15156279674493,0
21.833851656239897,88.16201038937268,0
21.833851656239897,88.17245798200045,0
21.833851656239897,88.18290557462822,0
21.833851656239897,88.19335316725598,0
21.833851656239897,88.20380075988375,0
21.833851656239897,88.2142483525115,0
21.833851656239897,88.22469594513926,0
21.833851656239897,88.23514353776703,0
21.833851656239897,88.2455911303948,0
21.833851656239897,88.25603872302256,0
21.833851656239897,88.26648631565033,0
21.833851656239897,88.27693390827807,0
21.833851656239897,88.28738150090582,0
21.833851656239897,88.2978290935336,0
21.82553087742251,87.50065913822807,0
21.82553087742251,87.51110635441079,0
21.82553087742251,87.5215535705935,0
21.82553087742251,87.53200078677618,0
21.82553087742251,87.54244800295889,0
21.82553087742251,87.55289521914159,0
21.82553087742251,87.5633424353243,0
21.82553087742251,87.573789651507,0
21.82553087742251,87.58423686768971,0
21.82553087742251,87.59468408387241,0
21.82553087742251,87.6051313000551,0
21.82553087742251,87.6155785162378,0
21.82553087742251,87.62602573242052,0
21.82553087742251,87.63647294860321,0
21.82553087742251,87.64692016478593,0
21.82553087742251,87.65736738096862,0
21.82553087742251,87.66781459715133,0
21.82553087742251,87.67826181333402,0
21.82553087742251,87.68870902951673,0
21.82553087742251,87.69915624569944,0
21.82553087742251,87.70960346188214,0
21.82553087742251,87.72005067806484,0
21.82553087742251,87.73049789424753,0
21.82553087742251,87.74094511043025,0
21.82553087742251,87.75139232661294,0
21.82553087742251,87.76183954279566,0
21.82553087742251,87.77228675897835,0
21.82553087742251,87.78273397516105,0
21.82553087742251,87.79318119134375,0
21.82553087742251,87.80362840752646,0
21.82553087742251,87.81407562370917,0
21.82553087742251,87.82452283989187,0
21.82553087742251,87.83497005607457,0
21.82553087742251,87.84541727225728,0
21.82553087742251,87.85586448843998,0
21.82553087742251,87.86631170462267,0
21.82553087742251,87.87675892080539,0
21.82553087742251,87.8872061369881,0
21.82553087742251,87.89765335317078,0
21.82553087742251,87.9081005693535,0
21.82553087742251,87.91854778553619,0
21.82553087742251,87.92899500171889,0
21.82553087742251,87.9394422179016,0
21.82553087742251,87.94988943408431,0
21.82553087742251,87.96033665026701,0
21.82553087742251,87.97078386644971,0
21.82553087742251,87.9812310826324,0
21.82553087742251,87.99167829881512,0
21.82553087742251,88.00212551499781,0
21.82553087742251,88.01257273118053,0
21.82553087742251,88.02301994736322,0
21.82553087742251,88.03346716354592,0
21.82553087742251,88.04391437972862,0
21.82553087742251,88.05436159591133,0
21.82553087742251,88.06480881209404,0
21.82553087742251,88.07525602827674,0
21.82553087742251,88.08570324445944,0
21.82553087742251,88.09615046064214,0
21.82553087742251,88.10659767682485,0
21.82553087742251,88.11704489300755,0
21.82553087742251,88.12749210919026,21
21.82553087742251,88.13793932537297,0
21.82553087742251,88.14838654155565,0
21.82553087742251,88.15883375773835,580
21.82553087742251,88.16928097392106,0
21.82553087742251,88.17972819010377,0
21.82553087742251,88.19017540628647,0
21.82553087742251,88.20062262246918,0
21.82553087742251,88.21106983865188,0
21.82553087742251,88.22151705483458,0
21.82553087742251,88.23196427101728,0
21.82553087742251,88.24241148719999,0
21.82553087742251,88.2528587033827,0
21.82553087742251,88.2633059195654,0
21.82553087742251,88.2737531357481,0
21.82553087742251,88.28420035193079,0
21.82553087742251,88.29464756811349,0
21.817210282791162,87.50795458225194,0
21.817210282791162,87.51840142217102,0
21.817210282791162,87.52884826209011,0
21.817210282791162,87.53929510200919,0
21.817210282791162,87.54974194192829,0
21.817210282791162,87.56018878184737,0
21.817210282791162,87.57063562176647,0
21.817210282791162,87.58108246168557,0
21.817210282791162,87.59152930160465,0
21.817210282791162,87.60197614152372,0
21.817210282791162,87.61242298144282,0
21.817210282791162,87.62286982136192,0
21.817210282791162,87.63331666128101,0
21.817210282791162,87.6437635012001,0
21.817210282791162,87.65421034111918,0
21.817210282791162,87.66465718103827,0
21.817210282791162,87.67510402095736,0
21.817210282791162,87.68555086087645,0
21.817210282791162,87.69599770079554,0
21.817210282791162,87.70644454071464,0
21.817210282791162,87.71689138063373,0
21.817210282791162,87.7273382205528,0
21.817210282791162,87.7377850604719,0
21.817210282791162,87.74823190039099,0
21.817210282791162,87.75867874031007,0
21.817210282791162,87.76912558022916,0
21.817210282791162,87.77957242014826,0
21.817210282791162,87.79001926006734,0
21.817210282791162,87.80046609998644,0
21.817210282791162,87.81091293990552,0
21.817210282791162,87.82135977982462,0
21.817210282791162,87.8318066197437,0
21.817210282791162,87.84225345966279,0
21.817210282791162,87.85270029958187,0
21.817210282791162,87.86314713950097,0
21.817210282791162,87.87359397942006,0
21.817210282791162,87.88404081933915,0
21.817210282791162,87.89448765925823,0
21.817210282791162,87.90493449917732,0
21.817210282791162,87.91538133909641,0
21.817210282791162,87.9258281790155,0
21.817210282791162,87.9362750189346,0
21.817210282791162,87.94672185885369,0
21.817210282791162,87.95716869877278,0
21.817210282791162,87.96761553869185,0
21.817210282791162,87.97806237861094,0
21.817210282791162,87.98850921853004,0
21.817210282791162,87.99895605844914,0
21.817210282791162,88.00940289836822,0
21.817210282791162,88.0198497382873,0
21.817210282791162,88.03029657820639,0
21.817210282791162,88.04074341812549,0
21.817210282791162,88.05119025804457,0
21.817210282791162,88.06163709796367,0
21.817210282791162,88.07208393788277,0
21.817210282791162,88.08253077780185,0
21.817210282791162,88.09297761772092,0
21.817210282791162,88.10342445764002,0
21.817210282791162,88.11387129755911,0
21.817210282791162,88.12431813747821,0
21.817210282791162,88.1347649773973,0
21.817210282791162,88.14521181731638,0
21.817210282791162,88.15565865723546,0
21.817210282791162,88.16610549715456,0
21.817210282791162,88.17655233707364,0
21.817210282791162,88.18699917699274,0
21.817210282791162,88.19744601691184,0
21.817210282791162,88.20789285683092,0
21.817210282791162,88.21833969675,0
21.817210282791162,88.22878653666909,0
21.817210282791162,88.23923337658819,0
21.817210282791162,88.24968021650727,0
21.817210282791162,88.26012705642637,0
21.817210282791162,88.27057389634545,0
21.817210282791162,88.28102073626454,0
21.817210282791162,88.29146757618363,0
21.80888987226118,87.50480432953132,0
21.80888987226118,87.5152507933682,0
21.80888987226118,87.52569725720505,0
21.80888987226118,87.53614372104191,0
21.80888987226118,87.5465901848788,0
21.80888987226118,87.55703664871567,0
21.80888987226118,87.56748311255254,0
21.80888987226118,87.57792957638941,0
21.80888987226118,87.58837604022625,0
21.80888987226118,87.59882250406314,0
21.80888987226118,87.60926896790001,0
21.80888987226118,87.61971543173688,0
21.80888987226118,87.63016189557375,1096
21.80888987226118,87.6406083594106,1124
21.80888987226118,87.65105482324748,0
21.80888987226118,87.66150128708435,0
21.80888987226118,87.67194775092122,0
21.80888987226118,87.68239421475809,0
21.80888987226118,87.69284067859495,0
21.80888987226118,87.70328714243183,0
21.80888987226118,87.71373360626869,0
21.80888987226118,87.72418007010556,0
21.80888987226118,87.73462653394243,0
21.80888987226118,87.74507299777929,0
21.80888987226118,87.75551946161617,0
21.80888987226118,87.76596592545303,0
21.80888987226118,87.7764123892899,0
21.80888987226118,87.78685885312677,0
21.80888987226118,87.79730531696363,0
21.80888987226118,87.80775178080052,0
21.80888987226118,87.81819824463739,0
21.80888987226118,87.82864470847424,0
21.80888987226118,87.83909117231111,0
21.80888987226118,87.84953763614797,0
21.80888987226118,87.85998409998486,0
21.80888987226118,87.87043056382173,0
21.80888987226118,87.8808770276586,0
21.80888987226118,87.89132349149546,0
21.80888987226118,87.90176995533233,0
21.80888987226118,87.9122164191692,0
21.80888987226118,87.92266288300607,0
21.80888987226118,87.93310934684294,0
21.80888987226118,87.94355581067981,0
21.80888987226118,87.95400227451667,0
21.80888987226118,87.96444873835354,0
21.80888987226118,87.97489520219041,0
21.80888987226118,87.98534166602728,0
21.80888987226118,87.99578812986415,0
21.80888987226118,88.00623459370102,0
21.80888987226118,88.01668105753788,0
21.80888987226118,88.02712752137475,0
21.80888987226118,88.03757398521162,0
21.80888987226118,88.0480204490485,0
21.80888987226118,88.05846691288536,0
21.80888987226118,88.06891337672224,0
21.80888987226118,88.07935984055909,0
21.80888987226118,88.08980630439596,0
21.80888987226118,88.10025276823283,265
21.80888987226118,88.1106992320697,0
21.80888987226118,88.12114569590658,0
21.80888987226118,88.13159215974345,0
21.80888987226118,88.1420386235803,0
21.80888987226118,88.15248508741718,0
21.80888987226118,88.16293155125405,0
21.80888987226118,88.17337801509092,0
21.80888987226118,88.18382447892779,0
21.80888987226118,88.19427094276466,0
21.80888987226118,88.20471740660152,0
21.80888987226118,88.2151638704384,0
21.80888987226118,88.22561033427526,0
21.80888987226118,88.23605679811213,0
21.80888987226118,88.246503261949,0
21.80888987226118,88.25694972578587,0
21.80888987226118,88.26739618962274,0
21.80888987226118,88.2778426534596,0
21.80888987226118,88.28828911729647,0
21.8005696457479,87.50165559580574,0
21.8005696457479,87.51210168374173,0
21.8005696457479,87.52254777167771,0
21.8005696457479,87.5329938596137,0
21.8005696457479,87.54343994754969,0
21.8005696457479,87.55388603548569,0
21.8005696457479,87.56433212342166,0
21.8005696457479,87.57477821135767,0
21.8005696457479,87.58522429929364,0
21.8005696457479,87.59567038722963,0
21.8005696457479,87.60611647516562,0
21.8005696457479,87.61656256310161,0
21.8005696457479,87.6270086510376,0
21.8005696457479,87.63745473897359,0
21.8005696457479,87.64790082690958,0
21.8005696457479,87.65834691484555,0
21.8005696457479,87.66879300278156,821
21.8005696457479,87.67923909071754,0
21.8005696457479,87.68968517865353,0
21.8005696457479,87.70013126658952,0
21.8005696457479,87.7105773545255,0
21.8005696457479,87.72102344246149,0
21.8005696457479,87.73146953039749,0
21.8005696457479,87.74191561833346,0
21.8005696457479,87.75236170626947,0
21.8005696457479,87.76280779420544,0
21.8005696457479,87.77325388214143,0
21.8005696457479,87.78369997007742,0
21.8005696457479,87.79414605801341,0
21.8005696457479,87.8045921459494,80
21.8005696457479,87.81503823388539,0
21.8005696457479,87.82548432182138,0
21.8005696457479,87.83593040975735,0
21.8005696457479,87.84637649769336,0
21.8005696457479,87.85682258562935,0
21.8005696457479,87.86726867356533,0
21.8005696457479,87.87771476150132,0
21.8005696457479,87.8881608494373,0
21.8005696457479,87.89860693737329,0
21.8005696457479,87.90905302530928,0
21.8005696457479,87.91949911324527,0
21.8005696457479,87.92994520118127,0
21.8005696457479,87.94039128911724,0
21.8005696457479,87.95083737705323,0
21.8005696457479,87.96128346498922,0
21.8005696457479,87.97172955292521,0
21.8005696457479,87.9821756408612,0
21.8005696457479,87.99262172879719,0
21.8005696457479,88.00306781673319,0
21.8005696457479,88.01351390466915,0
21.8005696457479,88.02395999260516,0
21.8005696457479,88.03440608054113,0
21.8005696457479,88.04485216847714,0
21.8005696457479,88.05529825641312,0
21.8005696457479,88.06574434434911,0
21.8005696457479,88.07619043228509,0
21.8005696457479,88.08663652022108,0
21.8005696457479,88.09708260815707,0
21.8005696457479,88.10752869609307,359
21.8005696457479,88.11797478402904,0
21.8005696457479,88.12842087196505,0
21.8005696457479,88.13886695990102,0
21.8005696457479,88.14931304783701,0
21.8005696457479,88.159759135773,0
21.8005696457479,88.17020522370899,0
21.8005696457479,88.18065131164498,0
21.8005696457479,88.19109739958097,0
21.8005696457479,88.20154348751696,0
21.8005696457479,88.21198957545293,0
21.8005696457479,88.22243566338894,0
21.8005696457479,88.23288175132492,0
21.8005696457479,88.24332783926091,0
21.8005696457479,88.2537739271969,0
21.8005696457479,88.26422001513288,0
21.8005696457479,88.27466610306887,12
21.8005696457479,88.28511219100486,0
21.8005696457479,88.29555827894085,0
21.792249603166642,87.49850838063223,0
21.792249603166642,87.50895409284863,0
21.792249603166642,87.519399805065,0
21.792249603166642,87.5298455172814,0
21.792249603166642,87.5402912294978,0
21.792249603166642,87.55073694171419,0
21.792249603166642,87.5611826539306,0
21.792249603166642,87.571628366147,0
21.792249603166642,87.58207407836338,0
21.792249603166642,87.59251979057977,0
21.792249603166642,87.60296550279617,0
21.792249603166642,87.61341121501256,0
21.792249603166642,87.62385692722897,0
21.792249603166642,87.63430263944537,0
21.792249603166642,87.64474835166175,0
21.792249603166642,87.65519406387814,0
21.792249603166642,87.66563977609454,0
21.792249603166642,87.67608548831093,0
21.792249603166642,87.68653120052733,0
21.792249603166642,87.69697691274374,0
21.792249603166642,87.70742262496012,0
21.792249603166642,87.71786833717651,0
21.792249603166642,87.7283140493929,0
21.792249603166642,87.7387597616093,0
21.792249603166642,87.7492054738257,950
21.792249603166642,87.75965118604209,0
21.792249603166642,87.77009689825849,0
21.792249603166642,87.78054261047488,0
21.792249603166642,87.79098832269128,0
21.792249603166642,87.80143403490767,0
21.792249603166642,87.81187974712407,0
21.792249603166642,87.82232545934046,0
21.792249603166642,87.83277117155686,0
21.792249603166642,87.84321688377325,0
21.792249603166642,87.85366259598965,0
21.792249603166642,87.86410830820606,0
21.792249603166642,87.87455402042245,0
21.792249603166642,87.88499973263882,0
21.792249603166642,87.89544544485523,0
21.792249603166642,87.90589115707164,0
21.792249603166642,87.91633686928803,0
21.792249603166642,87.92678258150443,0
21.792249603166642,87.93722829372082,0
21.792249603166642,87.9476740059372,0
21.792249603166642,87.9581197181536,0
21.792249603166642,87.96856543037,0
21.792249603166642,87.9790111425864,0
21.792249603166642,87.9894568548028,0
21.792249603166642,87.99990256701919,0
21.792249603166642,88.01034827923557,0
21.792249603166642,88.02079399145197,0
21.792249603166642,88.03123970366836,0
21.792249603166642,88.04168541588477,0
21.792249603166642,88.05213112810117,0
21.792249603166642,88.06257684031756,0
21.792249603166642,88.07302255253394,0
21.792249603166642,88.08346826475034,0
21.792249603166642,88.09391397696673,0
21.792249603166642,88.10435968918314,0
21.792249603166642,88.11480540139954,0
21.792249603166642,88.12525111361593,0
21.792249603166642,88.13569682583231,0
21.792249603166642,88.14614253804871,0
21.792249603166642,88.1565882502651,0
21.792249603166642,88.1670339624815,0
21.792249603166642,88.1774796746979,0
21.792249603166642,88.1879253869143,0
21.792249603166642,88.19837109913068,0
21.792249603166642,88.20881681134708,0
21.792249603166642,88.21926252356347,0
21.792249603166642,88.22970823577987,0
21.792249603166642,88.24015394799628,0
21.792249603166642,88.25059966021267,0
21.792249603166642,88.26104537242905,0
21.792249603166642,88.27149108464545,0
21.792249603166642,88.28193679686184,0
21.792249603166642,88.29238250907824,0
21.78392974443279,87.50580802024618,0
21.78392974443279,87.5162533569242,0
21.78392974443279,87.52669869360223,0
21.78392974443279,87.53714403028027,0
21.78392974443279,87.5475893669583,0
21.78392974443279,87.55803470363635,0
21.78392974443279,87.56848004031438,0
21.78392974443279,87.57892537699242,0
21.78392974443279,87.58937071367045,0
21.78392974443279,87.5998160503485,0
21.78392974443279,87.61026138702653,0
21.78392974443279,87.62070672370457,0
21.78392974443279,87.6311520603826,0
21.78392974443279,87.64159739706064,0
21.78392974443279,87.65204273373867,0
21.78392974443279,87.66248807041671,0
21.78392974443279,87.67293340709475,0
21.78392974443279,87.68337874377278,0
21.78392974443279,87.69382408045082,0
21.78392974443279,87.70426941712884,0
21.78392974443279,87.71471475380689,0
21.78392974443279,87.72516009048492,603
21.78392974443279,87.73560542716297,656
21.78392974443279,87.746050763841,1732
21.78392974443279,87.75649610051903,0
21.78392974443279,87.76694143719706,40
21.78392974443279,87.77738677387511,0
21.78392974443279,87.78783211055314,255
21.78392974443279,87.79827744723119,674
21.78392974443279,87.80872278390922,2
21.78392974443279,87.81916812058725,0
21.78392974443279,87.82961345726528,0
21.78392974443279,87.84005879394333,0
21.78392974443279,87.85050413062135,0
21.78392974443279,87.86094946729939,0
21.78392974443279,87.87139480397742,0
21.78392974443279,87.88184014065546,0
21.78392974443279,87.89228547733349,0
21.78392974443279,87.90273081401153,0
21.78392974443279,87.91317615068957,0
21.78392974443279,87.92362148736761,0
21.78392974443279,87.93406682404564,0
21.78392974443279,87.94451216072368,0
21.78392974443279,87.95495749740171,0
21.78392974443279,87.96540283407975,0
21.78392974443279,87.97584817075779,0
21.78392974443279,87.98629350743583,0
21.78392974443279,87.99673884411386,0
21.78392974443279,88.00718418079188,0
21.78392974443279,88.01762951746993,0
21.78392974443279,88.02807485414796,0
21.78392974443279,88.03852019082599,0
21.78392974443279,88.04896552750404,0
21.78392974443279,88.05941086418207,0
21.78392974443279,88.0698562008601,0
21.78392974443279,88.08030153753815,0
21.78392974443279,88.09074687421618,0
21.78392974443279,88.10119221089423,0
21.78392974443279,88.11163754757226,0
21.78392974443279,88.12208288425029,0
21.78392974443279,88.13252822092832,0
21.78392974443279,88.14297355760637,0
21.78392974443279,88.1534188942844,0
21.78392974443279,88.16386423096245,0
21.78392974443279,88.17430956764048,0
21.78392974443279,88.18475490431852,0
21.78392974443279,88.19520024099653,0
21.78392974443279,88.20564557767457,0
21.78392974443279,88.2160909143526,0
21.78392974443279,88.22653625103065,0
21.78392974443279,88.23698158770868,0
21.78392974443279,88.24742692438673,0
21.78392974443279,88.25787226106475,0
21.78392974443279,88.2683175977428,0
21.78392974443279,88.27876293442083,0
21.78392974443279,88.28920827109887,0
21.77561006946174,87.50266346549199,0
21.77561006946174,87.51310842681283,0
21.77561006946174,87.52355338813369,0
21.77561006946174,87.53399834945455,0
21.77561006946174,87.5444433107754,0
21.77561006946174,87.55488827209628,0
21.77561006946174,87.56533323341714,0
21.77561006946174,87.57577819473798,0
21.77561006946174,87.58622315605884,0
21.77561006946174,87.59666811737969,0
21.77561006946174,87.60711307870056,0
21.77561006946174,87.61755804002142,0
21.77561006946174,87.62800300134228,0
21.77561006946174,87.63844796266312,0
21.77561006946174,87.64889292398398,0
21.77561006946174,87.65933788530485,0
21.77561006946174,87.66978284662571,0
21.77561006946174,87.68022780794657,0
21.77561006946174,87.69067276926742,0
21.77561006946174,87.70111773058828,0
21.77561006946174,87.71156269190915,0
21.77561006946174,87.72200765323001,75
21.77561006946174,87.73245261455087,533
21.77561006946174,87.74289757587172,3033
21.77561006946174,87.75334253719257,1935
21.77561006946174,87.76378749851344,373
21.77561006946174,87.7742324598343,0
21.77561006946174,87.78467742115515,0
21.77561006946174,87.79512238247601,0
21.77561006946174,87.80556734379688,0
21.77561006946174,87.81601230511772,0
21.77561006946174,87.82645726643858,0
21.77561006946174,87.83690222775944,0
21.77561006946174,87.84734718908031,0
21.77561006946174,87.85779215040117,0
21.77561006946174,87.86823711172202,0
21.77561006946174,87.87868207304287,0
21.77561006946174,87.88912703436372,0
21.77561006946174,87.8995719956846,0
21.77561006946174,87.91001695700545,0
21.77561006946174,87.92046191832631,0
21.77561006946174,87.93090687964717,0
21.77561006946174,87.94135184096803,0
21.77561006946174,87.9517968022889,0
21.77561006946174,87.96224176360975,0
21.77561006946174,87.97268672493061,0
21.77561006946174,87.98313168625147,0
21.77561006946174,87.99357664757234,0
21.77561006946174,88.00402160889318,0
21.77561006946174,88.01446657021404,0
21.77561006946174,88.0249115315349,0
21.77561006946174,88.03535649285575,0
21.77561006946174,88.04580145417663,0
21.77561006946174,88.05624641549748,0
21.77561006946174,88.06669137681833,0
21.77561006946174,88.07713633813918,0
21.77561006946174,88.08758129946004,0
21.77561006946174,88.09802626078091,0
21.77561006946174,88.10847122210177,0
21.77561006946174,88.11891618342263,0
21.77561006946174,88.12936114474347,0
21.77561006946174,88.13980610606433,0
21.77561006946174,88.1502510673852,0
21.77561006946174,88.16069602870606,0
21.77561006946174,88.17114099002691,0
21.77561006946174,88.18158595134777,0
21.77561006946174,88.19203091266863,0
21.77561006946174,88.2024758739895,0
21.77561006946174,88.21292083531036,0
21.77561006946174,88.22336579663121,0
21.77561006946174,88.23381075795207,2
21.77561006946174,88.24425571927294,0
21.77561006946174,88.25470068059379,0
21.77561006946174,88.26514564191464,0
21.77561006946174,88.2755906032355,0
21.77561006946174,88.28603556455636,0
21.77561006946174,88.29648052587723,0
21.767290578168886,87.49952042814395,0
21.767290578168886,87.50996501428877,0
21.767290578168886,87.52040960043357,0
21.767290578168886,87.53085418657838,0
21.767290578168886,87.5412987727232,0
21.767290578168886,87.55174335886801,0
21.767290578168886,87.56218794501281,0
21.767290578168886,87.57263253115762,0
21.767290578168886,87.58307711730244,0
21.767290578168886,87.59352170344724,0
21.767290578168886,87.60396628959205,0
21.767290578168886,87.61441087573687,0
21.767290578168886,87.62485546188167,0
21.767290578168886,87.63530004802648,0
21.767290578168886,87.6457446341713,0
21.767290578168886,87.6561892203161,0
21.767290578168886,87.66663380646091,0
21.767290578168886,87.67707839260572,0
21.767290578168886,87.68752297875054,0
21.767290578168886,87.69796756489534,0
21.767290578168886,87.70841215104015,300
21.767290578168886,87.71885673718496,0
21.767290578168886,87.72930132332976,0
21.767290578168886,87.73974590947458,2475
21.767290578168886,87.75019049561939,0
21.767290578168886,87.76063508176419,0
21.767290578168886,87.771079667909,0
21.767290578168886,87.78152425405382,0
21.767290578168886,87.79196884019862,0
21.767290578168886,87.80241342634343,0
21.767290578168886,87.81285801248825,0
21.767290578168886,87.82330259863305,0
21.767290578168886,87.83374718477786,0
21.767290578168886,87.84419177092268,0
21.767290578168886,87.85463635706749,0
21.767290578168886,87.86508094321229,0
21.767290578168886,87.8755255293571,0
21.767290578168886,87.88597011550192,0
21.767290578168886,87.89641470164672,0
21.767290578168886,87.90685928779153,0
21.767290578168886,87.91730387393635,0
21.767290578168886,87.92774846008116,0
21.767290578168886,87.93819304622596,0
21.767290578168886,87.94863763237078,0
21.767290578168886,87.95908221851558,0
21.767290578168886,87.96952680466039,0
21.767290578168886,87.9799713908052,0
21.767290578168886,87.99041597695002,0
21.767290578168886,88.00086056309482,0
21.767290578168886,88.01130514923963,0
21.767290578168886,88.02174973538443,0
21.767290578168886,88.03219432152925,0
21.767290578168886,88.04263890767406,0
21.767290578168886,88.05308349381889,0
21.767290578168886,88.06352807996367,0
21.767290578168886,88.07397266610849,0
21.767290578168886,88.0844172522533,0
21.767290578168886,88.0948618383981,0
21.767290578168886,88.10530642454292,0
21.767290578168886,88.11575101068775,0
21.767290578168886,88.12619559683253,0
21.767290578168886,88.13664018297735,0
21.767290578168886,88.14708476912216,0
21.767290578168886,88.15752935526696,0
21.767290578168886,88.16797394141179,0
21.767290578168886,88.1784185275566,0
21.767290578168886,88.18886311370139,0
21.767290578168886,88.1993076998462,0
21.767290578168886,88.20975228599102,0
21.767290578168886,88.22019687213583,0
21.767290578168886,88.23064145828064,0
21.767290578168886,88.24108604442546,562
21.767290578168886,88.25153063057026,0
21.767290578168886,88.26197521671506,0
21.767290578168886,88.27241980285987,0
21.767290578168886,88.28286438900469,0
21.767290578168886,88.2933089751495,0
21.758971270469665,87.50682311891009,0
21.758971270469665,87.51726733005992,0
21.758971270469665,87.52771154120975,0
21.758971270469665,87.5381557523596,0
21.758971270469665,87.54859996350945,0
21.758971270469665,87.55904417465928,0
21.758971270469665,87.56948838580911,0
21.758971270469665,87.57993259695894,0
21.758971270469665,87.59037680810879,0
21.758971270469665,87.60082101925863,0
21.758971270469665,87.61126523040846,0
21.758971270469665,87.6217094415583,0
21.758971270469665,87.63215365270813,0
21.758971270469665,87.64259786385797,0
21.758971270469665,87.6530420750078,0
21.758971270469665,87.66348628615765,0
21.758971270469665,87.67393049730748,0
21.758971270469665,87.68437470845733,0
21.758971270469665,87.69481891960716,0
21.758971270469665,87.70526313075699,0
21.758971270469665,87.71570734190682,0
21.758971270469665,87.72615155305667,0
21.758971270469665,87.73659576420651,0
21.758971270469665,87.74703997535634,0
21.758971270469665,87.75748418650618,0
21.758971270469665,87.76792839765601,0
21.758971270469665,87.77837260880585,0
21.758971270469665,87.7888168199557,0
21.758971270469665,87.79926103110553,0
21.758971270469665,87.80970524225536,0
21.758971270469665,87.8201494534052,0
21.758971270469665,87.83059366455502,0
21.758971270469665,87.84103787570488,0
21.758971270469665,87.85148208685472,0
21.758971270469665,87.86192629800455,0
21.758971270469665,87.87237050915438,0
21.758971270469665,87.88281472030421,0
21.758971270469665,87.89325893145406,0
21.758971270469665,87.9037031426039,0
21.758971270469665,87.91414735375373,0
21.758971270469665,87.92459156490357,0
21.758971270469665,87.93503577605341,0
21.758971270469665,87.94547998720324,0
21.758971270469665,87.95592419835307,0
21.758971270469665,87.96636840950292,0
21.758971270469665,87.97681262065275,0
21.758971270469665,87.9872568318026,0
21.758971270469665,87.99770104295243,0
21.758971270469665,88.00814525410226,0
21.758971270469665,88.0185894652521,0
21.758971270469665,88.02903367640195,0
21.758971270469665,88.03947788755178,0
21.758971270469665,88.04992209870163,0
21.758971270469665,88.06036630985145,0
21.758971270469665,88.07081052100128,0
21.758971270469665,88.08125473215114,0
21.758971270469665,88.09169894330097,0
21.758971270469665,88.1021431544508,0
21.758971270469665,88.11258736560065,0
21.758971270469665,88.12303157675046,0
21.758971270469665,88.13347578790031,0
21.758971270469665,88.14391999905015,0
21.758971270469665,88.15436421019999,0
21.758971270469665,88.16480842134982,0
21.758971270469665,88.17525263249968,0
21.758971270469665,88.1856968436495,0
21.758971270469665,88.19614105479934,0
21.758971270469665,88.20658526594917,0
21.758971270469665,88.217029477099,0
21.758971270469665,88.22747368824885,0
21.758971270469665,88.2379178993987,0
21.758971270469665,88.24836211054851,0
21.758971270469665,88.25880632169836,0
21.758971270469665,88.26925053284819,0
21.758971270469665,88.27969474399804,0
21.758971270469665,88.29013895514788,0
21.750652146279524,87.50368274023528,0
21.750652146279524,87.51412657657117,0
21.750652146279524,87.52457041290705,0
21.750652146279524,87.53501424924295,2752
21.750652146279524,87.54545808557884,0
21.750652146279524,87.55590192191474,0
21.750652146279524,87.5663457582506,0
21.750652146279524,87.5767895945865,0
21.750652146279524,87.58723343092238,0
21.750652146279524,87.59767726725828,0
21.750652146279524,87.60812110359417,0
21.750652146279524,87.61856493993005,0
21.750652146279524,87.62900877626593,0
21.750652146279524,87.63945261260183,0
21.750652146279524,87.64989644893771,0
21.750652146279524,87.6603402852736,0
21.750652146279524,87.6707841216095,0
21.750652146279524,87.68122795794538,0
21.750652146279524,87.69167179428126,0
21.750652146279524,87.70211563061716,0
21.750652146279524,87.71255946695304,0
21.750652146279524,87.72300330328893,0
21.750652146279524,87.73344713962483,0
21.750652146279524,87.7438909759607,0
21.750652146279524,87.75433481229659,0
21.750652146279524,87.76477864863247,0
21.750652146279524,87.77522248496837,0
21.750652146279524,87.78566632130426,0
21.750652146279524,87.79611015764014,0
21.750652146279524,87.80655399397602,0
21.750652146279524,87.81699783031192,0
21.750652146279524,87.8274416666478,0
21.750652146279524,87.8378855029837,0
21.750652146279524,87.84832933931959,0
21.750652146279524,87.85877317565547,0
21.750652146279524,87.86921701199135,0
21.750652146279524,87.87966084832725,0
21.750652146279524,87.89010468466313,0
21.750652146279524,87.90054852099902,0
21.750652146279524,87.91099235733492,0
21.750652146279524,87.9214361936708,0
21.750652146279524,87.93188003000668,0
21.750652146279524,87.94232386634256,0
21.750652146279524,87.95276770267846,0
21.750652146279524,87.96321153901435,0
21.750652146279524,87.97365537535025,0
21.750652146279524,87.98409921168613,0
21.750652146279524,87.99454304802201,0
21.750652146279524,88.00498688435789,0
21.750652146279524,88.01543072069379,0
21.750652146279524,88.02587455702968,0
21.750652146279524,88.03631839336556,0
21.750652146279524,88.04676222970146,0
21.750652146279524,88.05720606603734,0
21.750652146279524,88.06764990237322,0
21.750652146279524,88.07809373870911,0
21.750652146279524,88.08853757504501,0
21.750652146279524,88.09898141138089,0
21.750652146279524,88.10942524771679,250
21.750652146279524,88.11986908405267,0
21.750652146279524,88.13031292038855,0
21.750652146279524,88.14075675672444,0
21.750652146279524,88.15120059306034,2
21.750652146279524,88.16164442939622,296
21.750652146279524,88.17208826573211,0
21.750652146279524,88.18253210206798,0
21.750652146279524,88.19297593840388,0
21.750652146279524,88.20341977473977,0
21.750652146279524,88.21386361107565,0
21.750652146279524,88.22430744741155,0
21.750652146279524,88.23475128374744,0
21.750652146279524,88.24519512008331,0
21.750652146279524,88.2556389564192,0
21.750652146279524,88.2660827927551,0
21.750652146279524,88.27652662909098,0
21.750652146279524,88.28697046542688,0
21.750652146279524,88.29741430176277,0
21.74233320551393,87.50054387782303,0
21.74233320551393,87.51098733952594,0
21.74233320551393,87.52143080122886,0
21.74233320551393,87.53187426293177,0
21.74233320551393,87.54231772463469,0
21.74233320551393,87.55276118633759,0
21.74233320551393,87.5632046480405,0
21.74233320551393,87.57364810974339,0
21.74233320551393,87.58409157144631,0
21.74233320551393,87.59453503314921,0
21.74233320551393,87.60497849485213,0
21.74233320551393,87.61542195655504,0
21.74233320551393,87.62586541825794,0
21.74233320551393,87.63630887996086,0
21.74233320551393,87.64675234166377,0
21.74233320551393,87.65719580336668,0
21.74233320551393,87.66763926506958,0
21.74233320551393,87.6780827267725,0
21.74233320551393,87.6885261884754,0
21.74233320551393,87.69896965017831,0
21.74233320551393,87.70941311188122,0
21.74233320551393,87.71985657358414,0
21.74233320551393,87.73030003528703,0
21.74233320551393,87.74074349698994,0
21.74233320551393,87.75118695869286,0
21.74233320551393,87.76163042039576,0
21.74233320551393,87.77207388209868,0
21.74233320551393,87.78251734380159,0
21.74233320551393,87.7929608055045,0
21.74233320551393,87.80340426720738,0
21.74233320551393,87.8138477289103,0
21.74233320551393,87.82429119061321,0
21.74233320551393,87.83473465231613,0
21.74233320551393,87.84517811401903,0
21.74233320551393,87.85562157572195,0
21.74233320551393,87.86606503742486,0
21.74233320551393,87.87650849912775,0
21.74233320551393,87.88695196083067,0
21.74233320551393,87.89739542253358,0
21.74233320551393,87.9078388842365,0
21.74233320551393,87.9182823459394,0
21.74233320551393,87.92872580764231,0
21.74233320551393,87.93916926934521,0
21.74233320551393,87.94961273104812,0
21.74233320551393,87.96005619275103,0
21.74233320551393,87.97049965445395,0
21.74233320551393,87.98094311615687,0
21.74233320551393,87.99138657785976,0
21.74233320551393,88.00183003956268,0
21.74233320551393,88.01227350126558,0
21.74233320551393,88.02271696296849,0
21.74233320551393,88.0331604246714,0
21.74233320551393,88.04360388637431,0
21.74233320551393,88.0540473480772,0
21.74233320551393,88.06449080978012,0
21.74233320551393,88.07493427148303,0
21.74233320551393,88.08537773318595,0
21.74233320551393,88.09582119488886,192
21.74233320551393,88.10626465659176,0
21.74233320551393,88.11670811829467,0
21.74233320551393,88.12715157999757,0
21.74233320551393,88.1375950417005,0
21.74233320551393,88.1480385034034,0
21.74233320551393,88.15848196510632,0
21.74233320551393,88.16892542680922,0
21.74233320551393,88.17936888851212,0
21.74233320551393,88.18981235021502,0
21.74233320551393,88.20025581191794,0
21.74233320551393,88.21069927362086,0
21.74233320551393,88.22114273532377,0
21.74233320551393,88.23158619702669,0
21.74233320551393,88.24202965872956,0
21.74233320551393,88.25247312043248,0
21.74233320551393,88.26291658213539,0
21.74233320551393,88.27336004383831,0
21.74233320551393,88.28380350554121,0
21.74233320551393,88.29424696724413,0
21.734014448088377,87.50784961848323,0
21.734014448088377,87.5182927057341,0
21.734014448088377,87.52873579298493,0
21.734014448088377,87.5391788802358,0
21.734014448088377,87.54962196748664,0
21.734014448088377,87.56006505473748,0
21.734014448088377,87.57050814198833,0
21.734014448088377,87.58095122923919,0
21.734014448088377,87.59139431649002,0
21.734014448088377,87.60183740374087,0
21.734014448088377,87.61228049099174,0
21.734014448088377,87.62272357824256,0
21.734014448088377,87.63316666549342,0
21.734014448088377,87.64360975274427,0
21.734014448088377,87.65405283999513,0
21.734014448088377,87.66449592724597,0
21.734014448088377,87.67493901449681,0
21.734014448088377,87.68538210174766,0
21.734014448088377,87.6958251889985,0
21.734014448088377,87.70626827624936,0
21.734014448088377,87.71671136350021,0
21.734014448088377,87.72715445075107,0
21.734014448088377,87.73759753800189,0
21.734014448088377,87.74804062525276,0
21.734014448088377,87.7584837125036,0
21.734014448088377,87.76892679975444,0
21.734014448088377,87.7793698870053,0
21.734014448088377,87.78981297425615,76
21.734014448088377,87.80025606150699,0
21.734014448088377,87.81069914875783,0
21.734014448088377,87.8211422360087,0
21.734014448088377,87.83158532325955,0
21.734014448088377,87.84202841051038,0
21.734014448088377,87.85247149776124,0
21.734014448088377,87.86291458501208,0
21.734014448088377,87.87335767226293,0
21.734014448088377,87.88380075951378,0
21.734014448088377,87.89424384676464,0
21.734014448088377,87.90468693401549,0
21.734014448088377,87.91513002126632,0
21.734014448088377,87.92557310851717,0
21.734014448088377,87.93601619576802,0
21.734014448088377,87.94645928301887,0
21.734014448088377,87.95690237026972,0
21.734014448088377,87.96734545752058,0
21.734014448088377,87.97778854477141,0
21.734014448088377,87.98823163202226,0
21.734014448088377,87.99867471927311,0
21.734014448088377,88.00911780652395,0
21.734014448088377,88.01956089377481,0
21.734014448088377,88.03000398102566,0
21.734014448088377,88.04044706827652,0
21.734014448088377,88.05089015552734,0
21.734014448088377,88.0613332427782,0
21.734014448088377,88.07177633002905,0
21.734014448088377,88.08221941727989,0
21.734014448088377,88.09266250453075,0
21.734014448088377,88.1031055917816,0
21.734014448088377,88.11354867903243,0
21.734014448088377,88.12399176628328,0
21.734014448088377,88.13443485353415,0
21.734014448088377,88.144877940785,0
21.734014448088377,88.15532102803584,0
21.734014448088377,88.16576411528669,0
21.734014448088377,88.17620720253753,0
21.734014448088377,88.18665028978837,0
21.734014448088377,88.19709337703922,0
21.734014448088377,88.20753646429009,0
21.734014448088377,88.21797955154094,0
21.734014448088377,88.22842263879178,0
21.734014448088377,88.23886572604262,72
21.734014448088377,88.24930881329347,0
21.734014448088377,88.25975190054432,0
21.734014448088377,88.27019498779516,0
21.734014448088377,88.28063807504603,0
21.734014448088377,88.29108116229688,0
21.725695873918365,87.5047134130023,0
21.725695873918365,87.51515612598196,0
21.725695873918365,87.52559883896161,0
21.725695873918365,87.53604155194127,0
21.725695873918365,87.54648426492092,0
21.725695873918365,87.55692697790056,0
21.725695873918365,87.56736969088021,0
21.725695873918365,87.57781240385987,0
21.725695873918365,87.58825511683952,0
21.725695873918365,87.59869782981919,0
21.725695873918365,87.60914054279885,0
21.725695873918365,87.61958325577848,0
21.725695873918365,87.63002596875815,0
21.725695873918365,87.6404686817378,0
21.725695873918365,87.65091139471745,0
21.725695873918365,87.66135410769711,0
21.725695873918365,87.67179682067676,0
21.725695873918365,87.6822395336564,0
21.725695873918365,87.69268224663605,0
21.725695873918365,87.70312495961572,0
21.725695873918365,87.71356767259537,0
21.725695873918365,87.72401038557503,0
21.725695873918365,87.73445309855467,0
21.725695873918365,87.74489581153432,0
21.725695873918365,87.75533852451397,0
21.725695873918365,87.76578123749363,0
21.725695873918365,87.77622395047328,0
21.725695873918365,87.78666666345293,0
21.725695873918365,87.79710937643259,0
21.725695873918365,87.80755208941224,0
21.725695873918365,87.8179948023919,0
21.725695873918365,87.82843751537155,0
21.725695873918365,87.8388802283512,0
21.725695873918365,87.84932294133087,0
21.725695873918365,87.8597656543105,0
21.725695873918365,87.87020836729016,0
21.725695873918365,87.88065108026981,0
21.725695873918365,87.89109379324947,0
21.725695873918365,87.90153650622912,0
21.725695873918365,87.91197921920877,0
21.725695873918365,87.92242193218843,0
21.725695873918365,87.93286464516808,0
21.725695873918365,87.94330735814773,0
21.725695873918365,87.95375007112739,0
21.725695873918365,87.96419278410704,0
21.725695873918365,87.9746354970867,0
21.725695873918365,87.98507821006633,0
21.725695873918365,87.99552092304599,0
21.725695873918365,88.00596363602564,0
21.725695873918365,88.01640634900531,0
21.725695873918365,88.02684906198496,0
21.725695873918365,88.03729177496461,0
21.725695873918365,88.04773448794425,0
21.725695873918365,88.05817720092391,0
21.725695873918365,88.06861991390356,0
21.725695873918365,88.07906262688321,0
21.725695873918365,88.08950533986288,0
21.725695873918365,88.09994805284254,0
21.725695873918365,88.11039076582217,0
21.725695873918365,88.12083347880183,0
21.725695873918365,88.1312761917815,19
21.725695873918365,88.14171890476115,0
21.725695873918365,88.1521616177408,459
21.725695873918365,88.16260433072046,0
21.725695873918365,88.1730470437001,0
21.725695873918365,88.18348975667975,0
21.725695873918365,88.1939324696594,0
21.725695873918365,88.20437518263905,0
21.725695873918365,88.21481789561871,0
21.725695873918365,88.22526060859836,0
21.725695873918365,88.23570332157801,0
21.725695873918365,88.24614603455767,0
21.725695873918365,88.25658874753732,0
21.725695873918365,88.26703146051698,0
21.725695873918365,88.27747417349663,0
21.725695873918365,88.28791688647628,0
21.71737748291943,87.50157872264269,0
21.71737748291943,87.51202106153197,0
21.71737748291943,87.52246340042124,0
21.71737748291943,87.53290573931051,0
21.71737748291943,87.54334807819978,0
21.71737748291943,87.55379041708905,0
21.71737748291943,87.56423275597832,0
21.71737748291943,87.57467509486759,0
21.71737748291943,87.58511743375686,0
21.71737748291943,87.59555977264614,0
21.71737748291943,87.60600211153542,0
21.71737748291943,87.61644445042467,0
21.71737748291943,87.62688678931394,0
21.71737748291943,87.63732912820322,0
21.71737748291943,87.6477714670925,0
21.71737748291943,87.65821380598176,0
21.71737748291943,87.66865614487104,0
21.71737748291943,87.6790984837603,0
21.71737748291943,87.68954082264956,0
21.71737748291943,87.69998316153884,0
21.71737748291943,87.7104255004281,0
21.71737748291943,87.72086783931738,0
21.71737748291943,87.73131017820664,0
21.71737748291943,87.7417525170959,0
21.71737748291943,87.75219485598518,0
21.71737748291943,87.76263719487446,0
21.71737748291943,87.77307953376373,0
21.71737748291943,87.78352187265301,0
21.71737748291943,87.79396421154226,0
21.71737748291943,87.80440655043154,0
21.71737748291943,87.81484888932081,0
21.71737748291943,87.82529122821008,0
21.71737748291943,87.83573356709935,0
21.71737748291943,87.84617590598863,0
21.71737748291943,87.8566182448779,0
21.71737748291943,87.86706058376716,0
21.71737748291943,87.87750292265643,0
21.71737748291943,87.88794526154571,0
21.71737748291943,87.89838760043499,0
21.71737748291943,87.90882993932426,0
21.71737748291943,87.91927227821351,0
21.71737748291943,87.92971461710279,0
21.71737748291943,87.94015695599207,0
21.71737748291943,87.95059929488134,0
21.71737748291943,87.9610416337706,0
21.71737748291943,87.97148397265988,0
21.71737748291943,87.98192631154915,0
21.71737748291943,87.99236865043842,0
21.71737748291943,88.00281098932768,0
21.71737748291943,88.01325332821696,0
21.71737748291943,88.02369566710622,0
21.71737748291943,88.0341380059955,0
21.71737748291943,88.04458034488476,0
21.71737748291943,88.05502268377403,0
21.71737748291943,88.0654650226633,0
21.71737748291943,88.07590736155258,0
21.71737748291943,88.08634970044184,45
21.71737748291943,88.09679203933112,0
21.71737748291943,88.10723437822038,166
21.71737748291943,88.11767671710966,0
21.71737748291943,88.12811905599892,0
21.71737748291943,88.1385613948882,0
21.71737748291943,88.14900373377748,0
21.71737748291943,88.15944607266675,0
21.71737748291943,88.169888411556,0
21.71737748291943,88.18033075044528,0
21.71737748291943,88.19077308933456,0
21.71737748291943,88.20121542822383,0
21.71737748291943,88.2116577671131,0
21.71737748291943,88.22210010600237,0
21.71737748291943,88.23254244489164,0
21.71737748291943,88.24298478378091,0
21.71737748291943,88.25342712267017,0
21.71737748291943,88.26386946155945,0
21.71737748291943,88.27431180044873,0
21.71737748291943,88.284754139338,0
21.71737748291943,88.29519647822725,0
21.709059275007125,87.49844554696426,0
21.709059275007125,87.50888751194391,0
21.709059275007125,87.51932947692357,0
21.709059275007125,87.52977144190321,0
21.709059275007125,87.54021340688287,0
21.709059275007125,87.5506553718625,0
21.709059275007125,87.56109733684217,0
21.709059275007125,87.5715393018218,0
21.709059275007125,87.58198126680146,0
21.709059275007125,87.59242323178111,0
21.709059275007125,87.60286519676076,0
21.709059275007125,87.6133071617404,0
21.709059275007125,87.62374912672006,0
21.709059275007125,87.63419109169969,0
21.709059275007125,87.64463305667935,0
21.709059275007125,87.655075021659,0
21.709059275007125,87.66551698663865,0
21.709059275007125,87.67595895161828,0
21.709059275007125,87.68640091659793,0
21.709059275007125,87.6968428815776,0
21.709059275007125,87.70728484655723,0
21.709059275007125,87.71772681153689,0
21.709059275007125,87.72816877651653,0
21.709059275007125,87.73861074149617,0
21.709059275007125,87.74905270647582,0
21.709059275007125,87.75949467145549,0
21.709059275007125,87.76993663643513,0
21.709059275007125,87.78037860141478,0
21.709059275007125,87.79082056639442,0
21.709059275007125,87.80126253137408,0
21.709059275007125,87.81170449635371,0
21.709059275007125,87.82214646133338,0
21.709059275007125,87.83258842631302,0
21.709059275007125,87.84303039129269,0
21.709059275007125,87.8534723562723,0
21.709059275007125,87.86391432125197,0
21.709059275007125,87.87435628623162,0
21.709059275007125,87.88479825121127,0
21.709059275007125,87.89524021619091,0
21.709059275007125,87.90568218117056,0
21.709059275007125,87.9161241461502,0
21.709059275007125,87.92656611112984,0
21.709059275007125,87.9370080761095,0
21.709059275007125,87.94745004108916,0
21.709059275007125,87.9578920060688,0
21.709059275007125,87.96833397104845,0
21.709059275007125,87.9787759360281,0
21.709059275007125,87.98921790100773,0
21.709059275007125,87.9996598659874,0
21.709059275007125,88.01010183096705,0
21.709059275007125,88.02054379594671,0
21.709059275007125,88.03098576092634,0
21.709059275007125,88.04142772590599,0
21.709059275007125,88.05186969088564,0
21.709059275007125,88.06231165586529,359
21.709059275007125,88.07275362084494,0
21.709059275007125,88.08319558582458,0
21.709059275007125,88.09363755080423,0
21.709059275007125,88.10407951578388,0
21.709059275007125,88.11452148076353,0
21.709059275007125,88.12496344574318,1653
21.709059275007125,88.13540541072283,0
21.709059275007125,88.14584737570247,0
21.709059275007125,88.15628934068214,0
21.709059275007125,88.16673130566176,0
21.709059275007125,88.17717327064142,0
21.709059275007125,88.18761523562107,0
21.709059275007125,88.19805720060072,0
21.709059275007125,88.20849916558036,0
21.709059275007125,88.21894113056003,0
21.709059275007125,88.22938309553966,0
21.709059275007125,88.23982506051931,0
21.709059275007125,88.25026702549896,0
21.709059275007125,88.26070899047862,0
21.709059275007125,88.27115095545825,0
21.709059275007125,88.28159292043792,0
21.709059275007125,88.29203488541755,0
21.70074125009701,87.50575547677789,0
21.70074125009701,87.51619706802863,0
21.70074125009701,87.52663865927937,0
21.70074125009701,87.53708025053011,0
21.70074125009701,87.54752184178082,0
21.70074125009701,87.55796343303156,0
21.70074125009701,87.5684050242823,0
21.70074125009701,87.57884661553304,0
21.70074125009701,87.58928820678376,0
21.70074125009701,87.5997297980345,0
21.70074125009701,87.61017138928523,0
21.70074125009701,87.62061298053598,0
21.70074125009701,87.6310545717867,0
21.70074125009701,87.64149616303744,0
21.70074125009701,87.65193775428818,0
21.70074125009701,87.66237934553892,0
21.70074125009701,87.67282093678963,0
21.70074125009701,87.68326252804037,0
21.70074125009701,87.69370411929111,0
21.70074125009701,87.70414571054185,0
21.70074125009701,87.71458730179259,0
21.70074125009701,87.7250288930433,0
21.70074125009701,87.73547048429404,0
21.70074125009701,87.74591207554478,0
21.70074125009701,87.75635366679552,0
21.70074125009701,87.76679525804624,0
21.70074125009701,87.77723684929698,0
21.70074125009701,87.78767844054771,0
21.70074125009701,87.79812003179845,0
21.70074125009701,87.80856162304919,0
21.70074125009701,87.81900321429993,0
21.70074125009701,87.82944480555066,0
21.70074125009701,87.8398863968014,0
21.70074125009701,87.85032798805211,0
21.70074125009701,87.86076957930285,0
21.70074125009701,87.8712111705536,0
21.70074125009701,87.88165276180433,0
21.70074125009701,87.89209435305507,0
21.70074125009701,87.9025359443058,0
21.70074125009701,87.91297753555652,0
21.70074125009701,87.92341912680726,0
21.70074125009701,87.933860718058,0
21.70074125009701,87.94430230930872,0
21.70074125009701,87.95474390055946,0
21.70074125009701,87.9651854918102,0
21.70074125009701,87.97562708306093,0
21.70074125009701,87.98606867431165,0
21.70074125009701,87.99651026556239,0
21.70074125009701,88.00695185681313,0
21.70074125009701,88.01739344806387,0
21.70074125009701,88.02783503931461,0
21.70074125009701,88.03827663056533,0
21.70074125009701,88.04871822181607,0
21.70074125009701,88.05915981306681,0
21.70074125009701,88.06960140431755,0
21.70074125009701,88.08004299556828,0
21.70074125009701,88.09048458681902,0
21.70074125009701,88.10092617806974,0
21.70074125009701,88.11136776932048,1539
21.70074125009701,88.1218093605712,0
21.70074125009701,88.13225095182194,0
21.70074125009701,88.14269254307268,0
21.70074125009701,88.15313413432342,0
21.70074125009701,88.16357572557413,0
21.70074125009701,88.17401731682487,0
21.70074125009701,88.18445890807561,0
21.70074125009701,88.19490049932635,0
21.70074125009701,88.20534209057709,0
21.70074125009701,88.21578368182783,0
21.70074125009701,88.22622527307855,0
21.70074125009701,88.2366668643293,0
21.70074125009701,88.24710845558003,0
21.70074125009701,88.25755004683076,0
21.70074125009701,88.2679916380815,0
21.70074125009701,88.27843322933224,0
21.70074125009701,88.28887482058296,0
21.69242340810468,87.50262495559429,0
21.69242340810468,87.51306617329676,0
21.69242340810468,87.52350739099924,0
21.69242340810468,87.53394860870172,0
21.69242340810468,87.54438982640417,0
21.69242340810468,87.55483104410665,0
21.69242340810468,87.56527226180913,0
21.69242340810468,87.5757134795116,0
21.69242340810468,87.5861546972141,0
21.69242340810468,87.59659591491656,0
21.69242340810468,87.60703713261903,0
21.69242340810468,87.6174783503215,0
21.69242340810468,87.62791956802398,0
21.69242340810468,87.63836078572646,0
21.69242340810468,87.64880200342894,0
21.69242340810468,87.65924322113142,0
21.69242340810468,87.66968443883388,0
21.69242340810468,87.68012565653636,0
21.69242340810468,87.69056687423884,0
21.69242340810468,87.70100809194132,0
21.69242340810468,87.71144930964378,0
21.69242340810468,87.72189052734625,0
21.69242340810468,87.73233174504873,0
21.69242340810468,87.74277296275122,0
21.69242340810468,87.7532141804537,0
21.69242340810468,87.76365539815617,0
21.69242340810468,87.77409661585864,0
21.69242340810468,87.7845378335611,0
21.69242340810468,87.79497905126358,0
21.69242340810468,87.80542026896606,0
21.69242340810468,87.81586148666854,0
21.69242340810468,87.82630270437102,0
21.69242340810468,87.8367439220735,0
21.69242340810468,87.84718513977596,0
21.69242340810468,87.85762635747844,0
21.69242340810468,87.86806757518092,0
21.69242340810468,87.8785087928834,0
21.69242340810468,87.88895001058586,0
21.69242340810468,87.89939122828835,0
21.69242340810468,87.90983244599082,0
21.69242340810468,87.9202736636933,0
21.69242340810468,87.93071488139577,0
21.69242340810468,87.94115609909824,0
21.69242340810468,87.95159731680072,0
21.69242340810468,87.9620385345032,0
21.69242340810468,87.97247975220567,0
21.69242340810468,87.98292096990815,0
21.69242340810468,87.99336218761063,0
21.69242340810468,88.00380340531309,0
21.69242340810468,88.01424462301557,0
21.69242340810468,88.02468584071805,0
21.69242340810468,88.03512705842051,0
21.69242340810468,88.04556827612299,0
21.69242340810468,88.05600949382547,0
21.69242340810468,88.06645071152795,0
21.69242340810468,88.07689192923043,0
21.69242340810468,88.0873331469329,0
21.69242340810468,88.09777436463537,0
21.69242340810468,88.10821558233785,0
21.69242340810468,88.11865680004031,0
21.69242340810468,88.12909801774279,0
21.69242340810468,88.13953923544528,0
21.69242340810468,88.14998045314776,0
21.69242340810468,88.16042167085023,0
21.69242340810468,88.17086288855269,0
21.69242340810468,88.18130410625517,0
21.69242340810468,88.19174532395765,0
21.69242340810468,88.20218654166013,0
21.69242340810468,88.2126277593626,0
21.69242340810468,88.22306897706508,0
21.69242340810468,88.23351019476755,0
21.69242340810468,88.24395141247003,0
21.69242340810468,88.2543926301725,0
21.69242340810468,88.26483384787498,0
21.69242340810468,88.27527506557746,0
21.69242340810468,88.28571628327992,0
21.69242340810468,88.2961575009824,0
21.684105748945743,87.49949594795376,0
21.684105748945743,87.50993679228858,0
21.684105748945743,87.52037763662341,0
21.684105748945743,87.53081848095823,0
21.684105748945743,87.54125932529304,0
21.684105748945743,87.55170016962785,0
21.684105748945743,87.56214101396267,0
21.684105748945743,87.5725818582975,0
21.684105748945743,87.58302270263232,0
21.684105748945743,87.59346354696714,0
21.684105748945743,87.60390439130195,0
21.684105748945743,87.61434523563678,0
21.684105748945743,87.6247860799716,0
21.684105748945743,87.63522692430641,76
21.684105748945743,87.64566776864123,0
21.684105748945743,87.65610861297606,0
21.684105748945743,87.66654945731086,0
21.684105748945743,87.67699030164569,0
21.684105748945743,87.68743114598051,0
21.684105748945743,87.69787199031533,0
21.684105748945743,87.70831283465016,0
21.684105748945743,87.71875367898497,0
21.684105748945743,87.72919452331979,0
21.684105748945743,87.73963536765461,0
21.684105748945743,87.75007621198942,0
21.684105748945743,87.76051705632425,0
21.684105748945743,87.77095790065907,0
21.684105748945743,87.78139874499388,0
21.684105748945743,87.7918395893287,0
21.684105748945743,87.80228043366353,0
21.684105748945743,87.81272127799835,0
21.684105748945743,87.82316212233317,0
21.684105748945743,87.83360296666798,0
21.684105748945743,87.84404381100279,0
21.684105748945743,87.85448465533761,0
21.684105748945743,87.86492549967244,0
21.684105748945743,87.87536634400726,0
21.684105748945743,87.88580718834208,0
21.684105748945743,87.89624803267691,0
21.684105748945743,87.90668887701172,0
21.684105748945743,87.91712972134653,0
21.684105748945743,87.92757056568135,0
21.684105748945743,87.93801141001617,0
21.684105748945743,87.94845225435101,0
21.684105748945743,87.95889309868582,0
21.684105748945743,87.96933394302063,0
21.684105748945743,87.97977478735545,0
21.684105748945743,87.99021563169028,0
21.684105748945743,88.00065647602509,0
21.684105748945743,88.01109732035991,0
21.684105748945743,88.02153816469475,0
21.684105748945743,88.03197900902954,0
21.684105748945743,88.04241985336436,0
21.684105748945743,88.05286069769919,0
21.684105748945743,88.06330154203401,0
21.684105748945743,88.07374238636882,0
21.684105748945743,88.08418323070364,0
21.684105748945743,88.09462407503847,0
21.684105748945743,88.10506491937329,0
21.684105748945743,88.1155057637081,0
21.684105748945743,88.12594660804292,0
21.684105748945743,88.13638745237775,0
21.684105748945743,88.14682829671257,0
21.684105748945743,88.15726914104738,0
21.684105748945743,88.1677099853822,0
21.684105748945743,88.17815082971703,0
21.684105748945743,88.18859167405185,0
21.684105748945743,88.19903251838666,0
21.684105748945743,88.20947336272148,0
21.684105748945743,88.21991420705629,0
21.684105748945743,88.23035505139113,0
21.684105748945743,88.24079589572594,0
21.684105748945743,88.25123674006076,0
21.684105748945743,88.26167758439558,0
21.684105748945743,88.27211842873041,0
21.684105748945743,88.2825592730652,0
21.684105748945743,88.29300011740003,0
21.675788272535833,87.50680892456502,0
21.675788272535833,87.51724939571274,0
21.675788272535833,87.52768986686046,0
21.675788272535833,87.53813033800816,0
21.675788272535833,87.54857080915586,0
21.675788272535833,87.5590112803036,372
21.675788272535833,87.5694517514513,0
21.675788272535833,87.57989222259903,0
21.675788272535833,87.59033269374673,0
21.675788272535833,87.60077316489443,0
21.675788272535833,87.61121363604215,0
21.675788272535833,87.62165410718987,0
21.675788272535833,87.63209457833759,0
21.675788272535833,87.6425350494853,0
21.675788272535833,87.65297552063302,0
21.675788272535833,87.66341599178072,0
21.675788272535833,87.67385646292843,0
21.675788272535833,87.68429693407616,0
21.675788272535833,87.69473740522386,0
21.675788272535833,87.7051778763716,0
21.675788272535833,87.7156183475193,0
21.675788272535833,87.726058818667,0
21.675788272535833,87.73649928981473,0
21.675788272535833,87.74693976096243,0
21.675788272535833,87.75738023211017,0
21.675788272535833,87.76782070325787,0
21.675788272535833,87.77826117440559,0
21.675788272535833,87.78870164555329,0
21.675788272535833,87.799142116701,0
21.675788272535833,87.80958258784872,0
21.675788272535833,87.82002305899644,0
21.675788272535833,87.83046353014416,0
21.675788272535833,87.84090400129186,0
21.675788272535833,87.85134447243956,0
21.675788272535833,87.8617849435873,0
21.675788272535833,87.872225414735,0
21.675788272535833,87.88266588588273,0
21.675788272535833,87.89310635703043,0
21.675788272535833,87.90354682817815,0
21.675788272535833,87.91398729932585,0
21.675788272535833,87.92442777047357,0
21.675788272535833,87.93486824162129,0
21.675788272535833,87.945308712769,0
21.675788272535833,87.95574918391672,0
21.675788272535833,87.96618965506443,0
21.675788272535833,87.97663012621214,0
21.675788272535833,87.98707059735986,0
21.675788272535833,87.99751106850758,0
21.675788272535833,88.0079515396553,0
21.675788272535833,88.01839201080301,0
21.675788272535833,88.02883248195072,0
21.675788272535833,88.03927295309843,0
21.675788272535833,88.04971342424614,0
21.675788272535833,88.06015389539387,0
21.675788272535833,88.07059436654157,1182
21.675788272535833,88.0810348376893,0
21.675788272535833,88.09147530883699,0
21.675788272535833,88.10191577998471,0
21.675788272535833,88.11235625113243,0
21.675788272535833,88.12279672228014,0
21.675788272535833,88.13323719342786,0
21.675788272535833,88.14367766457558,0
21.675788272535833,88.15411813572328,0
21.675788272535833,88.164558606871,0
21.675788272535833,88.17499907801871,0
21.675788272535833,88.18543954916643,0
21.675788272535833,88.19588002031415,0
21.675788272535833,88.20632049146187,0
21.675788272535833,88.21676096260957,0
21.675788272535833,88.22720143375727,0
21.675788272535833,88.237641904905,0
21.675788272535833,88.24808237605271,1
21.675788272535833,88.25852284720044,0
21.675788272535833,88.26896331834814,0
21.675788272535833,88.27940378949586,0
21.675788272535833,88.28984426064356,0
21.667470978790583,87.50368256968729,0
21.667470978790583,87.5141226678284,0
21.667470978790583,87.5245627659695,0
21.667470978790583,87.5350028641106,0
21.667470978790583,87.54544296225171,0
21.667470978790583,87.55588306039282,0
21.667470978790583,87.56632315853393,0
21.667470978790583,87.57676325667505,0
21.667470978790583,87.58720335481615,0
21.667470978790583,87.59764345295724,0
21.667470978790583,87.60808355109836,0
21.667470978790583,87.61852364923946,0
21.667470978790583,87.62896374738057,0
21.667470978790583,87.63940384552168,0
21.667470978790583,87.6498439436628,0
21.667470978790583,87.66028404180388,0
21.667470978790583,87.670724139945,0
21.667470978790583,87.68116423808611,0
21.667470978790583,87.69160433622721,0
21.667470978790583,87.70204443436832,0
21.667470978790583,87.71248453250942,0
21.667470978790583,87.72292463065054,0
21.667470978790583,87.73336472879163,0
21.667470978790583,87.74380482693275,0
21.667470978790583,87.75424492507386,0
21.667470978790583,87.76468502321497,0
21.667470978790583,87.77512512135606,0
21.667470978790583,87.78556521949717,0
21.667470978790583,87.79600531763828,0
21.667470978790583,87.80644541577938,0
21.667470978790583,87.8168855139205,0
21.667470978790583,87.82732561206161,0
21.667470978790583,87.8377657102027,0
21.667470978790583,87.8482058083438,0
21.667470978790583,87.85864590648492,0
21.667470978790583,87.86908600462603,0
21.667470978790583,87.87952610276714,0
21.667470978790583,87.88996620090825,0
21.667470978790583,87.90040629904935,0
21.667470978790583,87.91084639719045,0
21.667470978790583,87.92128649533156,0
21.667470978790583,87.93172659347267,0
21.667470978790583,87.94216669161378,0
21.667470978790583,87.9526067897549,0
21.667470978790583,87.96304688789598,0
21.667470978790583,87.97348698603709,0
21.667470978790583,87.9839270841782,0
21.667470978790583,87.99436718231932,0
21.667470978790583,88.00480728046041,0
21.667470978790583,88.01524737860153,0
21.667470978790583,88.02568747674263,0
21.667470978790583,88.03612757488374,0
21.667470978790583,88.04656767302484,0
21.667470978790583,88.05700777116596,0
21.667470978790583,88.06744786930707,0
21.667470978790583,88.07788796744816,0
21.667470978790583,88.08832806558927,0
21.667470978790583,88.09876816373038,0
21.667470978790583,88.10920826187149,3
21.667470978790583,88.11964836001259,0
21.667470978790583,88.13008845815371,306
21.667470978790583,88.14052855629481,0
21.667470978790583,88.1509686544359,0
21.667470978790583,88.16140875257702,0
21.667470978790583,88.17184885071813,0
21.667470978790583,88.18228894885924,0
21.667470978790583,88.19272904700034,0
21.667470978790583,88.20316914514146,0
21.667470978790583,88.21360924328255,0
21.667470978790583,88.22404934142367,0
21.667470978790583,88.23448943956477,0
21.667470978790583,88.24492953770587,0
21.667470978790583,88.25536963584699,0
21.667470978790583,88.2658097339881,0
21.667470978790583,88.2762498321292,0
21.667470978790583,88.2866899302703,0
21.667470978790583,88.29713002841142,0
21.65915386762569,87.50055772721687,0
21.65915386762569,87.51099745253183,0
21.65915386762569,87.52143717784676,0
21.65915386762569,87.5318769031617,0
21.65915386762569,87.54231662847666,0
21.65915386762569,87.55275635379161,0
21.65915386762569,87.56319607910655,0
21.65915386762569,87.5736358044215,0
21.65915386762569,87.58407552973645,0
21.65915386762569,87.59451525505138,0
21.65915386762569,87.60495498036633,0
21.65915386762569,87.61539470568127,0
21.65915386762569,87.62583443099622,0
21.65915386762569,87.63627415631116,0
21.65915386762569,87.64671388162611,0
21.65915386762569,87.65715360694105,0
21.65915386762569,87.667593332256,0
21.65915386762569,87.67803305757096,0
21.65915386762569,87.6884727828859,0
21.65915386762569,87.69891250820085,0
21.65915386762569,87.70935223351577,0
21.65915386762569,87.71979195883073,0
21.65915386762569,87.73023168414566,0
21.65915386762569,87.74067140946062,0
21.65915386762569,87.75111113477557,0
21.65915386762569,87.76155086009052,0
21.65915386762569,87.77199058540546,0
21.65915386762569,87.7824303107204,0
21.65915386762569,87.79287003603535,0
21.65915386762569,87.80330976135029,0
21.65915386762569,87.81374948666524,0
21.65915386762569,87.8241892119802,0
21.65915386762569,87.83462893729512,0
21.65915386762569,87.84506866261007,0
21.65915386762569,87.85550838792501,0
21.65915386762569,87.86594811323997,0
21.65915386762569,87.87638783855492,0
21.65915386762569,87.88682756386987,0
21.65915386762569,87.8972672891848,0
21.65915386762569,87.90770701449975,0
21.65915386762569,87.9181467398147,0
21.65915386762569,87.92858646512964,0
21.65915386762569,87.9390261904446,0
21.65915386762569,87.94946591575953,0
21.65915386762569,87.95990564107447,0
21.65915386762569,87.97034536638942,0
21.65915386762569,87.98078509170438,0
21.65915386762569,87.99122481701933,0
21.65915386762569,88.00166454233427,0
21.65915386762569,88.01210426764922,0
21.65915386762569,88.02254399296415,0
21.65915386762569,88.0329837182791,0
21.65915386762569,88.04342344359404,0
21.65915386762569,88.05386316890899,0
21.65915386762569,88.06430289422393,0
21.65915386762569,88.07474261953888,0
21.65915386762569,88.08518234485383,0
21.65915386762569,88.09562207016877,0
21.65915386762569,88.10606179548373,84
21.65915386762569,88.11650152079866,1282
21.65915386762569,88.12694124611362,0
21.65915386762569,88.13738097142856,443
21.65915386762569,88.1478206967435,0
21.65915386762569,88.15826042205843,0
21.65915386762569,88.16870014737339,0
21.65915386762569,88.17913987268834,0
21.65915386762569,88.18957959800329,0
21.65915386762569,88.20001932331824,0
21.65915386762569,88.21045904863317,0
21.65915386762569,88.22089877394812,0
21.65915386762569,88.23133849926306,0
21.65915386762569,88.24177822457801,0
21.65915386762569,88.25221794989297,0
21.65915386762569,88.2626576752079,0
21.65915386762569,88.27309740052284,0
21.65915386762569,88.2835371258378,0
21.65915386762569,88.29397685115275,2
21.65083693895682,87.50787374938477,0
21.65083693895682,87.51831310205397,0
21.65083693895682,87.52875245472313,0
21.65083693895682,87.53919180739231,0
21.65083693895682,87.54963116006148,0
21.65083693895682,87.56007051273066,0
21.65083693895682,87.57050986539984,0
21.65083693895682,87.58094921806902,0
21.65083693895682,87.5913885707382,0
21.65083693895682,87.60182792340737,0
21.65083693895682,87.61226727607655,0
21.65083693895682,87.62270662874573,0
21.65083693895682,87.63314598141491,0
21.65083693895682,87.6435853340841,0
21.65083693895682,87.65402468675327,0
21.65083693895682,87.66446403942244,0
21.65083693895682,87.67490339209162,0
21.65083693895682,87.6853427447608,0
21.65083693895682,87.69578209742998,0
21.65083693895682,87.70622145009915,0
21.65083693895682,87.71666080276833,0
21.65083693895682,87.72710015543751,0
21.65083693895682,87.73753950810669,0
21.65083693895682,87.74797886077587,0
21.65083693895682,87.75841821344505,0
21.65083693895682,87.7688575661142,0
21.65083693895682,87.7792969187834,0
21.65083693895682,87.78973627145258,0
21.65083693895682,87.80017562412176,0
21.65083693895682,87.81061497679094,0
21.65083693895682,87.82105432946013,0
21.65083693895682,87.83149368212928,0
21.65083693895682,87.84193303479846,0
21.65083693895682,87.85237238746765,0
21.65083693895682,87.86281174013683,0
21.65083693895682,87.87325109280602,0
21.65083693895682,87.8836904454752,0
21.65083693895682,87.89412979814435,0
21.65083693895682,87.90456915081353,0
21.65083693895682,87.91500850348272,0
21.65083693895682,87.9254478561519,0
21.65083693895682,87.93588720882109,0
21.65083693895682,87.94632656149025,0
21.65083693895682,87.95676591415942,0
21.65083693895682,87.9672052668286,0
21.65083693895682,87.97764461949778,0
21.65083693895682,87.98808397216698,0
21.65083693895682,87.99852332483614,0
21.65083693895682,88.00896267750532,0
21.65083693895682,88.01940203017449,0
21.65083693895682,88.02984138284367,0
21.65083693895682,88.04028073551285,0
21.65083693895682,88.05072008818205,0
21.65083693895682,88.06115944085121,0
21.65083693895682,88.0715987935204,0
21.65083693895682,88.08203814618956,328
21.65083693895682,88.09247749885874,0
21.65083693895682,88.10291685152792,114
21.65083693895682,88.1133562041971,353
21.65083693895682,88.12379555686628,0
21.65083693895682,88.13423490953546,0
21.65083693895682,88.14467426220463,0
21.65083693895682,88.15511361487381,0
21.65083693895682,88.16555296754298,0
21.65083693895682,88.17599232021216,0
21.65083693895682,88.18643167288135,0
21.65083693895682,88.19687102555054,0
21.65083693895682,88.2073103782197,0
21.65083693895682,88.21774973088888,311
21.65083693895682,88.22818908355805,0
21.65083693895682,88.23862843622723,0
21.65083693895682,88.24906778889643,0
21.65083693895682,88.2595071415656,0
21.65083693895682,88.26994649423477,0
21.65083693895682,88.28038584690394,0
21.65083693895682,88.29082519957312,0
21.642520192699692,87.5047515579493,0
21.642520192699692,87.51519053815305,0
21.642520192699692,87.5256295183568,0
21.642520192699692,87.53606849856054,0
21.642520192699692,87.5465074787643,0
21.642520192699692,87.55694645896806,0
21.642520192699692,87.5673854391718,0
21.642520192699692,87.57782441937557,0
21.642520192699692,87.5882633995793,0
21.642520192699692,87.59870237978305,0
21.642520192699692,87.60914135998682,0
21.642520192699692,87.61958034019057,0
21.642520192699692,87.63001932039431,0
21.642520192699692,87.64045830059807,0
21.642520192699692,87.65089728080181,0
21.642520192699692,87.66133626100556,0
21.642520192699692,87.67177524120932,0
21.642520192699692,87.68221422141308,0
21.642520192699692,87.69265320161684,0
21.642520192699692,87.70309218182057,0
21.642520192699692,87.71353116202432,0
21.642520192699692,87.72397014222808,0
21.642520192699692,87.73440912243183,0
21.642520192699692,87.74484810263559,0
21.642520192699692,87.75528708283935,0
21.642520192699692,87.76572606304308,0
21.642520192699692,87.77616504324683,0
21.642520192699692,87.7866040234506,0
21.642520192699692,87.79704300365434,0
21.642520192699692,87.8074819838581,0
21.642520192699692,87.81792096406186,0
21.642520192699692,87.82835994426559,0
21.642520192699692,87.83879892446934,0
21.642520192699692,87.8492379046731,0
21.642520192699692,87.85967688487686,0
21.642520192699692,87.8701158650806,0
21.642520192699692,87.88055484528435,0
21.642520192699692,87.89099382548811,0
21.642520192699692,87.90143280569185,0
21.642520192699692,87.9118717858956,0
21.642520192699692,87.92231076609937,0
21.642520192699692,87.93274974630312,0
21.642520192699692,87.94318872650688,0
21.642520192699692,87.95362770671062,0
21.642520192699692,87.96406668691436,0
21.642520192699692,87.97450566711812,0
21.642520192699692,87.98494464732188,0
21.642520192699692,87.99538362752564,0
21.642520192699692,88.00582260772939,0
21.642520192699692,88.01626158793313,0
21.642520192699692,88.02670056813689,0
21.642520192699692,88.03713954834063,0
21.642520192699692,88.04757852854438,0
21.642520192699692,88.05801750874815,0
21.642520192699692,88.0684564889519,0
21.642520192699692,88.07889546915563,1
21.642520192699692,88.0893344493594,0
21.642520192699692,88.09977342956314,123
21.642520192699692,88.1102124097669,0
21.642520192699692,88.12065138997065,3
21.642520192699692,88.1310903701744,0
21.642520192699692,88.14152935037815,0
21.642520192699692,88.1519683305819,0
21.642520192699692,88.16240731078565,0
21.642520192699692,88.17284629098941,0
21.642520192699692,88.18328527119316,0
21.642520192699692,88.19372425139693,0
21.642520192699692,88.20416323160066,0
21.642520192699692,88.2146022118044,0
21.642520192699692,88.22504119200816,0
21.642520192699692,88.23548017221192,0
21.642520192699692,88.24591915241567,0
21.642520192699692,88.25635813261943,0
21.642520192699692,88.26679711282317,0
21.642520192699692,88.27723609302693,0
21.642520192699692,88.28767507323067,0
21.642520192699692,88.29811405343443,0
21.634203628770038,87.50163087778769,0
21.634203628770038,87.5120694857063,0
21.634203628770038,87.52250809362491,0
21.634203628770038,87.53294670154352,0
21.634203628770038,87.54338530946215,0
21.634203628770038,87.55382391738077,0
21.634203628770038,87.56426252529938,0
21.634203628770038,87.574701133218,0
21.634203628770038,87.5851397411366,0
21.634203628770038,87.59557834905522,0
21.634203628770038,87.60601695697383,0
21.634203628770038,87.61645556489246,0
21.634203628770038,87.62689417281108,0
21.634203628770038,87.6373327807297,0
21.634203628770038,87.6477713886483,0
21.634203628770038,87.65820999656691,0
21.634203628770038,87.66864860448553,0
21.634203628770038,87.67908721240414,0
21.634203628770038,87.68952582032277,0
21.634203628770038,87.69996442824137,0
21.634203628770038,87.71040303615999,0
21.634203628770038,87.7208416440786,0
21.634203628770038,87.73128025199722,0
21.634203628770038,87.74171885991584,0
21.634203628770038,87.75215746783445,0
21.634203628770038,87.76259607575305,0
21.634203628770038,87.77303468367168,0
21.634203628770038,87.7834732915903,0
21.634203628770038,87.79391189950891,0
21.634203628770038,87.80435050742753,0
21.634203628770038,87.81478911534613,0
21.634203628770038,87.82522772326475,0
21.634203628770038,87.83566633118336,0
21.634203628770038,87.84610493910198,0
21.634203628770038,87.85654354702059,0
21.634203628770038,87.86698215493921,0
21.634203628770038,87.87742076285782,0
21.634203628770038,87.88785937077643,0
21.634203628770038,87.89829797869504,0
21.634203628770038,87.90873658661366,0
21.634203628770038,87.91917519453229,0
21.634203628770038,87.9296138024509,0
21.634203628770038,87.94005241036952,0
21.634203628770038,87.95049101828812,0
21.634203628770038,87.96092962620673,0
21.634203628770038,87.97136823412535,0
21.634203628770038,87.98180684204397,0
21.634203628770038,87.9922454499626,0
21.634203628770038,88.00268405788121,0
21.634203628770038,88.01312266579981,0
21.634203628770038,88.02356127371843,0
21.634203628770038,88.03399988163704,0
21.634203628770038,88.04443848955566,0
21.634203628770038,88.05487709747428,0
21.634203628770038,88.0653157053929,0
21.634203628770038,88.0757543133115,0
21.634203628770038,88.08619292123012,0
21.634203628770038,88.09663152914874,0
21.634203628770038,88.10707013706735,0
21.634203628770038,88.11750874498597,404
21.634203628770038,88.12794735290458,0
21.634203628770038,88.13838596082319,0
21.634203628770038,88.1488245687418,0
21.634203628770038,88.15926317666042,0
21.634203628770038,88.16970178457903,0
21.634203628770038,88.18014039249765,0
21.634203628770038,88.19057900041626,0
21.634203628770038,88.20101760833487,0
21.634203628770038,88.21145621625348,0
21.634203628770038,88.22189482417211,0
21.634203628770038,88.23233343209073,0
21.634203628770038,88.24277204000934,0
21.634203628770038,88.25321064792796,0
21.634203628770038,88.26364925584656,0
21.634203628770038,88.27408786376517,0
21.634203628770038,88.28452647168379,0
21.634203628770038,88.29496507960242,0
21.6258872470836,87.49851170846263,2962
21.6258872470836,87.50894994427635,954
21.6258872470836,87.51938818009005,0
21.6258872470836,87.52982641590377,0
21.6258872470836,87.5402646517175,0
21.6258872470836,87.5507028875312,0
21.6258872470836,87.56114112334492,0
21.6258872470836,87.57157935915863,0
21.6258872470836,87.58201759497234,0
21.6258872470836,87.59245583078605,0
21.6258872470836,87.60289406659977,0
21.6258872470836,87.6133323024135,0
21.6258872470836,87.6237705382272,0
21.6258872470836,87.63420877404093,0
21.6258872470836,87.64464700985462,0
21.6258872470836,87.65508524566835,0
21.6258872470836,87.66552348148205,0
21.6258872470836,87.67596171729578,0
21.6258872470836,87.6863999531095,0
21.6258872470836,87.6968381889232,0
21.6258872470836,87.70727642473692,0
21.6258872470836,87.71771466055063,0
21.6258872470836,87.72815289636435,0
21.6258872470836,87.73859113217806,0
21.6258872470836,87.74902936799178,0
21.6258872470836,87.75946760380549,0
21.6258872470836,87.7699058396192,0
21.6258872470836,87.78034407543292,0
21.6258872470836,87.79078231124663,0
21.6258872470836,87.80122054706035,0
21.6258872470836,87.81165878287408,0
21.6258872470836,87.82209701868777,0
21.6258872470836,87.8325352545015,0
21.6258872470836,87.8429734903152,0
21.6258872470836,87.85341172612893,0
21.6258872470836,87.86384996194263,0
21.6258872470836,87.87428819775636,0
21.6258872470836,87.88472643357007,0
21.6258872470836,87.89516466938377,0
21.6258872470836,87.9056029051975,0
21.6258872470836,87.9160411410112,0
21.6258872470836,87.92647937682493,0
21.6258872470836,87.93691761263864,0
21.6258872470836,87.94735584845235,0
21.6258872470836,87.95779408426607,0
21.6258872470836,87.96823232007978,0
21.6258872470836,87.9786705558935,0
21.6258872470836,87.98910879170721,0
21.6258872470836,87.99954702752093,0
21.6258872470836,88.00998526333464,0
21.6258872470836,88.02042349914835,0
21.6258872470836,88.03086173496207,0
21.6258872470836,88.04129997077578,0
21.6258872470836,88.0517382065895,0
21.6258872470836,88.06217644240321,0
21.6258872470836,88.07261467821692,0
21.6258872470836,88.08305291403065,0
21.6258872470836,88.09349114984435,0
21.6258872470836,88.10392938565808,0
21.6258872470836,88.11436762147179,0
21.6258872470836,88.12480585728551,0
21.6258872470836,88.13524409309922,0
21.6258872470836,88.14568232891293,0
21.6258872470836,88.15612056472665,0
21.6258872470836,88.16655880054036,0
21.6258872470836,88.17699703635408,0
21.6258872470836,88.18743527216779,0
21.6258872470836,88.1978735079815,0
21.6258872470836,88.20831174379522,0
21.6258872470836,88.21874997960893,0
21.6258872470836,88.22918821542265,0
21.6258872470836,88.23962645123636,0
21.6258872470836,88.25006468705008,0
21.6258872470836,88.26050292286378,0
21.6258872470836,88.2709411586775,0
21.6258872470836,88.28137939449122,0
21.6258872470836,88.29181763030493,0
21.61757104755615,87.50583191342598,0
21.61757104755615,87.51626977731496,0
21.61757104755615,87.52670764120396,0
21.61757104755615,87.53714550509295,0
21.61757104755615,87.54758336898196,0
21.61757104755615,87.55802123287096,0
21.61757104755615,87.56845909675997,0
21.61757104755615,87.57889696064896,0
21.61757104755615,87.58933482453796,0
21.61757104755615,87.59977268842697,0
21.61757104755615,87.61021055231595,0
21.61757104755615,87.62064841620496,0
21.61757104755615,87.63108628009395,0
21.61757104755615,87.64152414398295,0
21.61757104755615,87.65196200787196,0
21.61757104755615,87.66239987176095,0
21.61757104755615,87.67283773564996,0
21.61757104755615,87.68327559953896,0
21.61757104755615,87.69371346342794,0
21.61757104755615,87.70415132731694,0
21.61757104755615,87.71458919120595,0
21.61757104755615,87.72502705509496,0
21.61757104755615,87.73546491898395,0
21.61757104755615,87.74590278287296,0
21.61757104755615,87.75634064676194,0
21.61757104755615,87.76677851065095,0
21.61757104755615,87.77721637453993,0
21.61757104755615,87.78765423842894,0
21.61757104755615,87.79809210231794,0
21.61757104755615,87.80852996620695,0
21.61757104755615,87.81896783009594,0
21.61757104755615,87.82940569398494,0
21.61757104755615,87.83984355787395,0
21.61757104755615,87.85028142176294,0
21.61757104755615,87.86071928565195,0
21.61757104755615,87.87115714954093,0
21.61757104755615,87.88159501342993,0
21.61757104755615,87.89203287731894,0
21.61757104755615,87.90247074120794,0
21.61757104755615,87.91290860509694,0
21.61757104755615,87.92334646898594,0
21.61757104755615,87.93378433287495,0
21.61757104755615,87.94422219676392,0
21.61757104755615,87.95466006065293,0
21.61757104755615,87.96509792454194,0
21.61757104755615,87.97553578843093,0
21.61757104755615,87.98597365231994,0
21.61757104755615,87.99641151620894,0
21.61757104755615,88.00684938009793,0
21.61757104755615,88.01728724398693,0
21.61757104755615,88.02772510787592,0
21.61757104755615,88.03816297176493,0
21.61757104755615,88.04860083565393,0
21.61757104755615,88.05903869954294,0
21.61757104755615,88.06947656343192,0
21.61757104755615,88.07991442732093,0
21.61757104755615,88.09035229120992,0
21.61757104755615,88.10079015509893,0
21.61757104755615,88.11122801898793,0
21.61757104755615,88.12166588287693,0
21.61757104755615,88.13210374676592,0
21.61757104755615,88.14254161065492,0
21.61757104755615,88.15297947454393,0
21.61757104755615,88.16341733843292,0
21.61757104755615,88.17385520232193,0
21.61757104755615,88.18429306621093,0
21.61757104755615,88.19473093009991,0
21.61757104755615,88.20516879398892,0
21.61757104755615,88.21560665787791,0
21.61757104755615,88.22604452176692,0
21.61757104755615,88.23648238565592,0
21.61757104755615,88.24692024954493,0
21.61757104755615,88.25735811343391,0
21.61757104755615,88.26779597732292,0
21.61757104755615,88.27823384121191,0
21.61757104755615,88.28867170510091,0
21.609255030103483,87.50271539271837,0
21.609255030103483,87.51315288486279,0
21.609255030103483,87.52359037700721,0
21.609255030103483,87.53402786915163,0
21.609255030103483,87.54446536129605,0
21.609255030103483,87.55490285344047,0
21.609255030103483,87.56534034558489,0
21.609255030103483,87.57577783772929,0
21.609255030103483,87.58621532987371,0
21.609255030103483,87.59665282201813,0
21.609255030103483,87.60709031416255,0
21.609255030103483,87.61752780630697,0
21.609255030103483,87.62796529845139,0
21.609255030103483,87.63840279059579,0
21.609255030103483,87.64884028274021,0
21.609255030103483,87.65927777488463,0
21.609255030103483,87.66971526702905,0
21.609255030103483,87.68015275917348,0
21.609255030103483,87.69059025131787,0
21.609255030103483,87.70102774346229,0
21.609255030103483,87.71146523560671,0
21.609255030103483,87.72190272775113,0
21.609255030103483,87.73234021989555,0
21.609255030103483,87.74277771203997,0
21.609255030103483,87.75321520418437,0
21.609255030103483,87.76365269632879,0
21.609255030103483,87.77409018847321,0
21.609255030103483,87.78452768061763,0
21.609255030103483,87.79496517276205,0
21.609255030103483,87.80540266490647,0
21.609255030103483,87.81584015705087,0
21.609255030103483,87.8262776491953,0
21.609255030103483,87.83671514133971,0
21.609255030103483,87.84715263348413,0
21.609255030103483,87.85759012562856,0
21.609255030103483,87.86802761777297,0
21.609255030103483,87.87846510991737,0
21.609255030103483,87.8889026020618,0
21.609255030103483,87.89934009420621,0
21.609255030103483,87.90977758635063,0
21.609255030103483,87.92021507849506,0
21.609255030103483,87.93065257063947,0
21.609255030103483,87.94109006278389,0
21.609255030103483,87.95152755492829,0
21.609255030103483,87.96196504707271,0
21.609255030103483,87.97240253921714,0
21.609255030103483,87.98284003136155,0
21.609255030103483,87.99327752350597,0
21.609255030103483,88.00371501565039,0
21.609255030103483,88.01415250779479,0
21.609255030103483,88.02458999993921,0
21.609255030103483,88.03502749208364,0
21.609255030103483,88.04546498422805,0
21.609255030103483,88.05590247637247,0
21.609255030103483,88.06633996851689,0
21.609255030103483,88.07677746066129,0
21.609255030103483,88.08721495280572,0
21.609255030103483,88.09765244495014,0
21.609255030103483,88.10808993709455,0
21.609255030103483,88.11852742923898,0
21.609255030103483,88.12896492138339,0
21.609255030103483,88.13940241352779,0
21.609255030103483,88.14983990567222,0
21.609255030103483,88.16027739781664,0
21.609255030103483,88.17071488996105,0
21.609255030103483,88.18115238210548,0
21.609255030103483,88.19158987424989,0
21.609255030103483,88.2020273663943,0
21.609255030103483,88.21246485853872,0
21.609255030103483,88.22290235068314,0
21.609255030103483,88.23333984282756,0
21.609255030103483,88.24377733497198,0
21.609255030103483,88.25421482711637,0
21.609255030103483,88.2646523192608,0
21.609255030103483,88.27508981140522,0
21.609255030103483,88.28552730354963,0
21.609255030103483,88.29596479569406,0
21.600939194641402,87.49960038171699,0
21.600939194641402,87.5100375022969,0
21.600939194641402,87.5204746228768,0
21.600939194641402,87.53091174345673,0
21.600939194641402,87.54134886403665,0
21.600939194641402,87.55178598461656,0
21.600939194641402,87.56222310519648,0
21.600939194641402,87.57266022577637,0
21.600939194641402,87.5830973463563,0
21.600939194641402,87.59353446693622,0
21.600939194641402,87.60397158751613,0
21.600939194641402,87.61440870809605,0
21.600939194641402,87.62484582867597,0
21.600939194641402,87.63528294925587,0
21.600939194641402,87.64572006983579,0
21.600939194641402,87.6561571904157,0
21.600939194641402,87.66659431099562,0
21.600939194641402,87.67703143157554,0
21.600939194641402,87.68746855215544,0
21.600939194641402,87.69790567273536,0
21.600939194641402,87.70834279331528,0
21.600939194641402,87.71877991389519,0
21.600939194641402,87.72921703447511,0
21.600939194641402,87.73965415505504,0
21.600939194641402,87.75009127563494,0
21.600939194641402,87.76052839621485,0
21.600939194641402,87.77096551679476,0
21.600939194641402,87.78140263737468,0
21.600939194641402,87.7918397579546,0
21.600939194641402,87.80227687853451,0
21.600939194641402,87.81271399911442,0
21.600939194641402,87.82315111969433,0
21.600939194641402,87.83358824027427,0
21.600939194641402,87.84402536085418,0
21.600939194641402,87.85446248143408,0
21.600939194641402,87.86489960201402,0
21.600939194641402,87.87533672259391,0
21.600939194641402,87.88577384317384,0
21.600939194641402,87.89621096375375,0
21.600939194641402,87.90664808433365,0
21.600939194641402,87.91708520491359,0
21.600939194641402,87.9275223254935,0
21.600939194641402,87.9379594460734,0
21.600939194641402,87.94839656665332,0
21.600939194641402,87.95883368723324,0
21.600939194641402,87.96927080781316,0
21.600939194641402,87.97970792839307,0
21.600939194641402,87.99014504897299,0
21.600939194641402,88.0005821695529,0
21.600939194641402,88.01101929013281,0
21.600939194641402,88.02145641071273,0
21.600939194641402,88.03189353129265,0
21.600939194641402,88.04233065187256,0
21.600939194641402,88.05276777245248,0
21.600939194641402,88.06320489303238,0
21.600939194641402,88.0736420136123,0
21.600939194641402,88.08407913419222,0
21.600939194641402,88.09451625477213,0
21.600939194641402,88.10495337535205,0
21.600939194641402,88.11539049593198,0
21.600939194641402,88.12582761651187,0
21.600939194641402,88.13626473709179,0
21.600939194641402,88.1467018576717,0
21.600939194641402,88.15713897825164,0
21.600939194641402,88.16757609883155,0
21.600939194641402,88.17801321941145,0
21.600939194641402,88.18845033999136,0
21.600939194641402,88.19888746057127,0
21.600939194641402,88.20932458115121,0
21.600939194641402,88.21976170173112,0
21.600939194641402,88.23019882231102,0
21.600939194641402,88.24063594289096,0
21.600939194641402,88.25107306347086,0
21.600939194641402,88.26151018405078,0
21.600939194641402,88.27194730463069,0
21.600939194641402,88.28238442521061,0
21.600939194641402,88.29282154579053,0
21.592623541085743,87.50692362918099,0
21.592623541085743,87.51736037837644,0
21.592623541085743,87.52779712757187,0
21.592623541085743,87.53823387676732,0
21.592623541085743,87.54867062596276,0
21.592623541085743,87.5591073751582,0
21.592623541085743,87.56954412435364,0
21.592623541085743,87.57998087354909,0
21.592623541085743,87.59041762274454,0
21.592623541085743,87.60085437193997,0
21.592623541085743,87.61129112113542,0
21.592623541085743,87.62172787033086,0
21.592623541085743,87.63216461952629,0
21.592623541085743,87.64260136872173,0
21.592623541085743,87.65303811791718,0
21.592623541085743,87.66347486711263,0
21.592623541085743,87.67391161630806,0
21.592623541085743,87.6843483655035,0
21.592623541085743,87.69478511469893,0
21.592623541085743,87.70522186389438,0
21.592623541085743,87.71565861308983,0
21.592623541085743,87.72609536228528,0
21.592623541085743,87.73653211148073,0
21.592623541085743,87.74696886067615,0
21.592623541085743,87.7574056098716,0
21.592623541085743,87.76784235906703,0
21.592623541085743,87.77827910826248,0
21.592623541085743,87.78871585745792,0
21.592623541085743,87.79915260665337,0
21.592623541085743,87.80958935584879,0
21.592623541085743,87.82002610504424,0
21.592623541085743,87.83046285423968,0
21.592623541085743,87.84089960343512,0
21.592623541085743,87.85133635263057,0
21.592623541085743,87.86177310182602,0
21.592623541085743,87.87220985102145,0
21.592623541085743,87.8826466002169,0
21.592623541085743,87.89308334941234,0
21.592623541085743,87.90352009860779,0
21.592623541085743,87.91395684780322,0
21.592623541085743,87.92439359699867,0
21.592623541085743,87.93483034619409,0
21.592623541085743,87.94526709538954,0
21.592623541085743,87.95570384458499,0
21.592623541085743,87.96614059378042,0
21.592623541085743,87.97657734297587,0
21.592623541085743,87.98701409217131,0
21.592623541085743,87.99745084136676,0
21.592623541085743,88.00788759056219,0
21.592623541085743,88.01832433975764,0
21.592623541085743,88.02876108895309,0
21.592623541085743,88.03919783814852,0
21.592623541085743,88.04963458734397,0
21.592623541085743,88.0600713365394,0
21.592623541085743,88.07050808573484,0
21.592623541085743,88.08094483493028,0
21.592623541085743,88.09138158412573,0
21.592623541085743,88.10181833332118,0
21.592623541085743,88.11225508251661,0
21.592623541085743,88.12269183171205,0
21.592623541085743,88.1331285809075,0
21.592623541085743,88.14356533010294,0
21.592623541085743,88.15400207929838,0
21.592623541085743,88.16443882849383,0
21.592623541085743,88.17487557768928,0
21.592623541085743,88.1853123268847,0
21.592623541085743,88.19574907608015,0
21.592623541085743,88.20618582527558,0
21.592623541085743,88.21662257447103,0
21.592623541085743,88.22705932366647,0
21.592623541085743,88.23749607286192,0
21.592623541085743,88.24793282205735,0
21.592623541085743,88.25836957125279,0
21.592623541085743,88.26880632044825,0
21.592623541085743,88.27924306964368,0
21.592623541085743,88.28967981883913,0
21.584308069352343,87.50381126507904,0
21.584308069352343,87.51424764307,0
21.584308069352343,87.52468402106093,0
21.584308069352343,87.53512039905189,0
21.584308069352343,87.54555677704282,0
21.584308069352343,87.55599315503378,0
21.584308069352343,87.5664295330247,0
21.584308069352343,87.57686591101566,0
21.584308069352343,87.5873022890066,0
21.584308069352343,87.59773866699756,0
21.584308069352343,87.60817504498851,0
21.584308069352343,87.61861142297944,0
21.584308069352343,87.62904780097037,0
21.584308069352343,87.63948417896133,0
21.584308069352343,87.64992055695228,0
21.584308069352343,87.66035693494322,0
21.584308069352343,87.67079331293418,0
21.584308069352343,87.68122969092511,0
21.584308069352343,87.69166606891605,0
21.584308069352343,87.70210244690699,0
21.584308069352343,87.71253882489795,0
21.584308069352343,87.72297520288889,0
21.584308069352343,87.73341158087985,0
21.584308069352343,87.74384795887077,0
21.584308069352343,87.75428433686173,0
21.584308069352343,87.76472071485267,0
21.584308069352343,87.77515709284361,0
21.584308069352343,87.78559347083456,0
21.584308069352343,87.79602984882551,0
21.584308069352343,87.80646622681644,0
21.584308069352343,87.8169026048074,0
21.584308069352343,87.82733898279835,0
21.584308069352343,87.83777536078928,0
21.584308069352343,87.84821173878024,0
21.584308069352343,87.85864811677118,0
21.584308069352343,87.86908449476212,0
21.584308069352343,87.87952087275306,0
21.584308069352343,87.88995725074402,0
21.584308069352343,87.90039362873496,0
21.584308069352343,87.9108300067259,0
21.584308069352343,87.92126638471684,0
21.584308069352343,87.93170276270779,0
21.584308069352343,87.94213914069873,0
21.584308069352343,87.95257551868968,0
21.584308069352343,87.96301189668063,0
21.584308069352343,87.97344827467158,0
21.584308069352343,87.98388465266252,0
21.584308069352343,87.99432103065345,0
21.584308069352343,88.00475740864441,0
21.584308069352343,88.01519378663535,0
21.584308069352343,88.0256301646263,0
21.584308069352343,88.03606654261725,0
21.584308069352343,88.0465029206082,0
21.584308069352343,88.05693929859913,0
21.584308069352343,88.06737567659007,0
21.584308069352343,88.07781205458102,0
21.584308069352343,88.08824843257197,0
21.584308069352343,88.09868481056292,0
21.584308069352343,88.10912118855387,0
21.584308069352343,88.1195575665448,0
21.584308069352343,88.12999394453574,0
21.584308069352343,88.14043032252668,0
21.584308069352343,88.15086670051764,0
21.584308069352343,88.1613030785086,0
21.584308069352343,88.17173945649954,0
21.584308069352343,88.18217583449048,0
21.584308069352343,88.19261221248142,0
21.584308069352343,88.20304859047236,0
21.584308069352343,88.2134849684633,0
21.584308069352343,88.22392134645426,0
21.584308069352343,88.2343577244452,0
21.584308069352343,88.24479410243615,0
21.584308069352343,88.25523048042709,0
21.584308069352343,88.26566685841804,0
21.584308069352343,88.27610323640897,821
21.584308069352343,88.28653961439993,0
21.584308069352343,88.29697599239086,0
21.57599277935708,87.50070040955532,0
21.57599277935708,87.5111364165217,0
21.57599277935708,87.52157242348808,0
21.57599277935708,87.53200843045445,0
21.57599277935708,87.54244443742083,0
21.57599277935708,87.5528804443872,0
21.57599277935708,87.56331645135356,0
21.57599277935708,87.57375245831994,0
21.57599277935708,87.58418846528632,0
21.57599277935708,87.59462447225269,0
21.57599277935708,87.60506047921906,0
21.57599277935708,87.61549648618544,0
21.57599277935708,87.6259324931518,0
21.57599277935708,87.63636850011818,0
21.57599277935708,87.64680450708455,0
21.57599277935708,87.65724051405093,0
21.57599277935708,87.6676765210173,0
21.57599277935708,87.67811252798366,0
21.57599277935708,87.68854853495003,0
21.57599277935708,87.69898454191642,0
21.57599277935708,87.70942054888279,0
21.57599277935708,87.71985655584916,0
21.57599277935708,87.73029256281554,0
21.57599277935708,87.7407285697819,0
21.57599277935708,87.75116457674827,0
21.57599277935708,87.76160058371465,0
21.57599277935708,87.77203659068104,0
21.57599277935708,87.78247259764741,0
21.57599277935708,87.79290860461379,0
21.57599277935708,87.80334461158014,0
21.57599277935708,87.81378061854652,0
21.57599277935708,87.82421662551289,0
21.57599277935708,87.83465263247928,0
21.57599277935708,87.84508863944565,0
21.57599277935708,87.85552464641202,0
21.57599277935708,87.86596065337838,0
21.57599277935708,87.87639666034475,0
21.57599277935708,87.88683266731113,0
21.57599277935708,87.8972686742775,0
21.57599277935708,87.90770468124389,0
21.57599277935708,87.91814068821026,0
21.57599277935708,87.92857669517662,0
21.57599277935708,87.93901270214299,0
21.57599277935708,87.94944870910936,0
21.57599277935708,87.95988471607573,0
21.57599277935708,87.97032072304212,0
21.57599277935708,87.9807567300085,0
21.57599277935708,87.99119273697485,0
21.57599277935708,88.00162874394123,0
21.57599277935708,88.0120647509076,0
21.57599277935708,88.02250075787398,0
21.57599277935708,88.03293676484036,0
21.57599277935708,88.04337277180674,0
21.57599277935708,88.0538087787731,0
21.57599277935708,88.06424478573948,0
21.57599277935708,88.07468079270585,0
21.57599277935708,88.08511679967222,0
21.57599277935708,88.0955528066386,0
21.57599277935708,88.10598881360498,0
21.57599277935708,88.11642482057134,0
21.57599277935708,88.12686082753771,0
21.57599277935708,88.13729683450408,0
21.57599277935708,88.14773284147046,0
21.57599277935708,88.15816884843683,0
21.57599277935708,88.16860485540322,0
21.57599277935708,88.17904086236958,0
21.57599277935708,88.18947686933595,0
21.57599277935708,88.19991287630232,0
21.57599277935708,88.2103488832687,0
21.57599277935708,88.22078489023507,0
21.57599277935708,88.23122089720145,0
21.57599277935708,88.24165690416781,0
21.57599277935708,88.25209291113418,0
21.57599277935708,88.26252891810056,0
21.57599277935708,88.27296492506694,0
21.57599277935708,88.28340093203332,0
21.57599277935708,88.29383693899968,0
21.567677671015844,87.50802669829606,0
21.567677671015844,87.51846233441775,0
21.567677671015844,87.52889797053942,0
21.567677671015844,87.53933360666109,0
21.567677671015844,87.54976924278277,0
21.567677671015844,87.56020487890443,0
21.567677671015844,87.57064051502611,0
21.567677671015844,87.58107615114778,0
21.567677671015844,87.59151178726947,0
21.567677671015844,87.60194742339114,0
21.567677671015844,87.61238305951281,0
21.567677671015844,87.62281869563448,0
21.567677671015844,87.63325433175615,0
21.567677671015844,87.64368996787783,0
21.567677671015844,87.6541256039995,0
21.567677671015844,87.66456124012117,0
21.567677671015844,87.67499687624284,0
21.567677671015844,87.68543251236451,0
21.567677671015844,87.6958681484862,0
21.567677671015844,87.70630378460787,0
21.567677671015844,87.71673942072955,0
21.567677671015844,87.72717505685124,0
21.567677671015844,87.73761069297288,0
21.567677671015844,87.74804632909458,0
21.567677671015844,87.75848196521625,0
21.567677671015844,87.76891760133792,0
21.567677671015844,87.7793532374596,0
21.567677671015844,87.78978887358127,0
21.567677671015844,87.80022450970294,0
21.567677671015844,87.81066014582461,0
21.567677671015844,87.82109578194628,0
21.567677671015844,87.83153141806797,0
21.567677671015844,87.84196705418964,0
21.567677671015844,87.85240269031132,0
21.567677671015844,87.86283832643298,0
21.567677671015844,87.87327396255465,0
21.567677671015844,87.88370959867633,0
21.567677671015844,87.894145234798,0
21.567677671015844,87.90458087091969,0
21.567677671015844,87.91501650704136,0
21.567677671015844,87.92545214316301,0
21.567677671015844,87.9358877792847,0
21.567677671015844,87.94632341540637,0
21.567677671015844,87.95675905152805,0
21.567677671015844,87.96719468764972,0
21.567677671015844,87.9776303237714,0
21.567677671015844,87.98806595989306,0
21.567677671015844,87.99850159601473,0
21.567677671015844,88.00893723213642,0
21.567677671015844,88.01937286825809,0
21.567677671015844,88.02980850437976,0
21.567677671015844,88.04024414050144,0
21.567677671015844,88.0506797766231,0
21.567677671015844,88.06111541274478,0
21.567677671015844,88.07155104886645,0
21.567677671015844,88.08198668498812,0
21.567677671015844,88.09242232110981,0
21.567677671015844,88.10285795723148,0
21.567677671015844,88.11329359335315,0
21.567677671015844,88.12372922947482,0
21.567677671015844,88.1341648655965,0
21.567677671015844,88.14460050171817,0
21.567677671015844,88.15503613783986,0
21.567677671015844,88.16547177396154,0
21.567677671015844,88.17590741008318,0
21.567677671015844,88.18634304620487,0
21.567677671015844,88.19677868232655,0
21.567677671015844,88.20721431844822,0
21.567677671015844,88.21764995456991,0
21.567677671015844,88.22808559069158,0
21.567677671015844,88.23852122681325,0
21.567677671015844,88.24895686293492,0
21.567677671015844,88.25939249905659,0
21.567677671015844,88.26982813517827,0
21.567677671015844,88.28026377129994,0
21.567677671015844,88.29069940742161,0
21.559362744244527,87.5049184879579,0
21.559362744244527,87.51535375341469,0
21.559362744244527,87.52578901887148,0
21.559362744244527,87.53622428432828,0
21.559362744244527,87.54665954978508,0
21.559362744244527,87.55709481524187,0
21.559362744244527,87.56753008069866,0
21.559362744244527,87.57796534615545,0
21.559362744244527,87.58840061161226,0
21.559362744244527,87.59883587706905,0
21.559362744244527,87.60927114252586,0
21.559362744244527,87.61970640798263,0
21.559362744244527,87.63014167343943,0
21.559362744244527,87.64057693889623,0
21.559362744244527,87.65101220435302,0
21.559362744244527,87.66144746980983,0
21.559362744244527,87.67188273526662,0
21.559362744244527,87.68231800072341,0
21.559362744244527,87.69275326618022,0
21.559362744244527,87.70318853163701,0
21.559362744244527,87.71362379709382,0
21.559362744244527,87.72405906255061,0
21.559362744244527,87.73449432800739,0
21.559362744244527,87.74492959346419,0
21.559362744244527,87.75536485892098,0
21.559362744244527,87.76580012437779,0
21.559362744244527,87.77623538983458,0
21.559362744244527,87.78667065529137,0
21.559362744244527,87.79710592074817,0
21.559362744244527,87.80754118620496,0
21.559362744244527,87.81797645166175,0
21.559362744244527,87.82841171711856,0
21.559362744244527,87.83884698257535,0
21.559362744244527,87.84928224803215,0
21.559362744244527,87.85971751348893,0
21.559362744244527,87.87015277894572,0
21.559362744244527,87.88058804440253,0
21.559362744244527,87.89102330985932,0
21.559362744244527,87.90145857531613,0
21.559362744244527,87.91189384077292,0
21.559362744244527,87.9223291062297,0
21.559362744244527,87.9327643716865,0
21.559362744244527,87.9431996371433,0
21.559362744244527,87.9536349026001,0
21.559362744244527,87.96407016805689,0
21.559362744244527,87.9745054335137,0
21.559362744244527,87.98494069897048,0
21.559362744244527,87.99537596442727,0
21.559362744244527,88.00581122988407,0
21.559362744244527,88.01624649534087,0
21.559362744244527,88.02668176079766,0
21.559362744244527,88.03711702625446,0
21.559362744244527,88.04755229171124,0
21.559362744244527,88.05798755716805,0
21.559362744244527,88.06842282262484,0
21.559362744244527,88.07885808808163,0
21.559362744244527,88.08929335353844,0
21.559362744244527,88.09972861899523,0
21.559362744244527,88.11016388445204,0
21.559362744244527,88.12059914990883,0
21.559362744244527,88.13103441536562,0
21.559362744244527,88.14146968082242,0
21.559362744244527,88.15190494627922,0
21.559362744244527,88.16234021173602,0
21.559362744244527,88.1727754771928,0
21.559362744244527,88.18321074264959,0
21.559362744244527,88.1936460081064,0
21.559362744244527,88.20408127356319,0
21.559362744244527,88.21451653902,0
21.559362744244527,88.22495180447679,0
21.559362744244527,88.23538706993357,0
21.559362744244527,88.24582233539037,0
21.559362744244527,88.25625760084716,0
21.559362744244527,88.26669286630397,0
21.559362744244527,88.27712813176076,0
21.559362744244527,88.28756339721754,0
21.559362744244527,88.29799866267435,0
21.551047998959085,87.50181178507225,0
21.551047998959085,87.51224668004394,0
21.551047998959085,87.52268157501562,0
21.551047998959085,87.53311646998732,0
21.551047998959085,87.543551364959,0
21.551047998959085,87.55398625993068,0
21.551047998959085,87.56442115490236,0
21.551047998959085,87.57485604987404,0
21.551047998959085,87.58529094484574,0
21.551047998959085,87.59572583981742,0
21.551047998959085,87.60616073478911,0
21.551047998959085,87.61659562976078,0
21.551047998959085,87.62703052473249,0
21.551047998959085,87.63746541970417,0
21.551047998959085,87.64790031467587,0
21.551047998959085,87.65833520964755,0
21.551047998959085,87.66877010461921,0
21.551047998959085,87.67920499959091,0
21.551047998959085,87.68963989456259,0
21.551047998959085,87.70007478953428,0
21.551047998959085,87.71050968450596,0
21.551047998959085,87.72094457947766,0
21.551047998959085,87.73137947444933,0
21.551047998959085,87.74181436942102,0
21.551047998959085,87.75224926439272,0
21.551047998959085,87.7626841593644,0
21.551047998959085,87.77311905433609,0
21.551047998959085,87.78355394930777,0
21.551047998959085,87.79398884427945,0
21.551047998959085,87.80442373925113,0
21.551047998959085,87.81485863422283,0
21.551047998959085,87.82529352919451,0
21.551047998959085,87.8357284241662,0
21.551047998959085,87.84616331913789,0
21.551047998959085,87.85659821410957,0
21.551047998959085,87.86703310908125,0
21.551047998959085,87.87746800405294,0
21.551047998959085,87.88790289902464,0
21.551047998959085,87.89833779399632,0
21.551047998959085,87.90877268896801,0
21.551047998959085,87.91920758393968,0
21.551047998959085,87.92964247891138,0
21.551047998959085,87.94007737388306,0
21.551047998959085,87.95051226885474,0
21.551047998959085,87.96094716382643,0
21.551047998959085,87.97138205879811,0
21.551047998959085,87.9818169537698,0
21.551047998959085,87.99225184874147,0
21.551047998959085,88.00268674371318,0
21.551047998959085,88.01312163868486,0
21.551047998959085,88.02355653365656,0
21.551047998959085,88.03399142862824,0
21.551047998959085,88.04442632359992,0
21.551047998959085,88.0548612185716,0
21.551047998959085,88.06529611354328,0
21.551047998959085,88.07573100851498,0
21.551047998959085,88.08616590348666,0
21.551047998959085,88.09660079845835,0
21.551047998959085,88.10703569343002,0
21.551047998959085,88.11747058840172,0
21.551047998959085,88.12790548337341,0
21.551047998959085,88.13834037834509,0
21.551047998959085,88.14877527331679,0
21.551047998959085,88.15921016828847,0
21.551047998959085,88.16964506326015,0
21.551047998959085,88.18007995823183,0
21.551047998959085,88.19051485320352,0
21.551047998959085,88.2009497481752,0
21.551047998959085,88.2113846431469,0
21.551047998959085,88.22181953811858,0
21.551047998959085,88.23225443309026,0
21.551047998959085,88.24268932806194,0
21.551047998959085,88.25312422303364,0
21.551047998959085,88.26355911800533,0
21.551047998959085,88.27399401297701,0
21.551047998959085,88.2844289079487,0
21.551047998959085,88.29486380292037,0
21.542733435075444,87.49870658920455,0
21.542733435075444,87.50914111387084,0
21.542733435075444,87.51957563853713,0
21.542733435075444,87.53001016320343,0
21.542733435075444,87.54044468786974,0
21.542733435075444,87.55087921253602,0
21.542733435075444,87.56131373720231,0
21.542733435075444,87.5717482618686,0
21.542733435075444,87.5821827865349,0
21.542733435075444,87.5926173112012,0
21.542733435075444,87.60305183586749,0
21.542733435075444,87.61348636053377,0
21.542733435075444,87.62392088520006,0
21.542733435075444,87.63435540986636,0
21.542733435075444,87.64478993453267,0
21.542733435075444,87.65522445919896,0
21.542733435075444,87.66565898386524,0
21.542733435075444,87.67609350853154,0
21.542733435075444,87.68652803319783,0
21.542733435075444,87.69696255786413,0
21.542733435075444,87.70739708253042,0
21.542733435075444,87.71783160719671,0
21.542733435075444,87.728266131863,0
21.542733435075444,87.73870065652929,0
21.542733435075444,87.7491351811956,0
21.542733435075444,87.75956970586189,0
21.542733435075444,87.77000423052819,0
21.542733435075444,87.78043875519448,0
21.542733435075444,87.79087327986076,0
21.542733435075444,87.80130780452706,0
21.542733435075444,87.81174232919335,0
21.542733435075444,87.82217685385965,0
21.542733435075444,87.83261137852594,0
21.542733435075444,87.84304590319223,0
21.542733435075444,87.85348042785853,0
21.542733435075444,87.86391495252482,0
21.542733435075444,87.87434947719112,0
21.542733435075444,87.88478400185741,0
21.542733435075444,87.8952185265237,0
21.542733435075444,87.90565305119,0
21.542733435075444,87.91608757585628,0
21.542733435075444,87.92652210052258,0
21.542733435075444,87.93695662518887,0
21.542733435075444,87.94739114985516,0
21.542733435075444,87.95782567452146,0
21.542733435075444,87.96826019918775,0
21.542733435075444,87.97869472385405,0
21.542733435075444,87.98912924852034,0
21.542733435075444,87.99956377318664,0
21.542733435075444,88.00999829785293,0
21.542733435075444,88.02043282251923,0
21.542733435075444,88.03086734718553,0
21.542733435075444,88.0413018718518,0
21.542733435075444,88.0517363965181,0
21.542733435075444,88.06217092118439,0
21.542733435075444,88.0726054458507,0
21.542733435075444,88.08303997051699,0
21.542733435075444,88.09347449518329,0
21.542733435075444,88.10390901984957,0
21.542733435075444,88.11434354451588,0
21.542733435075444,88.12477806918217,0
21.542733435075444,88.13521259384846,0
21.542733435075444,88.14564711851476,0
21.542733435075444,88.15608164318105,0
21.542733435075444,88.16651616784733,0
21.542733435075444,88.17695069251363,0
21.542733435075444,88.18738521717992,0
21.542733435075444,88.19781974184622,0
21.542733435075444,88.20825426651253,0
21.542733435075444,88.21868879117882,0
21.542733435075444,88.2291233158451,0
21.542733435075444,88.2395578405114,0
21.542733435075444,88.24999236517769,0
21.542733435075444,88.26042688984398,0
21.542733435075444,88.27086141451028,0
21.542733435075444,88.28129593917656,0
21.542733435075444,88.29173046384285,0
21.534419052509584,87.50603705446102,0
21.534419052509584,87.51647120900158,0
21.534419052509584,87.52690536354214,0
21.534419052509584,87.53733951808273,0
21.534419052509584,87.54777367262328,0
21.534419052509584,87.55820782716386,0
21.534419052509584,87.56864198170442,0
21.534419052509584,87.57907613624498,0
21.534419052509584,87.58951029078555,0
21.534419052509584,87.59994444532612,0
21.534419052509584,87.61037859986668,0
21.534419052509584,87.62081275440724,0
21.534419052509584,87.6312469089478,0
21.534419052509584,87.64168106348839,0
21.534419052509584,87.65211521802895,0
21.534419052509584,87.66254937256952,0
21.534419052509584,87.67298352711008,0
21.534419052509584,87.68341768165064,0
21.534419052509584,87.69385183619121,0
21.534419052509584,87.70428599073178,0
21.534419052509584,87.71472014527235,0
21.534419052509584,87.7251542998129,0
21.534419052509584,87.73558845435348,0
21.534419052509584,87.74602260889405,0
21.534419052509584,87.75645676343461,0
21.534419052509584,87.76689091797518,0
21.534419052509584,87.77732507251575,0
21.534419052509584,87.7877592270563,0
21.534419052509584,87.79819338159687,0
21.534419052509584,87.80862753613744,0
21.534419052509584,87.81906169067801,0
21.534419052509584,87.82949584521859,0
21.534419052509584,87.83992999975915,0
21.534419052509584,87.85036415429971,0
21.534419052509584,87.86079830884027,0
21.534419052509584,87.87123246338084,0
21.534419052509584,87.88166661792141,0
21.534419052509584,87.89210077246197,0
21.534419052509584,87.90253492700255,0
21.534419052509584,87.9129690815431,0
21.534419052509584,87.92340323608367,0
21.534419052509584,87.93383739062425,0
21.534419052509584,87.94427154516481,0
21.534419052509584,87.95470569970539,0
21.534419052509584,87.96513985424595,0
21.534419052509584,87.9755740087865,0
21.534419052509584,87.98600816332707,0
21.534419052509584,87.99644231786763,0
21.534419052509584,88.00687647240821,0
21.534419052509584,88.01731062694878,0
21.534419052509584,88.02774478148935,0
21.534419052509584,88.03817893602991,0
21.534419052509584,88.04861309057047,0
21.534419052509584,88.05904724511105,0
21.534419052509584,88.06948139965161,0
21.534419052509584,88.07991555419217,0
21.534419052509584,88.09034970873275,0
21.534419052509584,88.10078386327329,0
21.534419052509584,88.11121801781387,0
21.534419052509584,88.12165217235444,0
21.534419052509584,88.132086326895,0
21.534419052509584,88.14252048143558,0
21.534419052509584,88.15295463597614,0
21.534419052509584,88.1633887905167,0
21.534419052509584,88.17382294505727,0
21.534419052509584,88.18425709959783,0
21.534419052509584,88.1946912541384,0
21.534419052509584,88.20512540867898,0
21.534419052509584,88.21555956321954,0
21.534419052509584,88.2259937177601,0
21.534419052509584,88.23642787230067,0
21.534419052509584,88.24686202684124,0
21.534419052509584,88.2572961813818,0
21.534419052509584,88.26773033592238,0
21.534419052509584,88.27816449046293,0
21.534419052509584,88.28859864500349,0
21.526104851177486,87.50293450138032,0
21.526104851177486,87.51336828597479,0
21.526104851177486,87.52380207056925,0
21.526104851177486,87.53423585516369,0
21.526104851177486,87.54466963975813,0
21.526104851177486,87.5551034243526,0
21.526104851177486,87.56553720894705,0
21.526104851177486,87.5759709935415,0
21.526104851177486,87.58640477813596,0
21.526104851177486,87.59683856273041,0
21.526104851177486,87.60727234732485,0
21.526104851177486,87.61770613191932,0
21.526104851177486,87.62813991651376,0
21.526104851177486,87.63857370110821,0
21.526104851177486,87.64900748570268,0
21.526104851177486,87.65944127029712,0
21.526104851177486,87.66987505489158,0
21.526104851177486,87.68030883948602,0
21.526104851177486,87.69074262408049,0
21.526104851177486,87.70117640867494,0
21.526104851177486,87.7116101932694,0
21.526104851177486,87.72204397786383,0
21.526104851177486,87.73247776245829,0
21.526104851177486,87.74291154705274,0
21.526104851177486,87.75334533164721,0
21.526104851177486,87.76377911624166,0
21.526104851177486,87.7742129008361,0
21.526104851177486,87.78464668543056,0
21.526104851177486,87.79508047002501,0
21.526104851177486,87.80551425461947,0
21.526104851177486,87.81594803921392,0
21.526104851177486,87.82638182380838,0
21.526104851177486,87.83681560840283,0
21.526104851177486,87.84724939299727,0
21.526104851177486,87.85768317759174,0
21.526104851177486,87.86811696218618,0
21.526104851177486,87.87855074678063,0
21.526104851177486,87.8889845313751,0
21.526104851177486,87.89941831596956,0
21.526104851177486,87.909852100564,0
21.526104851177486,87.92028588515845,0
21.526104851177486,87.9307196697529,0
21.526104851177486,87.94115345434736,0
21.526104851177486,87.95158723894183,0
21.526104851177486,87.96202102353627,0
21.526104851177486,87.9724548081307,0
21.526104851177486,87.98288859272516,0
21.526104851177486,87.99332237731963,0
21.526104851177486,88.00375616191407,0
21.526104851177486,88.01418994650852,0
21.526104851177486,88.02462373110299,0
21.526104851177486,88.03505751569743,0
21.526104851177486,88.04549130029189,0
21.526104851177486,88.05592508488634,0
21.526104851177486,88.0663588694808,0
21.526104851177486,88.07679265407525,0
21.526104851177486,88.08722643866972,0
21.526104851177486,88.09766022326416,0
21.526104851177486,88.1080940078586,0
21.526104851177486,88.11852779245305,0
21.526104851177486,88.12896157704752,0
21.526104851177486,88.13939536164197,0
21.526104851177486,88.14982914623641,0
21.526104851177486,88.16026293083087,0
21.526104851177486,88.17069671542532,0
21.526104851177486,88.18113050001978,0
21.526104851177486,88.19156428461423,0
21.526104851177486,88.20199806920868,0
21.526104851177486,88.21243185380314,0
21.526104851177486,88.22286563839758,0
21.526104851177486,88.23329942299205,0
21.526104851177486,88.24373320758649,0
21.526104851177486,88.25416699218094,0
21.526104851177486,88.26460077677541,0
21.526104851177486,88.27503456136985,0
21.526104851177486,88.2854683459643,0
21.526104851177486,88.29590213055876,0
21.517790830995168,87.49983345419503,0
21.517790830995168,87.51026686902294,0
21.517790830995168,87.52070028385084,0
21.517790830995168,87.53113369867874,0
21.517790830995168,87.54156711350663,0
21.517790830995168,87.55200052833455,0
21.517790830995168,87.56243394316243,0
21.517790830995168,87.57286735799035,0
21.517790830995168,87.58330077281825,0
21.517790830995168,87.59373418764615,0
21.517790830995168,87.60416760247404,0
21.517790830995168,87.61460101730195,0
21.517790830995168,87.62503443212985,0
21.517790830995168,87.63546784695775,0
21.517790830995168,87.64590126178567,0
21.517790830995168,87.65633467661354,0
21.517790830995168,87.66676809144145,0
21.517790830995168,87.67720150626936,0
21.517790830995168,87.68763492109726,0
21.517790830995168,87.69806833592516,0
21.517790830995168,87.70850175075307,0
21.517790830995168,87.71893516558094,0
21.517790830995168,87.72936858040886,0
21.517790830995168,87.73980199523677,0
21.517790830995168,87.75023541006466,0
21.517790830995168,87.76066882489258,0
21.517790830995168,87.77110223972048,0
21.517790830995168,87.78153565454836,0
21.517790830995168,87.79196906937626,0
21.517790830995168,87.80240248420418,0
21.517790830995168,87.81283589903207,0
21.517790830995168,87.82326931385998,0
21.517790830995168,87.83370272868788,0
21.517790830995168,87.84413614351577,0
21.517790830995168,87.85456955834367,0
21.517790830995168,87.86500297317158,0
21.517790830995168,87.87543638799949,0
21.517790830995168,87.88586980282739,0
21.517790830995168,87.8963032176553,0
21.517790830995168,87.90673663248317,0
21.517790830995168,87.91717004731109,0
21.517790830995168,87.92760346213899,0
21.517790830995168,87.93803687696689,0
21.517790830995168,87.94847029179479,0
21.517790830995168,87.9589037066227,0
21.517790830995168,87.96933712145058,0
21.517790830995168,87.9797705362785,0
21.517790830995168,87.99020395110641,0
21.517790830995168,88.0006373659343,0
21.517790830995168,88.01107078076221,0
21.517790830995168,88.02150419559011,0
21.517790830995168,88.031937610418,0
21.517790830995168,88.0423710252459,0
21.517790830995168,88.05280444007381,0
21.517790830995168,88.0632378549017,0
21.517790830995168,88.07367126972962,0
21.517790830995168,88.08410468455752,0
21.517790830995168,88.0945380993854,0
21.517790830995168,88.1049715142133,0
21.517790830995168,88.11540492904122,0
21.517790830995168,88.12583834386912,0
21.517790830995168,88.13627175869702,0
21.517790830995168,88.14670517352494,0
21.517790830995168,88.15713858835281,0
21.517790830995168,88.16757200318072,0
21.517790830995168,88.17800541800862,0
21.517790830995168,88.18843883283652,0
21.517790830995168,88.19887224766443,0
21.517790830995168,88.20930566249234,0
21.517790830995168,88.21973907732021,0
21.517790830995168,88.23017249214813,0
21.517790830995168,88.24060590697603,0
21.517790830995168,88.25103932180393,0
21.517790830995168,88.26147273663184,0
21.517790830995168,88.27190615145973,0
21.517790830995168,88.28233956628763,0
21.517790830995168,88.29277298111553,0
21.509476991878643,87.50716695771243,0
21.509476991878643,87.5176000029533,0
21.509476991878643,87.52803304819416,0
21.509476991878643,87.538466093435,0
21.509476991878643,87.54889913867586,0
21.509476991878643,87.55933218391674,0
21.509476991878643,87.5697652291576,0
21.509476991878643,87.58019827439847,0
21.509476991878643,87.59063131963931,0
21.509476991878643,87.60106436488017,0
21.509476991878643,87.61149741012103,0
21.509476991878643,87.62193045536189,0
21.509476991878643,87.63236350060275,0
21.509476991878643,87.64279654584362,0
21.509476991878643,87.65322959108447,0
21.509476991878643,87.66366263632533,0
21.509476991878643,87.67409568156619,0
21.509476991878643,87.68452872680706,0
21.509476991878643,87.69496177204792,0
21.509476991878643,87.70539481728878,0
21.509476991878643,87.71582786252962,0
21.509476991878643,87.7262609077705,0
21.509476991878643,87.73669395301135,0
21.509476991878643,87.74712699825221,0
21.509476991878643,87.75756004349307,0
21.509476991878643,87.76799308873395,0
21.509476991878643,87.77842613397479,0
21.509476991878643,87.78885917921565,0
21.509476991878643,87.79929222445651,0
21.509476991878643,87.80972526969738,0
21.509476991878643,87.82015831493824,0
21.509476991878643,87.8305913601791,0
21.509476991878643,87.84102440541994,0
21.509476991878643,87.85145745066082,0
21.509476991878643,87.86189049590168,0
21.509476991878643,87.87232354114253,0
21.509476991878643,87.8827565863834,0
21.509476991878643,87.89318963162427,0
21.509476991878643,87.90362267686511,0
21.509476991878643,87.91405572210597,0
21.509476991878643,87.92448876734683,0
21.509476991878643,87.9349218125877,0
21.509476991878643,87.94535485782856,0
21.509476991878643,87.95578790306942,0
21.509476991878643,87.96622094831027,0
21.509476991878643,87.97665399355114,0
21.509476991878643,87.987087038792,0
21.509476991878643,87.99752008403284,0
21.509476991878643,88.00795312927372,0
21.509476991878643,88.01838617451457,0
21.509476991878643,88.02881921975542,0
21.509476991878643,88.03925226499628,0
21.509476991878643,88.04968531023715,0
21.509476991878643,88.06011835547801,0
21.509476991878643,88.07055140071888,0
21.509476991878643,88.08098444595973,0
21.509476991878643,88.09141749120059,0
21.509476991878643,88.10185053644145,0
21.509476991878643,88.1122835816823,0
21.509476991878643,88.12271662692316,0
21.509476991878643,88.13314967216404,0
21.509476991878643,88.1435827174049,0
21.509476991878643,88.15401576264574,0
21.509476991878643,88.1644488078866,0
21.509476991878643,88.17488185312747,0
21.509476991878643,88.18531489836833,0
21.509476991878643,88.19574794360919,0
21.509476991878643,88.20618098885005,0
21.509476991878643,88.21661403409091,0
21.509476991878643,88.22704707933177,0
21.509476991878643,88.23748012457263,0
21.509476991878643,88.24791316981349,0
21.509476991878643,88.25834621505436,0
21.509476991878643,88.2687792602952,0
21.509476991878643,88.27921230553606,0
21.509476991878643,88.28964535077692,0
21.501163333743964,87.50406855161006,0
21.501163333743964,87.51450122744332,0
21.501163333743964,87.5249339032766,0
21.501163333743964,87.53536657910988,0
21.501163333743964,87.54579925494315,0
21.501163333743964,87.55623193077643,0
21.501163333743964,87.56666460660972,0
21.501163333743964,87.57709728244299,0
21.501163333743964,87.58752995827626,0
21.501163333743964,87.59796263410954,0
21.501163333743964,87.60839530994281,0
21.501163333743964,87.6188279857761,0
21.501163333743964,87.62926066160938,0
21.501163333743964,87.63969333744265,0
21.501163333743964,87.65012601327591,0
21.501163333743964,87.6605586891092,0
21.501163333743964,87.67099136494247,0
21.501163333743964,87.68142404077575,0
21.501163333743964,87.69185671660904,0
21.501163333743964,87.70228939244231,0
21.501163333743964,87.71272206827558,0
21.501163333743964,87.72315474410887,0
21.501163333743964,87.73358741994213,0
21.501163333743964,87.74402009577541,0
21.501163333743964,87.7544527716087,0
21.501163333743964,87.76488544744197,0
21.501163333743964,87.77531812327524,0
21.501163333743964,87.78575079910853,0
21.501163333743964,87.7961834749418,0
21.501163333743964,87.80661615077507,0
21.501163333743964,87.81704882660836,0
21.501163333743964,87.82748150244163,0
21.501163333743964,87.8379141782749,0
21.501163333743964,87.84834685410819,0
21.501163333743964,87.85877952994146,0
21.501163333743964,87.86921220577474,0
21.501163333743964,87.87964488160803,0
21.501163333743964,87.89007755744129,0
21.501163333743964,87.90051023327456,0
21.501163333743964,87.91094290910785,0
21.501163333743964,87.92137558494112,0
21.501163333743964,87.9318082607744,0
21.501163333743964,87.94224093660769,0
21.501163333743964,87.95267361244096,0
21.501163333743964,87.96310628827422,0
21.501163333743964,87.9735389641075,0
21.501163333743964,87.98397163994078,0
21.501163333743964,87.99440431577406,0
21.501163333743964,88.00483699160735,0
21.501163333743964,88.01526966744062,0
21.501163333743964,88.02570234327388,0
21.501163333743964,88.03613501910716,0
21.501163333743964,88.04656769494044,0
21.501163333743964,88.05700037077372,0
21.501163333743964,88.06743304660701,0
21.501163333743964,88.07786572244028,0
21.501163333743964,88.08829839827355,0
21.501163333743964,88.09873107410684,0
21.501163333743964,88.1091637499401,0
21.501163333743964,88.11959642577338,0
21.501163333743964,88.13002910160667,0
21.501163333743964,88.14046177743994,0
21.501163333743964,88.15089445327321,0
21.501163333743964,88.1613271291065,0
21.501163333743964,88.17175980493977,0
21.501163333743964,88.18219248077304,0
21.501163333743964,88.19262515660633,0
21.501163333743964,88.2030578324396,0
21.501163333743964,88.21349050827287,0
21.501163333743964,88.22392318410616,0
21.501163333743964,88.23435585993943,0
21.501163333743964,88.24478853577271,0
21.501163333743964,88.255221211606,0
21.501163333743964,88.26565388743926,0
21.501163333743964,88.27608656327253,0
21.501163333743964,88.28651923910581,0
21.501163333743964,88.29695191493909,0
21.492849856507195,87.50097165028275,0
21.492849856507195,87.51140395688786,0
21.492849856507195,87.52183626349296,0
21.492849856507195,87.53226857009805,0
21.492849856507195,87.54270087670315,0
21.492849856507195,87.55313318330825,0
21.492849856507195,87.56356548991336,0
21.492849856507195,87.57399779651846,0
21.492849856507195,87.58443010312357,0
21.492849856507195,87.59486240972866,0
21.492849856507195,87.60529471633374,0
21.492849856507195,87.61572702293886,0
21.492849856507195,87.62615932954397,0
21.492849856507195,87.63659163614906,0
21.492849856507195,87.64702394275416,0
21.492849856507195,87.65745624935926,0
21.492849856507195,87.66788855596435,0
21.492849856507195,87.67832086256946,0
21.492849856507195,87.68875316917456,0
21.492849856507195,87.69918547577967,0
21.492849856507195,87.70961778238477,0
21.492849856507195,87.72005008898985,0
21.492849856507195,87.73048239559496,0
21.492849856507195,87.74091470220006,0
21.492849856507195,87.75134700880517,0
21.492849856507195,87.76177931541028,0
21.492849856507195,87.77221162201536,0
21.492849856507195,87.78264392862046,0
21.492849856507195,87.79307623522557,0
21.492849856507195,87.80350854183067,0
21.492849856507195,87.81394084843578,0
21.492849856507195,87.82437315504087,0
21.492849856507195,87.83480546164597,0
21.492849856507195,87.84523776825107,0
21.492849856507195,87.85567007485616,0
21.492849856507195,87.86610238146127,0
21.492849856507195,87.87653468806639,0
21.492849856507195,87.88696699467148,0
21.492849856507195,87.89739930127658,0
21.492849856507195,87.90783160788168,0
21.492849856507195,87.91826391448677,0
21.492849856507195,87.92869622109188,0
21.492849856507195,87.93912852769698,0
21.492849856507195,87.94956083430209,0
21.492849856507195,87.95999314090719,0
21.492849856507195,87.97042544751227,0
21.492849856507195,87.98085775411738,0
21.492849856507195,87.99129006072249,0
21.492849856507195,88.00172236732759,0
21.492849856507195,88.0121546739327,0
21.492849856507195,88.02258698053778,0
21.492849856507195,88.03301928714288,0
21.492849856507195,88.04345159374799,0
21.492849856507195,88.05388390035309,0
21.492849856507195,88.0643162069582,0
21.492849856507195,88.0747485135633,0
21.492849856507195,88.08518082016839,0
21.492849856507195,88.09561312677349,0
21.492849856507195,88.1060454333786,0
21.492849856507195,88.1164777399837,0
21.492849856507195,88.1269100465888,0
21.492849856507195,88.1373423531939,0
21.492849856507195,88.147774659799,0
21.492849856507195,88.1582069664041,0
21.492849856507195,88.16863927300919,0
21.492849856507195,88.1790715796143,0
21.492849856507195,88.1895038862194,0
21.492849856507195,88.19993619282451,0
21.492849856507195,88.2103684994296,0
21.492849856507195,88.22080080603469,0
21.492849856507195,88.2312331126398,0
21.492849856507195,88.24166541924491,0
21.492849856507195,88.25209772585,0
21.492849856507195,88.2625300324551,0
21.492849856507195,88.27296233906021,0
21.492849856507195,88.2833946456653,0
21.492849856507195,88.29382695227041,0
21.484536560084436,87.50830819085414,0
21.484536560084436,87.51874012841043,0
21.484536560084436,87.52917206596669,0
21.484536560084436,87.53960400352297,0
21.484536560084436,87.55003594107924,0
21.484536560084436,87.56046787863554,0
21.484536560084436,87.57089981619183,0
21.484536560084436,87.58133175374809,0
21.484536560084436,87.59176369130437,0
21.484536560084436,87.60219562886064,0
21.484536560084436,87.61262756641693,0
21.484536560084436,87.62305950397322,0
21.484536560084436,87.63349144152949,0
21.484536560084436,87.64392337908576,0
21.484536560084436,87.65435531664204,0
21.484536560084436,87.66478725419833,0
21.484536560084436,87.67521919175462,0
21.484536560084436,87.68565112931088,0
21.484536560084436,87.69608306686717,0
21.484536560084436,87.70651500442344,0
21.484536560084436,87.71694694197973,0
21.484536560084436,87.72737887953602,0
21.484536560084436,87.73781081709228,0
21.484536560084436,87.74824275464857,0
21.484536560084436,87.75867469220486,0
21.484536560084436,87.76910662976113,0
21.484536560084436,87.77953856731742,0
21.484536560084436,87.78997050487368,0
21.484536560084436,87.80040244242997,0
21.484536560084436,87.81083437998625,0
21.484536560084436,87.82126631754254,0
21.484536560084436,87.83169825509881,0
21.484536560084436,87.84213019265508,0
21.484536560084436,87.85256213021137,0
21.484536560084436,87.86299406776764,0
21.484536560084436,87.87342600532394,0
21.484536560084436,87.88385794288023,0
21.484536560084436,87.89428988043647,0
21.484536560084436,87.90472181799277,0
21.484536560084436,87.91515375554904,0
21.484536560084436,87.92558569310533,0
21.484536560084436,87.93601763066162,0
21.484536560084436,87.94644956821789,0
21.484536560084436,87.95688150577416,0
21.484536560084436,87.96731344333044,0
21.484536560084436,87.97774538088673,0
21.484536560084436,87.98817731844302,0
21.484536560084436,87.99860925599928,0
21.484536560084436,88.00904119355557,0
21.484536560084436,88.01947313111184,0
21.484536560084436,88.02990506866813,0
21.484536560084436,88.04033700622442,0
21.484536560084436,88.05076894378068,0
21.484536560084436,88.06120088133697,0
21.484536560084436,88.07163281889326,0
21.484536560084436,88.08206475644953,0
21.484536560084436,88.09249669400582,0
21.484536560084436,88.10292863156208,0
21.484536560084436,88.11336056911837,0
21.484536560084436,88.12379250667466,0
21.484536560084436,88.13422444423094,0
21.484536560084436,88.14465638178721,0
21.484536560084436,88.15508831934348,0
21.484536560084436,88.16552025689977,0
21.484536560084436,88.17595219445604,0
21.484536560084436,88.18638413201234,0
21.484536560084436,88.19681606956861,0
21.484536560084436,88.20724800712487,0
21.484536560084436,88.21767994468117,0
21.484536560084436,88.22811188223744,0
21.484536560084436,88.23854381979373,0
21.484536560084436,88.24897575735001,0
21.484536560084436,88.25940769490627,0
21.484536560084436,88.26983963246256,0
21.484536560084436,88.28027157001884,0
21.484536560084436,88.29070350757513,0
21.47622344439178,87.50521392890975,0
21.47622344439178,87.51564549759651,0
21.47622344439178,87.52607706628326,0
21.47622344439178,87.53650863497003,0
21.47622344439178,87.54694020365679,0
21.47622344439178,87.55737177234356,0
21.47622344439178,87.56780334103033,0
21.47622344439178,87.5782349097171,0
21.47622344439178,87.58866647840385,0
21.47622344439178,87.5990980470906,0
21.47622344439178,87.60952961577738,0
21.47622344439178,87.61996118446413,0
21.47622344439178,87.6303927531509,0
21.47622344439178,87.64082432183766,0
21.47622344439178,87.65125589052441,0
21.47622344439178,87.6616874592112,0
21.47622344439178,87.67211902789795,0
21.47622344439178,87.68255059658472,0
21.47622344439178,87.69298216527149,0
21.47622344439178,87.70341373395823,0
21.47622344439178,87.713845302645,0
21.47622344439178,87.72427687133175,0
21.47622344439178,87.73470844001852,0
21.47622344439178,87.7451400087053,0
21.47622344439178,87.75557157739206,0
21.47622344439178,87.76600314607882,0
21.47622344439178,87.77643471476557,0
21.47622344439178,87.78686628345234,0
21.47622344439178,87.79729785213911,0
21.47622344439178,87.80772942082586,0
21.47622344439178,87.81816098951263,0
21.47622344439178,87.82859255819938,0
21.47622344439178,87.83902412688614,0
21.47622344439178,87.84945569557293,0
21.47622344439178,87.85988726425968,0
21.47622344439178,87.87031883294645,0
21.47622344439178,87.88075040163321,0
21.47622344439178,87.89118197031996,0
21.47622344439178,87.90161353900673,0
21.47622344439178,87.91204510769349,0
21.47622344439178,87.92247667638026,0
21.47622344439178,87.93290824506703,0
21.47622344439178,87.9433398137538,0
21.47622344439178,87.95377138244055,0
21.47622344439178,87.9642029511273,0
21.47622344439178,87.97463451981407,0
21.47622344439178,87.98506608850083,0
21.47622344439178,87.9954976571876,0
21.47622344439178,88.00592922587435,0
21.47622344439178,88.01636079456111,0
21.47622344439178,88.02679236324789,0
21.47622344439178,88.03722393193465,0
21.47622344439178,88.04765550062142,0
21.47622344439178,88.05808706930817,0
21.47622344439178,88.06851863799494,0
21.47622344439178,88.0789502066817,0
21.47622344439178,88.08938177536845,0
21.47622344439178,88.09981334405522,0
21.47622344439178,88.11024491274199,0
21.47622344439178,88.12067648142876,0
21.47622344439178,88.13110805011553,0
21.47622344439178,88.14153961880227,0
21.47622344439178,88.15197118748904,0
21.47622344439178,88.1624027561758,0
21.47622344439178,88.17283432486256,0
21.47622344439178,88.18326589354933,0
21.47622344439178,88.1936974622361,0
21.47622344439178,88.20412903092286,0
21.47622344439178,88.21456059960961,0
21.47622344439178,88.22499216829638,0
21.47622344439178,88.23542373698315,0
21.47622344439178,88.2458553056699,0
21.47622344439178,88.25628687435666,0
21.47622344439178,88.26671844304342,0
21.47622344439178,88.27715001173019,0
21.47622344439178,88.28758158041695,0
21.47622344439178,88.29801314910372,0
21.46791050934536,87.50212117062247,0
21.46791050934536,87.51255237061898,0
21.46791050934536,87.52298357061547,0
21.46791050934536,87.53341477061197,0
21.46791050934536,87.54384597060846,0
21.46791050934536,87.55427717060496,0
21.46791050934536,87.56470837060147,0
21.46791050934536,87.57513957059795,0
21.46791050934536,87.58557077059446,0
21.46791050934536,87.59600197059095,0
21.46791050934536,87.60643317058745,0
21.46791050934536,87.61686437058395,0
21.46791050934536,87.62729557058046,0
21.46791050934536,87.63772677057693,0
21.46791050934536,87.64815797057345,0
21.46791050934536,87.65858917056994,0
21.46791050934536,87.66902037056643,0
21.46791050934536,87.67945157056295,0
21.46791050934536,87.68988277055944,0
21.46791050934536,87.70031397055592,0
21.46791050934536,87.71074517055243,0
21.46791050934536,87.72117637054893,0
21.46791050934536,87.73160757054542,0
21.46791050934536,87.74203877054194,0
21.46791050934536,87.75246997053843,0
21.46791050934536,87.76290117053492,0
21.46791050934536,87.7733323705314,0
21.46791050934536,87.78376357052791,0
21.46791050934536,87.79419477052441,0
21.46791050934536,87.80462597052092,0
21.46791050934536,87.81505717051742,0
21.46791050934536,87.8254883705139,0
21.46791050934536,87.8359195705104,0
21.46791050934536,87.8463507705069,0
21.46791050934536,87.8567819705034,0
21.46791050934536,87.86721317049991,0
21.46791050934536,87.8776443704964,0
21.46791050934536,87.88807557049289,0
21.46791050934536,87.89850677048938,0
21.46791050934536,87.9089379704859,0
21.46791050934536,87.91936917048238,0
21.46791050934536,87.92980037047889,0
21.46791050934536,87.94023157047539,0
21.46791050934536,87.95066277047188,0
21.46791050934536,87.96109397046837,0
21.46791050934536,87.97152517046489,0
21.46791050934536,87.98195637046138,0
21.46791050934536,87.99238757045786,0
21.46791050934536,88.00281877045438,0
21.46791050934536,88.01324997045086,0
21.46791050934536,88.02368117044736,0
21.46791050934536,88.03411237044386,0
21.46791050934536,88.04454357044037,0
21.46791050934536,88.05497477043686,0
21.46791050934536,88.06540597043337,0
21.46791050934536,88.07583717042985,0
21.46791050934536,88.08626837042635,0
21.46791050934536,88.09669957042286,0
21.46791050934536,88.10713077041935,0
21.46791050934536,88.11756197041585,0
21.46791050934536,88.12799317041235,0
21.46791050934536,88.13842437040884,0
21.46791050934536,88.14885557040533,0
21.46791050934536,88.15928677040185,0
21.46791050934536,88.16971797039834,0
21.46791050934536,88.18014917039484,0
21.46791050934536,88.19058037039134,0
21.46791050934536,88.20101157038782,0
21.46791050934536,88.21144277038432,0
21.46791050934536,88.22187397038083,0
21.46791050934536,88.23230517037733,0
21.46791050934536,88.24273637037382,0
21.46791050934536,88.25316757037032,0
21.46791050934536,88.26359877036681,0
21.46791050934536,88.27402997036332,0
21.46791050934536,88.28446117035982,0
21.46791050934536,88.29489237035631,0
21.45959775486132,87.5094607470459,0
21.45959775486132,87.51989157853133,0
21.45959775486132,87.53032241001675,0
21.45959775486132,87.54075324150219,0
21.45959775486132,87.55118407298764,0
21.45959775486132,87.56161490447307,0
21.45959775486132,87.5720457359585,0
21.45959775486132,87.58247656744392,0
21.45959775486132,87.59290739892936,0
21.45959775486132,87.6033382304148,0
21.45959775486132,87.61376906190024,0
21.45959775486132,87.62419989338566,0
21.45959775486132,87.63463072487109,0
21.45959775486132,87.64506155635652,0
21.45959775486132,87.65549238784197,0
21.45959775486132,87.6659232193274,0
21.45959775486132,87.67635405081283,0
21.45959775486132,87.68678488229827,0
21.45959775486132,87.69721571378369,0
21.45959775486132,87.70764654526913,0
21.45959775486132,87.71807737675456,0
21.45959775486132,87.72850820824,0
21.45959775486132,87.73893903972544,0
21.45959775486132,87.74936987121087,0
21.45959775486132,87.7598007026963,0
21.45959775486132,87.77023153418173,0
21.45959775486132,87.78066236566717,0
21.45959775486132,87.7910931971526,0
21.45959775486132,87.80152402863804,0
21.45959775486132,87.81195486012346,0
21.45959775486132,87.8223856916089,0
21.45959775486132,87.83281652309434,0
21.45959775486132,87.84324735457977,0
21.45959775486132,87.85367818606521,0
21.45959775486132,87.86410901755063,0
21.45959775486132,87.87453984903608,0
21.45959775486132,87.8849706805215,0
21.45959775486132,87.89540151200694,0
21.45959775486132,87.90583234349238,0
21.45959775486132,87.9162631749778,0
21.45959775486132,87.92669400646325,0
21.45959775486132,87.93712483794869,0
21.45959775486132,87.94755566943411,0
21.45959775486132,87.95798650091953,0
21.45959775486132,87.96841733240497,0
21.45959775486132,87.9788481638904,0
21.45959775486132,87.98927899537586,0
21.45959775486132,87.99970982686129,0
21.45959775486132,88.0101406583467,0
21.45959775486132,88.02057148983214,0
21.45959775486132,88.03100232131757,0
21.45959775486132,88.04143315280302,0
21.45959775486132,88.05186398428845,0
21.45959775486132,88.06229481577388,0
21.45959775486132,88.0727256472593,0
21.45959775486132,88.08315647874474,0
21.45959775486132,88.09358731023019,0
21.45959775486132,88.10401814171561,0
21.45959775486132,88.11444897320105,0
21.45959775486132,88.12487980468649,0
21.45959775486132,88.13531063617191,0
21.45959775486132,88.14574146765734,0
21.45959775486132,88.15617229914278,0
21.45959775486132,88.16660313062822,0
21.45959775486132,88.17703396211365,0
21.45959775486132,88.18746479359909,0
21.45959775486132,88.19789562508451,0
21.45959775486132,88.20832645656995,0
21.45959775486132,88.21875728805539,0
21.45959775486132,88.22918811954082,0
21.45959775486132,88.23961895102626,0
21.45959775486132,88.25004978251168,0
21.45959775486132,88.26048061399712,0
21.45959775486132,88.27091144548255,0
21.45959775486132,88.28134227696799,0
21.45959775486132,88.29177310845343,0
21.451285180855823,87.50637062644564,0
21.451285180855823,87.51680108959916,0
21.451285180855823,87.52723155275268,0
21.451285180855823,87.5376620159062,0
21.451285180855823,87.54809247905972,0
21.451285180855823,87.55852294221324,0
21.451285180855823,87.56895340536677,0
21.451285180855823,87.57938386852027,0
21.451285180855823,87.5898143316738,0
21.451285180855823,87.60024479482732,0
21.451285180855823,87.61067525798083,0
21.451285180855823,87.62110572113436,0
21.451285180855823,87.63153618428787,0
21.451285180855823,87.64196664744138,0
21.451285180855823,87.6523971105949,0
21.451285180855823,87.66282757374843,0
21.451285180855823,87.67325803690194,0
21.451285180855823,87.68368850005547,0
21.451285180855823,87.69411896320898,0
21.451285180855823,87.70454942636249,0
21.451285180855823,87.71497988951602,0
21.451285180855823,87.72541035266954,0
21.451285180855823,87.73584081582305,0
21.451285180855823,87.74627127897658,0
21.451285180855823,87.75670174213009,0
21.451285180855823,87.7671322052836,0
21.451285180855823,87.77756266843713,0
21.451285180855823,87.78799313159065,0
21.451285180855823,87.79842359474416,0
21.451285180855823,87.80885405789769,0
21.451285180855823,87.81928452105119,0
21.451285180855823,87.82971498420471,0
21.451285180855823,87.84014544735824,0
21.451285180855823,87.85057591051176,0
21.451285180855823,87.86100637366528,0
21.451285180855823,87.8714368368188,0
21.451285180855823,87.8818672999723,0
21.451285180855823,87.89229776312582,0
21.451285180855823,87.90272822627935,0
21.451285180855823,87.91315868943286,0
21.451285180855823,87.92358915258639,0
21.451285180855823,87.93401961573991,0
21.451285180855823,87.94445007889342,0
21.451285180855823,87.95488054204694,0
21.451285180855823,87.96531100520046,0
21.451285180855823,87.97574146835399,0
21.451285180855823,87.98617193150751,0
21.451285180855823,87.99660239466102,0
21.451285180855823,88.00703285781454,0
21.451285180855823,88.01746332096806,0
21.451285180855823,88.02789378412159,0
21.451285180855823,88.0383242472751,0
21.451285180855823,88.04875471042863,0
21.451285180855823,88.05918517358215,0
21.451285180855823,88.06961563673565,0
21.451285180855823,88.08004609988917,0
21.451285180855823,88.0904765630427,0
21.451285180855823,88.10090702619621,0
21.451285180855823,88.11133748934974,0
21.451285180855823,88.12176795250326,0
21.451285180855823,88.13219841565676,0
21.451285180855823,88.14262887881029,0
21.451285180855823,88.15305934196381,0
21.451285180855823,88.16348980511732,0
21.451285180855823,88.17392026827085,0
21.451285180855823,88.18435073142437,0
21.451285180855823,88.19478119457787,0
21.451285180855823,88.2052116577314,0
21.451285180855823,88.21564212088492,0
21.451285180855823,88.22607258403843,0
21.451285180855823,88.23650304719196,0
21.451285180855823,88.24693351034546,0
21.451285180855823,88.25736397349898,0
21.451285180855823,88.26779443665251,0
21.451285180855823,88.27822489980603,0
21.451285180855823,88.28865536295955,0
21.451285180855823,88.29908582611307,0
21.442972787245058,87.50328200838683,0
21.442972787245058,87.51371210338753,0
21.442972787245058,87.52414219838823,0
21.442972787245058,87.53457229338893,0
21.442972787245058,87.54500238838963,0
21.442972787245058,87.55543248339035,0
21.442972787245058,87.56586257839105,0
21.442972787245058,87.57629267339173,0
21.442972787245058,87.58672276839245,0
21.442972787245058,87.59715286339315,0
21.442972787245058,87.60758295839385,0
21.442972787245058,87.61801305339455,0
21.442972787245058,87.62844314839525,0
21.442972787245058,87.63887324339595,0
21.442972787245058,87.64930333839665,0
21.442972787245058,87.65973343339736,0
21.442972787245058,87.67016352839805,0
21.442972787245058,87.68059362339876,0
21.442972787245058,87.69102371839946,0
21.442972787245058,87.70145381340015,0
21.442972787245058,87.71188390840086,0
21.442972787245058,87.72231400340156,0
21.442972787245058,87.73274409840228,0
21.442972787245058,87.74317419340298,0
21.442972787245058,87.75360428840366,0
21.442972787245058,87.76403438340438,0
21.442972787245058,87.77446447840506,0
21.442972787245058,87.78489457340578,0
21.442972787245058,87.79532466840648,0
21.442972787245058,87.8057547634072,0
21.442972787245058,87.81618485840788,0
21.442972787245058,87.82661495340858,0
21.442972787245058,87.8370450484093,0
21.442972787245058,87.84747514340998,0
21.442972787245058,87.8579052384107,0
21.442972787245058,87.8683353334114,0
21.442972787245058,87.87876542841208,0
21.442972787245058,87.8891955234128,0
21.442972787245058,87.8996256184135,0
21.442972787245058,87.9100557134142,0
21.442972787245058,87.9204858084149,0
21.442972787245058,87.93091590341561,0
21.442972787245058,87.9413459984163,0
21.442972787245058,87.951776093417,0
21.442972787245058,87.96220618841771,0
21.442972787245058,87.97263628341841,0
21.442972787245058,87.98306637841911,0
21.442972787245058,87.99349647341982,0
21.442972787245058,88.00392656842051,0
21.442972787245058,88.01435666342121,0
21.442972787245058,88.02478675842191,0
21.442972787245058,88.03521685342263,0
21.442972787245058,88.04564694842333,0
21.442972787245058,88.05607704342403,0
21.442972787245058,88.06650713842473,0
21.442972787245058,88.07693723342541,0
21.442972787245058,88.08736732842613,0
21.442972787245058,88.09779742342683,0
21.442972787245058,88.10822751842754,0
21.442972787245058,88.11865761342824,0
21.442972787245058,88.12908770842893,0
21.442972787245058,88.13951780342964,0
21.442972787245058,88.14994789843033,0
21.442972787245058,88.16037799343104,0
21.442972787245058,88.17080808843176,0
21.442972787245058,88.18123818343244,0
21.442972787245058,88.19166827843314,0
21.442972787245058,88.20209837343384,0
21.442972787245058,88.21252846843454,0
21.442972787245058,88.22295856343526,0
21.442972787245058,88.23338865843596,0
21.442972787245058,88.24381875343664,0
21.442972787245058,88.25424884843734,0
21.442972787245058,88.26467894343806,0
21.442972787245058,88.27510903843876,0
21.442972787245058,88.28553913343946,0
21.442972787245058,88.29596922844017,0
21.434660573945216,87.50019489243843,0
21.434660573945216,87.51062461946535,0
21.434660573945216,87.52105434649228,0
21.434660573945216,87.53148407351921,0
21.434660573945216,87.54191380054615,0
21.434660573945216,87.55234352757309,0
21.434660573945216,87.56277325460002,0
21.434660573945216,87.57320298162693,0
21.434660573945216,87.58363270865388,0
21.434660573945216,87.59406243568081,0
21.434660573945216,87.60449216270773,0
21.434660573945216,87.61492188973466,0
21.434660573945216,87.62535161676159,0
21.434660573945216,87.63578134378852,0
21.434660573945216,87.64621107081545,0
21.434660573945216,87.65664079784239,0
21.434660573945216,87.66707052486933,0
21.434660573945216,87.67750025189626,0
21.434660573945216,87.68792997892318,0
21.434660573945216,87.69835970595011,0
21.434660573945216,87.70878943297704,0
21.434660573945216,87.71921916000397,0
21.434660573945216,87.7296488870309,0
21.434660573945216,87.74007861405784,0
21.434660573945216,87.75050834108477,0
21.434660573945216,87.7609380681117,0
21.434660573945216,87.77136779513863,0
21.434660573945216,87.78179752216556,0
21.434660573945216,87.7922272491925,0
21.434660573945216,87.80265697621944,0
21.434660573945216,87.81308670324636,0
21.434660573945216,87.82351643027327,0
21.434660573945216,87.83394615730022,0
21.434660573945216,87.84437588432715,0
21.434660573945216,87.85480561135408,0
21.434660573945216,87.86523533838101,0
21.434660573945216,87.87566506540794,0
21.434660573945216,87.88609479243487,0
21.434660573945216,87.8965245194618,0
21.434660573945216,87.90695424648874,0
21.434660573945216,87.91738397351567,0
21.434660573945216,87.9278137005426,0
21.434660573945216,87.93824342756952,0
21.434660573945216,87.94867315459645,0
21.434660573945216,87.9591028816234,0
21.434660573945216,87.96953260865033,0
21.434660573945216,87.97996233567726,0
21.434660573945216,87.99039206270419,0
21.434660573945216,88.00082178973112,0
21.434660573945216,88.01125151675805,0
21.434660573945216,88.02168124378498,0
21.434660573945216,88.0321109708119,0
21.434660573945216,88.04254069783885,0
21.434660573945216,88.05297042486578,0
21.434660573945216,88.0634001518927,0
21.434660573945216,88.07382987891963,0
21.434660573945216,88.08425960594657,0
21.434660573945216,88.0946893329735,0
21.434660573945216,88.10511906000043,0
21.434660573945216,88.11554878702736,0
21.434660573945216,88.1259785140543,0
21.434660573945216,88.13640824108121,0
21.434660573945216,88.14683796810814,0
21.434660573945216,88.15726769513508,0
21.434660573945216,88.16769742216202,0
21.434660573945216,88.17812714918895,0
21.434660573945216,88.18855687621587,0
21.434660573945216,88.1989866032428,0
21.434660573945216,88.20941633026975,0
21.434660573945216,88.21984605729668,0
21.434660573945216,88.23027578432361,0
21.434660573945216,88.24070551135053,0
21.434660573945216,88.25113523837746,0
21.434660573945216,88.26156496540439,0
21.434660573945216,88.27199469243132,0
21.434660573945216,88.28242441945825,0
21.434660573945216,88.2928541464852,0
21.42634854087254,87.50753863740178,0
21.42634854087254,87.51796799663394,0
21.42634854087254,87.52839735586609,0
21.42634854087254,87.53882671509825,0
21.42634854087254,87.54925607433042,0
21.42634854087254,87.55968543356256,0
21.42634854087254,87.57011479279473,0
21.42634854087254,87.58054415202687,0
21.42634854087254,87.59097351125902,0
21.42634854087254,87.6014028704912,0
21.42634854087254,87.61183222972335,0
21.42634854087254,87.6222615889555,0
21.42634854087254,87.63269094818764,0
21.42634854087254,87.6431203074198,0
21.42634854087254,87.65354966665197,0
21.42634854087254,87.66397902588412,0
21.42634854087254,87.67440838511628,0
21.42634854087254,87.68483774434843,0
21.42634854087254,87.69526710358058,0
21.42634854087254,87.70569646281275,0
21.42634854087254,87.7161258220449,0
21.42634854087254,87.72655518127705,0
21.42634854087254,87.73698454050923,0
21.42634854087254,87.74741389974136,0
21.42634854087254,87.75784325897352,0
21.42634854087254,87.76827261820567,0
21.42634854087254,87.77870197743783,0
21.42634854087254,87.78913133667,0
21.42634854087254,87.79956069590214,0
21.42634854087254,87.80999005513429,0
21.42634854087254,87.82041941436646,0
21.42634854087254,87.8308487735986,0
21.42634854087254,87.84127813283077,0
21.42634854087254,87.85170749206293,0
21.42634854087254,87.86213685129508,0
21.42634854087254,87.87256621052722,0
21.42634854087254,87.88299556975939,0
21.42634854087254,87.89342492899155,0
21.42634854087254,87.9038542882237,0
21.42634854087254,87.91428364745586,0
21.42634854087254,87.92471300668802,0
21.42634854087254,87.93514236592016,0
21.42634854087254,87.94557172515232,0
21.42634854087254,87.95600108438448,0
21.42634854087254,87.96643044361663,0
21.42634854087254,87.9768598028488,0
21.42634854087254,87.98728916208096,0
21.42634854087254,87.99771852131309,0
21.42634854087254,88.00814788054525,0
21.42634854087254,88.01857723977741,0
21.42634854087254,88.02900659900958,0
21.42634854087254,88.03943595824173,0
21.42634854087254,88.04986531747389,0
21.42634854087254,88.06029467670604,0
21.42634854087254,88.07072403593818,0
21.42634854087254,88.08115339517035,0
21.42634854087254,88.09158275440251,0
21.42634854087254,88.10201211363466,0
21.42634854087254,88.11244147286682,0
21.42634854087254,88.12287083209897,0
21.42634854087254,88.13330019133112,0
21.42634854087254,88.14372955056328,0
21.42634854087254,88.15415890979543,0
21.42634854087254,88.1645882690276,0
21.42634854087254,88.17501762825975,0
21.42634854087254,88.18544698749189,0
21.42634854087254,88.19587634672406,0
21.42634854087254,88.20630570595621,0
21.42634854087254,88.21673506518837,0
21.42634854087254,88.22716442442054,0
21.42634854087254,88.23759378365267,0
21.42634854087254,88.24802314288483,0
21.42634854087254,88.25845250211698,0
21.42634854087254,88.26888186134914,0
21.42634854087254,88.2793112205813,0
21.42634854087254,88.28974057981345,0
21.418036687943275,87.50445415676627,0
21.418036687943275,87.51488314838261,0
21.418036687943275,87.52531213999893,0
21.418036687943275,87.53574113161527,0
21.418036687943275,87.54617012323158,0
21.418036687943275,87.55659911484791,0
21.418036687943275,87.56702810646422,0
21.418036687943275,87.57745709808056,0
21.418036687943275,87.58788608969688,0
21.418036687943275,87.5983150813132,0
21.418036687943275,87.60874407292953,0
21.418036687943275,87.61917306454583,0
21.418036687943275,87.62960205616217,0
21.418036687943275,87.64003104777849,0
21.418036687943275,87.65046003939482,0
21.418036687943275,87.66088903101114,0
21.418036687943275,87.67131802262747,0
21.418036687943275,87.68174701424378,0
21.418036687943275,87.69217600586012,0
21.418036687943275,87.70260499747643,0
21.418036687943275,87.71303398909276,0
21.418036687943275,87.72346298070909,0
21.418036687943275,87.73389197232542,0
21.418036687943275,87.74432096394173,0
21.418036687943275,87.75474995555805,0
21.418036687943275,87.76517894717438,0
21.418036687943275,87.7756079387907,0
21.418036687943275,87.78603693040704,0
21.418036687943275,87.79646592202336,0
21.418036687943275,87.80689491363967,0
21.418036687943275,87.81732390525599,0
21.418036687943275,87.82775289687233,0
21.418036687943275,87.83818188848865,0
21.418036687943275,87.84861088010499,0
21.418036687943275,87.85903987172131,0
21.418036687943275,87.86946886333762,0
21.418036687943275,87.87989785495394,0
21.418036687943275,87.89032684657028,0
21.418036687943275,87.9007558381866,0
21.418036687943275,87.91118482980293,0
21.418036687943275,87.92161382141924,0
21.418036687943275,87.93204281303557,0
21.418036687943275,87.94247180465189,0
21.418036687943275,87.95290079626821,0
21.418036687943275,87.96332978788455,0
21.418036687943275,87.97375877950086,0
21.418036687943275,87.98418777111719,0
21.418036687943275,87.9946167627335,0
21.418036687943275,88.00504575434984,0
21.418036687943275,88.01547474596616,0
21.418036687943275,88.02590373758248,0
21.418036687943275,88.0363327291988,0
21.418036687943275,88.04676172081514,0
21.418036687943275,88.05719071243145,0
21.418036687943275,88.06761970404779,0
21.418036687943275,88.0780486956641,0
21.418036687943275,88.08847768728043,0
21.418036687943275,88.09890667889675,0
21.418036687943275,88.10933567051308,0
21.418036687943275,88.1197646621294,0
21.418036687943275,88.1301936537457,0
21.418036687943275,88.14062264536204,0
21.418036687943275,88.15105163697837,0
21.418036687943275,88.1614806285947,0
21.418036687943275,88.17190962021103,0
21.418036687943275,88.18233861182733,0
21.418036687943275,88.19276760344366,0
21.418036687943275,88.20319659505999,0
21.418036687943275,88.21362558667632,0
21.418036687943275,88.22405457829265,0
21.418036687943275,88.23448356990895,0
21.418036687943275,88.24491256152528,0
21.418036687943275,88.2553415531416,0
21.418036687943275,88.26577054475794,0
21.418036687943275,88.27619953637426,0
21.418036687943275,88.28662852799059,0
21.418036687943275,88.2970575196069,0
21.40972501507367,87.50137117712858,0
21.40972501507367,87.51179980130797,0
21.40972501507367,87.52222842548736,0
21.40972501507367,87.53265704966675,0
21.40972501507367,87.54308567384612,0
21.40972501507367,87.55351429802552,0
21.40972501507367,87.5639429222049,0
21.40972501507367,87.57437154638427,0
21.40972501507367,87.58480017056367,0
21.40972501507367,87.59522879474305,0
21.40972501507367,87.60565741892245,0
21.40972501507367,87.61608604310182,0
21.40972501507367,87.6265146672812,0
21.40972501507367,87.6369432914606,0
21.40972501507367,87.64737191563998,0
21.40972501507367,87.65780053981936,0
21.40972501507367,87.66822916399875,0
21.40972501507367,87.67865778817813,0
21.40972501507367,87.68908641235751,0
21.40972501507367,87.6995150365369,0
21.40972501507367,87.70994366071629,0
21.40972501507367,87.72037228489567,0
21.40972501507367,87.73080090907507,0
21.40972501507367,87.74122953325443,0
21.40972501507367,87.75165815743382,0
21.40972501507367,87.7620867816132,0
21.40972501507367,87.77251540579259,0
21.40972501507367,87.78294402997199,0
21.40972501507367,87.79337265415137,0
21.40972501507367,87.80380127833075,0
21.40972501507367,87.81422990251012,0
21.40972501507367,87.82465852668952,0
21.40972501507367,87.8350871508689,0
21.40972501507367,87.8455157750483,0
21.40972501507367,87.85594439922768,0
21.40972501507367,87.86637302340705,0
21.40972501507367,87.87680164758645,0
21.40972501507367,87.88723027176583,0
21.40972501507367,87.89765889594521,0
21.40972501507367,87.9080875201246,0
21.40972501507367,87.918516144304,0
21.40972501507367,87.92894476848336,0
21.40972501507367,87.93937339266274,0
21.40972501507367,87.94980201684214,0
21.40972501507367,87.96023064102152,0
21.40972501507367,87.97065926520091,0
21.40972501507367,87.98108788938029,0
21.40972501507367,87.99151651355967,0
21.40972501507367,88.00194513773906,0
21.40972501507367,88.01237376191844,0
21.40972501507367,88.02280238609784,0
21.40972501507367,88.03323101027722,0
21.40972501507367,88.04365963445662,0
21.40972501507367,88.05408825863597,0
21.40972501507367,88.06451688281537,0
21.40972501507367,88.07494550699475,0
21.40972501507367,88.08537413117415,0
21.40972501507367,88.09580275535353,0
21.40972501507367,88.10623137953291,0
21.40972501507367,88.1166600037123,0
21.40972501507367,88.12708862789167,0
21.40972501507367,88.13751725207106,0
21.40972501507367,88.14794587625045,0
21.40972501507367,88.15837450042984,0
21.40972501507367,88.16880312460923,0
21.40972501507367,88.1792317487886,0
21.40972501507367,88.18966037296799,0
21.40972501507367,88.20008899714738,0
21.40972501507367,88.21051762132676,0
21.40972501507367,88.22094624550614,0
21.40972501507367,88.23137486968552,0
21.40972501507367,88.24180349386491,0
21.40972501507367,88.25223211804429,0
21.40972501507367,88.26266074222369,0
21.40972501507367,88.27308936640307,0
21.40972501507367,88.28351799058247,0
21.40972501507367,88.29394661476182,0
21.40141352218001,87.50871795498001,0
21.40141352218001,87.5191462119013,0
21.40141352218001,87.5295744688226,0
21.40141352218001,87.54000272574389,0
21.40141352218001,87.55043098266518,0
21.40141352218001,87.56085923958645,0
21.40141352218001,87.57128749650774,0
21.40141352218001,87.58171575342902,0
21.40141352218001,87.59214401035031,0
21.40141352218001,87.6025722672716,0
21.40141352218001,87.61300052419288,0
21.40141352218001,87.62342878111417,0
21.40141352218001,87.63385703803546,0
21.40141352218001,87.64428529495675,0
21.40141352218001,87.65471355187803,0
21.40141352218001,87.66514180879932,0
21.40141352218001,87.67557006572059,0
21.40141352218001,87.68599832264188,0
21.40141352218001,87.69642657956318,0
21.40141352218001,87.70685483648447,0
21.40141352218001,87.71728309340577,0
21.40141352218001,87.72771135032706,0
21.40141352218001,87.73813960724833,0
21.40141352218001,87.74856786416962,0
21.40141352218001,87.7589961210909,0
21.40141352218001,87.76942437801219,0
21.40141352218001,87.77985263493348,0
21.40141352218001,87.79028089185476,0
21.40141352218001,87.80070914877605,0
21.40141352218001,87.81113740569734,0
21.40141352218001,87.82156566261862,0
21.40141352218001,87.83199391953991,0
21.40141352218001,87.84242217646121,0
21.40141352218001,87.8528504333825,0
21.40141352218001,87.86327869030377,0
21.40141352218001,87.87370694722506,0
21.40141352218001,87.88413520414635,0
21.40141352218001,87.89456346106763,0
21.40141352218001,87.90499171798892,0
21.40141352218001,87.91541997491022,0
21.40141352218001,87.9258482318315,0
21.40141352218001,87.93627648875278,0
21.40141352218001,87.94670474567407,0
21.40141352218001,87.95713300259536,0
21.40141352218001,87.96756125951664,0
21.40141352218001,87.97798951643793,0
21.40141352218001,87.9884177733592,0
21.40141352218001,87.9988460302805,0
21.40141352218001,88.00927428720179,0
21.40141352218001,88.01970254412309,0
21.40141352218001,88.03013080104438,0
21.40141352218001,88.04055905796567,0
21.40141352218001,88.05098731488694,0
21.40141352218001,88.06141557180823,0
21.40141352218001,88.07184382872951,0
21.40141352218001,88.0822720856508,0
21.40141352218001,88.09270034257209,0
21.40141352218001,88.10312859949339,0
21.40141352218001,88.11355685641466,0
21.40141352218001,88.12398511333595,0
21.40141352218001,88.13441337025723,0
21.40141352218001,88.14484162717852,0
21.40141352218001,88.15526988409981,0
21.40141352218001,88.16569814102111,0
21.40141352218001,88.17612639794237,0
21.40141352218001,88.18655465486367,0
21.40141352218001,88.19698291178496,0
21.40141352218001,88.20741116870626,0
21.40141352218001,88.21783942562755,0
21.40141352218001,88.22826768254882,0
21.40141352218001,88.2386959394701,0
21.40141352218001,88.24912419639139,0
21.40141352218001,88.25955245331268,0
21.40141352218001,88.26998071023397,0
21.40141352218001,88.28040896715525,0
21.40141352218001,88.29083722407654,0
