latitude,longitude,rainfall_mm,elevation_m,river_flood_depth_m,landcover,population,builtup_area_m2,coastal_flood_depth_m
21.55507524244792,88.27295139400478,1842.6537301009623,0,,60,12.509611,0,5.973342
21.564058395289113,88.18311986559283,1903.1823874300821,2,,80,2.4872239,0,0.0
21.564058395289113,88.2460019354812,1864.9454818440327,0,,80,19.383867,0,1.7400832
21.564058395289113,88.2549850883224,1842.6537301009623,2,,10,19.501297,0,2.2267237
21.564058395289113,88.26396824116358,1842.6537301009623,2,,40,19.784536,0,3.0695817
21.564058395289113,88.27295139400478,1842.6537301009623,3,,95,13.671592,0,2.6491938
21.564058395289113,88.28193454684597,1842.6537301009623,3,,95,8.062589,0,2.3046632
21.564058395289113,88.29091769968717,1842.6537301009623,1,,80,5.4162245,0,3.5820377
21.57304154813031,88.17413671275163,1903.1823874300821,1,,80,2.6017094,0,0.32702065
21.57304154813031,88.18311986559283,1903.1823874300821,4,,80,2.5188556,0,0.0
21.57304154813031,88.2460019354812,1864.9454818440327,3,,40,19.933344,0,2.5720077
21.57304154813031,88.2549850883224,1842.6537301009623,4,,40,20.648924,26,2.9406714
21.57304154813031,88.26396824116358,1842.6537301009623,4,,40,18.76269,0,3.2332497
21.57304154813031,88.27295139400478,1842.6537301009623,3,,40,14.151754,0,3.440406
21.57304154813031,88.28193454684597,1842.6537301009623,3,,80,11.280829,0,3.862795
21.57304154813031,88.29091769968717,1842.6537301009623,3,,95,11.00724,0,3.772014
21.57304154813031,88.29990085252837,1842.6537301009623,2,,80,4.932911,0,3.5504136
21.582024700971505,88.17413671275163,1903.1823874300821,3,,80,1.5461483,0,0.0
21.582024700971505,88.18311986559283,1903.1823874300821,6,,95,0.98585397,0,0.0
21.582024700971505,88.2460019354812,1864.9454818440327,3,,95,12.785478,0,3.9078608
21.582024700971505,88.2549850883224,1842.6537301009623,4,,10,17.334177,0,3.0517282
21.582024700971505,88.26396824116358,1842.6537301009623,4,,10,19.385868,0,2.8658874
21.582024700971505,88.27295139400478,1842.6537301009623,4,,40,13.400473,821,2.6869383
21.582024700971505,88.28193454684597,1842.6537301009623,3,,40,10.291338,0,3.3621366
21.582024700971505,88.29091769968717,1842.6537301009623,4,,95,5.738931,0,3.5199826
21.582024700971505,88.29990085252837,1842.6537301009623,3,,95,4.3702307,0,3.4930294
21.5910078538127,88.17413671275163,1903.1823874300821,5,,80,1.5549653,0,0.0
21.5910078538127,88.18311986559283,1903.1823874300821,2,,95,0.91482294,0,0.0
21.5910078538127,88.2460019354812,1864.9454818440327,1,,80,7.584635,0,3.7024045
21.5910078538127,88.2549850883224,1842.6537301009623,4,,95,11.518845,0,3.0423849
21.5910078538127,88.26396824116358,1842.6537301009623,4,,10,17.744541,0,2.8715816
21.5910078538127,88.27295139400478,1842.6537301009623,4,,40,12.147034,0,2.7080631
21.5910078538127,88.28193454684597,1842.6537301009623,4,,40,10.604492,0,2.8337412
21.5910078538127,88.29091769968717,1842.6537301009623,4,,40,7.8543878,0,2.8719335
21.5910078538127,88.29990085252837,1842.6537301009623,4,,80,4.4723654,0,3.009505
21.599991006653894,88.17413671275163,1903.1823874300821,4,,80,3.0081782,0,0.0
21.599991006653894,88.2460019354812,1864.9454818440327,2,,95,7.4846773,0,3.762308
21.599991006653894,88.2549850883224,1842.6537301009623,5,,95,10.644158,0,2.5543947
21.599991006653894,88.26396824116358,1842.6537301009623,4,,40,15.679211,0,2.739665
21.599991006653894,88.27295139400478,1842.6537301009623,4,,40,10.919624,0,2.6895733
21.599991006653894,88.28193454684597,1842.6537301009623,4,,40,10.023344,0,3.0532918
21.599991006653894,88.29091769968717,1842.6537301009623,3,,80,7.4336395,0,3.710877
21.60897415949509,88.20108617127522,1877.4606328977327,0,,80,6.48811,0,2.8071868
21.60897415949509,88.21006932411642,1877.4606328977327,1,,80,7.377364,0,3.6831305
21.60897415949509,88.21905247695761,1877.4606328977327,0,,80,8.83514,0,4.029085
21.60897415949509,88.22803562979881,1877.4606328977327,0,,80,10.916338,0,3.1245139
21.60897415949509,88.23701878264,1877.4606328977327,1,,40,10.676359,0,3.3020341
21.60897415949509,88.2460019354812,1877.4606328977327,3,,95,13.105043,0,3.2663107
21.60897415949509,88.2549850883224,1767.7486041954455,4,,40,12.463662,0,3.2026544
21.60897415949509,88.26396824116358,1767.7486041954455,4,,40,12.690253,0,2.3705764
21.60897415949509,88.27295139400478,1767.7486041954455,4,,40,10.579204,0,2.2886229
21.60897415949509,88.28193454684597,1767.7486041954455,4,,40,11.673858,0,2.9852326
21.60897415949509,88.29091769968717,1767.7486041954455,1,,80,7.39971,0,5.138967
21.617957312336287,87.500400249662,1856.4041073744704,10,,50,107.03248,0,0.0
21.617957312336287,87.50938340250319,1856.4041073744704,10,,10,106.26336,0,0.0
21.617957312336287,87.51836655534439,1856.4041073744704,8,,80,99.16009,0,0.0
21.617957312336287,88.20108617127522,1877.4606328977327,2,,80,7.260645,0,3.2640274
21.617957312336287,88.21006932411642,1877.4606328977327,3,,80,7.770279,0,3.6639345
21.617957312336287,88.21905247695761,1877.4606328977327,1,,10,10.282585,0,3.486784
21.617957312336287,88.22803562979881,1877.4606328977327,3,,40,10.184202,0,3.1107073
21.617957312336287,88.23701878264,1877.4606328977327,4,,40,10.819176,0,3.26561
21.617957312336287,88.2460019354812,1877.4606328977327,3,,40,11.877762,0,3.9176388
21.617957312336287,88.2549850883224,1767.7486041954455,3,,40,12.175547,0,3.1551604
21.617957312336287,88.26396824116358,1767.7486041954455,4,,40,12.310925,0,2.5715513
21.617957312336287,88.27295139400478,1767.7486041954455,4,,40,10.809121,0,2.5165644
21.617957312336287,88.28193454684597,1767.7486041954455,3,,40,11.449441,0,3.0910199
21.617957312336287,88.29091769968717,1767.7486041954455,2,,80,8.436263,0,3.5093024
21.62694046517748,87.500400249662,1856.4041073744704,7,,10,101.93078,0,0.0
21.62694046517748,87.50938340250319,1856.4041073744704,6,,40,108.18573,0,0.0
21.62694046517748,87.51836655534439,1856.4041073744704,7,,10,103.143875,0,0.0
21.62694046517748,87.52734970818558,1856.4041073744704,7,,10,99.74109,7,0.0
21.62694046517748,87.53633286102678,1856.4041073744704,5,,10,71.28541,0,1.0210643
21.62694046517748,87.54531601386797,1856.4041073744704,5,,60,51.783073,0,1.1854186
21.62694046517748,88.10227149002208,1812.4099306500916,4,,40,8.810565,0,2.1422873
21.62694046517748,88.11125464286327,1812.4099306500916,5,,80,8.222738,0,2.2742968
21.62694046517748,88.20108617127522,1877.4606328977327,3,,80,7.0472965,0,3.067354
21.62694046517748,88.21006932411642,1877.4606328977327,3,,40,7.834833,0,3.3903635
21.62694046517748,88.21905247695761,1877.4606328977327,3,,80,10.998662,0,3.0644193
21.62694046517748,88.22803562979881,1877.4606328977327,1,,80,10.856088,0,3.3520272
21.62694046517748,88.23701878264,1877.4606328977327,3,,40,10.770796,0,3.2064164
21.62694046517748,88.2460019354812,1877.4606328977327,3,,40,11.885632,0,3.521877
21.62694046517748,88.2549850883224,1767.7486041954455,4,,40,13.890691,0,3.3702168
21.62694046517748,88.26396824116358,1767.7486041954455,4,,10,13.645239,0,2.709088
21.62694046517748,88.27295139400478,1767.7486041954455,4,,10,10.374934,0,2.7145493
21.62694046517748,88.28193454684597,1767.7486041954455,4,,40,11.031553,0,3.1497757
21.62694046517748,88.29091769968717,1767.7486041954455,4,,40,9.04455,0,3.3108757
21.635923618018676,87.500400249662,1856.4041073744704,7,,40,59.761833,0,0.0
21.635923618018676,87.50938340250319,1856.4041073744704,7,,10,71.802414,0,0.64302015
21.635923618018676,87.51836655534439,1856.4041073744704,6,,40,77.3538,0,0.15425777
21.635923618018676,87.52734970818558,1856.4041073744704,7,,10,106.90526,0,0.96693563
21.635923618018676,87.53633286102678,1856.4041073744704,6,,80,82.39193,0,1.7855296
21.635923618018676,87.54531601386797,1856.4041073744704,6,,10,53.204407,0,1.2845745
21.635923618018676,87.55429916670917,1911.5631593715098,5,,80,7.4228225,0,2.404345
21.635923618018676,87.56328231955037,1911.5631593715098,6,,80,7.88912,0,0.0
21.635923618018676,87.57226547239156,1911.5631593715098,8,,80,8.373432,0,0.0
21.635923618018676,87.58124862523275,1911.5631593715098,11,,80,7.3022695,0,0.0
21.635923618018676,87.59023177807394,1911.5631593715098,5,,80,6.6610026,0,0.0
21.635923618018676,88.0573557258161,1825.1549914541288,3,,80,9.49083,0,4.351467
21.635923618018676,88.06633887865729,1825.1549914541288,5,,80,11.300992,0,1.7700577
21.635923618018676,88.07532203149849,1825.1549914541288,5,,10,15.440935,0,2.0887327
21.635923618018676,88.08430518433968,1825.1549914541288,5,,60,13.477204,0,2.3529992
21.635923618018676,88.09328833718088,1825.1549914541288,5,,10,8.524128,0,1.9756413
21.635923618018676,88.10227149002208,1812.4099306500916,4,,40,7.925167,0,2.8497818
21.635923618018676,88.11125464286327,1812.4099306500916,4,,40,8.004168,54,2.7097816
21.635923618018676,88.12023779570447,1812.4099306500916,4,,60,8.189021,404,2.6813443
21.635923618018676,88.12922094854567,1812.4099306500916,4,,40,7.7929497,0,2.8212662
21.635923618018676,88.13820410138686,1812.4099306500916,4,,80,7.6560516,0,2.7680666
21.635923618018676,88.14718725422806,1812.4099306500916,1,,80,6.3433247,0,5.1441674
21.635923618018676,88.20108617127522,1877.4606328977327,4,,60,6.0047064,0,2.9634535
21.635923618018676,88.21006932411642,1877.4606328977327,3,,40,7.4353085,0,3.2092502
21.635923618018676,88.21905247695761,1877.4606328977327,3,,40,6.9115934,0,3.142959
21.635923618018676,88.22803562979881,1877.4606328977327,3,,80,7.613119,0,2.717808
21.635923618018676,88.23701878264,1877.4606328977327,2,,10,11.147939,0,3.5037358
21.635923618018676,88.2460019354812,1877.4606328977327,3,,40,11.013487,0,3.148219
21.635923618018676,88.2549850883224,1767.7486041954455,3,,40,12.324844,0,2.9903286
21.635923618018676,88.26396824116358,1767.7486041954455,3,,40,12.108555,0,3.4892826
21.635923618018676,88.27295139400478,1767.7486041954455,3,,40,10.130785,0,3.2010317
21.635923618018676,88.28193454684597,1767.7486041954455,4,,40,9.755328,0,2.6398497
21.635923618018676,88.29091769968717,1767.7486041954455,4,,40,10.619679,0,3.109125
21.644906770859873,87.500400249662,1856.4041073744704,6,,40,32.776665,0,0.0
21.644906770859873,87.50938340250319,1856.4041073744704,8,,40,46.11491,0,0.13571835
21.644906770859873,87.51836655534439,1856.4041073744704,6,,10,51.180294,0,0.48548317
21.644906770859873,87.52734970818558,1856.4041073744704,7,,10,87.064186,0,0.06150627
21.644906770859873,87.53633286102678,1856.4041073744704,7,,10,48.468304,0,0.19603777
21.644906770859873,87.54531601386797,1856.4041073744704,6,,10,14.138078,0,0.0
21.644906770859873,87.55429916670917,1911.5631593715098,6,,40,8.084787,0,0.26775646
21.644906770859873,87.56328231955037,1911.5631593715098,6,,80,8.576508,0,1.3831859
21.644906770859873,87.57226547239156,1911.5631593715098,5,,30,9.477057,0,1.1918511
21.644906770859873,87.58124862523275,1911.5631593715098,5,,40,6.847662,0,1.2369981
21.644906770859873,87.59023177807394,1911.5631593715098,6,,40,6.520832,0,1.1677566
21.644906770859873,87.59921493091514,1911.5631593715098,5,,10,7.1311216,0,0.80517817
21.644906770859873,87.60819808375633,1984.217515506468,6,,10,7.6671515,0,0.0
21.644906770859873,87.61718123659753,1984.217515506468,7,,30,7.950352,0,0.0
21.644906770859873,87.62616438943873,1984.217515506468,8,,80,8.0642185,0,0.0
21.644906770859873,88.0573557258161,1825.1549914541288,5,,30,9.847941,0,1.9032154
21.644906770859873,88.06633887865729,1825.1549914541288,5,,40,9.75037,0,2.0142407
21.644906770859873,88.07532203149849,1825.1549914541288,5,,40,11.987712,0,1.8549457
21.644906770859873,88.08430518433968,1825.1549914541288,5,,40,12.13208,1,2.1184158
21.644906770859873,88.09328833718088,1825.1549914541288,5,,10,9.102731,0,1.852768
21.644906770859873,88.10227149002208,1812.4099306500916,5,,40,8.1143,123,2.1586046
21.644906770859873,88.11125464286327,1812.4099306500916,4,,40,8.411474,0,2.3451672
21.644906770859873,88.12023779570447,1812.4099306500916,4,,40,7.722168,0,2.1992297
21.644906770859873,88.12922094854567,1812.4099306500916,4,,10,7.275223,0,2.3850594
21.644906770859873,88.13820410138686,1812.4099306500916,4,,10,8.047974,0,2.9111862
21.644906770859873,88.14718725422806,1812.4099306500916,4,,95,6.4110928,0,3.1410284
21.644906770859873,88.20108617127522,1877.4606328977327,4,,40,4.488222,0,2.7347877
21.644906770859873,88.21006932411642,1877.4606328977327,4,,40,4.650989,0,2.359757
21.644906770859873,88.21905247695761,1877.4606328977327,4,,40,5.7248774,0,3.0479908
21.644906770859873,88.22803562979881,1877.4606328977327,3,,40,7.6592355,0,3.5391622
21.644906770859873,88.23701878264,1877.4606328977327,2,,80,11.220577,0,3.69659
21.644906770859873,88.2460019354812,1877.4606328977327,3,,40,10.555134,0,3.1017408
21.644906770859873,88.2549850883224,1767.7486041954455,3,,40,11.842854,0,2.8683019
21.644906770859873,88.26396824116358,1767.7486041954455,3,,40,11.827242,0,3.0863528
21.644906770859873,88.27295139400478,1767.7486041954455,4,,40,10.51133,0,2.682755
21.644906770859873,88.28193454684597,1767.7486041954455,4,,40,10.098122,0,2.575234
21.644906770859873,88.29091769968717,1767.7486041954455,4,,40,10.986179,0,2.8858309
21.653889923701065,87.500400249662,1895.813442884738,7,,40,6.54262,0,0.0
21.653889923701065,87.50938340250319,1895.813442884738,7,,40,6.7375083,0,0.27227402
21.653889923701065,87.51836655534439,1895.813442884738,6,,40,6.9845266,0,0.96525526
21.653889923701065,87.52734970818558,1895.813442884738,5,,40,11.230639,0,0.81995106
21.653889923701065,87.53633286102678,1895.813442884738,5,,10,13.484637,0,0.9225292
21.653889923701065,87.54531601386797,1895.813442884738,5,,40,10.480844,0,1.251883
21.653889923701065,87.55429916670917,1912.9948281134373,5,,40,8.441341,0,1.2974725
21.653889923701065,87.56328231955037,1912.9948281134373,5,,10,8.902916,0,1.8945918
21.653889923701065,87.57226547239156,1912.9948281134373,5,,30,8.975389,0,2.0902324
21.653889923701065,87.58124862523275,1912.9948281134373,5,,40,7.3723173,0,1.7474804
21.653889923701065,87.59023177807394,1912.9948281134373,6,,10,7.4971166,0,0.4125514
21.653889923701065,87.59921493091514,1912.9948281134373,6,,10,7.767869,0,0.5983882
21.653889923701065,87.60819808375633,1912.5817375793645,5,,40,9.29925,0,1.1654134
21.653889923701065,87.61718123659753,1912.5817375793645,4,,10,10.126067,0,1.3436985
21.653889923701065,87.62616438943873,1912.5817375793645,5,,10,8.790079,0,1.0444613
21.653889923701065,87.63514754227992,1912.5817375793645,5,,40,8.478948,0,2.0820436
21.653889923701065,87.64413069512112,1912.5817375793645,4,,60,5.6365867,0,0.81819105
21.653889923701065,87.65311384796232,1967.2141174891337,4,,60,5.9616275,0,1.9633417
21.653889923701065,87.66209700080351,1967.2141174891337,5,,60,5.7438827,0,1.8367796
21.653889923701065,87.67108015364471,1967.2141174891337,6,,40,5.6850305,0,1.6534634
21.653889923701065,88.0483725729749,1786.4926834589342,6,,40,10.385065,0,2.9692013
21.653889923701065,88.0573557258161,1815.0978602504888,4,,40,8.710567,0,2.0324502
21.653889923701065,88.06633887865729,1815.0978602504888,5,,40,8.612637,0,2.0369759
21.653889923701065,88.07532203149849,1815.0978602504888,5,,40,9.509181,0,1.287765
21.653889923701065,88.08430518433968,1815.0978602504888,5,,10,9.809502,0,1.1750536
21.653889923701065,88.09328833718088,1815.0978602504888,5,,40,8.705743,0,1.4472737
21.653889923701065,88.10227149002208,1861.6938783229216,5,,40,8.461903,84,1.5815802
21.653889923701065,88.11125464286327,1861.6938783229216,4,,40,8.069412,1282,1.7699394
21.653889923701065,88.12023779570447,1861.6938783229216,5,,40,7.265133,484,1.5189238
21.653889923701065,88.12922094854567,1861.6938783229216,5,,40,7.1125474,0,1.5425658
21.653889923701065,88.13820410138686,1861.6938783229216,4,,40,7.596816,443,2.4183831
21.653889923701065,88.14718725422806,1861.6938783229216,4,,95,7.044883,0,3.0571957
21.653889923701065,88.15617040706924,1869.4209979653328,1,,80,6.042434,0,4.30192
21.653889923701065,88.19210301843403,1869.4209979653328,3,,40,5.548809,0,2.8319485
21.653889923701065,88.20108617127522,1884.5276755528832,4,,40,4.193451,0,2.442679
21.653889923701065,88.21006932411642,1884.5276755528832,4,,40,2.4346013,0,2.5095062
21.653889923701065,88.21905247695761,1884.5276755528832,3,,40,6.073528,0,2.9683092
21.653889923701065,88.22803562979881,1884.5276755528832,3,,40,7.83456,0,4.4334984
21.653889923701065,88.23701878264,1884.5276755528832,3,,40,11.812641,0,3.3185039
21.653889923701065,88.2460019354812,1884.5276755528832,4,,10,11.286629,0,2.9198666
21.653889923701065,88.2549850883224,1782.6729997240961,3,,40,13.028954,0,2.7330825
21.653889923701065,88.26396824116358,1782.6729997240961,4,,40,12.672674,0,2.5571408
21.653889923701065,88.27295139400478,1782.6729997240961,3,,40,9.9726,0,2.6621828
21.653889923701065,88.28193454684597,1782.6729997240961,4,,40,10.791496,0,3.2711542
21.653889923701065,88.29091769968717,1782.6729997240961,4,,40,11.714771,0,3.2390263
21.653889923701065,88.29990085252837,1782.6729997240961,3,,40,8.743078,0,3.6609328
21.66287307654226,87.500400249662,1895.813442884738,11,,10,5.235344,0,0.0
21.66287307654226,87.50938340250319,1895.813442884738,11,,10,6.353213,0,0.0
21.66287307654226,87.51836655534439,1895.813442884738,11,,10,7.2967896,0,0.0
21.66287307654226,87.52734970818558,1895.813442884738,9,,10,9.297116,0,0.0
21.66287307654226,87.53633286102678,1895.813442884738,9,,10,9.330901,0,0.0
21.66287307654226,87.54531601386797,1895.813442884738,7,,10,10.223799,0,0.68604136
21.66287307654226,87.55429916670917,1912.9948281134373,6,,10,9.273496,0,1.3148217
21.66287307654226,87.56328231955037,1912.9948281134373,5,,80,10.310874,0,1.7956076
21.66287307654226,87.57226547239156,1912.9948281134373,6,,10,9.692692,0,1.5788774
21.66287307654226,87.58124862523275,1912.9948281134373,5,,10,7.6164913,0,1.3227458
21.66287307654226,87.59023177807394,1912.9948281134373,6,,40,7.097294,0,1.0404491
21.66287307654226,87.59921493091514,1912.9948281134373,5,,10,8.751345,0,1.8972969
21.66287307654226,87.60819808375633,1912.5817375793645,4,,40,10.407762,0,2.3261275
21.66287307654226,87.61718123659753,1912.5817375793645,3,,40,9.667977,0,2.492795
21.66287307654226,87.62616438943873,1912.5817375793645,4,,40,7.22906,0,2.404748
21.66287307654226,87.63514754227992,1912.5817375793645,4,,60,6.657239,0,2.280373
21.66287307654226,87.64413069512112,1912.5817375793645,4,,80,5.5578065,0,3.1388106
21.66287307654226,87.65311384796232,1967.2141174891337,4,,80,5.8287287,0,3.39717
21.66287307654226,87.66209700080351,1967.2141174891337,4,,80,6.0031543,0,2.3356857
21.66287307654226,87.67108015364471,1967.2141174891337,4,,60,5.8610225,0,2.2298265
21.66287307654226,87.6800633064859,1967.2141174891337,5,,40,5.976039,0,2.53717
21.66287307654226,87.68904645932709,1967.2141174891337,5,,40,6.266802,0,1.7152948
21.66287307654226,87.69802961216828,1967.2141174891337,7,,80,6.994696,0,0.6998205
21.66287307654226,87.70701276500948,1929.853763131436,6,,80,6.7999134,0,0.0
21.66287307654226,87.71599591785068,1929.853763131436,2,,80,6.3301454,0,0.075772285
21.66287307654226,88.0393894201337,1786.4926834589342,3,,80,10.445302,0,4.967228
21.66287307654226,88.0483725729749,1786.4926834589342,5,,40,8.768613,0,0.7302828
21.66287307654226,88.0573557258161,1815.0978602504888,5,,40,8.741513,0,2.2954216
21.66287307654226,88.06633887865729,1815.0978602504888,5,,40,8.523304,0,1.9583373
21.66287307654226,88.07532203149849,1815.0978602504888,5,,40,8.720799,0,0.88208055
21.66287307654226,88.08430518433968,1815.0978602504888,5,,40,9.9114065,0,0.6415014
21.66287307654226,88.09328833718088,1815.0978602504888,5,,40,8.045537,0,0.92801857
21.66287307654226,88.10227149002208,1861.6938783229216,5,,40,7.3834004,731,1.117302
21.66287307654226,88.11125464286327,1861.6938783229216,5,,40,7.430135,0,1.1930399
21.66287307654226,88.12023779570447,1861.6938783229216,5,,10,6.9243593,0,1.2359338
21.66287307654226,88.12922094854567,1861.6938783229216,5,,40,6.4513206,0,1.8013163
21.66287307654226,88.13820410138686,1861.6938783229216,5,,40,6.8152614,0,2.030518
21.66287307654226,88.14718725422806,1861.6938783229216,4,,95,6.2618237,0,3.0727246
21.66287307654226,88.15617040706924,1869.4209979653328,2,,80,6.6269956,0,4.3917727
21.66287307654226,88.19210301843403,1869.4209979653328,4,,40,6.611971,0,2.5998778
21.66287307654226,88.20108617127522,1884.5276755528832,5,,40,6.2067685,0,2.571753
21.66287307654226,88.21006932411642,1884.5276755528832,4,,40,6.7428217,0,2.8029246
21.66287307654226,88.21905247695761,1884.5276755528832,4,,40,5.114771,0,2.7854471
21.66287307654226,88.22803562979881,1884.5276755528832,3,,95,5.598483,0,4.7905293
21.66287307654226,88.23701878264,1884.5276755528832,3,,40,11.256616,0,3.2360497
21.66287307654226,88.2460019354812,1884.5276755528832,4,,10,13.880347,363,2.5596585
21.66287307654226,88.2549850883224,1782.6729997240961,4,,10,13.867767,0,2.5766745
21.66287307654226,88.26396824116358,1782.6729997240961,4,,40,12.646719,0,2.2645898
21.66287307654226,88.27295139400478,1782.6729997240961,4,,40,10.084814,0,2.598229
21.66287307654226,88.28193454684597,1782.6729997240961,4,,40,10.085129,0,3.1113846
21.66287307654226,88.29091769968717,1782.6729997240961,4,,40,10.042668,0,3.3120446
21.66287307654226,88.29990085252837,1782.6729997240961,3,,40,8.727477,0,3.569487
21.671856229383458,87.500400249662,1895.813442884738,9,,10,4.990679,0,0.0
21.671856229383458,87.50938340250319,1895.813442884738,10,,10,5.6870313,0,0.0
21.671856229383458,87.51836655534439,1895.813442884738,10,,10,6.655071,0,0.0
21.671856229383458,87.52734970818558,1895.813442884738,11,,10,8.074156,0,0.0
21.671856229383458,87.53633286102678,1895.813442884738,10,,10,8.1029,0,0.0
21.671856229383458,87.54531601386797,1895.813442884738,10,,10,10.112127,0,0.0
21.671856229383458,87.55429916670917,1912.9948281134373,10,,10,11.291542,0,0.0
21.671856229383458,87.56328231955037,1912.9948281134373,8,,10,11.598394,0,0.5364351
21.671856229383458,87.57226547239156,1912.9948281134373,10,,10,9.622607,0,0.1285553
21.671856229383458,87.58124862523275,1912.9948281134373,10,,10,8.293036,0,0.33140373
21.671856229383458,87.59023177807394,1912.9948281134373,8,,40,8.353216,0,0.7988267
21.671856229383458,87.59921493091514,1912.9948281134373,7,,40,9.319637,0,1.5895715
21.671856229383458,87.60819808375633,1912.5817375793645,6,,40,10.313465,0,2.172717
21.671856229383458,87.61718123659753,1912.5817375793645,3,,80,8.878972,0,3.0495138
21.671856229383458,87.62616438943873,1912.5817375793645,5,,40,7.655541,0,2.2092795
21.671856229383458,87.63514754227992,1912.5817375793645,5,,80,6.124079,0,2.8311543
21.671856229383458,87.64413069512112,1912.5817375793645,4,,40,5.751604,0,2.871545
21.671856229383458,87.65311384796232,1967.2141174891337,4,,80,5.343927,0,3.3524044
21.671856229383458,87.66209700080351,1967.2141174891337,4,,80,5.4443226,0,2.7812326
21.671856229383458,87.67108015364471,1967.2141174891337,5,,80,5.208738,0,3.0720139
21.671856229383458,87.6800633064859,1967.2141174891337,4,,40,4.96687,0,2.4430294
21.671856229383458,87.68904645932709,1967.2141174891337,5,,40,5.261433,0,2.5021925
21.671856229383458,87.69802961216828,1967.2141174891337,5,,40,5.9499235,0,2.448934
21.671856229383458,87.70701276500948,1929.853763131436,6,,60,6.359486,0,1.6582651
21.671856229383458,87.71599591785068,1929.853763131436,7,,60,5.596629,0,0.30490446
21.671856229383458,87.72497907069187,1929.853763131436,7,,80,4.6507607,0,0.85845804
21.671856229383458,88.0393894201337,1786.4926834589342,2,,80,9.328867,0,3.1027808
21.671856229383458,88.0483725729749,1786.4926834589342,4,,40,8.289201,0,2.6260557
21.671856229383458,88.0573557258161,1815.0978602504888,4,,40,8.429461,0,2.1392465
21.671856229383458,88.06633887865729,1815.0978602504888,4,,40,8.550807,0,1.641962
21.671856229383458,88.07532203149849,1815.0978602504888,5,,40,8.815711,0,0.89623356
21.671856229383458,88.08430518433968,1815.0978602504888,5,,40,9.304835,0,0.5906725
21.671856229383458,88.09328833718088,1815.0978602504888,5,,40,7.770108,0,0.69211197
21.671856229383458,88.10227149002208,1861.6938783229216,5,,40,7.2985296,0,0.8149605
21.671856229383458,88.11125464286327,1861.6938783229216,5,,40,7.9201126,3,1.170783
21.671856229383458,88.12023779570447,1861.6938783229216,6,,40,7.148869,0,1.7209811
21.671856229383458,88.12922094854567,1861.6938783229216,5,,40,7.242164,0,1.9426136
21.671856229383458,88.13820410138686,1861.6938783229216,5,,40,7.501318,306,1.9587302
21.671856229383458,88.14718725422806,1861.6938783229216,5,,60,6.6198378,0,2.9070375
21.671856229383458,88.15617040706924,1869.4209979653328,3,,80,6.505516,0,3.93467
21.671856229383458,88.19210301843403,1869.4209979653328,5,,40,7.2958174,0,2.576312
21.671856229383458,88.20108617127522,1884.5276755528832,3,,40,8.082085,0,3.5030293
21.671856229383458,88.21006932411642,1884.5276755528832,2,,80,7.8847857,0,4.7053733
21.671856229383458,88.21905247695761,1884.5276755528832,3,,80,5.298683,0,5.0863886
21.671856229383458,88.22803562979881,1884.5276755528832,3,,80,9.471212,0,5.4518576
21.671856229383458,88.23701878264,1884.5276755528832,4,,40,11.356555,0,2.964203
21.671856229383458,88.2460019354812,1884.5276755528832,5,,40,12.555591,0,2.5289493
21.671856229383458,88.2549850883224,1782.6729997240961,4,,40,12.847146,0,2.4804926
21.671856229383458,88.26396824116358,1782.6729997240961,4,,40,11.936848,0,2.3174286
21.671856229383458,88.27295139400478,1782.6729997240961,3,,40,9.956366,0,2.6479392
21.671856229383458,88.28193454684597,1782.6729997240961,3,,95,10.287453,0,3.0839741
21.671856229383458,88.29091769968717,1782.6729997240961,3,,40,9.483886,0,2.9779038
21.671856229383458,88.29990085252837,1782.6729997240961,3,,40,7.749582,0,3.6419928
21.68083938222465,87.500400249662,1895.813442884738,8,,10,4.834305,0,0.0
21.68083938222465,87.50938340250319,1895.813442884738,7,,40,5.0074525,0,0.0
21.68083938222465,87.51836655534439,1895.813442884738,7,,10,6.358778,0,0.0
21.68083938222465,87.52734970818558,1895.813442884738,8,,10,6.558266,0,0.0
21.68083938222465,87.53633286102678,1895.813442884738,8,,10,7.1811986,0,0.0
21.68083938222465,87.54531601386797,1895.813442884738,8,,10,8.3302555,0,0.0
21.68083938222465,87.55429916670917,1912.9948281134373,8,,10,12.38554,0,0.0
21.68083938222465,87.56328231955037,1912.9948281134373,8,,10,15.00367,0,0.0
21.68083938222465,87.57226547239156,1912.9948281134373,9,,10,9.678147,0,0.0
21.68083938222465,87.58124862523275,1912.9948281134373,8,,10,9.011595,0,0.0
21.68083938222465,87.59023177807394,1912.9948281134373,10,,10,10.038462,0,0.0
21.68083938222465,87.59921493091514,1912.9948281134373,10,,10,10.089689,0,0.0
21.68083938222465,87.60819808375633,1912.5817375793645,8,,10,9.546912,0,0.0
21.68083938222465,87.61718123659753,1912.5817375793645,9,,10,10.142945,0,1.3182468
21.68083938222465,87.62616438943873,1912.5817375793645,8,,10,8.724123,0,2.022542
21.68083938222465,87.63514754227992,1912.5817375793645,7,,10,7.2843876,76,2.3713107
21.68083938222465,87.64413069512112,1912.5817375793645,6,,40,6.151948,0,2.773967
21.68083938222465,87.65311384796232,1967.2141174891337,4,,80,5.494295,0,2.9274044
21.68083938222465,87.66209700080351,1967.2141174891337,5,,40,5.650541,0,2.5981073
21.68083938222465,87.67108015364471,1967.2141174891337,6,,10,5.635341,0,2.5192685
21.68083938222465,87.6800633064859,1967.2141174891337,6,,40,4.725348,0,2.5630927
21.68083938222465,87.68904645932709,1967.2141174891337,4,,10,5.5145535,0,2.150169
21.68083938222465,87.69802961216828,1967.2141174891337,4,,40,5.976547,0,1.8491864
21.68083938222465,87.70701276500948,1929.853763131436,4,,60,4.1968985,0,3.0744357
21.68083938222465,87.71599591785068,1929.853763131436,4,,60,10.586267,0,2.7460763
21.68083938222465,87.72497907069187,1929.853763131436,4,,40,10.9283085,0,2.425208
21.68083938222465,87.73396222353307,1929.853763131436,6,,10,12.7076845,0,2.0055685
21.68083938222465,87.74294537637427,1929.853763131436,4,,10,11.237026,0,5.437685
21.68083938222465,88.0393894201337,1786.4926834589342,1,,80,7.8364897,0,5.7260303
21.68083938222465,88.0483725729749,1786.4926834589342,4,,40,7.847591,442,2.2528582
21.68083938222465,88.0573557258161,1815.0978602504888,4,,40,8.005582,0,2.5933294
21.68083938222465,88.06633887865729,1815.0978602504888,5,,10,8.506517,0,2.0558
21.68083938222465,88.07532203149849,1815.0978602504888,4,,40,8.233368,0,1.2064447
21.68083938222465,88.08430518433968,1815.0978602504888,4,,40,8.781891,0,0.61547756
21.68083938222465,88.09328833718088,1815.0978602504888,5,,40,8.086109,0,0.7289767
21.68083938222465,88.10227149002208,1861.6938783229216,5,,40,8.003172,0,1.2204905
21.68083938222465,88.11125464286327,1861.6938783229216,5,,40,8.303324,0,1.4456544
21.68083938222465,88.12023779570447,1861.6938783229216,5,,40,8.772122,0,1.4701147
21.68083938222465,88.12922094854567,1861.6938783229216,5,,10,9.0155,0,1.9679165
21.68083938222465,88.13820410138686,1861.6938783229216,5,,40,8.193001,0,2.563147
21.68083938222465,88.14718725422806,1861.6938783229216,5,,95,7.419408,0,2.0166144
21.68083938222465,88.15617040706924,1869.4209979653328,2,,80,5.600055,0,4.107873
21.68083938222465,88.18311986559283,1869.4209979653328,2,,80,7.3880825,0,6.4309983
21.68083938222465,88.19210301843403,1869.4209979653328,4,,40,7.612934,0,3.8886545
21.68083938222465,88.20108617127522,1884.5276755528832,3,,80,7.803337,0,4.0549827
21.68083938222465,88.21006932411642,1884.5276755528832,5,,40,8.956508,0,2.694443
21.68083938222465,88.21905247695761,1884.5276755528832,5,,40,10.282545,0,3.2407308
21.68083938222465,88.22803562979881,1884.5276755528832,5,,40,10.189684,0,2.258215
21.68083938222465,88.23701878264,1884.5276755528832,5,,40,10.270773,0,2.556767
21.68083938222465,88.2460019354812,1884.5276755528832,5,,40,12.336958,0,2.454628
21.68083938222465,88.2549850883224,1782.6729997240961,4,,40,12.066913,0,2.2451458
21.68083938222465,88.26396824116358,1782.6729997240961,4,,40,10.850179,0,2.2002506
21.68083938222465,88.27295139400478,1782.6729997240961,4,,95,11.003325,0,2.558578
21.68083938222465,88.28193454684597,1782.6729997240961,3,,40,10.576448,0,3.10921
21.68083938222465,88.29091769968717,1782.6729997240961,3,,40,9.406837,0,3.328378
21.68083938222465,88.29990085252837,1782.6729997240961,3,,95,9.275342,0,3.7148898
21.689822535065847,87.500400249662,1895.813442884738,9,,10,6.5551963,0,0.0
21.689822535065847,87.50938340250319,1895.813442884738,8,,10,6.7966924,255,0.0
21.689822535065847,87.51836655534439,1895.813442884738,8,,40,5.564891,0,0.0
21.689822535065847,87.52734970818558,1895.813442884738,8,,10,6.4402347,0,0.0
21.689822535065847,87.53633286102678,1895.813442884738,8,,10,6.4221168,0,0.0
21.689822535065847,87.54531601386797,1895.813442884738,7,,10,6.7663717,0,0.0
21.689822535065847,87.55429916670917,1912.9948281134373,7,,10,8.9777,0,0.0
21.689822535065847,87.56328231955037,1912.9948281134373,7,,10,10.6329565,0,0.0
21.689822535065847,87.57226547239156,1912.9948281134373,7,,10,7.9628305,0,0.0
21.689822535065847,87.58124862523275,1912.9948281134373,8,,10,7.6050396,0,0.0
21.689822535065847,87.59023177807394,1912.9948281134373,8,,10,7.4460707,0,0.0
21.689822535065847,87.59921493091514,1912.9948281134373,7,,10,7.7432847,0,0.0
21.689822535065847,87.60819808375633,1912.5817375793645,7,,10,7.8509398,0,0.047901154
21.689822535065847,87.61718123659753,1912.5817375793645,7,,10,7.7609158,0,0.0
21.689822535065847,87.62616438943873,1912.5817375793645,6,,10,9.975764,0,0.0
21.689822535065847,87.63514754227992,1912.5817375793645,5,,40,10.249057,0,0.8816147
21.689822535065847,87.64413069512112,1912.5817375793645,5,,10,8.024798,0,1.6871052
21.689822535065847,87.65311384796232,1967.2141174891337,6,,40,7.127328,0,1.9773397
21.689822535065847,87.66209700080351,1967.2141174891337,6,,40,7.100172,0,2.0682554
21.689822535065847,87.67108015364471,1967.2141174891337,6,,10,7.3367624,0,1.4039364
21.689822535065847,87.6800633064859,1967.2141174891337,4,,10,19.679527,0,2.1390772
21.689822535065847,87.68904645932709,1967.2141174891337,4,,40,13.309889,0,2.4257708
21.689822535065847,87.69802961216828,1967.2141174891337,4,,40,12.037942,0,3.500838
21.689822535065847,87.70701276500948,1929.853763131436,3,,40,11.970242,0,3.6950753
21.689822535065847,87.71599591785068,1929.853763131436,4,,40,12.629149,0,3.9257638
21.689822535065847,87.72497907069187,1929.853763131436,4,,80,11.168662,0,3.5000608
21.689822535065847,87.73396222353307,1929.853763131436,4,,10,12.624906,0,1.7058334
21.689822535065847,87.74294537637427,1929.853763131436,5,,40,13.555274,0,0.778286
21.689822535065847,87.75192852921546,1921.8449272758976,1,,30,14.487312,0,6.318226
21.689822535065847,88.0393894201337,1786.4926834589342,0,,80,8.966785,0,6.3374825
21.689822535065847,88.0483725729749,1786.4926834589342,4,,40,7.3005495,0,3.9327168
21.689822535065847,88.0573557258161,1815.0978602504888,5,,10,7.4908366,0,2.4081988
21.689822535065847,88.06633887865729,1815.0978602504888,5,,40,8.251505,0,1.7657032
21.689822535065847,88.07532203149849,1815.0978602504888,4,,40,8.212019,0,1.3188715
21.689822535065847,88.08430518433968,1815.0978602504888,5,,40,7.7168016,0,0.7340884
21.689822535065847,88.09328833718088,1815.0978602504888,4,,40,7.6144304,0,0.7580719
21.689822535065847,88.10227149002208,1861.6938783229216,4,,40,8.248642,0,1.3719172
21.689822535065847,88.11125464286327,1861.6938783229216,5,,40,9.279446,0,1.38795
21.689822535065847,88.12023779570447,1861.6938783229216,5,,40,7.6686096,0,1.7516179
21.689822535065847,88.12922094854567,1861.6938783229216,5,,10,7.8185983,0,1.858943
21.689822535065847,88.13820410138686,1861.6938783229216,5,,40,7.297054,0,1.8836603
21.689822535065847,88.14718725422806,1861.6938783229216,5,,40,6.5297236,0,2.216302
21.689822535065847,88.15617040706924,1869.4209979653328,2,,80,6.8584776,0,4.1867795
21.689822535065847,88.18311986559283,1869.4209979653328,1,,80,7.55124,0,6.2130294
21.689822535065847,88.19210301843403,1869.4209979653328,5,,80,7.591709,0,4.5501385
21.689822535065847,88.20108617127522,1884.5276755528832,3,,80,8.461504,0,2.908929
21.689822535065847,88.21006932411642,1884.5276755528832,2,,40,9.053564,0,2.6966145
21.689822535065847,88.21905247695761,1884.5276755528832,4,,40,10.013695,0,2.7505207
21.689822535065847,88.22803562979881,1884.5276755528832,5,,40,10.273291,0,2.8141973
21.689822535065847,88.23701878264,1884.5276755528832,4,,40,10.926547,0,2.5307426
21.689822535065847,88.2460019354812,1884.5276755528832,5,,40,13.211767,0,2.1399536
21.689822535065847,88.2549850883224,1782.6729997240961,4,,40,11.770916,0,2.1088424
21.689822535065847,88.26396824116358,1782.6729997240961,3,,40,10.298969,0,2.3803658
21.689822535065847,88.27295139400478,1782.6729997240961,4,,10,11.782801,0,2.8385646
21.689822535065847,88.28193454684597,1782.6729997240961,4,,10,10.236786,0,3.0075858
21.689822535065847,88.29091769968717,1782.6729997240961,4,,40,11.6118,0,3.2888849
21.689822535065847,88.29990085252837,1782.6729997240961,2,,95,9.915894,0,3.8767977
21.698805687907043,87.500400249662,1895.813442884738,7,,10,6.889087,0,0.0
21.698805687907043,87.50938340250319,1895.813442884738,7,,10,6.721754,0,0.0
21.698805687907043,87.51836655534439,1895.813442884738,7,,10,5.7100563,0,0.0
21.698805687907043,87.52734970818558,1895.813442884738,7,,10,5.6239843,0,0.0
21.698805687907043,87.53633286102678,1895.813442884738,6,,10,5.769854,0,0.0
21.698805687907043,87.54531601386797,1895.813442884738,7,,10,6.7386,0,0.0
21.698805687907043,87.55429916670917,1912.9948281134373,7,,10,8.872033,0,0.0
21.698805687907043,87.56328231955037,1912.9948281134373,7,,10,10.103561,0,0.0
21.698805687907043,87.57226547239156,1912.9948281134373,7,,10,7.6280985,0,0.0
21.698805687907043,87.58124862523275,1912.9948281134373,6,,40,7.4220543,0,0.0
21.698805687907043,87.59023177807394,1912.9948281134373,6,,40,6.9608936,0,0.0
21.698805687907043,87.59921493091514,1912.9948281134373,6,,40,7.2000046,0,0.8598242
21.698805687907043,87.60819808375633,1912.5817375793645,6,,40,6.9489527,0,1.1735926
21.698805687907043,87.61718123659753,1912.5817375793645,5,,40,6.669254,0,1.5099673
21.698805687907043,87.62616438943873,1912.5817375793645,5,,40,7.513309,0,1.5102797
21.698805687907043,87.63514754227992,1912.5817375793645,5,,40,9.330807,0,1.6226187
21.698805687907043,87.64413069512112,1912.5817375793645,5,,40,8.796553,0,1.4239907
21.698805687907043,87.65311384796232,1967.2141174891337,6,,40,11.528418,0,1.3649282
21.698805687907043,87.66209700080351,1967.2141174891337,6,,40,19.448467,0,1.2582436
21.698805687907043,87.67108015364471,1967.2141174891337,6,,10,25.276321,0,1.3276963
21.698805687907043,87.6800633064859,1967.2141174891337,6,,40,15.192338,0,1.8544002
21.698805687907043,87.68904645932709,1967.2141174891337,4,,40,12.105766,0,2.4099097
21.698805687907043,87.69802961216828,1967.2141174891337,5,,40,12.814114,0,2.91929
21.698805687907043,87.70701276500948,1929.853763131436,4,,40,13.985901,0,3.116122
21.698805687907043,87.71599591785068,1929.853763131436,4,,80,14.119078,0,3.45092
21.698805687907043,87.72497907069187,1929.853763131436,4,,80,12.762537,0,3.2246702
21.698805687907043,87.73396222353307,1929.853763131436,5,,60,12.753815,0,3.3497481
21.698805687907043,87.74294537637427,1929.853763131436,5,,60,14.456455,0,2.54217
21.698805687907043,87.75192852921546,1921.8449272758976,5,,10,16.294771,0,3.9074044
21.698805687907043,87.76091168205666,1921.8449272758976,7,,10,17.371382,0,1.3664083
21.698805687907043,87.76989483489785,1921.8449272758976,9,,10,14.434267,0,0.0
21.698805687907043,87.77887798773905,1921.8449272758976,10,,10,11.247895,0,0.0
21.698805687907043,87.78786114058025,1921.8449272758976,11,,10,11.051557,0,0.0
21.698805687907043,87.79684429342144,1921.8449272758976,6,,10,14.5385065,0,0.0
21.698805687907043,88.0483725729749,1786.4926834589342,3,,60,6.4072204,0,4.804514
21.698805687907043,88.0573557258161,1815.0978602504888,5,,40,7.065296,0,2.343886
21.698805687907043,88.06633887865729,1815.0978602504888,5,,40,7.709775,0,1.4651308
21.698805687907043,88.07532203149849,1815.0978602504888,5,,40,7.0338774,0,1.3825197
21.698805687907043,88.08430518433968,1815.0978602504888,5,,40,7.559903,0,0.9246354
21.698805687907043,88.09328833718088,1815.0978602504888,5,,40,7.9778643,0,1.015317
21.698805687907043,88.10227149002208,1861.6938783229216,5,,40,8.170905,0,1.3161821
21.698805687907043,88.11125464286327,1861.6938783229216,4,,40,8.544588,0,1.2640777
21.698805687907043,88.12023779570447,1861.6938783229216,4,,40,8.137173,0,1.6616611
21.698805687907043,88.12922094854567,1861.6938783229216,4,,40,7.1523137,0,1.6733985
21.698805687907043,88.13820410138686,1861.6938783229216,5,,40,7.1491804,0,1.5637541
21.698805687907043,88.14718725422806,1861.6938783229216,5,,40,6.8617105,0,2.0022106
21.698805687907043,88.15617040706924,1869.4209979653328,3,,80,6.674494,0,4.181076
21.698805687907043,88.19210301843403,1869.4209979653328,5,,95,6.7699723,0,2.5353732
21.698805687907043,88.20108617127522,1884.5276755528832,5,,40,7.513847,0,4.8070917
21.698805687907043,88.21006932411642,1884.5276755528832,5,,10,7.7121563,0,5.0913105
21.698805687907043,88.21905247695761,1884.5276755528832,2,,10,11.531724,0,3.6449044
21.698805687907043,88.22803562979881,1884.5276755528832,5,,10,9.885466,0,2.858808
21.698805687907043,88.23701878264,1884.5276755528832,5,,40,9.787885,0,2.5750527
21.698805687907043,88.2460019354812,1884.5276755528832,4,,40,12.1057415,0,1.8257504
21.698805687907043,88.2549850883224,1782.6729997240961,4,,40,10.216888,0,2.1694727
21.698805687907043,88.26396824116358,1782.6729997240961,4,,10,11.019967,0,2.8502474
21.698805687907043,88.27295139400478,1782.6729997240961,4,,40,9.758056,0,3.0807774
21.698805687907043,88.28193454684597,1782.6729997240961,4,,40,9.697871,0,3.3367057
21.698805687907043,88.29091769968717,1782.6729997240961,2,,95,10.790664,0,3.4183903
21.698805687907043,88.29990085252837,1782.6729997240961,1,,80,2.8195598,0,5.25342
21.707788840748236,87.500400249662,1839.6947161274322,8,,40,5.8215547,0,0.0
21.707788840748236,87.50938340250319,1839.6947161274322,7,,40,5.6812744,0,0.0
21.707788840748236,87.51836655534439,1839.6947161274322,6,,40,5.3804765,0,0.0
21.707788840748236,87.52734970818558,1839.6947161274322,6,,40,5.3505383,0,0.0
21.707788840748236,87.53633286102678,1839.6947161274322,7,,10,5.4099874,0,0.0
21.707788840748236,87.54531601386797,1839.6947161274322,6,,40,5.5386086,0,0.0
21.707788840748236,87.55429916670917,1922.7251170842105,6,,10,7.9874706,0,0.0
21.707788840748236,87.56328231955037,1922.7251170842105,6,,40,8.892557,0,0.0
21.707788840748236,87.57226547239156,1922.7251170842105,6,,40,7.003164,0,0.6267557
21.707788840748236,87.58124862523275,1922.7251170842105,7,,10,6.7134666,0,0.43993187
21.707788840748236,87.59023177807394,1922.7251170842105,7,,10,6.198529,0,0.36484194
21.707788840748236,87.59921493091514,1922.7251170842105,6,,40,6.631583,0,0.5815439
21.707788840748236,87.60819808375633,1973.2466712986818,8,,10,6.48239,0,0.4324212
21.707788840748236,87.61718123659753,1973.2466712986818,7,,40,6.2148395,0,1.0391865
21.707788840748236,87.62616438943873,1973.2466712986818,6,,40,6.949368,0,1.0254364
21.707788840748236,87.63514754227992,1973.2466712986818,7,,10,9.012059,0,0.8170724
21.707788840748236,87.64413069512112,1973.2466712986818,6,,40,27.969137,0,0.33627796
21.707788840748236,87.65311384796232,1954.8610529329005,6,,40,25.213894,0,0.0
21.707788840748236,87.66209700080351,1954.8610529329005,7,,10,21.060028,0,1.088088
21.707788840748236,87.67108015364471,1954.8610529329005,6,,10,21.204733,0,0.46678114
21.707788840748236,87.6800633064859,1954.8610529329005,5,,40,14.261488,0,1.3952312
21.707788840748236,87.68904645932709,1954.8610529329005,6,,40,13.965473,0,1.8737335
21.707788840748236,87.69802961216828,1954.8610529329005,5,,40,13.139161,0,2.48666
21.707788840748236,87.70701276500948,1991.951001539397,5,,40,14.148194,0,2.1113486
21.707788840748236,87.71599591785068,1991.951001539397,5,,40,14.009098,0,2.715057
21.707788840748236,87.72497907069187,1991.951001539397,5,,40,11.540101,0,2.8172727
21.707788840748236,87.73396222353307,1991.951001539397,4,,40,13.270622,0,3.00342
21.707788840748236,87.74294537637427,1991.951001539397,4,,40,13.692629,0,2.6811934
21.707788840748236,87.75192852921546,1874.825140234627,4,,10,14.323602,0,0.9982743
21.707788840748236,87.76091168205666,1874.825140234627,4,,60,16.73156,0,1.117763
21.707788840748236,87.76989483489785,1874.825140234627,5,,10,15.522217,0,0.4925642
21.707788840748236,87.77887798773905,1874.825140234627,5,,40,14.620416,0,0.93149996
21.707788840748236,87.78786114058025,1874.825140234627,6,,40,16.19705,0,0.0
21.707788840748236,87.79684429342144,1874.825140234627,9,,40,15.371681,0,0.0
21.707788840748236,87.80582744626263,1952.2924294168483,10,,10,5.982594,0,0.0
21.707788840748236,88.0573557258161,1835.0128803160983,6,,95,6.7337995,0,2.2166266
21.707788840748236,88.06633887865729,1835.0128803160983,5,,10,7.6690946,359,1.9030423
21.707788840748236,88.07532203149849,1835.0128803160983,5,,40,7.5778475,0,1.2255554
21.707788840748236,88.08430518433968,1835.0128803160983,4,,40,8.023019,0,0.9290829
21.707788840748236,88.09328833718088,1835.0128803160983,5,,40,7.720776,0,0.7012224
21.707788840748236,88.10227149002208,1818.0686716125042,5,,10,7.7427235,18,0.9026232
21.707788840748236,88.11125464286327,1818.0686716125042,4,,40,8.062269,0,1.3919134
21.707788840748236,88.12023779570447,1818.0686716125042,4,,40,7.868662,1653,1.4116621
21.707788840748236,88.12922094854567,1818.0686716125042,5,,40,7.114186,0,1.4612207
21.707788840748236,88.13820410138686,1818.0686716125042,5,,10,7.2815294,0,1.4502125
21.707788840748236,88.14718725422806,1818.0686716125042,5,,40,7.4642096,0,1.6549077
21.707788840748236,88.15617040706924,1873.8439066963938,5,,80,6.9687734,0,2.7649045
21.707788840748236,88.19210301843403,1873.8439066963938,2,,80,6.3601894,0,2.389595
21.707788840748236,88.20108617127522,1884.9135147097224,5,,95,7.305304,0,2.4698796
21.707788840748236,88.21006932411642,1884.9135147097224,4,,10,7.1407223,0,2.8384202
21.707788840748236,88.21905247695761,1884.9135147097224,3,,10,10.735796,0,5.059514
21.707788840748236,88.22803562979881,1884.9135147097224,4,,40,10.079817,0,2.7939703
21.707788840748236,88.23701878264,1884.9135147097224,4,,10,9.577709,0,2.432961
21.707788840748236,88.2460019354812,1884.9135147097224,4,,40,11.600346,0,1.9699988
21.707788840748236,88.2549850883224,1841.4335566009077,4,,40,9.732197,0,2.086534
21.707788840748236,88.26396824116358,1841.4335566009077,4,,40,9.480038,0,2.836721
21.707788840748236,88.27295139400478,1841.4335566009077,5,,10,9.253601,0,3.3431985
21.707788840748236,88.28193454684597,1841.4335566009077,3,,40,10.117033,0,3.4074292
21.707788840748236,88.29091769968717,1841.4335566009077,2,,80,9.276697,0,5.3399825
21.707788840748236,88.29990085252837,1841.4335566009077,7,,95,1.9956043,0,5.7387323
21.716771993589433,87.500400249662,1839.6947161274322,12,,10,4.2911477,0,0.0
21.716771993589433,87.50938340250319,1839.6947161274322,11,,10,3.943951,0,0.0
21.716771993589433,87.51836655534439,1839.6947161274322,10,,10,3.964012,0,0.0
21.716771993589433,87.52734970818558,1839.6947161274322,10,,40,4.719072,0,0.0
21.716771993589433,87.53633286102678,1839.6947161274322,8,,10,5.3097124,0,0.0
21.716771993589433,87.54531601386797,1839.6947161274322,7,,40,5.74543,0,0.0
21.716771993589433,87.55429916670917,1922.7251170842105,7,,40,8.0889435,0,0.0
21.716771993589433,87.56328231955037,1922.7251170842105,7,,10,6.914625,0,0.0
21.716771993589433,87.57226547239156,1922.7251170842105,7,,10,5.383544,0,0.0
21.716771993589433,87.58124862523275,1922.7251170842105,7,,10,5.6389933,0,0.0
21.716771993589433,87.59023177807394,1922.7251170842105,7,,40,5.3212843,0,0.0
21.716771993589433,87.59921493091514,1922.7251170842105,6,,40,5.0855126,0,0.1936903
21.716771993589433,87.60819808375633,1973.2466712986818,6,,40,5.2015133,0,0.0
21.716771993589433,87.61718123659753,1973.2466712986818,7,,40,5.0895376,0,0.0
21.716771993589433,87.62616438943873,1973.2466712986818,6,,10,7.141743,0,0.61234856
21.716771993589433,87.63514754227992,1973.2466712986818,5,,40,8.298907,0,0.6119528
21.716771993589433,87.64413069512112,1973.2466712986818,5,,40,9.063859,0,0.7172947
21.716771993589433,87.65311384796232,1954.8610529329005,5,,40,16.765484,0,0.12643528
21.716771993589433,87.66209700080351,1954.8610529329005,6,,40,27.08437,0,0.0
21.716771993589433,87.67108015364471,1954.8610529329005,6,,10,19.58642,0,0.3446331
21.716771993589433,87.6800633064859,1954.8610529329005,4,,40,15.180089,0,0.8540139
21.716771993589433,87.68904645932709,1954.8610529329005,4,,40,12.445664,0,1.8182425
21.716771993589433,87.69802961216828,1954.8610529329005,5,,40,12.51641,0,1.8929067
21.716771993589433,87.70701276500948,1991.951001539397,5,,40,13.729429,0,1.6632681
21.716771993589433,87.71599591785068,1991.951001539397,6,,40,14.819592,0,1.6817884
21.716771993589433,87.72497907069187,1991.951001539397,4,,40,13.110791,0,1.2165132
21.716771993589433,87.73396222353307,1991.951001539397,5,,40,12.669014,0,1.8757195
21.716771993589433,87.74294537637427,1991.951001539397,4,,40,12.528357,0,2.0881915
21.716771993589433,87.75192852921546,1874.825140234627,4,,40,12.943897,0,2.3107376
21.716771993589433,87.76091168205666,1874.825140234627,5,,10,12.489976,0,1.8044834
21.716771993589433,87.76989483489785,1874.825140234627,4,,40,13.740255,0,1.8995543
21.716771993589433,87.77887798773905,1874.825140234627,5,,10,15.475404,0,1.6193495
21.716771993589433,87.78786114058025,1874.825140234627,5,,10,14.577815,0,2.3138056
21.716771993589433,87.79684429342144,1874.825140234627,6,,40,10.026417,0,1.7418256
21.716771993589433,87.80582744626263,1952.2924294168483,8,,10,7.1404266,0,0.9837842
21.716771993589433,87.81481059910382,1952.2924294168483,6,,30,6.777467,0,0.0
21.716771993589433,87.82379375194502,1952.2924294168483,1,,30,6.125666,0,2.42592
21.716771993589433,88.0573557258161,1835.0128803160983,4,,10,8.013109,140,5.531701
21.716771993589433,88.06633887865729,1835.0128803160983,6,,10,9.918962,0,1.7844148
21.716771993589433,88.07532203149849,1835.0128803160983,5,,40,8.406034,0,1.1455121
21.716771993589433,88.08430518433968,1835.0128803160983,6,,10,8.899356,45,0.6788235
21.716771993589433,88.09328833718088,1835.0128803160983,5,,40,7.9454947,0,0.5707302
21.716771993589433,88.10227149002208,1818.0686716125042,5,,40,8.097444,0,0.0
21.716771993589433,88.11125464286327,1818.0686716125042,4,,40,7.8857975,166,0.22967815
21.716771993589433,88.12023779570447,1818.0686716125042,4,,40,7.9281135,0,0.48527288
21.716771993589433,88.12922094854567,1818.0686716125042,5,,40,8.550205,0,0.8887582
21.716771993589433,88.13820410138686,1818.0686716125042,5,,10,7.699727,0,1.0661492
21.716771993589433,88.14718725422806,1818.0686716125042,5,,10,7.5335436,0,1.3243771
21.716771993589433,88.15617040706924,1873.8439066963938,5,,40,7.8890495,0,1.8381228
21.716771993589433,88.16515355991044,1873.8439066963938,2,,80,7.93739,0,3.4506857
21.716771993589433,88.20108617127522,1884.9135147097224,2,,80,6.0264444,0,5.568264
21.716771993589433,88.21006932411642,1884.9135147097224,1,,80,6.0203857,0,4.5474825
21.716771993589433,88.21905247695761,1884.9135147097224,5,,40,8.832796,0,2.398435
21.716771993589433,88.22803562979881,1884.9135147097224,5,,40,9.493761,0,2.3697782
21.716771993589433,88.23701878264,1884.9135147097224,4,,10,9.051704,0,2.1633244
21.716771993589433,88.2460019354812,1884.9135147097224,5,,10,11.144272,0,2.0136366
21.716771993589433,88.2549850883224,1841.4335566009077,5,,40,10.197899,0,2.641653
21.716771993589433,88.26396824116358,1841.4335566009077,4,,40,9.869859,0,2.9911697
21.716771993589433,88.27295139400478,1841.4335566009077,5,,40,9.947932,0,2.5714822
21.716771993589433,88.28193454684597,1841.4335566009077,2,,40,1.9214383,0,5.915217
21.716771993589433,88.29091769968717,1841.4335566009077,5,,95,2.2633457,0,3.1423264
21.716771993589433,88.29990085252837,1841.4335566009077,6,,95,3.028307,0,1.819529
21.72575514643063,87.500400249662,1839.6947161274322,10,,10,7.151171,0,0.0
21.72575514643063,87.50938340250319,1839.6947161274322,10,,10,5.1358438,0,0.0
21.72575514643063,87.51836655534439,1839.6947161274322,12,,10,3.3770971,0,0.0
21.72575514643063,87.52734970818558,1839.6947161274322,11,,10,4.663265,0,0.0
21.72575514643063,87.53633286102678,1839.6947161274322,11,,10,5.3544307,0,0.0
21.72575514643063,87.54531601386797,1839.6947161274322,11,,10,5.889538,0,0.0
21.72575514643063,87.55429916670917,1922.7251170842105,10,,10,7.4849706,0,0.0
21.72575514643063,87.56328231955037,1922.7251170842105,8,,40,6.3906775,0,0.0
21.72575514643063,87.57226547239156,1922.7251170842105,8,,40,5.455503,0,0.0
21.72575514643063,87.58124862523275,1922.7251170842105,7,,10,5.32788,0,0.0
21.72575514643063,87.59023177807394,1922.7251170842105,6,,10,5.0148935,0,0.0
21.72575514643063,87.59921493091514,1922.7251170842105,6,,40,5.121944,0,0.0
21.72575514643063,87.60819808375633,1973.2466712986818,6,,40,5.267606,0,0.0
21.72575514643063,87.61718123659753,1973.2466712986818,6,,10,5.229005,0,0.0
21.72575514643063,87.62616438943873,1973.2466712986818,5,,40,6.994914,0,0.044338226
21.72575514643063,87.63514754227992,1973.2466712986818,6,,40,8.408007,0,0.3325367
21.72575514643063,87.64413069512112,1973.2466712986818,5,,10,8.237439,0,0.20586777
21.72575514643063,87.65311384796232,1954.8610529329005,6,,40,21.137411,0,0.0
21.72575514643063,87.66209700080351,1954.8610529329005,7,,10,27.043839,0,0.0
21.72575514643063,87.67108015364471,1954.8610529329005,5,,40,26.498226,0,0.24593925
21.72575514643063,87.6800633064859,1954.8610529329005,4,,40,14.51539,0,0.87024355
21.72575514643063,87.68904645932709,1954.8610529329005,4,,40,12.405066,0,1.2800064
21.72575514643063,87.69802961216828,1954.8610529329005,5,,40,11.096647,0,1.4529433
21.72575514643063,87.70701276500948,1991.951001539397,5,,40,13.992193,0,1.4123673
21.72575514643063,87.71599591785068,1991.951001539397,5,,40,14.265869,0,0.9924507
21.72575514643063,87.72497907069187,1991.951001539397,5,,40,14.175374,0,1.1201429
21.72575514643063,87.73396222353307,1991.951001539397,5,,40,12.3531065,0,1.6199751
21.72575514643063,87.74294537637427,1991.951001539397,4,,40,12.222591,0,1.8298111
21.72575514643063,87.75192852921546,1874.825140234627,4,,40,12.553653,0,1.6941795
21.72575514643063,87.76091168205666,1874.825140234627,3,,40,12.065371,0,1.9472904
21.72575514643063,87.76989483489785,1874.825140234627,4,,40,13.439577,0,1.7306066
21.72575514643063,87.77887798773905,1874.825140234627,4,,40,15.505178,0,1.5773897
21.72575514643063,87.78786114058025,1874.825140234627,5,,40,13.539783,0,1.5658922
21.72575514643063,87.79684429342144,1874.825140234627,5,,40,5.474208,0,1.798975
21.72575514643063,87.80582744626263,1952.2924294168483,6,,10,8.030431,0,1.6679163
21.72575514643063,87.81481059910382,1952.2924294168483,8,,80,7.559431,0,1.6182065
21.72575514643063,87.82379375194502,1952.2924294168483,5,,10,6.540892,0,0.0
21.72575514643063,88.06633887865729,1835.0128803160983,6,,40,9.577795,0,3.5420918
21.72575514643063,88.07532203149849,1835.0128803160983,5,,40,8.05183,0,0.91864014
21.72575514643063,88.08430518433968,1835.0128803160983,6,,40,8.218133,0,0.83636475
21.72575514643063,88.09328833718088,1835.0128803160983,6,,40,8.094489,0,0.3429041
21.72575514643063,88.10227149002208,1818.0686716125042,6,,40,9.0451355,0,0.0
21.72575514643063,88.11125464286327,1818.0686716125042,6,,10,9.263747,0,0.0
21.72575514643063,88.12023779570447,1818.0686716125042,6,,10,8.196586,0,0.0
21.72575514643063,88.12922094854567,1818.0686716125042,5,,10,9.516249,19,0.48067856
21.72575514643063,88.13820410138686,1818.0686716125042,6,,40,8.010885,0,1.0038385
21.72575514643063,88.14718725422806,1818.0686716125042,6,,40,7.5247674,0,1.2748117
21.72575514643063,88.15617040706924,1873.8439066963938,5,,10,7.4326887,459,1.9838319
21.72575514643063,88.16515355991044,1873.8439066963938,4,,10,8.213327,0,2.2595139
21.72575514643063,88.19210301843403,1873.8439066963938,0,,80,4.2268906,0,5.26842
21.72575514643063,88.21006932411642,1884.9135147097224,1,,80,7.9721675,0,4.424514
21.72575514643063,88.21905247695761,1884.9135147097224,5,,40,9.357484,0,2.3311758
21.72575514643063,88.22803562979881,1884.9135147097224,5,,10,10.305335,0,2.0423903
21.72575514643063,88.23701878264,1884.9135147097224,5,,40,9.758625,0,2.0481277
21.72575514643063,88.2460019354812,1884.9135147097224,5,,40,11.791644,0,2.1949682
21.72575514643063,88.2549850883224,1841.4335566009077,5,,10,10.753427,0,2.7497694
21.72575514643063,88.26396824116358,1841.4335566009077,4,,40,11.139961,0,3.642639
21.72575514643063,88.27295139400478,1841.4335566009077,3,,80,6.75761,0,4.587717
21.72575514643063,88.28193454684597,1841.4335566009077,4,,80,1.8888755,0,4.4611545
21.72575514643063,88.29091769968717,1841.4335566009077,6,,95,1.7931798,0,1.9021916
21.72575514643063,88.29990085252837,1841.4335566009077,6,,95,2.4465783,0,2.5887537
21.734738299271825,87.500400249662,1839.6947161274322,8,,40,8.230311,0,0.0
21.734738299271825,87.50938340250319,1839.6947161274322,6,,40,6.17804,0,0.0
21.734738299271825,87.51836655534439,1839.6947161274322,7,,10,8.135617,0,0.0
21.734738299271825,87.52734970818558,1839.6947161274322,10,,10,12.953929,0,0.0
21.734738299271825,87.53633286102678,1839.6947161274322,11,,10,10.950241,0,0.0
21.734738299271825,87.54531601386797,1839.6947161274322,11,,10,11.193489,0,0.0
21.734738299271825,87.55429916670917,1922.7251170842105,12,,10,10.587042,0,0.0
21.734738299271825,87.56328231955037,1922.7251170842105,12,,10,9.954114,0,0.0
21.734738299271825,87.57226547239156,1922.7251170842105,11,,10,5.090394,0,0.0
21.734738299271825,87.58124862523275,1922.7251170842105,9,,10,4.9455566,0,0.0
21.734738299271825,87.59023177807394,1922.7251170842105,7,,40,4.91288,0,0.0
21.734738299271825,87.59921493091514,1922.7251170842105,6,,40,4.5804024,0,0.0
21.734738299271825,87.60819808375633,1973.2466712986818,6,,40,4.842721,0,0.0
21.734738299271825,87.61718123659753,1973.2466712986818,5,,40,4.6556053,0,0.0
21.734738299271825,87.62616438943873,1973.2466712986818,5,,40,4.74951,0,0.0
21.734738299271825,87.63514754227992,1973.2466712986818,6,,40,5.9400263,0,0.26086664
21.734738299271825,87.64413069512112,1973.2466712986818,4,,40,7.111386,0,0.105994225
21.734738299271825,87.65311384796232,1954.8610529329005,5,,40,9.662376,0,0.0
21.734738299271825,87.66209700080351,1954.8610529329005,6,,10,9.938691,0,0.0
21.734738299271825,87.67108015364471,1954.8610529329005,5,,40,12.017036,0,0.0
21.734738299271825,87.6800633064859,1954.8610529329005,5,,40,19.131874,0,0.31615162
21.734738299271825,87.68904645932709,1954.8610529329005,6,,40,21.521633,0,0.33365345
21.734738299271825,87.69802961216828,1954.8610529329005,6,,10,18.58809,0,0.0
21.734738299271825,87.70701276500948,1991.951001539397,5,,40,13.61593,0,0.5114002
21.734738299271825,87.71599591785068,1991.951001539397,5,,40,13.427917,0,0.3430462
21.734738299271825,87.72497907069187,1991.951001539397,6,,10,12.559732,0,0.4426918
21.734738299271825,87.73396222353307,1991.951001539397,5,,40,12.747057,0,0.8479142
21.734738299271825,87.74294537637427,1991.951001539397,5,,10,13.578863,0,0.9698601
21.734738299271825,87.75192852921546,1874.825140234627,6,,10,13.433621,0,0.561337
21.734738299271825,87.76091168205666,1874.825140234627,5,,40,13.558042,0,0.8709836
21.734738299271825,87.76989483489785,1874.825140234627,5,,10,14.152517,0,0.39190483
21.734738299271825,87.77887798773905,1874.825140234627,4,,40,12.998733,0,1.0146875
21.734738299271825,87.78786114058025,1874.825140234627,5,,10,7.365736,76,0.95799255
21.734738299271825,87.79684429342144,1874.825140234627,4,,10,7.8548293,0,1.8744221
21.734738299271825,87.80582744626263,1952.2924294168483,5,,40,5.440748,0,2.3126488
21.734738299271825,87.81481059910382,1952.2924294168483,5,,40,5.51212,0,2.5490165
21.734738299271825,87.82379375194502,1952.2924294168483,8,,40,6.3824615,0,2.2814355
21.734738299271825,87.83277690478621,1952.2924294168483,7,,10,6.4657793,0,0.0
21.734738299271825,87.84176005762741,1952.2924294168483,1,,60,6.88266,0,6.2942014
21.734738299271825,88.06633887865729,1835.0128803160983,3,,80,7.1840477,0,5.236311
21.734738299271825,88.07532203149849,1835.0128803160983,6,,10,7.5150623,0,1.543076
21.734738299271825,88.08430518433968,1835.0128803160983,5,,40,7.6297426,0,1.0472717
21.734738299271825,88.09328833718088,1835.0128803160983,5,,40,8.979679,0,0.65474844
21.734738299271825,88.10227149002208,1818.0686716125042,5,,40,9.376465,0,0.17378712
21.734738299271825,88.11125464286327,1818.0686716125042,6,,10,8.462369,0,0.0
21.734738299271825,88.12023779570447,1818.0686716125042,6,,40,7.235146,0,0.0
21.734738299271825,88.12922094854567,1818.0686716125042,6,,10,7.0238523,0,0.21448994
21.734738299271825,88.13820410138686,1818.0686716125042,5,,40,7.0676036,0,0.9258418
21.734738299271825,88.14718725422806,1818.0686716125042,5,,40,7.1093645,0,1.518053
21.734738299271825,88.15617040706924,1873.8439066963938,5,,40,7.196615,0,1.5921388
21.734738299271825,88.16515355991044,1873.8439066963938,5,,10,7.532167,0,2.1162596
21.734738299271825,88.21905247695761,1884.9135147097224,5,,10,6.480036,0,1.9946971
21.734738299271825,88.22803562979881,1884.9135147097224,5,,40,11.282056,0,1.8163924
21.734738299271825,88.23701878264,1884.9135147097224,5,,10,12.081322,0,1.8008795
21.734738299271825,88.2460019354812,1884.9135147097224,6,,40,12.06775,72,1.9996076
21.734738299271825,88.2549850883224,1841.4335566009077,6,,40,9.148349,0,2.364541
21.734738299271825,88.26396824116358,1841.4335566009077,5,,80,7.054797,0,3.245295
21.734738299271825,88.27295139400478,1841.4335566009077,4,,80,3.985722,0,3.8809981
21.734738299271825,88.28193454684597,1841.4335566009077,4,,95,1.6175328,0,4.607717
21.734738299271825,88.29091769968717,1841.4335566009077,6,,95,1.1641254,0,2.485713
21.734738299271825,88.29990085252837,1841.4335566009077,6,,95,2.460364,0,2.6352444
21.743721452113018,87.500400249662,1839.6947161274322,8,,10,9.280121,0,0.0
21.743721452113018,87.50938340250319,1839.6947161274322,8,,40,7.545007,0,0.0
21.743721452113018,87.51836655534439,1839.6947161274322,7,,40,8.85774,0,0.0
21.743721452113018,87.52734970818558,1839.6947161274322,8,,10,15.470249,0,0.0
21.743721452113018,87.53633286102678,1839.6947161274322,9,,40,15.060337,0,0.0
21.743721452113018,87.54531601386797,1839.6947161274322,8,,40,13.035756,0,0.0
21.743721452113018,87.55429916670917,1922.7251170842105,7,,10,10.531238,0,0.0
21.743721452113018,87.56328231955037,1922.7251170842105,8,,10,9.477834,0,0.0
21.743721452113018,87.57226547239156,1922.7251170842105,11,,10,7.42787,0,0.0
21.743721452113018,87.58124862523275,1922.7251170842105,11,,10,4.909318,0,0.0
21.743721452113018,87.59023177807394,1922.7251170842105,12,,10,4.7346396,0,0.0
21.743721452113018,87.59921493091514,1922.7251170842105,9,,40,4.580494,0,0.0
21.743721452113018,87.60819808375633,1973.2466712986818,10,,40,4.5976267,0,0.0
21.743721452113018,87.61718123659753,1973.2466712986818,8,,40,4.5278797,0,0.0
21.743721452113018,87.62616438943873,1973.2466712986818,6,,40,5.612919,0,0.0
21.743721452113018,87.63514754227992,1973.2466712986818,6,,40,6.8528605,0,0.0
21.743721452113018,87.64413069512112,1973.2466712986818,6,,40,8.409805,0,0.0
21.743721452113018,87.65311384796232,1954.8610529329005,6,,40,9.883327,0,0.0
21.743721452113018,87.66209700080351,1954.8610529329005,6,,10,9.764777,0,0.0
21.743721452113018,87.67108015364471,1954.8610529329005,5,,40,8.659373,0,0.0
21.743721452113018,87.6800633064859,1954.8610529329005,5,,40,7.2027116,0,0.24754
21.743721452113018,87.68904645932709,1954.8610529329005,5,,40,12.285041,0,0.0
21.743721452113018,87.69802961216828,1954.8610529329005,4,,10,19.534681,0,0.0
21.743721452113018,87.70701276500948,1991.951001539397,6,,40,16.003405,0,0.5494299
21.743721452113018,87.71599591785068,1991.951001539397,6,,40,14.174292,0,0.0
21.743721452113018,87.72497907069187,1991.951001539397,5,,10,12.842156,0,0.038455963
21.743721452113018,87.73396222353307,1991.951001539397,5,,10,13.122899,0,0.38039684
21.743721452113018,87.74294537637427,1991.951001539397,5,,40,14.023469,0,0.36406088
21.743721452113018,87.75192852921546,1874.825140234627,5,,40,13.745302,0,0.3138976
21.743721452113018,87.76091168205666,1874.825140234627,4,,40,13.129795,0,0.66339254
21.743721452113018,87.76989483489785,1874.825140234627,5,,40,14.415352,0,0.3346467
21.743721452113018,87.77887798773905,1874.825140234627,4,,40,9.770135,0,0.813076
21.743721452113018,87.78786114058025,1874.825140234627,5,,10,7.6244345,0,1.342349
21.743721452113018,87.79684429342144,1874.825140234627,4,,10,6.19963,0,1.8196259
21.743721452113018,87.80582744626263,1952.2924294168483,3,,40,5.2167826,0,2.4333344
21.743721452113018,87.81481059910382,1952.2924294168483,4,,40,5.002094,0,2.8158739
21.743721452113018,87.82379375194502,1952.2924294168483,4,,40,5.1792717,0,2.7131715
21.743721452113018,87.83277690478621,1952.2924294168483,5,,10,6.113063,0,2.3987098
21.743721452113018,87.84176005762741,1952.2924294168483,5,,80,7.0847344,0,2.6212325
21.743721452113018,88.06633887865729,1835.0128803160983,2,,80,6.453228,0,6.161701
21.743721452113018,88.07532203149849,1835.0128803160983,5,,10,7.388544,0,1.4984536
21.743721452113018,88.08430518433968,1835.0128803160983,5,,40,7.647027,0,1.5103168
21.743721452113018,88.09328833718088,1835.0128803160983,6,,40,10.340839,192,0.45178986
21.743721452113018,88.10227149002208,1818.0686716125042,6,,40,10.680474,0,0.33755922
21.743721452113018,88.11125464286327,1818.0686716125042,6,,40,8.290182,0,0.045360565
21.743721452113018,88.12023779570447,1818.0686716125042,6,,40,7.260064,0,0.0
21.743721452113018,88.12922094854567,1818.0686716125042,6,,10,6.887976,0,0.045186996
21.743721452113018,88.13820410138686,1818.0686716125042,6,,10,7.045582,0,0.70910454
21.743721452113018,88.14718725422806,1818.0686716125042,5,,40,6.723708,0,1.2892728
21.743721452113018,88.15617040706924,1873.8439066963938,5,,10,6.9602613,0,1.4119577
21.743721452113018,88.16515355991044,1873.8439066963938,5,,40,6.8794003,0,1.9112659
21.743721452113018,88.21905247695761,1884.9135147097224,4,,40,7.4282675,0,1.921422
21.743721452113018,88.22803562979881,1884.9135147097224,5,,40,10.215121,0,1.61486
21.743721452113018,88.23701878264,1884.9135147097224,6,,40,11.003551,0,1.9340224
21.743721452113018,88.2460019354812,1884.9135147097224,5,,40,8.251865,0,2.2211876
21.743721452113018,88.2549850883224,1841.4335566009077,5,,40,6.846059,0,2.4251719
21.743721452113018,88.26396824116358,1841.4335566009077,5,,40,6.8738966,0,2.6208754
21.743721452113018,88.27295139400478,1841.4335566009077,4,,80,6.0211062,0,3.9637325
21.743721452113018,88.28193454684597,1841.4335566009077,2,,95,2.0047383,0,5.6831856
21.743721452113018,88.29091769968717,1841.4335566009077,5,,95,2.1649783,0,3.2310717
21.743721452113018,88.29990085252837,1841.4335566009077,5,,95,2.760566,0,3.023219
21.752704604954214,87.500400249662,1947.269498360076,10,,10,9.562303,0,0.0
21.752704604954214,87.50938340250319,1947.269498360076,9,,40,8.918467,0,0.0
21.752704604954214,87.51836655534439,1947.269498360076,7,,40,9.59255,0,0.0
21.752704604954214,87.52734970818558,1947.269498360076,7,,40,14.476496,0,0.0
21.752704604954214,87.53633286102678,1947.269498360076,8,,10,17.07094,2752,0.0
21.752704604954214,87.54531601386797,1947.269498360076,10,,10,14.025362,0,0.0
21.752704604954214,87.55429916670917,1940.1593221551498,9,,40,10.536257,0,0.0
21.752704604954214,87.56328231955037,1940.1593221551498,6,,40,9.70578,0,0.0
21.752704604954214,87.57226547239156,1940.1593221551498,5,,40,9.210062,0,0.0
21.752704604954214,87.58124862523275,1940.1593221551498,6,,10,8.303421,0,0.0
21.752704604954214,87.59023177807394,1940.1593221551498,5,,10,5.849216,0,0.0
21.752704604954214,87.59921493091514,1940.1593221551498,8,,10,4.8601527,0,0.0
21.752704604954214,87.60819808375633,1975.1149307390126,9,,10,4.984644,0,0.0
21.752704604954214,87.61718123659753,1975.1149307390126,8,,10,5.024354,0,0.0
21.752704604954214,87.62616438943873,1975.1149307390126,11,,10,6.533106,0,0.0
21.752704604954214,87.63514754227992,1975.1149307390126,10,,40,6.776319,0,0.0
21.752704604954214,87.64413069512112,1975.1149307390126,7,,40,8.739751,0,0.0
21.752704604954214,87.65311384796232,2007.179632605471,6,,10,8.969786,0,0.0
21.752704604954214,87.66209700080351,2007.179632605471,7,,40,8.304787,0,0.0
21.752704604954214,87.67108015364471,2007.179632605471,9,,40,7.8625717,0,0.0
21.752704604954214,87.6800633064859,2007.179632605471,8,,40,7.3021884,0,0.0
21.752704604954214,87.68904645932709,2007.179632605471,6,,40,7.0210266,0,0.0
21.752704604954214,87.69802961216828,2007.179632605471,6,,40,7.3884,0,0.0
21.752704604954214,87.70701276500948,2040.6967491432738,6,,40,16.112116,0,0.0
21.752704604954214,87.71599591785068,2040.6967491432738,5,,40,19.02683,0,0.0
21.752704604954214,87.72497907069187,2040.6967491432738,5,,40,16.070019,0,0.0
21.752704604954214,87.73396222353307,2040.6967491432738,5,,10,14.024099,0,0.0045318604
21.752704604954214,87.74294537637427,2040.6967491432738,6,,40,14.635361,0,0.0
21.752704604954214,87.75192852921546,1999.1416637274974,4,,40,14.726681,0,0.37436104
21.752704604954214,87.76091168205666,1999.1416637274974,5,,10,14.167582,0,0.0
21.752704604954214,87.76989483489785,1999.1416637274974,5,,40,18.049362,0,0.0
21.752704604954214,87.77887798773905,1999.1416637274974,5,,10,7.2256036,0,0.059668064
21.752704604954214,87.78786114058025,1999.1416637274974,5,,10,5.2754335,0,0.93654203
21.752704604954214,87.79684429342144,1999.1416637274974,5,,40,5.3383856,0,1.0248594
21.752704604954214,87.80582744626263,2014.7512886577906,4,,40,5.1766267,0,1.6833286
21.752704604954214,87.81481059910382,2014.7512886577906,4,,10,5.0695167,0,1.9410248
21.752704604954214,87.82379375194502,2014.7512886577906,4,,40,4.817092,0,2.5846105
21.752704604954214,87.83277690478621,2014.7512886577906,6,,40,5.9550967,0,2.2611408
21.752704604954214,87.84176005762741,2014.7512886577906,5,,10,6.8419294,0,1.980432
21.752704604954214,87.85074321046861,2000.8272413962,6,,60,7.5595446,0,2.1539168
21.752704604954214,88.07532203149849,1907.5930863098597,5,,10,7.2524443,0,1.4235377
21.752704604954214,88.08430518433968,1907.5930863098597,6,,10,7.2865677,0,0.9387727
21.752704604954214,88.09328833718088,1907.5930863098597,6,,10,9.644089,0,0.65596056
21.752704604954214,88.10227149002208,1949.6989093515642,6,,40,8.543215,0,0.3193202
21.752704604954214,88.11125464286327,1949.6989093515642,6,,40,7.706762,0,0.076976776
21.752704604954214,88.12023779570447,1949.6989093515642,6,,40,6.2722435,0,0.0
21.752704604954214,88.12922094854567,1949.6989093515642,6,,40,5.884133,0,0.09205532
21.752704604954214,88.13820410138686,1949.6989093515642,6,,40,5.63932,0,0.43697643
21.752704604954214,88.14718725422806,1949.6989093515642,5,,40,6.4651556,2,0.8446326
21.752704604954214,88.15617040706924,1978.0854813392293,5,,10,6.7649913,0,1.3391633
21.752704604954214,88.16515355991044,1978.0854813392293,5,,40,6.598115,296,1.6219754
21.752704604954214,88.21905247695761,1986.0493055611191,4,,40,7.9154205,0,1.5530691
21.752704604954214,88.22803562979881,1986.0493055611191,5,,40,10.034172,0,1.8890848
21.752704604954214,88.23701878264,1986.0493055611191,6,,40,10.050756,0,1.225512
21.752704604954214,88.2460019354812,1986.0493055611191,5,,10,6.7219577,0,2.7693577
21.752704604954214,88.2549850883224,1939.9231482306427,5,,10,7.148905,0,3.3755295
21.752704604954214,88.26396824116358,1939.9231482306427,5,,40,7.373346,0,3.3831856
21.752704604954214,88.27295139400478,1939.9231482306427,5,,80,6.2046614,0,4.062795
21.752704604954214,88.28193454684597,1939.9231482306427,4,,40,4.5767875,0,4.2006855
21.752704604954214,88.29091769968717,1939.9231482306427,4,,95,2.8236604,0,4.714514
21.752704604954214,88.29990085252837,1939.9231482306427,5,,95,5.790721,0,3.1372094
21.76168775779541,87.500400249662,1947.269498360076,9,,10,8.872517,0,0.0
21.76168775779541,87.50938340250319,1947.269498360076,8,,10,10.445594,0,0.0
21.76168775779541,87.51836655534439,1947.269498360076,9,,40,10.874508,0,0.0
21.76168775779541,87.52734970818558,1947.269498360076,7,,40,8.059053,0,0.0
21.76168775779541,87.53633286102678,1947.269498360076,6,,40,8.25991,0,0.0
21.76168775779541,87.54531601386797,1947.269498360076,7,,40,9.646988,0,0.0
21.76168775779541,87.55429916670917,1940.1593221551498,6,,40,7.3497787,0,0.0
21.76168775779541,87.56328231955037,1940.1593221551498,7,,10,8.788351,0,0.0
21.76168775779541,87.57226547239156,1940.1593221551498,8,,40,8.285414,0,0.0
21.76168775779541,87.58124862523275,1940.1593221551498,5,,40,5.93686,0,0.0
21.76168775779541,87.59023177807394,1940.1593221551498,4,,40,4.1992254,0,0.0
21.76168775779541,87.59921493091514,1940.1593221551498,4,,40,3.3180275,0,0.0
21.76168775779541,87.60819808375633,1975.1149307390126,5,,40,5.5848927,0,0.0
21.76168775779541,87.61718123659753,1975.1149307390126,4,,40,5.956538,0,0.0
21.76168775779541,87.62616438943873,1975.1149307390126,7,,40,6.387374,0,0.0
21.76168775779541,87.63514754227992,1975.1149307390126,8,,10,8.0115385,0,0.0
21.76168775779541,87.64413069512112,1975.1149307390126,8,,10,8.495981,0,0.0
21.76168775779541,87.65311384796232,2007.179632605471,9,,10,9.390631,0,0.0
21.76168775779541,87.66209700080351,2007.179632605471,11,,10,11.35827,0,0.0
21.76168775779541,87.67108015364471,2007.179632605471,11,,10,13.234245,0,0.0
21.76168775779541,87.6800633064859,2007.179632605471,11,,10,17.36538,1015,0.0
21.76168775779541,87.68904645932709,2007.179632605471,11,,10,17.310802,0,0.0
21.76168775779541,87.69802961216828,2007.179632605471,9,,10,13.452105,0,0.0
21.76168775779541,87.70701276500948,2040.6967491432738,8,,10,9.698345,0,0.0
21.76168775779541,87.71599591785068,2040.6967491432738,5,,40,9.273117,0,0.0
21.76168775779541,87.72497907069187,2040.6967491432738,5,,40,12.565455,0,0.0
21.76168775779541,87.73396222353307,2040.6967491432738,5,,40,9.362989,0,0.0
21.76168775779541,87.74294537637427,2040.6967491432738,5,,10,9.698853,0,0.0
21.76168775779541,87.75192852921546,1999.1416637274974,6,,10,15.455645,0,0.0
21.76168775779541,87.76091168205666,1999.1416637274974,5,,40,30.663929,0,0.0
21.76168775779541,87.76989483489785,1999.1416637274974,5,,40,14.401285,0,0.0
21.76168775779541,87.77887798773905,1999.1416637274974,5,,40,5.432584,0,0.141366
21.76168775779541,87.78786114058025,1999.1416637274974,5,,10,5.3553843,0,0.02890253
21.76168775779541,87.79684429342144,1999.1416637274974,5,,10,5.263,0,0.5609646
21.76168775779541,87.80582744626263,2014.7512886577906,4,,40,4.9584556,0,0.52966356
21.76168775779541,87.81481059910382,2014.7512886577906,5,,40,5.1082234,0,1.4267778
21.76168775779541,87.82379375194502,2014.7512886577906,5,,10,5.3773975,0,1.2616796
21.76168775779541,87.83277690478621,2014.7512886577906,5,,40,6.110592,0,1.8537769
21.76168775779541,87.84176005762741,2014.7512886577906,5,,10,6.3211527,0,2.0105615
21.76168775779541,87.85074321046861,2000.8272413962,6,,40,6.041641,0,1.077116
21.76168775779541,87.8597263633098,2000.8272413962,6,,40,6.5176463,0,1.0968838
21.76168775779541,87.868709516151,2000.8272413962,3,,80,6.636789,0,5.0380297
21.76168775779541,88.07532203149849,1907.5930863098597,5,,40,7.1167827,0,1.7290902
21.76168775779541,88.08430518433968,1907.5930863098597,7,,10,6.9557123,0,0.9115248
21.76168775779541,88.09328833718088,1907.5930863098597,6,,10,7.6591835,0,0.94037294
21.76168775779541,88.10227149002208,1949.6989093515642,6,,10,7.562726,0,0.75125694
21.76168775779541,88.11125464286327,1949.6989093515642,6,,40,6.677577,0,0.36854744
21.76168775779541,88.12023779570447,1949.6989093515642,6,,10,7.071085,58,0.0
21.76168775779541,88.12922094854567,1949.6989093515642,5,,40,6.909881,0,0.12148476
21.76168775779541,88.13820410138686,1949.6989093515642,5,,40,6.7114472,0,0.6124091
21.76168775779541,88.14718725422806,1949.6989093515642,5,,40,6.171258,0,0.68184996
21.76168775779541,88.15617040706924,1978.0854813392293,6,,40,5.397373,285,0.8224621
21.76168775779541,88.16515355991044,1978.0854813392293,5,,40,5.254717,0,1.8037777
21.76168775779541,88.19210301843403,1978.0854813392293,0,,80,2.8702097,0,3.87342
21.76168775779541,88.20108617127522,1986.0493055611191,3,,95,3.0257096,0,5.748967
21.76168775779541,88.21905247695761,1986.0493055611191,3,,80,8.06559,0,2.8556857
21.76168775779541,88.22803562979881,1986.0493055611191,6,,10,10.384043,0,2.1681857
21.76168775779541,88.23701878264,1986.0493055611191,6,,10,12.158945,1164,1.9997482
21.76168775779541,88.2460019354812,1986.0493055611191,6,,10,7.1213956,0,2.0616126
21.76168775779541,88.2549850883224,1939.9231482306427,6,,40,7.178613,0,1.8025279
21.76168775779541,88.26396824116358,1939.9231482306427,5,,40,7.8392134,0,2.5319028
21.76168775779541,88.27295139400478,1939.9231482306427,4,,80,6.0512238,0,3.610139
21.76168775779541,88.28193454684597,1939.9231482306427,3,,95,4.780322,0,4.411389
21.76168775779541,88.29091769968717,1939.9231482306427,4,,95,2.3648658,0,5.313264
21.76168775779541,88.29990085252837,1939.9231482306427,4,,95,14.026686,0,3.2399514
21.770670910636603,87.500400249662,1947.269498360076,8,,40,10.05217,0,0.0
21.770670910636603,87.50938340250319,1947.269498360076,9,,40,11.437791,0,0.0
21.770670910636603,87.51836655534439,1947.269498360076,10,,40,11.972731,0,0.0
21.770670910636603,87.52734970818558,1947.269498360076,8,,10,10.195869,0,0.0
21.770670910636603,87.53633286102678,1947.269498360076,8,,10,10.232485,0,0.0
21.770670910636603,87.54531601386797,1947.269498360076,8,,10,9.57463,0,0.0
21.770670910636603,87.55429916670917,1940.1593221551498,6,,40,4.693987,0,0.0
21.770670910636603,87.56328231955037,1940.1593221551498,5,,40,5.273908,0,0.0
21.770670910636603,87.57226547239156,1940.1593221551498,5,,40,7.30811,0,0.0
21.770670910636603,87.58124862523275,1940.1593221551498,5,,40,5.7664332,0,0.0
21.770670910636603,87.59023177807394,1940.1593221551498,4,,40,4.1308093,0,0.0
21.770670910636603,87.59921493091514,1940.1593221551498,4,,40,5.6381145,0,0.0
21.770670910636603,87.60819808375633,1975.1149307390126,5,,40,5.9560413,0,0.0
21.770670910636603,87.61718123659753,1975.1149307390126,5,,40,5.7449646,0,0.0
21.770670910636603,87.62616438943873,1975.1149307390126,5,,40,6.343811,0,0.0
21.770670910636603,87.63514754227992,1975.1149307390126,5,,40,6.822112,0,0.0
21.770670910636603,87.64413069512112,1975.1149307390126,5,,40,7.090763,0,0.0
21.770670910636603,87.65311384796232,2007.179632605471,7,,40,7.6997957,0,0.0
21.770670910636603,87.66209700080351,2007.179632605471,5,,40,8.649287,0,0.0
21.770670910636603,87.67108015364471,2007.179632605471,5,,40,10.988759,0,0.0
21.770670910636603,87.6800633064859,2007.179632605471,6,,40,15.972694,0,0.0
21.770670910636603,87.68904645932709,2007.179632605471,10,,40,16.091772,0,0.0
21.770670910636603,87.69802961216828,2007.179632605471,10,,10,12.583402,0,0.0
21.770670910636603,87.70701276500948,2040.6967491432738,11,,10,13.168791,0,0.0
21.770670910636603,87.71599591785068,2040.6967491432738,11,,10,14.21014,300,0.0
21.770670910636603,87.72497907069187,2040.6967491432738,10,,10,14.413457,0,0.0
21.770670910636603,87.73396222353307,2040.6967491432738,8,,50,21.687475,2475,0.0
21.770670910636603,87.74294537637427,2040.6967491432738,9,,50,26.954216,2313,0.0
21.770670910636603,87.75192852921546,1999.1416637274974,7,,10,26.344791,0,0.0
21.770670910636603,87.76091168205666,1999.1416637274974,6,,10,18.810568,0,0.0
21.770670910636603,87.76989483489785,1999.1416637274974,4,,40,6.8383827,0,0.0
21.770670910636603,87.77887798773905,1999.1416637274974,4,,40,5.6174636,0,0.22764969
21.770670910636603,87.78786114058025,1999.1416637274974,4,,40,5.3287425,0,0.39721203
21.770670910636603,87.79684429342144,1999.1416637274974,4,,40,5.1146092,0,0.36817598
21.770670910636603,87.80582744626263,2014.7512886577906,4,,40,4.8513374,0,0.9347439
21.770670910636603,87.81481059910382,2014.7512886577906,4,,40,5.058641,0,1.1283293
21.770670910636603,87.82379375194502,2014.7512886577906,5,,40,5.472948,0,1.1145549
21.770670910636603,87.83277690478621,2014.7512886577906,5,,10,5.6578674,0,0.94489384
21.770670910636603,87.84176005762741,2014.7512886577906,6,,40,6.005321,0,0.76948595
21.770670910636603,87.85074321046861,2000.8272413962,5,,40,6.001972,0,1.0661187
21.770670910636603,87.8597263633098,2000.8272413962,5,,60,6.260027,0,1.4420948
21.770670910636603,87.868709516151,2000.8272413962,6,,60,6.4767523,0,0.9899359
21.770670910636603,87.8776926689922,2000.8272413962,2,,40,6.2359643,0,4.9436545
21.770670910636603,88.07532203149849,1907.5930863098597,4,,40,7.7845845,0,1.7211661
21.770670910636603,88.08430518433968,1907.5930863098597,6,,40,7.3941226,0,1.3628764
21.770670910636603,88.09328833718088,1907.5930863098597,7,,10,8.180617,0,0.96282244
21.770670910636603,88.10227149002208,1949.6989093515642,6,,40,7.537365,0,1.0807371
21.770670910636603,88.11125464286327,1949.6989093515642,5,,40,7.1224527,0,0.7241101
21.770670910636603,88.12023779570447,1949.6989093515642,5,,40,7.078564,0,0.20681524
21.770670910636603,88.12922094854567,1949.6989093515642,5,,40,6.97988,0,0.14380169
21.770670910636603,88.13820410138686,1949.6989093515642,5,,10,6.922639,0,0.5814209
21.770670910636603,88.14718725422806,1949.6989093515642,6,,40,6.8862576,0,0.680213
21.770670910636603,88.15617040706924,1978.0854813392293,6,,40,6.246662,0,0.9414644
21.770670910636603,88.16515355991044,1978.0854813392293,6,,40,5.9071574,0,1.4108152
21.770670910636603,88.21905247695761,1986.0493055611191,2,,80,7.843348,0,3.117795
21.770670910636603,88.22803562979881,1986.0493055611191,5,,10,10.681848,0,1.8016748
21.770670910636603,88.23701878264,1986.0493055611191,5,,10,12.185783,562,2.1196432
21.770670910636603,88.2460019354812,1986.0493055611191,5,,40,7.031742,0,2.2814975
21.770670910636603,88.2549850883224,1939.9231482306427,5,,10,7.286495,0,2.7762835
21.770670910636603,88.26396824116358,1939.9231482306427,4,,95,7.441172,0,3.7648263
21.770670910636603,88.27295139400478,1939.9231482306427,4,,80,3.9818377,0,3.6625607
21.770670910636603,88.28193454684597,1939.9231482306427,4,,95,2.0618975,0,4.97592
21.770670910636603,88.29091769968717,1939.9231482306427,4,,95,2.5490294,0,4.922326
21.770670910636603,88.29990085252837,1939.9231482306427,4,,95,13.549767,0,4.812795
21.7796540634778,87.500400249662,1947.269498360076,8,,40,9.596607,0,0.0
21.7796540634778,87.50938340250319,1947.269498360076,9,,40,11.122146,0,0.0
21.7796540634778,87.51836655534439,1947.269498360076,7,,10,12.861555,0,0.0
21.7796540634778,87.52734970818558,1947.269498360076,9,,10,9.75221,0,0.0
21.7796540634778,87.53633286102678,1947.269498360076,7,,10,8.570223,0,0.0
21.7796540634778,87.54531601386797,1947.269498360076,8,,10,9.619717,0,0.0
21.7796540634778,87.55429916670917,1940.1593221551498,6,,40,4.3466644,0,0.0
21.7796540634778,87.56328231955037,1940.1593221551498,5,,40,3.9525766,0,0.0
21.7796540634778,87.57226547239156,1940.1593221551498,5,,40,4.0495396,0,0.0
21.7796540634778,87.58124862523275,1940.1593221551498,4,,40,3.9156985,0,0.0
21.7796540634778,87.59023177807394,1940.1593221551498,5,,40,4.246627,0,0.0
21.7796540634778,87.59921493091514,1940.1593221551498,5,,40,7.009391,0,0.0
21.7796540634778,87.60819808375633,1975.1149307390126,6,,10,6.55418,0,0.0
21.7796540634778,87.61718123659753,1975.1149307390126,5,,40,6.217963,0,0.0
21.7796540634778,87.62616438943873,1975.1149307390126,7,,10,6.8183017,0,0.0
21.7796540634778,87.63514754227992,1975.1149307390126,7,,40,6.2947226,0,0.0
21.7796540634778,87.64413069512112,1975.1149307390126,5,,40,7.014616,0,0.0
21.7796540634778,87.65311384796232,2007.179632605471,7,,40,7.0152516,0,0.0
21.7796540634778,87.66209700080351,2007.179632605471,6,,40,6.9847374,0,0.0
21.7796540634778,87.67108015364471,2007.179632605471,6,,40,8.264719,0,0.0
21.7796540634778,87.6800633064859,2007.179632605471,7,,10,8.327692,0,0.0
21.7796540634778,87.68904645932709,2007.179632605471,5,,40,8.621677,0,0.0
21.7796540634778,87.69802961216828,2007.179632605471,5,,10,8.396688,0,0.0
21.7796540634778,87.70701276500948,2040.6967491432738,5,,40,9.085001,0,0.0
21.7796540634778,87.71599591785068,2040.6967491432738,6,,10,11.743858,0,0.0
21.7796540634778,87.72497907069187,2040.6967491432738,7,,10,16.149286,75,0.0
21.7796540634778,87.73396222353307,2040.6967491432738,8,,50,27.429081,533,0.0
21.7796540634778,87.74294537637427,2040.6967491432738,9,,50,37.752037,3033,0.0
21.7796540634778,87.75192852921546,1999.1416637274974,9,,50,42.309326,4648,0.0
21.7796540634778,87.76091168205666,1999.1416637274974,11,,10,21.412739,1935,0.0
21.7796540634778,87.76989483489785,1999.1416637274974,11,,10,14.110807,373,0.0
21.7796540634778,87.77887798773905,1999.1416637274974,12,,10,9.714904,0,0.0
21.7796540634778,87.78786114058025,1999.1416637274974,12,,10,7.472375,0,0.0
21.7796540634778,87.79684429342144,1999.1416637274974,11,,10,7.1560707,0,0.0
21.7796540634778,87.80582744626263,2014.7512886577906,9,,10,5.152988,0,0.0
21.7796540634778,87.81481059910382,2014.7512886577906,6,,10,5.0807514,0,0.0
21.7796540634778,87.82379375194502,2014.7512886577906,6,,10,5.2850447,0,0.17561054
21.7796540634778,87.83277690478621,2014.7512886577906,6,,10,5.474731,0,0.027447224
21.7796540634778,87.84176005762741,2014.7512886577906,6,,60,5.8702383,0,0.9277196
21.7796540634778,87.85074321046861,2000.8272413962,5,,60,6.0241623,0,1.075078
21.7796540634778,87.8597263633098,2000.8272413962,5,,60,6.4763613,0,1.1835461
21.7796540634778,87.868709516151,2000.8272413962,5,,40,6.2002516,0,1.5714002
21.7796540634778,87.8776926689922,2000.8272413962,5,,40,6.947746,0,2.4918532
21.7796540634778,87.88667582183339,2000.8272413962,2,,60,8.054541,0,5.014123
21.7796540634778,88.07532203149849,1907.5930863098597,2,,80,8.308489,0,3.2797482
21.7796540634778,88.08430518433968,1907.5930863098597,5,,40,8.900325,0,1.3948054
21.7796540634778,88.09328833718088,1907.5930863098597,6,,40,8.618208,0,1.2660141
21.7796540634778,88.10227149002208,1949.6989093515642,6,,40,7.352358,0,0.9070649
21.7796540634778,88.11125464286327,1949.6989093515642,6,,40,7.410404,0,0.6830511
21.7796540634778,88.12023779570447,1949.6989093515642,6,,10,7.3724527,0,0.12849045
21.7796540634778,88.12922094854567,1949.6989093515642,5,,40,7.152383,0,0.2234335
21.7796540634778,88.13820410138686,1949.6989093515642,6,,40,7.1014256,0,0.67456865
21.7796540634778,88.14718725422806,1949.6989093515642,5,,40,7.3560534,0,1.1742201
21.7796540634778,88.15617040706924,1978.0854813392293,6,,40,7.4678874,0,1.5984802
21.7796540634778,88.16515355991044,1978.0854813392293,6,,40,7.705857,0,1.1361337
21.7796540634778,88.21905247695761,1986.0493055611191,3,,40,8.051427,0,2.9729514
21.7796540634778,88.22803562979881,1986.0493055611191,5,,10,9.111963,0,2.101915
21.7796540634778,88.23701878264,1986.0493055611191,5,,40,8.964446,2,1.8208561
21.7796540634778,88.2460019354812,1986.0493055611191,5,,40,8.015674,0,2.8207033
21.7796540634778,88.2549850883224,1939.9231482306427,4,,10,7.809659,0,3.6884983
21.7796540634778,88.26396824116358,1939.9231482306427,4,,95,6.3381915,0,3.8576388
21.7796540634778,88.27295139400478,1939.9231482306427,5,,95,2.2490556,0,4.317951
21.7796540634778,88.28193454684597,1939.9231482306427,6,,95,2.1933556,0,3.2572274
21.7796540634778,88.29091769968717,1939.9231482306427,4,,95,3.1129694,0,5.076389
21.7796540634778,88.29990085252837,1939.9231482306427,5,,95,13.496962,0,4.328108
21.788637216318996,87.500400249662,1947.269498360076,8,,10,10.061024,0,0.0
21.788637216318996,87.50938340250319,1947.269498360076,10,,40,11.330335,0,0.0
21.788637216318996,87.51836655534439,1947.269498360076,8,,40,11.970888,0,0.0
21.788637216318996,87.52734970818558,1947.269498360076,8,,10,9.124126,0,0.0
21.788637216318996,87.53633286102678,1947.269498360076,7,,10,8.88822,0,0.0
21.788637216318996,87.54531601386797,1947.269498360076,7,,10,8.079643,0,0.0
21.788637216318996,87.55429916670917,1940.1593221551498,6,,40,4.178832,0,0.0
21.788637216318996,87.56328231955037,1940.1593221551498,5,,40,3.9508808,0,0.0
21.788637216318996,87.57226547239156,1940.1593221551498,5,,40,4.282471,0,0.0
21.788637216318996,87.58124862523275,1940.1593221551498,5,,40,5.105089,0,0.0
21.788637216318996,87.59023177807394,1940.1593221551498,5,,10,8.754361,0,0.0
21.788637216318996,87.59921493091514,1940.1593221551498,7,,10,8.357762,0,0.0
21.788637216318996,87.60819808375633,1975.1149307390126,5,,40,7.138124,0,0.0
21.788637216318996,87.61718123659753,1975.1149307390126,6,,40,6.5739923,0,0.0
21.788637216318996,87.62616438943873,1975.1149307390126,6,,40,6.666405,0,0.0
21.788637216318996,87.63514754227992,1975.1149307390126,7,,40,6.382662,0,0.0
21.788637216318996,87.64413069512112,1975.1149307390126,7,,10,6.552389,0,0.0
21.788637216318996,87.65311384796232,2007.179632605471,7,,40,6.73851,0,0.0
21.788637216318996,87.66209700080351,2007.179632605471,6,,40,6.566208,0,0.0
21.788637216318996,87.67108015364471,2007.179632605471,6,,40,6.8219805,0,0.0
21.788637216318996,87.6800633064859,2007.179632605471,5,,40,9.269744,0,0.0
21.788637216318996,87.68904645932709,2007.179632605471,6,,40,10.628246,0,0.0
21.788637216318996,87.69802961216828,2007.179632605471,5,,40,11.8766,0,0.0
21.788637216318996,87.70701276500948,2040.6967491432738,6,,40,10.773948,0,0.0
21.788637216318996,87.71599591785068,2040.6967491432738,5,,40,11.133909,0,0.0
21.788637216318996,87.72497907069187,2040.6967491432738,5,,40,10.840557,0,0.0
21.788637216318996,87.73396222353307,2040.6967491432738,5,,40,7.4222116,0,0.0
21.788637216318996,87.74294537637427,2040.6967491432738,5,,40,8.860937,950,0.0
21.788637216318996,87.75192852921546,1999.1416637274974,5,,10,11.067399,0,0.0
21.788637216318996,87.76091168205666,1999.1416637274974,7,,10,8.135892,0,0.0
21.788637216318996,87.76989483489785,1999.1416637274974,7,,10,11.277054,0,0.0
21.788637216318996,87.77887798773905,1999.1416637274974,7,,10,6.0892477,0,0.0
21.788637216318996,87.78786114058025,1999.1416637274974,8,,10,5.7420673,0,0.0
21.788637216318996,87.79684429342144,1999.1416637274974,10,,10,5.66889,0,0.0
21.788637216318996,87.80582744626263,2014.7512886577906,9,,10,5.4768963,0,0.0
21.788637216318996,87.81481059910382,2014.7512886577906,7,,10,5.189996,0,0.0
21.788637216318996,87.82379375194502,2014.7512886577906,6,,40,5.0224113,0,0.024822235
21.788637216318996,87.83277690478621,2014.7512886577906,7,,10,5.279647,0,0.0
21.788637216318996,87.84176005762741,2014.7512886577906,9,,10,5.9908514,0,0.0
21.788637216318996,87.85074321046861,2000.8272413962,8,,10,6.4910364,0,0.0
21.788637216318996,87.8597263633098,2000.8272413962,9,,10,6.352291,0,0.0
21.788637216318996,87.868709516151,2000.8272413962,8,,10,6.2779765,0,0.656466
21.788637216318996,87.8776926689922,2000.8272413962,5,,40,6.305182,0,1.7017646
21.788637216318996,87.88667582183339,2000.8272413962,3,,10,11.218084,0,3.197717
21.788637216318996,88.08430518433968,1907.5930863098597,4,,80,8.014773,0,1.6204939
21.788637216318996,88.09328833718088,1907.5930863098597,6,,10,7.2309175,0,1.2107835
21.788637216318996,88.10227149002208,1949.6989093515642,6,,10,7.621839,0,0.9359884
21.788637216318996,88.11125464286327,1949.6989093515642,6,,40,7.760521,0,0.70884943
21.788637216318996,88.12023779570447,1949.6989093515642,6,,40,7.0646005,0,0.4837265
21.788637216318996,88.12922094854567,1949.6989093515642,5,,40,7.3284163,0,0.45928
21.788637216318996,88.13820410138686,1949.6989093515642,6,,40,7.6265993,0,0.8193097
21.788637216318996,88.14718725422806,1949.6989093515642,6,,40,7.4478927,0,1.3246517
21.788637216318996,88.15617040706924,1978.0854813392293,6,,40,7.439092,0,1.6150718
21.788637216318996,88.16515355991044,1978.0854813392293,4,,10,7.239786,0,1.2398005
21.788637216318996,88.18311986559283,1978.0854813392293,3,,80,4.0000677,0,5.4156075
21.788637216318996,88.21905247695761,1986.0493055611191,5,,40,7.9436717,0,2.427312
21.788637216318996,88.22803562979881,1986.0493055611191,6,,40,8.647928,0,1.7026587
21.788637216318996,88.23701878264,1986.0493055611191,5,,40,8.507978,0,2.2478242
21.788637216318996,88.2460019354812,1986.0493055611191,5,,10,7.4589686,0,3.0648093
21.788637216318996,88.2549850883224,1939.9231482306427,4,,80,5.5899315,0,4.0249825
21.788637216318996,88.26396824116358,1939.9231482306427,3,,95,3.695853,0,3.76217
21.788637216318996,88.27295139400478,1939.9231482306427,4,,95,4.8769383,0,3.5056858
21.788637216318996,88.28193454684597,1939.9231482306427,5,,95,5.80651,0,3.686623
21.788637216318996,88.29091769968717,1939.9231482306427,4,,95,6.264316,0,4.2106075
21.788637216318996,88.29990085252837,1939.9231482306427,6,,40,13.6044855,0,3.242615
21.79762036916019,87.500400249662,1947.269498360076,7,,40,11.092276,0,0.0
21.79762036916019,87.50938340250319,1947.269498360076,8,,10,11.790079,0,0.0
21.79762036916019,87.51836655534439,1947.269498360076,9,,10,11.452396,0,0.0
21.79762036916019,87.52734970818558,1947.269498360076,7,,40,7.58117,0,0.0
21.79762036916019,87.53633286102678,1947.269498360076,7,,40,8.069883,0,0.0
21.79762036916019,87.54531601386797,1947.269498360076,6,,40,5.3477793,0,0.0
21.79762036916019,87.55429916670917,1940.1593221551498,8,,10,5.515259,0,0.0
21.79762036916019,87.56328231955037,1940.1593221551498,7,,10,7.0686502,0,0.0
21.79762036916019,87.57226547239156,1940.1593221551498,7,,10,6.360242,0,0.0
21.79762036916019,87.58124862523275,1940.1593221551498,5,,40,4.579184,0,0.0
21.79762036916019,87.59023177807394,1940.1593221551498,4,,40,7.4761353,0,0.0
21.79762036916019,87.59921493091514,1940.1593221551498,5,,40,9.160271,0,0.0
21.79762036916019,87.60819808375633,1975.1149307390126,6,,40,9.028214,0,0.0
21.79762036916019,87.61718123659753,1975.1149307390126,7,,40,7.524051,0,0.0
21.79762036916019,87.62616438943873,1975.1149307390126,6,,40,6.5021343,0,0.0
21.79762036916019,87.63514754227992,1975.1149307390126,7,,10,6.697466,0,0.0
21.79762036916019,87.64413069512112,1975.1149307390126,6,,40,6.608904,0,0.0
21.79762036916019,87.65311384796232,2007.179632605471,6,,10,7.169655,0,0.0
21.79762036916019,87.66209700080351,2007.179632605471,6,,40,8.675215,0,0.0
21.79762036916019,87.67108015364471,2007.179632605471,6,,40,10.442156,0,0.0
21.79762036916019,87.6800633064859,2007.179632605471,6,,40,9.733635,0,0.0
21.79762036916019,87.68904645932709,2007.179632605471,6,,40,8.781601,0,0.0
21.79762036916019,87.69802961216828,2007.179632605471,6,,40,7.751028,0,0.0
21.79762036916019,87.70701276500948,2040.6967491432738,5,,40,6.9169917,0,0.0
21.79762036916019,87.71599591785068,2040.6967491432738,5,,40,6.756701,0,0.0
21.79762036916019,87.72497907069187,2040.6967491432738,6,,10,7.3251443,0,0.0
21.79762036916019,87.73396222353307,2040.6967491432738,5,,40,8.884992,0,0.0
21.79762036916019,87.74294537637427,2040.6967491432738,6,,10,9.732281,0,0.0
21.79762036916019,87.75192852921546,1999.1416637274974,6,,40,15.931061,0,0.0
21.79762036916019,87.76091168205666,1999.1416637274974,5,,40,6.748059,0,0.0
21.79762036916019,87.76989483489785,1999.1416637274974,4,,40,8.900532,0,0.0
21.79762036916019,87.77887798773905,1999.1416637274974,6,,40,5.6629767,0,0.0
21.79762036916019,87.78786114058025,1999.1416637274974,4,,40,5.417968,0,0.0
21.79762036916019,87.79684429342144,1999.1416637274974,5,,40,5.4800167,0,0.0
21.79762036916019,87.80582744626263,2014.7512886577906,7,,40,5.1624203,0,0.0
21.79762036916019,87.81481059910382,2014.7512886577906,6,,10,5.2274017,0,0.0
21.79762036916019,87.82379375194502,2014.7512886577906,6,,10,4.9520874,0,0.0
21.79762036916019,87.83277690478621,2014.7512886577906,5,,40,5.4280176,0,0.0
21.79762036916019,87.84176005762741,2014.7512886577906,5,,10,5.7115517,0,0.0
21.79762036916019,87.85074321046861,2000.8272413962,7,,10,6.3169265,0,0.0
21.79762036916019,87.8597263633098,2000.8272413962,5,,40,6.325904,0,0.5035758
21.79762036916019,87.868709516151,2000.8272413962,5,,40,6.682726,0,0.2772398
21.79762036916019,87.8776926689922,2000.8272413962,3,,80,7.006762,0,2.6472483
21.79762036916019,87.88667582183339,2000.8272413962,5,,40,11.758077,0,3.70092
21.79762036916019,87.89565897467459,2000.8272413962,10,,10,10.973292,0,0.8373265
21.79762036916019,88.08430518433968,1907.5930863098597,1,,80,6.427507,0,3.3559983
21.79762036916019,88.09328833718088,1907.5930863098597,6,,40,7.435435,0,1.0976305
21.79762036916019,88.10227149002208,1949.6989093515642,6,,10,7.441449,0,0.7262063
21.79762036916019,88.11125464286327,1949.6989093515642,7,,10,7.4385033,0,0.5155535
21.79762036916019,88.12023779570447,1949.6989093515642,6,,10,7.3463745,0,0.3817196
21.79762036916019,88.12922094854567,1949.6989093515642,6,,40,7.513361,0,0.3017807
21.79762036916019,88.13820410138686,1949.6989093515642,6,,40,7.4289856,0,0.6732044
21.79762036916019,88.14718725422806,1949.6989093515642,6,,40,7.5168176,0,1.3229876
21.79762036916019,88.15617040706924,1978.0854813392293,6,,40,7.4261546,0,1.6587863
21.79762036916019,88.16515355991044,1978.0854813392293,4,,40,7.122512,0,3.1609514
21.79762036916019,88.21006932411642,1986.0493055611191,2,,80,6.631844,0,4.308655
21.79762036916019,88.21905247695761,1986.0493055611191,6,,40,7.300375,0,2.0371614
21.79762036916019,88.22803562979881,1986.0493055611191,6,,10,7.5312705,0,1.9138627
21.79762036916019,88.23701878264,1986.0493055611191,5,,40,7.5303473,0,2.26085
21.79762036916019,88.2460019354812,1986.0493055611191,5,,40,7.2136717,0,2.6690142
21.79762036916019,88.2549850883224,1939.9231482306427,4,,95,6.363014,0,3.87717
21.79762036916019,88.26396824116358,1939.9231482306427,5,,95,5.49178,0,4.18717
21.79762036916019,88.27295139400478,1939.9231482306427,5,,40,5.8267827,0,3.832092
21.79762036916019,88.28193454684597,1939.9231482306427,5,,40,5.731348,0,3.0371141
21.79762036916019,88.29091769968717,1939.9231482306427,5,,10,6.179887,0,2.9355485
21.79762036916019,88.29990085252837,1939.9231482306427,5,,60,13.524321,0,3.004064
21.806603522001385,87.500400249662,1922.4643533163471,8,,40,10.923549,0,0.0
21.806603522001385,87.50938340250319,1922.4643533163471,8,,10,13.1394,0,0.0
21.806603522001385,87.51836655534439,1922.4643533163471,9,,10,11.887236,0,0.0
21.806603522001385,87.52734970818558,1922.4643533163471,8,,40,6.192971,0,0.0
21.806603522001385,87.53633286102678,1922.4643533163471,7,,40,5.7595544,0,0.0
21.806603522001385,87.54531601386797,1922.4643533163471,6,,40,5.8150406,0,0.0
21.806603522001385,87.55429916670917,2005.5034136091072,8,,10,8.822526,0,0.0
21.806603522001385,87.56328231955037,2005.5034136091072,9,,10,9.506349,0,0.0
21.806603522001385,87.57226547239156,2005.5034136091072,6,,10,8.421218,0,0.0
21.806603522001385,87.58124862523275,2005.5034136091072,6,,10,8.737025,0,0.0
21.806603522001385,87.59023177807394,2005.5034136091072,6,,40,9.236447,0,0.0
21.806603522001385,87.59921493091514,2005.5034136091072,6,,40,8.207585,0,0.0
21.806603522001385,87.60819808375633,1984.680799813269,6,,40,8.28778,0,0.0
21.806603522001385,87.61718123659753,1984.680799813269,6,,40,8.22576,0,0.0
21.806603522001385,87.62616438943873,1984.680799813269,7,,40,6.65458,1096,0.0
21.806603522001385,87.63514754227992,1984.680799813269,7,,40,6.709165,0,0.0
21.806603522001385,87.64413069512112,1984.680799813269,5,,40,7.554521,1124,0.0
21.806603522001385,87.65311384796232,2020.5792393938145,6,,10,9.825929,0,0.0
21.806603522001385,87.66209700080351,2020.5792393938145,6,,40,10.163943,0,0.0
21.806603522001385,87.67108015364471,2020.5792393938145,5,,40,9.052331,0,0.0
21.806603522001385,87.6800633064859,2020.5792393938145,6,,40,6.8769875,0,0.0
21.806603522001385,87.68904645932709,2020.5792393938145,6,,60,6.892538,0,0.0
21.806603522001385,87.69802961216828,2020.5792393938145,6,,40,6.772657,0,0.0
21.806603522001385,87.70701276500948,2044.3312648136812,6,,40,6.7384977,0,0.0
21.806603522001385,87.71599591785068,2044.3312648136812,5,,40,6.691619,0,0.0
21.806603522001385,87.72497907069187,2044.3312648136812,5,,40,6.7205424,0,0.0
21.806603522001385,87.73396222353307,2044.3312648136812,6,,40,7.4848747,0,0.0
21.806603522001385,87.74294537637427,2044.3312648136812,6,,40,8.096466,0,0.0
21.806603522001385,87.75192852921546,1965.3723655951978,5,,40,12.80339,0,0.0
21.806603522001385,87.76091168205666,1965.3723655951978,7,,10,6.1417675,0,0.0
21.806603522001385,87.76989483489785,1965.3723655951978,6,,40,5.8581243,0,0.0
21.806603522001385,87.77887798773905,1965.3723655951978,6,,40,5.6548877,0,0.0
21.806603522001385,87.78786114058025,1965.3723655951978,8,,10,5.433323,0,0.0
21.806603522001385,87.79684429342144,1965.3723655951978,4,,10,5.3776507,0,0.0
21.806603522001385,87.80582744626263,2030.780964665084,5,,40,5.4320908,0,0.0
21.806603522001385,87.81481059910382,2030.780964665084,6,,10,5.7626963,0,0.0
21.806603522001385,87.82379375194502,2030.780964665084,5,,10,5.065992,0,0.0
21.806603522001385,87.83277690478621,2030.780964665084,5,,40,5.2687902,0,0.0
21.806603522001385,87.84176005762741,2030.780964665084,4,,40,5.4380445,0,0.97702694
21.806603522001385,87.85074321046861,1992.1140137293921,5,,40,5.6533833,0,0.95656395
21.806603522001385,87.8597263633098,1992.1140137293921,5,,40,6.6048336,0,2.106647
21.806603522001385,87.868709516151,1992.1140137293921,4,,10,6.566566,0,1.9381208
21.806603522001385,87.8776926689922,1992.1140137293921,4,,40,7.198478,0,3.805295
21.806603522001385,87.88667582183339,1992.1140137293921,5,,40,9.903203,0,1.545136
21.806603522001385,87.89565897467459,1992.1140137293921,6,,40,8.675518,0,0.0
21.806603522001385,87.90464212751579,1981.1288296293542,8,,10,7.580888,0,0.0
21.806603522001385,87.91362528035698,1981.1288296293542,10,,10,7.821412,0,0.0
21.806603522001385,87.92260843319816,1981.1288296293542,6,,30,7.554845,0,2.170217
21.806603522001385,88.09328833718088,1939.6727703916251,4,,40,8.099821,0,1.1889048
21.806603522001385,88.10227149002208,1945.3895461780355,7,,10,7.141565,265,0.45462894
21.806603522001385,88.11125464286327,1945.3895461780355,7,,10,7.2860827,0,0.15220165
21.806603522001385,88.12023779570447,1945.3895461780355,7,,10,8.006773,0,0.17860222
21.806603522001385,88.12922094854567,1945.3895461780355,6,,40,7.8422136,0,0.50322104
21.806603522001385,88.13820410138686,1945.3895461780355,6,,40,7.2855496,0,0.7574587
21.806603522001385,88.14718725422806,1945.3895461780355,6,,40,7.524286,0,1.342308
21.806603522001385,88.15617040706924,1988.358034037661,7,,10,7.562342,0,1.423173
21.806603522001385,88.16515355991044,1988.358034037661,5,,40,7.37819,0,3.0888054
21.806603522001385,88.21006932411642,2006.9017536218907,5,,10,6.899968,0,2.7737687
21.806603522001385,88.21905247695761,2006.9017536218907,6,,40,7.5318565,0,2.2056446
21.806603522001385,88.22803562979881,2006.9017536218907,6,,40,7.572342,0,2.0878267
21.806603522001385,88.23701878264,2006.9017536218907,6,,10,7.3411117,0,2.1039586
21.806603522001385,88.2460019354812,2006.9017536218907,5,,40,7.0211177,0,2.5083394
21.806603522001385,88.2549850883224,1962.6405383809988,6,,95,6.8233786,0,2.7879512
21.806603522001385,88.26396824116358,1962.6405383809988,5,,95,6.015184,0,2.748342
21.806603522001385,88.27295139400478,1962.6405383809988,6,,40,5.3894196,0,2.869511
21.806603522001385,88.28193454684597,1962.6405383809988,5,,10,5.3656077,0,2.3469725
21.806603522001385,88.29091769968717,1962.6405383809988,5,,40,5.8967466,0,2.7484694
21.806603522001385,88.29990085252837,1962.6405383809988,5,,95,13.089555,0,2.9481647
21.81558667484258,87.500400249662,1922.4643533163471,10,,10,11.178736,0,0.0
21.81558667484258,87.50938340250319,1922.4643533163471,8,,40,12.01026,0,0.0
21.81558667484258,87.51836655534439,1922.4643533163471,8,,10,11.958904,0,0.0
21.81558667484258,87.52734970818558,1922.4643533163471,8,,10,9.728654,0,0.0
21.81558667484258,87.53633286102678,1922.4643533163471,7,,10,9.588735,0,0.0
21.81558667484258,87.54531601386797,1922.4643533163471,7,,10,8.75531,0,0.0
21.81558667484258,87.55429916670917,2005.5034136091072,6,,40,7.740314,0,0.0
21.81558667484258,87.56328231955037,2005.5034136091072,5,,40,5.2775264,0,0.0
21.81558667484258,87.57226547239156,2005.5034136091072,5,,40,6.3921776,0,0.0
21.81558667484258,87.58124862523275,2005.5034136091072,4,,40,9.359713,0,0.0
21.81558667484258,87.59023177807394,2005.5034136091072,6,,10,10.215101,0,0.0
21.81558667484258,87.59921493091514,2005.5034136091072,7,,40,9.590113,0,0.0
21.81558667484258,87.60819808375633,1984.680799813269,5,,40,8.616923,0,0.0
21.81558667484258,87.61718123659753,1984.680799813269,6,,40,7.7988005,0,0.0
21.81558667484258,87.62616438943873,1984.680799813269,5,,40,6.663619,0,0.0
21.81558667484258,87.63514754227992,1984.680799813269,8,,10,9.113439,0,0.0
21.81558667484258,87.64413069512112,1984.680799813269,6,,40,11.921147,0,0.0
21.81558667484258,87.65311384796232,2020.5792393938145,6,,40,6.867672,0,0.0
21.81558667484258,87.66209700080351,2020.5792393938145,5,,40,6.985147,0,0.0
21.81558667484258,87.67108015364471,2020.5792393938145,6,,40,7.275722,0,0.0
21.81558667484258,87.6800633064859,2020.5792393938145,6,,40,6.543127,0,0.0
21.81558667484258,87.68904645932709,2020.5792393938145,6,,40,6.759437,0,0.0
21.81558667484258,87.69802961216828,2020.5792393938145,5,,40,6.80439,0,0.0
21.81558667484258,87.70701276500948,2044.3312648136812,4,,40,6.6557217,0,0.0
21.81558667484258,87.71599591785068,2044.3312648136812,6,,40,6.693098,0,0.0
21.81558667484258,87.72497907069187,2044.3312648136812,4,,40,6.5208206,0,0.0
21.81558667484258,87.73396222353307,2044.3312648136812,5,,10,6.616025,0,0.0
21.81558667484258,87.74294537637427,2044.3312648136812,5,,40,6.122074,0,0.0
21.81558667484258,87.75192852921546,1965.3723655951978,5,,40,7.8929815,0,0.0
21.81558667484258,87.76091168205666,1965.3723655951978,5,,40,5.4478207,0,0.0
21.81558667484258,87.76989483489785,1965.3723655951978,6,,10,5.679556,0,0.0
21.81558667484258,87.77887798773905,1965.3723655951978,6,,40,5.462488,0,0.0
21.81558667484258,87.78786114058025,1965.3723655951978,6,,40,5.6812067,0,0.0
21.81558667484258,87.79684429342144,1965.3723655951978,6,,10,5.2913876,0,0.0
21.81558667484258,87.80582744626263,2030.780964665084,5,,30,5.032647,0,0.0
21.81558667484258,87.81481059910382,2030.780964665084,5,,40,4.9829006,0,0.0
21.81558667484258,87.82379375194502,2030.780964665084,5,,40,5.012277,0,0.0
21.81558667484258,87.83277690478621,2030.780964665084,6,,40,5.209264,0,0.06792116
21.81558667484258,87.84176005762741,2030.780964665084,4,,60,5.352545,0,1.537499
21.81558667484258,87.85074321046861,1992.1140137293921,5,,40,5.354236,0,1.4807739
21.81558667484258,87.8597263633098,1992.1140137293921,5,,40,5.7013607,0,1.4018607
21.81558667484258,87.868709516151,1992.1140137293921,4,,80,6.209699,0,3.3398263
21.81558667484258,87.8776926689922,1992.1140137293921,5,,40,5.874135,0,2.4363298
21.81558667484258,87.88667582183339,1992.1140137293921,6,,40,11.050609,0,1.683075
21.81558667484258,87.89565897467459,1992.1140137293921,6,,10,11.622848,0,1.7297459
21.81558667484258,87.90464212751579,1981.1288296293542,5,,10,9.559905,0,1.4842772
21.81558667484258,87.91362528035698,1981.1288296293542,5,,10,8.084032,0,0.5250282
21.81558667484258,87.92260843319816,1981.1288296293542,7,,10,9.137731,0,0.0
21.81558667484258,87.93159158603936,1981.1288296293542,5,,30,11.0048,0,2.860139
21.81558667484258,88.09328833718088,1939.6727703916251,1,,80,7.4063215,0,3.392717
21.81558667484258,88.10227149002208,1945.3895461780355,7,,40,8.232669,0,0.85139227
21.81558667484258,88.11125464286327,1945.3895461780355,6,,40,7.428276,0,0.82655525
21.81558667484258,88.12023779570447,1945.3895461780355,7,,40,8.394905,0,0.41068268
21.81558667484258,88.12922094854567,1945.3895461780355,6,,40,8.3112135,0,0.83627033
21.81558667484258,88.13820410138686,1945.3895461780355,7,,40,7.914849,0,0.87642
21.81558667484258,88.14718725422806,1945.3895461780355,7,,40,8.755405,0,1.4477792
21.81558667484258,88.15617040706924,1988.358034037661,6,,40,11.129209,0,1.7367468
21.81558667484258,88.16515355991044,1988.358034037661,6,,40,14.839433,0,1.530611
21.81558667484258,88.20108617127522,2006.9017536218907,2,,80,6.895618,0,5.170139
21.81558667484258,88.21006932411642,2006.9017536218907,6,,10,6.2495184,0,2.035533
21.81558667484258,88.21905247695761,2006.9017536218907,6,,10,8.038122,0,2.0768828
21.81558667484258,88.22803562979881,2006.9017536218907,6,,10,8.635528,0,1.9171238
21.81558667484258,88.23701878264,2006.9017536218907,5,,40,7.892287,0,2.2483387
21.81558667484258,88.2460019354812,2006.9017536218907,6,,40,6.9927883,0,2.5363011
21.81558667484258,88.2549850883224,1962.6405383809988,6,,10,7.041185,0,2.4992337
21.81558667484258,88.26396824116358,1962.6405383809988,5,,95,6.9462366,0,3.10592
21.81558667484258,88.27295139400478,1962.6405383809988,5,,95,6.5134416,0,2.5799236
21.81558667484258,88.28193454684597,1962.6405383809988,3,,95,6.5193024,0,3.2309234
21.81558667484258,88.29091769968717,1962.6405383809988,4,,10,6.6084447,0,2.904439
21.81558667484258,88.29990085252837,1962.6405383809988,4,,40,5.8742085,0,2.9845068
21.824569827683774,87.500400249662,1922.4643533163471,8,,40,7.338203,0,0.0
21.824569827683774,87.50938340250319,1922.4643533163471,8,,10,9.556204,0,0.0
21.824569827683774,87.51836655534439,1922.4643533163471,7,,40,10.617701,0,0.0
21.824569827683774,87.52734970818558,1922.4643533163471,7,,40,8.78116,0,0.0
21.824569827683774,87.53633286102678,1922.4643533163471,6,,40,7.4594374,0,0.0
21.824569827683774,87.54531601386797,1922.4643533163471,5,,40,5.9235067,0,0.0
21.824569827683774,87.55429916670917,2005.5034136091072,5,,40,4.2315226,0,0.0
21.824569827683774,87.56328231955037,2005.5034136091072,4,,40,4.015071,0,0.0
21.824569827683774,87.57226547239156,2005.5034136091072,4,,40,8.110411,0,0.0
21.824569827683774,87.58124862523275,2005.5034136091072,4,,40,9.877979,0,0.0
21.824569827683774,87.59023177807394,2005.5034136091072,5,,40,9.499425,0,0.0
21.824569827683774,87.59921493091514,2005.5034136091072,5,,40,9.230561,0,0.0
21.824569827683774,87.60819808375633,1984.680799813269,5,,10,8.671546,0,0.0
21.824569827683774,87.61718123659753,1984.680799813269,7,,10,8.018164,0,0.0
21.824569827683774,87.62616438943873,1984.680799813269,6,,10,7.5633993,0,0.0
21.824569827683774,87.63514754227992,1984.680799813269,6,,40,9.24194,0,0.0
21.824569827683774,87.64413069512112,1984.680799813269,6,,10,8.507663,0,0.0
21.824569827683774,87.65311384796232,2020.5792393938145,6,,40,6.50917,0,0.0
21.824569827683774,87.66209700080351,2020.5792393938145,5,,10,6.292556,0,0.0
21.824569827683774,87.67108015364471,2020.5792393938145,6,,40,6.42826,0,0.0
21.824569827683774,87.6800633064859,2020.5792393938145,5,,40,6.962356,0,0.0
21.824569827683774,87.68904645932709,2020.5792393938145,6,,10,7.324837,0,0.0
21.824569827683774,87.69802961216828,2020.5792393938145,5,,40,6.6785965,0,0.0
21.824569827683774,87.70701276500948,2044.3312648136812,5,,10,6.5287056,0,0.0
21.824569827683774,87.71599591785068,2044.3312648136812,6,,40,6.5813766,0,0.0
21.824569827683774,87.72497907069187,2044.3312648136812,5,,40,6.560783,0,0.0
21.824569827683774,87.73396222353307,2044.3312648136812,6,,40,5.942545,0,0.0
21.824569827683774,87.74294537637427,2044.3312648136812,5,,40,5.837285,0,0.0
21.824569827683774,87.75192852921546,1965.3723655951978,7,,10,8.458947,0,0.0
21.824569827683774,87.76091168205666,1965.3723655951978,6,,40,5.409739,0,0.0
21.824569827683774,87.76989483489785,1965.3723655951978,5,,10,5.5118527,0,0.0
21.824569827683774,87.77887798773905,1965.3723655951978,5,,40,5.366083,0,0.0
21.824569827683774,87.78786114058025,1965.3723655951978,5,,40,5.0902696,0,0.0
21.824569827683774,87.79684429342144,1965.3723655951978,6,,40,5.2169147,0,0.0
21.824569827683774,87.80582744626263,2030.780964665084,5,,40,4.9810457,0,0.0
21.824569827683774,87.81481059910382,2030.780964665084,5,,40,5.0530577,0,0.0
21.824569827683774,87.82379375194502,2030.780964665084,6,,40,5.0609345,0,0.0
21.824569827683774,87.83277690478621,2030.780964665084,5,,10,5.0996017,0,0.14233208
21.824569827683774,87.84176005762741,2030.780964665084,5,,40,5.290327,0,1.2697945
21.824569827683774,87.85074321046861,1992.1140137293921,5,,40,5.494469,0,1.3344641
21.824569827683774,87.8597263633098,1992.1140137293921,5,,40,5.731663,0,2.2138205
21.824569827683774,87.868709516151,1992.1140137293921,4,,40,6.2152715,0,3.7146702
21.824569827683774,87.8776926689922,1992.1140137293921,6,,40,6.0688243,0,1.3198357
21.824569827683774,87.88667582183339,1992.1140137293921,6,,40,10.557369,0,0.49924183
21.824569827683774,87.89565897467459,1992.1140137293921,5,,40,10.983202,0,0.13402605
21.824569827683774,87.90464212751579,1981.1288296293542,5,,40,11.264235,0,0.9166894
21.824569827683774,87.91362528035698,1981.1288296293542,5,,40,9.977011,0,1.3229446
21.824569827683774,87.92260843319816,1981.1288296293542,5,,40,10.196911,0,1.8040991
21.824569827683774,87.93159158603936,1981.1288296293542,6,,40,10.097809,0,1.2753582
21.824569827683774,87.94057473888056,1981.1288296293542,5,,80,12.049329,0,2.983342
21.824569827683774,87.94955789172175,1981.1288296293542,1,,80,11.675804,0,5.991389
21.824569827683774,88.10227149002208,1945.3895461780355,4,,40,9.493189,0,1.188117
21.824569827683774,88.11125464286327,1945.3895461780355,6,,40,7.7096663,0,1.3785524
21.824569827683774,88.12023779570447,1945.3895461780355,7,,10,9.322756,0,0.89583635
21.824569827683774,88.12922094854567,1945.3895461780355,8,,40,9.5517235,21,0.60835123
21.824569827683774,88.13820410138686,1945.3895461780355,7,,10,8.768047,0,0.801301
21.824569827683774,88.14718725422806,1945.3895461780355,7,,10,8.075152,0,1.0941548
21.824569827683774,88.15617040706924,1988.358034037661,6,,10,10.308531,580,1.3774137
21.824569827683774,88.16515355991044,1988.358034037661,1,,80,13.481671,0,2.662092
21.824569827683774,88.18311986559283,1988.358034037661,1,,30,5.498232,0,6.874748
21.824569827683774,88.19210301843403,1988.358034037661,0,,80,6.6326547,0,7.2881074
21.824569827683774,88.20108617127522,2006.9017536218907,5,,80,7.2636,0,3.5317795
21.824569827683774,88.21006932411642,2006.9017536218907,6,,10,6.560272,0,2.2945232
21.824569827683774,88.21905247695761,2006.9017536218907,6,,40,8.373383,0,1.8586826
21.824569827683774,88.22803562979881,2006.9017536218907,6,,40,8.940384,0,1.2044816
21.824569827683774,88.23701878264,2006.9017536218907,5,,10,8.188053,0,2.0663528
21.824569827683774,88.2460019354812,2006.9017536218907,6,,40,6.9574804,0,2.3032875
21.824569827683774,88.2549850883224,1962.6405383809988,5,,40,6.445058,0,2.4345713
21.824569827683774,88.26396824116358,1962.6405383809988,5,,40,7.1586413,0,2.733342
21.824569827683774,88.27295139400478,1962.6405383809988,5,,95,6.843469,0,3.4016232
21.824569827683774,88.28193454684597,1962.6405383809988,4,,95,6.1744394,0,4.63678
21.824569827683774,88.29091769968717,1962.6405383809988,3,,95,5.4782977,0,4.711858
21.824569827683774,88.29990085252837,1962.6405383809988,4,,95,6.67442,0,4.073654
21.83355298052497,87.500400249662,1922.4643533163471,8,,40,3.981983,0,0.0
21.83355298052497,87.50938340250319,1922.4643533163471,8,,40,6.077081,0,0.0
21.83355298052497,87.51836655534439,1922.4643533163471,7,,40,7.963987,0,0.0
21.83355298052497,87.52734970818558,1922.4643533163471,8,,10,5.6603336,0,0.0
21.83355298052497,87.53633286102678,1922.4643533163471,6,,40,3.8639824,0,0.0
21.83355298052497,87.54531601386797,1922.4643533163471,5,,40,2.8442087,0,0.0
21.83355298052497,87.55429916670917,2005.5034136091072,5,,40,3.3143554,0,0.0
21.83355298052497,87.56328231955037,2005.5034136091072,4,,40,3.3476326,0,0.0
21.83355298052497,87.57226547239156,2005.5034136091072,4,,40,6.5493093,0,0.0
21.83355298052497,87.58124862523275,2005.5034136091072,5,,40,6.457731,0,0.0
21.83355298052497,87.59023177807394,2005.5034136091072,5,,40,6.05519,0,0.0
21.83355298052497,87.59921493091514,2005.5034136091072,6,,10,6.3977823,0,0.0
21.83355298052497,87.60819808375633,1984.680799813269,7,,40,6.323572,0,0.0
21.83355298052497,87.61718123659753,1984.680799813269,6,,40,6.6964684,0,0.0
21.83355298052497,87.62616438943873,1984.680799813269,5,,10,11.200571,0,0.0
21.83355298052497,87.63514754227992,1984.680799813269,7,,40,8.488212,0,0.0
21.83355298052497,87.64413069512112,1984.680799813269,5,,10,6.4685106,0,0.0
21.83355298052497,87.65311384796232,2020.5792393938145,5,,40,6.340541,0,0.0
21.83355298052497,87.66209700080351,2020.5792393938145,5,,40,6.29029,0,0.0
21.83355298052497,87.67108015364471,2020.5792393938145,7,,40,6.1792107,0,0.0
21.83355298052497,87.6800633064859,2020.5792393938145,6,,40,6.9457645,0,0.0
21.83355298052497,87.68904645932709,2020.5792393938145,5,,10,7.3311315,0,0.0
21.83355298052497,87.69802961216828,2020.5792393938145,5,,40,6.845517,0,0.0
21.83355298052497,87.70701276500948,2044.3312648136812,5,,40,6.4674125,0,0.0
21.83355298052497,87.71599591785068,2044.3312648136812,6,,40,6.5215693,0,0.0
21.83355298052497,87.72497907069187,2044.3312648136812,6,,40,6.606167,0,0.0
21.83355298052497,87.73396222353307,2044.3312648136812,6,,40,6.317184,0,0.0
21.83355298052497,87.74294537637427,2044.3312648136812,6,,40,5.977768,0,0.0
21.83355298052497,87.75192852921546,1965.3723655951978,6,,10,8.195953,0,0.0
21.83355298052497,87.76091168205666,1965.3723655951978,5,,40,5.446312,0,0.0
21.83355298052497,87.76989483489785,1965.3723655951978,5,,40,5.2234426,0,0.0
21.83355298052497,87.77887798773905,1965.3723655951978,7,,40,5.4345226,0,0.0
21.83355298052497,87.78786114058025,1965.3723655951978,5,,40,5.1718616,0,0.0
21.83355298052497,87.79684429342144,1965.3723655951978,5,,40,5.183386,0,0.0
21.83355298052497,87.80582744626263,2030.780964665084,5,,40,5.1419487,0,0.0
21.83355298052497,87.81481059910382,2030.780964665084,5,,40,5.1707506,0,0.0
21.83355298052497,87.82379375194502,2030.780964665084,6,,40,5.0342417,0,0.2918315
21.83355298052497,87.83277690478621,2030.780964665084,6,,40,5.0951424,0,0.093299866
21.83355298052497,87.84176005762741,2030.780964665084,6,,40,5.2043157,0,0.94243336
21.83355298052497,87.85074321046861,1992.1140137293921,5,,40,5.5168066,0,1.5053592
21.83355298052497,87.8597263633098,1992.1140137293921,5,,40,5.4613123,0,1.4553165
21.83355298052497,87.868709516151,1992.1140137293921,4,,40,5.7455077,0,2.6001387
21.83355298052497,87.8776926689922,1992.1140137293921,6,,40,6.187086,0,1.6341624
21.83355298052497,87.88667582183339,1992.1140137293921,6,,40,11.027435,0,1.0038319
21.83355298052497,87.89565897467459,1992.1140137293921,5,,40,10.605448,0,0.71841574
21.83355298052497,87.90464212751579,1981.1288296293542,5,,10,10.964691,0,0.5655017
21.83355298052497,87.91362528035698,1981.1288296293542,5,,40,10.601788,0,0.78088
21.83355298052497,87.92260843319816,1981.1288296293542,5,,40,10.304748,0,1.4978681
21.83355298052497,87.93159158603936,1981.1288296293542,6,,10,10.50931,0,1.2874994
21.83355298052497,87.94057473888056,1981.1288296293542,6,,40,13.183187,0,0.9323187
21.83355298052497,87.94955789172175,1981.1288296293542,5,,10,12.146545,0,1.3365664
21.83355298052497,88.10227149002208,1945.3895461780355,2,,80,8.538509,0,6.2832637
21.83355298052497,88.11125464286327,1945.3895461780355,7,,10,8.219924,0,1.7587719
21.83355298052497,88.12023779570447,1945.3895461780355,7,,40,10.336446,0,1.2794285
21.83355298052497,88.12922094854567,1945.3895461780355,7,,10,10.554777,803,0.8422837
21.83355298052497,88.13820410138686,1945.3895461780355,7,,40,8.836857,0,1.9681001
21.83355298052497,88.14718725422806,1945.3895461780355,7,,10,8.812287,0,2.3058028
21.83355298052497,88.15617040706924,1988.358034037661,2,,80,9.933361,0,6.0561543
21.83355298052497,88.19210301843403,1988.358034037661,3,,80,7.3278265,0,3.3219357
21.83355298052497,88.20108617127522,2006.9017536218907,6,,10,7.2357473,0,2.4310975
21.83355298052497,88.21006932411642,2006.9017536218907,6,,40,7.227177,0,1.7966871
21.83355298052497,88.21905247695761,2006.9017536218907,6,,10,7.5867443,0,1.3927565
21.83355298052497,88.22803562979881,2006.9017536218907,6,,40,8.03836,0,1.4031901
21.83355298052497,88.23701878264,2006.9017536218907,6,,10,6.9245114,0,1.7365417
21.83355298052497,88.2460019354812,2006.9017536218907,5,,10,6.2481318,0,2.3551345
21.83355298052497,88.2549850883224,1962.6405383809988,6,,40,6.194707,0,2.231439
21.83355298052497,88.26396824116358,1962.6405383809988,6,,10,6.339604,0,2.1718502
21.83355298052497,88.27295139400478,1962.6405383809988,6,,40,7.366229,0,2.4420457
21.83355298052497,88.28193454684597,1962.6405383809988,5,,40,6.9626694,0,2.5254722
21.83355298052497,88.29091769968717,1962.6405383809988,4,,95,6.6711206,0,3.359
21.83355298052497,88.29990085252837,1962.6405383809988,4,,95,6.1233497,0,3.2734416
21.842536133366167,87.500400249662,1922.4643533163471,8,,40,6.1690073,0,0.0
21.842536133366167,87.50938340250319,1922.4643533163471,7,,40,7.6170855,0,0.0
21.842536133366167,87.51836655534439,1922.4643533163471,8,,10,9.756712,0,0.0
21.842536133366167,87.52734970818558,1922.4643533163471,8,,10,7.33569,0,0.0
21.842536133366167,87.53633286102678,1922.4643533163471,6,,40,6.1698246,0,0.0
21.842536133366167,87.54531601386797,1922.4643533163471,7,,10,7.4400234,0,0.0
21.842536133366167,87.55429916670917,2005.5034136091072,8,,10,6.8380146,0,0.0
21.842536133366167,87.56328231955037,2005.5034136091072,6,,40,6.5763865,0,0.0
21.842536133366167,87.57226547239156,2005.5034136091072,5,,40,3.8722625,0,0.0
21.842536133366167,87.58124862523275,2005.5034136091072,4,,40,3.5834093,0,0.0
21.842536133366167,87.59023177807394,2005.5034136091072,4,,40,6.0296373,0,0.0
21.842536133366167,87.59921493091514,2005.5034136091072,5,,40,6.744876,0,0.0
21.842536133366167,87.60819808375633,1984.680799813269,5,,40,6.7246985,0,0.0
21.842536133366167,87.61718123659753,1984.680799813269,6,,40,8.582534,0,0.0
21.842536133366167,87.62616438943873,1984.680799813269,5,,40,7.476944,0,0.0
21.842536133366167,87.63514754227992,1984.680799813269,7,,10,6.305162,0,0.0
21.842536133366167,87.64413069512112,1984.680799813269,7,,10,5.544714,0,0.0
21.842536133366167,87.65311384796232,2020.5792393938145,5,,40,4.8479643,0,0.0
21.842536133366167,87.66209700080351,2020.5792393938145,6,,40,5.1560006,0,0.0
21.842536133366167,87.67108015364471,2020.5792393938145,7,,10,5.6162615,0,0.0
21.842536133366167,87.6800633064859,2020.5792393938145,5,,40,6.4578137,0,0.0
21.842536133366167,87.68904645932709,2020.5792393938145,6,,40,7.0485024,0,0.0
21.842536133366167,87.69802961216828,2020.5792393938145,5,,40,7.301949,0,0.0
21.842536133366167,87.70701276500948,2044.3312648136812,5,,40,6.44809,0,0.0
21.842536133366167,87.71599591785068,2044.3312648136812,5,,40,6.537189,0,0.0
21.842536133366167,87.72497907069187,2044.3312648136812,5,,40,6.531274,0,0.0
21.842536133366167,87.73396222353307,2044.3312648136812,6,,40,6.6148453,0,0.0
21.842536133366167,87.74294537637427,2044.3312648136812,5,,40,5.6306934,0,0.0
21.842536133366167,87.75192852921546,1965.3723655951978,5,,40,6.891294,0,0.0
21.842536133366167,87.76091168205666,1965.3723655951978,6,,40,5.489234,0,0.0
21.842536133366167,87.76989483489785,1965.3723655951978,6,,40,5.364357,0,0.0
21.842536133366167,87.77887798773905,1965.3723655951978,10,,40,5.3745403,0,0.0
21.842536133366167,87.78786114058025,1965.3723655951978,8,,10,5.319527,0,0.0
21.842536133366167,87.79684429342144,1965.3723655951978,4,,40,5.2086325,0,0.0
21.842536133366167,87.80582744626263,2030.780964665084,4,,60,5.1026983,0,0.30188417
21.842536133366167,87.81481059910382,2030.780964665084,5,,40,5.1965156,0,0.1179328
21.842536133366167,87.82379375194502,2030.780964665084,6,,40,5.1935287,0,0.6488695
21.842536133366167,87.83277690478621,2030.780964665084,5,,40,5.1535783,0,0.9132438
21.842536133366167,87.84176005762741,2030.780964665084,5,,40,5.181365,0,1.6317225
21.842536133366167,87.85074321046861,1992.1140137293921,5,,60,5.44912,0,1.6967053
21.842536133366167,87.8597263633098,1992.1140137293921,6,,10,5.26814,0,1.6242285
21.842536133366167,87.868709516151,1992.1140137293921,4,,80,5.7586446,0,2.7225606
21.842536133366167,87.8776926689922,1992.1140137293921,5,,40,6.0025496,0,1.903213
21.842536133366167,87.88667582183339,1992.1140137293921,5,,40,9.462854,0,2.023265
21.842536133366167,87.89565897467459,1992.1140137293921,6,,40,10.602144,0,1.2966795
21.842536133366167,87.90464212751579,1981.1288296293542,5,,40,11.206902,0,0.6899371
21.842536133366167,87.91362528035698,1981.1288296293542,5,,40,9.724854,0,0.6974716
21.842536133366167,87.92260843319816,1981.1288296293542,4,,40,9.831586,0,1.2816668
21.842536133366167,87.93159158603936,1981.1288296293542,6,,40,10.488858,0,1.3509068
21.842536133366167,87.94057473888056,1981.1288296293542,6,,10,10.743806,0,0.9998822
21.842536133366167,87.94955789172175,1981.1288296293542,5,,40,10.290001,0,1.4732652
21.842536133366167,87.95854104456295,1982.1165934429657,5,,40,10.561205,0,3.3409982
21.842536133366167,88.11125464286327,1945.3895461780355,3,,80,8.611241,0,4.869201
21.842536133366167,88.12023779570447,1945.3895461780355,7,,10,7.8186374,0,1.6197753
21.842536133366167,88.12922094854567,1945.3895461780355,7,,10,7.907322,232,1.3134799
21.842536133366167,88.13820410138686,1945.3895461780355,7,,10,8.04415,0,1.8751659
21.842536133366167,88.14718725422806,1945.3895461780355,5,,40,8.453008,0,3.0266232
21.842536133366167,88.18311986559283,1988.358034037661,3,,80,7.9626036,0,6.705529
21.842536133366167,88.19210301843403,1988.358034037661,5,,10,8.917995,0,3.0096102
21.842536133366167,88.20108617127522,2006.9017536218907,7,,40,9.339612,0,1.9332652
21.842536133366167,88.21006932411642,2006.9017536218907,6,,10,8.617367,0,1.9104295
21.842536133366167,88.21905247695761,2006.9017536218907,6,,40,7.0163455,0,1.8228283
21.842536133366167,88.22803562979881,2006.9017536218907,6,,40,6.8391533,0,1.1399145
21.842536133366167,88.23701878264,2006.9017536218907,6,,40,6.585047,0,1.5924258
21.842536133366167,88.2460019354812,2006.9017536218907,6,,40,6.6703787,0,1.8129439
21.842536133366167,88.2549850883224,1962.6405383809988,6,,40,6.7600293,0,2.5190463
21.842536133366167,88.26396824116358,1962.6405383809988,6,,40,7.070989,0,2.5012598
21.842536133366167,88.27295139400478,1962.6405383809988,5,,40,7.7978277,0,2.6664944
21.842536133366167,88.28193454684597,1962.6405383809988,6,,10,7.479282,0,2.64876
21.842536133366167,88.29091769968717,1962.6405383809988,6,,10,7.522208,0,2.4154787
21.842536133366167,88.29990085252837,1962.6405383809988,6,,10,7.853616,3,2.258265
21.85151928620736,87.500400249662,1948.8344145420656,12,,10,9.614741,0,0.0
21.85151928620736,87.50938340250319,1948.8344145420656,10,,10,10.456104,0,0.0
21.85151928620736,87.51836655534439,1948.8344145420656,9,,10,11.517263,0,0.0
21.85151928620736,87.52734970818558,1948.8344145420656,8,,10,8.649065,0,0.0
21.85151928620736,87.53633286102678,1948.8344145420656,6,,10,8.232086,0,0.0
21.85151928620736,87.54531601386797,1948.8344145420656,7,,40,8.093702,0,0.0
21.85151928620736,87.55429916670917,1959.4249966681928,8,,10,7.09903,0,0.0
21.85151928620736,87.56328231955037,1959.4249966681928,8,,10,6.903169,0,0.0
21.85151928620736,87.57226547239156,1959.4249966681928,8,,10,6.0560203,0,0.0
21.85151928620736,87.58124862523275,1959.4249966681928,5,,40,5.847001,0,0.0
21.85151928620736,87.59023177807394,1959.4249966681928,4,,40,6.270865,0,0.0
21.85151928620736,87.59921493091514,1959.4249966681928,6,,40,7.1767583,0,0.0
21.85151928620736,87.60819808375633,1996.3190210543971,5,,40,8.639016,0,0.0
21.85151928620736,87.61718123659753,1996.3190210543971,5,,40,8.162317,0,0.0
21.85151928620736,87.62616438943873,1996.3190210543971,4,,40,6.7259183,0,0.0
21.85151928620736,87.63514754227992,1996.3190210543971,6,,40,6.534425,0,0.0
21.85151928620736,87.64413069512112,1996.3190210543971,5,,40,5.6693783,0,0.0
21.85151928620736,87.65311384796232,2043.388184156186,5,,40,5.231582,0,0.0
21.85151928620736,87.66209700080351,2043.388184156186,5,,40,5.54387,0,0.0
21.85151928620736,87.67108015364471,2043.388184156186,5,,40,5.5963106,0,0.0
21.85151928620736,87.6800633064859,2043.388184156186,5,,40,6.392389,0,0.0
21.85151928620736,87.68904645932709,2043.388184156186,6,,40,6.782846,0,0.0
21.85151928620736,87.69802961216828,2043.388184156186,6,,40,7.3687787,0,0.0
21.85151928620736,87.70701276500948,2026.7125494269494,5,,40,6.5815926,0,0.0
21.85151928620736,87.71599591785068,2026.7125494269494,5,,10,6.6394405,0,0.0
21.85151928620736,87.72497907069187,2026.7125494269494,6,,40,6.585144,0,0.0
21.85151928620736,87.73396222353307,2026.7125494269494,5,,40,6.52571,0,0.0
21.85151928620736,87.74294537637427,2026.7125494269494,6,,40,5.545055,0,0.0
21.85151928620736,87.75192852921546,1937.5913918228869,6,,10,7.250357,0,0.0
21.85151928620736,87.76091168205666,1937.5913918228869,6,,10,6.0840545,0,0.0
21.85151928620736,87.76989483489785,1937.5913918228869,6,,40,5.4807653,0,0.0
21.85151928620736,87.77887798773905,1937.5913918228869,6,,10,5.4582305,0,0.0
21.85151928620736,87.78786114058025,1937.5913918228869,6,,10,5.3447385,0,0.0
21.85151928620736,87.79684429342144,1937.5913918228869,6,,40,5.272295,0,0.0
21.85151928620736,87.80582744626263,1972.6790946971973,6,,10,5.124266,0,0.0
21.85151928620736,87.81481059910382,1972.6790946971973,6,,10,5.2476783,0,0.0
21.85151928620736,87.82379375194502,1972.6790946971973,5,,40,5.2782793,0,0.71190596
21.85151928620736,87.83277690478621,1972.6790946971973,5,,10,5.232711,0,1.2683115
21.85151928620736,87.84176005762741,1972.6790946971973,6,,10,5.258171,0,1.5556989
21.85151928620736,87.85074321046861,1972.4440989942932,6,,10,5.3178463,0,1.8947577
21.85151928620736,87.8597263633098,1972.4440989942932,5,,60,5.1358056,0,2.1502504
21.85151928620736,87.868709516151,1972.4440989942932,5,,10,5.755502,0,2.0180292
21.85151928620736,87.8776926689922,1972.4440989942932,5,,80,8.6484375,0,2.572795
21.85151928620736,87.88667582183339,1972.4440989942932,5,,40,8.876964,0,1.7967348
21.85151928620736,87.89565897467459,1972.4440989942932,5,,40,9.110405,0,1.6973486
21.85151928620736,87.90464212751579,2025.475146236086,6,,40,9.840167,0,1.1675892
21.85151928620736,87.91362528035698,2025.475146236086,8,,40,11.551892,0,0.3990178
21.85151928620736,87.92260843319816,2025.475146236086,6,,40,11.879914,0,0.0
21.85151928620736,87.93159158603936,2025.475146236086,7,,40,11.718739,0,0.084905624
21.85151928620736,87.94057473888056,2025.475146236086,7,,40,11.090207,0,0.42312002
21.85151928620736,87.94955789172175,2025.475146236086,7,,10,10.220788,0,0.90974665
21.85151928620736,87.95854104456295,1984.210510383675,6,,40,9.6024885,0,2.4098158
21.85151928620736,87.96752419740415,1984.210510383675,4,,40,9.721526,0,3.902795
21.85151928620736,88.12023779570447,1977.3864788281694,6,,10,8.059296,0,2.8050306
21.85151928620736,88.12922094854567,1977.3864788281694,7,,10,7.935699,0,1.5367112
21.85151928620736,88.13820410138686,1977.3864788281694,7,,10,8.117195,0,1.4393911
21.85151928620736,88.14718725422806,1977.3864788281694,4,,10,8.783087,0,3.603967
21.85151928620736,88.17413671275163,2004.4083095453852,1,,80,9.223077,0,7.9669356
21.85151928620736,88.18311986559283,2004.4083095453852,5,,95,8.771196,0,4.8515453
21.85151928620736,88.19210301843403,2004.4083095453852,5,,40,10.583805,0,2.970364
21.85151928620736,88.20108617127522,1963.5993835613845,6,,10,9.321407,0,2.746509
21.85151928620736,88.21006932411642,1963.5993835613845,5,,40,7.916425,0,2.0274954
21.85151928620736,88.21905247695761,1963.5993835613845,6,,40,7.0760355,0,1.0563121
21.85151928620736,88.22803562979881,1963.5993835613845,5,,10,7.331029,0,1.7058296
21.85151928620736,88.23701878264,1963.5993835613845,6,,40,7.2414093,0,1.9349813
21.85151928620736,88.2460019354812,1963.5993835613845,6,,40,8.133576,0,2.2151484
21.85151928620736,88.2549850883224,1953.4400526927568,6,,40,7.9768095,0,2.4813442
21.85151928620736,88.26396824116358,1953.4400526927568,6,,10,7.9547806,0,3.337092
21.85151928620736,88.27295139400478,1953.4400526927568,5,,80,7.5974193,0,3.7991233
21.85151928620736,88.28193454684597,1953.4400526927568,5,,10,7.4613724,0,3.7281075
21.85151928620736,88.29091769968717,1953.4400526927568,6,,10,7.3994956,0,3.2341232
21.85151928620736,88.29990085252837,1953.4400526927568,6,,40,6.689838,0,2.1793127
21.860502439048556,87.500400249662,1948.8344145420656,8,,40,10.698675,0,0.0
21.860502439048556,87.50938340250319,1948.8344145420656,7,,40,11.5366745,0,0.0
21.860502439048556,87.51836655534439,1948.8344145420656,10,,10,12.287507,0,0.0
21.860502439048556,87.52734970818558,1948.8344145420656,7,,10,11.136103,0,0.0
21.860502439048556,87.53633286102678,1948.8344145420656,7,,10,9.469143,2,0.0
21.860502439048556,87.54531601386797,1948.8344145420656,8,,10,8.598309,0,0.0
21.860502439048556,87.55429916670917,1959.4249966681928,6,,40,6.6908646,0,0.0
21.860502439048556,87.56328231955037,1959.4249966681928,5,,40,6.8245473,0,0.0
21.860502439048556,87.57226547239156,1959.4249966681928,7,,40,7.781086,0,0.0
21.860502439048556,87.58124862523275,1959.4249966681928,6,,40,8.393455,0,0.0
21.860502439048556,87.59023177807394,1959.4249966681928,7,,40,8.251721,0,0.0
21.860502439048556,87.59921493091514,1959.4249966681928,6,,40,9.893449,0,0.0
21.860502439048556,87.60819808375633,1996.3190210543971,5,,40,8.5274725,0,0.0
21.860502439048556,87.61718123659753,1996.3190210543971,5,,40,6.500664,0,0.0
21.860502439048556,87.62616438943873,1996.3190210543971,5,,40,6.5635767,0,0.0
21.860502439048556,87.63514754227992,1996.3190210543971,6,,40,6.3780246,0,0.0
21.860502439048556,87.64413069512112,1996.3190210543971,6,,40,6.2989216,0,0.0
21.860502439048556,87.65311384796232,2043.388184156186,5,,40,5.569553,0,0.0
21.860502439048556,87.66209700080351,2043.388184156186,6,,40,5.724282,0,0.0
21.860502439048556,87.67108015364471,2043.388184156186,5,,40,5.6394405,0,0.0
21.860502439048556,87.6800633064859,2043.388184156186,6,,40,6.496067,0,0.0
21.860502439048556,87.68904645932709,2043.388184156186,6,,10,6.7918262,0,0.0
21.860502439048556,87.69802961216828,2043.388184156186,6,,40,6.981347,0,0.0
21.860502439048556,87.70701276500948,2026.7125494269494,5,,40,6.665087,0,0.0
21.860502439048556,87.71599591785068,2026.7125494269494,4,,40,6.5854445,0,0.0
21.860502439048556,87.72497907069187,2026.7125494269494,5,,40,6.4791975,0,0.0
21.860502439048556,87.73396222353307,2026.7125494269494,6,,10,6.497337,0,0.0
21.860502439048556,87.74294537637427,2026.7125494269494,5,,40,5.8468437,0,0.0
21.860502439048556,87.75192852921546,1937.5913918228869,6,,40,7.2489357,0,0.0
21.860502439048556,87.76091168205666,1937.5913918228869,5,,40,7.81378,0,0.0
21.860502439048556,87.76989483489785,1937.5913918228869,5,,40,5.524544,0,0.0
21.860502439048556,87.77887798773905,1937.5913918228869,4,,40,5.3793354,0,0.0
21.860502439048556,87.78786114058025,1937.5913918228869,5,,40,5.3063965,0,0.10217285
21.860502439048556,87.79684429342144,1937.5913918228869,5,,40,5.2562833,0,0.11406708
21.860502439048556,87.80582744626263,1972.6790946971973,5,,40,5.2142253,0,0.69013596
21.860502439048556,87.81481059910382,1972.6790946971973,5,,40,5.268314,350,0.47353554
21.860502439048556,87.82379375194502,1972.6790946971973,5,,40,5.277794,0,1.350204
21.860502439048556,87.83277690478621,1972.6790946971973,5,,10,5.219694,0,1.3728933
21.860502439048556,87.84176005762741,1972.6790946971973,6,,40,5.257632,0,1.7978134
21.860502439048556,87.85074321046861,1972.4440989942932,6,,10,5.510306,0,1.6177564
21.860502439048556,87.8597263633098,1972.4440989942932,6,,60,5.1735754,0,2.0231075
21.860502439048556,87.868709516151,1972.4440989942932,6,,40,7.1130886,0,1.5605869
21.860502439048556,87.8776926689922,1972.4440989942932,4,,80,9.320419,0,3.2493575
21.860502439048556,87.88667582183339,1972.4440989942932,6,,40,8.813138,0,1.9561939
21.860502439048556,87.89565897467459,1972.4440989942932,6,,10,8.742875,0,1.3603354
21.860502439048556,87.90464212751579,2025.475146236086,6,,40,9.031982,0,1.3426023
21.860502439048556,87.91362528035698,2025.475146236086,7,,40,11.633144,0,0.6112747
21.860502439048556,87.92260843319816,2025.475146236086,6,,10,11.208536,0,0.0
21.860502439048556,87.93159158603936,2025.475146236086,7,,40,11.774182,0,0.23705435
21.860502439048556,87.94057473888056,2025.475146236086,6,,40,11.42357,0,0.3364277
21.860502439048556,87.94955789172175,2025.475146236086,7,,40,10.904191,0,1.2261147
21.860502439048556,87.95854104456295,1984.210510383675,7,,40,10.358977,0,1.3573446
21.860502439048556,87.96752419740415,1984.210510383675,5,,40,11.265399,0,2.3575616
21.860502439048556,87.97650735024534,1984.210510383675,3,,30,9.7573,0,4.309904
21.860502439048556,88.12023779570447,1977.3864788281694,3,,10,8.945257,0,5.5824046
21.860502439048556,88.12922094854567,1977.3864788281694,7,,40,7.9392557,0,1.4422879
21.860502439048556,88.13820410138686,1977.3864788281694,7,,10,9.06542,0,1.8378525
21.860502439048556,88.17413671275163,2004.4083095453852,3,,80,12.420272,9,7.028264
21.860502439048556,88.18311986559283,2004.4083095453852,7,,10,10.881979,1837,3.1167192
21.860502439048556,88.19210301843403,2004.4083095453852,6,,10,13.524223,2986,2.033647
21.860502439048556,88.20108617127522,1963.5993835613845,5,,10,10.33519,1044,2.418283
21.860502439048556,88.21006932411642,1963.5993835613845,5,,40,8.475635,0,2.3898187
21.860502439048556,88.21905247695761,1963.5993835613845,5,,10,8.254173,0,1.825181
21.860502439048556,88.22803562979881,1963.5993835613845,6,,10,8.5991745,0,1.4959936
21.860502439048556,88.23701878264,1963.5993835613845,6,,40,7.918593,0,2.1891956
21.860502439048556,88.2460019354812,1963.5993835613845,6,,40,9.055132,0,2.5822878
21.860502439048556,88.2549850883224,1953.4400526927568,5,,10,8.377247,0,3.7087326
21.860502439048556,88.26396824116358,1953.4400526927568,4,,10,7.8061767,0,3.3906314
21.860502439048556,88.27295139400478,1953.4400526927568,5,,40,7.0284605,0,3.0986156
21.860502439048556,88.28193454684597,1953.4400526927568,5,,40,6.8592997,0,3.1375222
21.860502439048556,88.29091769968717,1953.4400526927568,5,,80,6.9445186,184,3.2645137
21.860502439048556,88.29990085252837,1953.4400526927568,5,,80,6.4607124,0,3.3749826
21.869485591889752,87.500400249662,1948.8344145420656,9,,40,8.001036,0,0.0
21.869485591889752,87.50938340250319,1948.8344145420656,10,,10,9.070327,0,0.0
21.869485591889752,87.51836655534439,1948.8344145420656,8,,40,8.593471,0,0.0
21.869485591889752,87.52734970818558,1948.8344145420656,7,,40,11.841307,0,0.0
21.869485591889752,87.53633286102678,1948.8344145420656,6,,40,14.510453,0,0.0
21.869485591889752,87.54531601386797,1948.8344145420656,8,,10,11.116852,0,0.0
21.869485591889752,87.55429916670917,1959.4249966681928,6,,40,9.332049,0,0.0
21.869485591889752,87.56328231955037,1959.4249966681928,8,,10,9.338689,0,0.0
21.869485591889752,87.57226547239156,1959.4249966681928,7,,10,11.240287,0,0.0
21.869485591889752,87.58124862523275,1959.4249966681928,6,,10,15.790984,0,0.0
21.869485591889752,87.59023177807394,1959.4249966681928,7,,10,14.456561,0,0.0
21.869485591889752,87.59921493091514,1959.4249966681928,6,,40,6.2649293,0,0.0
21.869485591889752,87.60819808375633,1996.3190210543971,6,,40,6.138294,0,0.0
21.869485591889752,87.61718123659753,1996.3190210543971,4,,40,6.16576,0,0.0
21.869485591889752,87.62616438943873,1996.3190210543971,5,,40,5.9323997,0,0.0
21.869485591889752,87.63514754227992,1996.3190210543971,5,,40,6.039902,0,0.0
21.869485591889752,87.64413069512112,1996.3190210543971,5,,40,6.2031326,0,0.0
21.869485591889752,87.65311384796232,2043.388184156186,5,,40,5.4762287,0,0.0
21.869485591889752,87.66209700080351,2043.388184156186,5,,40,5.360288,0,0.0
21.869485591889752,87.67108015364471,2043.388184156186,6,,40,5.6050353,0,0.0
21.869485591889752,87.6800633064859,2043.388184156186,5,,40,6.506032,0,0.0
21.869485591889752,87.68904645932709,2043.388184156186,5,,40,6.5766916,0,0.0
21.869485591889752,87.69802961216828,2043.388184156186,6,,40,6.765929,0,0.0
21.869485591889752,87.70701276500948,2026.7125494269494,6,,40,6.7238398,0,0.0
21.869485591889752,87.71599591785068,2026.7125494269494,4,,40,6.677574,0,0.0
21.869485591889752,87.72497907069187,2026.7125494269494,5,,40,6.653632,0,0.0
21.869485591889752,87.73396222353307,2026.7125494269494,6,,10,6.8674684,0,0.0
21.869485591889752,87.74294537637427,2026.7125494269494,5,,40,6.240698,0,0.0
21.869485591889752,87.75192852921546,1937.5913918228869,5,,40,6.0706267,0,0.0
21.869485591889752,87.76091168205666,1937.5913918228869,5,,40,4.6903744,0,0.0
21.869485591889752,87.76989483489785,1937.5913918228869,5,,40,5.574148,0,0.0
21.869485591889752,87.77887798773905,1937.5913918228869,5,,40,5.5519304,0,0.025213242
21.869485591889752,87.78786114058025,1937.5913918228869,5,,40,5.4705796,0,0.44200993
21.869485591889752,87.79684429342144,1937.5913918228869,5,,40,5.3252487,0,0.4304819
21.869485591889752,87.80582744626263,1972.6790946971973,6,,40,5.201714,0,0.463943
21.869485591889752,87.81481059910382,1972.6790946971973,6,,30,5.1499715,0,0.70079327
21.869485591889752,87.82379375194502,1972.6790946971973,5,,60,5.2134376,0,1.2252092
21.869485591889752,87.83277690478621,1972.6790946971973,6,,10,5.3476925,0,1.3309398
21.869485591889752,87.84176005762741,1972.6790946971973,6,,60,5.339664,0,1.8765903
21.869485591889752,87.85074321046861,1972.4440989942932,5,,40,5.2648053,40,2.1999044
21.869485591889752,87.8597263633098,1972.4440989942932,6,,80,8.763501,0,2.201622
21.869485591889752,87.868709516151,1972.4440989942932,7,,40,9.402573,0,1.9370136
21.869485591889752,87.8776926689922,1972.4440989942932,6,,40,9.235659,0,2.7088888
21.869485591889752,87.88667582183339,1972.4440989942932,6,,40,7.9779544,0,2.0920591
21.869485591889752,87.89565897467459,1972.4440989942932,6,,40,8.440703,0,1.6209002
21.869485591889752,87.90464212751579,2025.475146236086,5,,40,8.0661745,0,1.6063824
21.869485591889752,87.91362528035698,2025.475146236086,6,,40,9.969788,0,0.83287954
21.869485591889752,87.92260843319816,2025.475146236086,6,,40,11.060956,0,0.2181263
21.869485591889752,87.93159158603936,2025.475146236086,5,,40,11.608913,0,0.16429806
21.869485591889752,87.94057473888056,2025.475146236086,6,,40,10.918676,0,1.1352224
21.869485591889752,87.94955789172175,2025.475146236086,5,,40,10.958871,0,1.0006061
21.869485591889752,87.95854104456295,1984.210510383675,6,,40,10.793262,0,0.6887126
21.869485591889752,87.96752419740415,1984.210510383675,8,,10,10.519014,0,0.59229374
21.869485591889752,87.97650735024534,1984.210510383675,7,,10,12.269017,0,2.1546702
21.869485591889752,88.12023779570447,1977.3864788281694,0,,80,9.037023,0,7.9061546
21.869485591889752,88.12922094854567,1977.3864788281694,4,,40,9.137754,0,4.88342
21.869485591889752,88.13820410138686,1977.3864788281694,4,,40,9.444,0,3.9475608
21.869485591889752,88.17413671275163,2004.4083095453852,5,,10,18.109007,0,5.011154
21.869485591889752,88.18311986559283,2004.4083095453852,7,,50,24.043886,3570,2.1269197
21.869485591889752,88.19210301843403,2004.4083095453852,6,,10,16.286852,2122,1.5532494
21.869485591889752,88.20108617127522,1963.5993835613845,6,,10,9.956963,449,1.9975204
21.869485591889752,88.21006932411642,1963.5993835613845,4,,40,7.4660664,0,2.680895
21.869485591889752,88.21905247695761,1963.5993835613845,4,,40,7.475605,0,2.4952016
21.869485591889752,88.22803562979881,1963.5993835613845,5,,40,7.1007237,0,2.1511512
21.869485591889752,88.23701878264,1963.5993835613845,6,,40,6.8377233,0,2.2207851
21.869485591889752,88.2460019354812,1963.5993835613845,6,,10,7.3694305,0,2.312275
21.869485591889752,88.2549850883224,1953.4400526927568,5,,10,7.552471,0,3.534748
21.869485591889752,88.26396824116358,1953.4400526927568,6,,40,6.827286,0,2.5673885
21.869485591889752,88.27295139400478,1953.4400526927568,6,,40,5.590096,0,2.315947
21.869485591889752,88.28193454684597,1953.4400526927568,5,,40,5.4528766,0,2.599228
21.869485591889752,88.29091769968717,1953.4400526927568,6,,10,5.331443,0,2.080184
21.869485591889752,88.29990085252837,1953.4400526927568,5,,40,5.849455,0,2.5172935
21.87846874473095,87.500400249662,1948.8344145420656,10,,10,7.770304,0,0.0
21.87846874473095,87.50938340250319,1948.8344145420656,10,,40,7.903896,0,0.0
21.87846874473095,87.51836655534439,1948.8344145420656,7,,40,7.824107,0,0.0
21.87846874473095,87.52734970818558,1948.8344145420656,7,,40,13.017462,0,0.0
21.87846874473095,87.53633286102678,1948.8344145420656,8,,40,18.997295,0,0.0
21.87846874473095,87.54531601386797,1948.8344145420656,8,,40,15.859768,0,0.0
21.87846874473095,87.55429916670917,1959.4249966681928,7,,40,12.917923,0,0.0
21.87846874473095,87.56328231955037,1959.4249966681928,8,,40,11.373455,0,0.0
21.87846874473095,87.57226547239156,1959.4249966681928,9,,10,8.765151,0,0.0
21.87846874473095,87.58124862523275,1959.4249966681928,7,,10,7.821972,0,0.0
21.87846874473095,87.59023177807394,1959.4249966681928,8,,10,8.174966,0,0.0
21.87846874473095,87.59921493091514,1959.4249966681928,5,,40,5.8540635,0,0.0
21.87846874473095,87.60819808375633,1996.3190210543971,5,,40,5.9833493,0,0.0
21.87846874473095,87.61718123659753,1996.3190210543971,4,,40,5.9023967,0,0.0
21.87846874473095,87.62616438943873,1996.3190210543971,5,,40,5.609175,0,0.0
21.87846874473095,87.63514754227992,1996.3190210543971,5,,10,5.574714,0,0.0
21.87846874473095,87.64413069512112,1996.3190210543971,5,,40,5.509363,0,0.0
21.87846874473095,87.65311384796232,2043.388184156186,4,,40,5.350562,0,0.0
21.87846874473095,87.66209700080351,2043.388184156186,5,,40,5.261119,0,0.0
21.87846874473095,87.67108015364471,2043.388184156186,5,,40,5.3771973,0,0.0
21.87846874473095,87.6800633064859,2043.388184156186,6,,10,6.7704954,0,0.0
21.87846874473095,87.68904645932709,2043.388184156186,6,,10,6.8217883,0,0.0
21.87846874473095,87.69802961216828,2043.388184156186,6,,40,6.8664813,0,0.0
21.87846874473095,87.70701276500948,2026.7125494269494,5,,40,6.9817696,0,0.0
21.87846874473095,87.71599591785068,2026.7125494269494,5,,40,6.6837354,0,0.0
21.87846874473095,87.72497907069187,2026.7125494269494,5,,40,6.652095,0,0.0
21.87846874473095,87.73396222353307,2026.7125494269494,6,,10,7.0309744,0,0.0
21.87846874473095,87.74294537637427,2026.7125494269494,5,,40,5.8369045,0,0.0
21.87846874473095,87.75192852921546,1937.5913918228869,5,,40,6.346388,0,0.0
21.87846874473095,87.76091168205666,1937.5913918228869,6,,40,6.814062,0,0.0
21.87846874473095,87.76989483489785,1937.5913918228869,5,,40,6.1370344,0,0.0
21.87846874473095,87.77887798773905,1937.5913918228869,6,,40,5.563754,0,0.36886644
21.87846874473095,87.78786114058025,1937.5913918228869,6,,40,5.5257187,0,0.5581932
21.87846874473095,87.79684429342144,1937.5913918228869,5,,10,5.359916,0,0.6752286
21.87846874473095,87.80582744626263,1972.6790946971973,5,,40,5.2231035,0,1.0468988
21.87846874473095,87.81481059910382,1972.6790946971973,6,,40,5.1620297,0,1.0813026
21.87846874473095,87.82379375194502,1972.6790946971973,6,,10,5.193096,0,1.2610435
21.87846874473095,87.83277690478621,1972.6790946971973,6,,40,5.3992186,0,1.4610834
21.87846874473095,87.84176005762741,1972.6790946971973,5,,10,5.408692,0,2.0011277
21.87846874473095,87.85074321046861,1972.4440989942932,6,,10,5.4171133,0,1.964778
21.87846874473095,87.8597263633098,1972.4440989942932,6,,40,9.480495,0,2.3069358
21.87846874473095,87.868709516151,1972.4440989942932,6,,40,8.1892605,0,2.2215967
21.87846874473095,87.8776926689922,1972.4440989942932,6,,40,8.454811,2,1.8697996
21.87846874473095,87.88667582183339,1972.4440989942932,6,,40,7.876261,0,1.9958773
21.87846874473095,87.89565897467459,1972.4440989942932,6,,40,7.8536983,0,1.8054338
21.87846874473095,87.90464212751579,2025.475146236086,5,,40,7.801666,0,1.7464743
21.87846874473095,87.91362528035698,2025.475146236086,5,,40,8.084714,0,1.3151712
21.87846874473095,87.92260843319816,2025.475146236086,6,,40,9.027856,0,0.53605556
21.87846874473095,87.93159158603936,2025.475146236086,5,,40,10.630964,0,0.378644
21.87846874473095,87.94057473888056,2025.475146236086,5,,40,12.272038,0,0.70841503
21.87846874473095,87.94955789172175,2025.475146236086,5,,40,11.10683,0,1.6753435
21.87846874473095,87.95854104456295,1984.210510383675,5,,40,11.431105,0,2.129887
21.87846874473095,87.96752419740415,1984.210510383675,6,,40,11.100264,0,2.2368932
21.87846874473095,87.97650735024534,1984.210510383675,6,,40,17.747719,0,2.2094874
21.87846874473095,87.98549050308654,1984.210510383675,4,,80,23.946865,0,4.592639
21.87846874473095,88.13820410138686,1977.3864788281694,0,,80,7.311092,0,7.561076
21.87846874473095,88.16515355991044,2004.4083095453852,2,,80,13.6077,0,7.39967
21.87846874473095,88.17413671275163,2004.4083095453852,6,,40,11.48832,111,3.736066
21.87846874473095,88.18311986559283,2004.4083095453852,6,,10,14.829103,0,2.1549401
21.87846874473095,88.19210301843403,2004.4083095453852,7,,10,9.6824665,25,1.3108492
21.87846874473095,88.20108617127522,1963.5993835613845,5,,40,7.6864076,1,1.876647
21.87846874473095,88.21006932411642,1963.5993835613845,5,,10,7.861598,502,2.0477915
21.87846874473095,88.21905247695761,1963.5993835613845,6,,10,7.6077094,0,1.8939476
21.87846874473095,88.22803562979881,1963.5993835613845,6,,10,7.2208185,0,2.008459
21.87846874473095,88.23701878264,1963.5993835613845,6,,10,7.263635,0,2.106557
21.87846874473095,88.2460019354812,1963.5993835613845,6,,40,6.601606,0,2.4612732
21.87846874473095,88.2549850883224,1953.4400526927568,6,,40,6.814062,0,2.5641127
21.87846874473095,88.26396824116358,1953.4400526927568,4,,80,6.983733,0,3.9992795
21.87846874473095,88.27295139400478,1953.4400526927568,5,,40,5.6024647,0,2.8901613
21.87846874473095,88.28193454684597,1953.4400526927568,5,,40,5.3990893,0,2.4684553
21.87846874473095,88.29091769968717,1953.4400526927568,5,,40,5.317456,0,2.093172
21.87846874473095,88.29990085252837,1953.4400526927568,5,,40,6.143819,0,2.311348
21.88745189757214,87.500400249662,1948.8344145420656,9,,40,6.088696,0,0.0
21.88745189757214,87.50938340250319,1948.8344145420656,9,,40,6.597908,0,0.0
21.88745189757214,87.51836655534439,1948.8344145420656,8,,40,7.927395,0,0.0
21.88745189757214,87.52734970818558,1948.8344145420656,9,,10,11.812899,468,0.0
21.88745189757214,87.53633286102678,1948.8344145420656,11,,10,18.657742,861,0.0
21.88745189757214,87.54531601386797,1948.8344145420656,9,,40,19.541582,0,0.0
21.88745189757214,87.55429916670917,1959.4249966681928,7,,40,13.6690035,0,0.0
21.88745189757214,87.56328231955037,1959.4249966681928,7,,10,10.0040655,0,0.0
21.88745189757214,87.57226547239156,1959.4249966681928,7,,10,7.226556,0,0.0
21.88745189757214,87.58124862523275,1959.4249966681928,5,,40,6.742187,0,0.0
21.88745189757214,87.59023177807394,1959.4249966681928,5,,40,7.109758,0,0.0
21.88745189757214,87.59921493091514,1959.4249966681928,5,,40,5.881877,0,0.0
21.88745189757214,87.60819808375633,1996.3190210543971,4,,40,5.678177,0,0.0
21.88745189757214,87.61718123659753,1996.3190210543971,4,,40,5.814881,0,0.0
21.88745189757214,87.62616438943873,1996.3190210543971,5,,10,5.5358353,0,0.0
21.88745189757214,87.63514754227992,1996.3190210543971,4,,10,5.5221844,0,0.0
21.88745189757214,87.64413069512112,1996.3190210543971,5,,40,5.54178,0,0.0
21.88745189757214,87.65311384796232,2043.388184156186,4,,40,5.1639233,0,0.0
21.88745189757214,87.66209700080351,2043.388184156186,4,,40,5.5202513,0,0.0
21.88745189757214,87.67108015364471,2043.388184156186,5,,40,5.7223625,0,0.0
21.88745189757214,87.6800633064859,2043.388184156186,5,,40,6.885475,0,0.0
21.88745189757214,87.68904645932709,2043.388184156186,5,,40,6.656397,0,0.0
21.88745189757214,87.69802961216828,2043.388184156186,6,,40,6.589018,0,0.0
21.88745189757214,87.70701276500948,2026.7125494269494,6,,10,7.244336,0,0.0
21.88745189757214,87.71599591785068,2026.7125494269494,6,,40,6.661473,0,0.0
21.88745189757214,87.72497907069187,2026.7125494269494,4,,40,6.7370486,0,0.0
21.88745189757214,87.73396222353307,2026.7125494269494,5,,40,6.6090126,0,0.0
21.88745189757214,87.74294537637427,2026.7125494269494,5,,40,5.480658,0,0.0
21.88745189757214,87.75192852921546,1937.5913918228869,6,,10,5.634547,0,0.024469376
21.88745189757214,87.76091168205666,1937.5913918228869,6,,10,9.478144,0,0.1326971
21.88745189757214,87.76989483489785,1937.5913918228869,6,,40,5.9454675,0,0.28037357
21.88745189757214,87.77887798773905,1937.5913918228869,6,,40,5.5174713,5,0.48468208
21.88745189757214,87.78786114058025,1937.5913918228869,5,,40,5.5621433,0,0.8108969
21.88745189757214,87.79684429342144,1937.5913918228869,5,,40,5.4706244,0,0.9937334
21.88745189757214,87.80582744626263,1972.6790946971973,5,,40,5.3094993,0,1.628274
21.88745189757214,87.81481059910382,1972.6790946971973,5,,40,5.325461,0,1.6422834
21.88745189757214,87.82379375194502,1972.6790946971973,5,,40,5.362172,0,1.9303637
21.88745189757214,87.83277690478621,1972.6790946971973,5,,40,5.559161,0,2.2361984
21.88745189757214,87.84176005762741,1972.6790946971973,6,,40,5.691372,0,2.4457636
21.88745189757214,87.85074321046861,1972.4440989942932,5,,40,7.5340943,0,2.50592
21.88745189757214,87.8597263633098,1972.4440989942932,5,,60,8.923156,0,2.5352168
21.88745189757214,87.868709516151,1972.4440989942932,5,,40,7.666256,0,2.38629
21.88745189757214,87.8776926689922,1972.4440989942932,6,,10,7.6215806,0,1.9350772
21.88745189757214,87.88667582183339,1972.4440989942932,6,,40,7.4186525,0,1.5620804
21.88745189757214,87.89565897467459,1972.4440989942932,6,,10,7.6475844,0,1.349082
21.88745189757214,87.90464212751579,2025.475146236086,5,,40,8.57756,0,1.0352907
21.88745189757214,87.91362528035698,2025.475146236086,6,,40,8.1665745,0,0.8613434
21.88745189757214,87.92260843319816,2025.475146236086,5,,40,8.291727,0,0.16911507
21.88745189757214,87.93159158603936,2025.475146236086,6,,40,9.791693,0,0.0
21.88745189757214,87.94057473888056,2025.475146236086,6,,10,10.666387,0,0.057688236
21.88745189757214,87.94955789172175,2025.475146236086,7,,40,10.328621,0,0.6144686
21.88745189757214,87.95854104456295,1984.210510383675,5,,40,10.989049,0,1.959238
21.88745189757214,87.96752419740415,1984.210510383675,6,,40,11.389195,0,1.799829
21.88745189757214,87.97650735024534,1984.210510383675,7,,10,22.188019,0,2.0744796
21.88745189757214,87.98549050308654,1984.210510383675,6,,60,23.981728,0,2.7425613
21.88745189757214,87.99447365592773,1984.210510383675,2,,80,21.715359,0,6.616545
21.88745189757214,88.16515355991044,2004.4083095453852,2,,80,14.671004,0,7.4029512
21.88745189757214,88.17413671275163,2004.4083095453852,5,,40,10.641677,0,3.159962
21.88745189757214,88.18311986559283,2004.4083095453852,5,,10,10.168024,0,3.079011
21.88745189757214,88.19210301843403,2004.4083095453852,7,,10,11.291447,1064,1.7257257
21.88745189757214,88.20108617127522,1963.5993835613845,5,,40,8.469758,0,2.317091
21.88745189757214,88.21006932411642,1963.5993835613845,5,,40,8.08996,0,1.7153654
21.88745189757214,88.21905247695761,1963.5993835613845,6,,40,6.60717,0,1.7171717
21.88745189757214,88.22803562979881,1963.5993835613845,6,,40,6.597079,0,2.175231
21.88745189757214,88.23701878264,1963.5993835613845,5,,10,6.8088274,0,2.181211
21.88745189757214,88.2460019354812,1963.5993835613845,6,,40,5.7775784,0,1.8744001
21.88745189757214,88.2549850883224,1953.4400526927568,6,,10,5.8058333,0,2.3644013
21.88745189757214,88.26396824116358,1953.4400526927568,6,,10,6.8428774,0,2.609326
21.88745189757214,88.27295139400478,1953.4400526927568,5,,10,6.592114,0,3.4997482
21.88745189757214,88.28193454684597,1953.4400526927568,6,,40,5.4983926,208,2.7810905
21.88745189757214,88.29091769968717,1953.4400526927568,6,,40,5.4077053,0,2.0103521
21.88745189757214,88.29990085252837,1953.4400526927568,6,,10,6.4157386,0,1.8500986
21.896435050413338,87.500400249662,1948.8344145420656,10,,40,6.8748045,0,0.0
21.896435050413338,87.50938340250319,1948.8344145420656,9,,40,7.644117,0,0.0
21.896435050413338,87.51836655534439,1948.8344145420656,8,,40,8.645696,0,0.0
21.896435050413338,87.52734970818558,1948.8344145420656,8,,40,15.450105,0,0.0
21.896435050413338,87.53633286102678,1948.8344145420656,12,,10,23.67182,299,0.0
21.896435050413338,87.54531601386797,1948.8344145420656,10,,10,23.228674,973,0.0
21.896435050413338,87.55429916670917,1959.4249966681928,7,,40,11.491578,0,0.0
21.896435050413338,87.56328231955037,1959.4249966681928,6,,40,9.364857,0,0.0
21.896435050413338,87.57226547239156,1959.4249966681928,5,,40,7.100709,0,0.0
21.896435050413338,87.58124862523275,1959.4249966681928,8,,10,6.8829346,0,0.0
21.896435050413338,87.59023177807394,1959.4249966681928,5,,40,7.7857437,0,0.0
21.896435050413338,87.59921493091514,1959.4249966681928,5,,40,5.904606,0,0.0
21.896435050413338,87.60819808375633,1996.3190210543971,4,,40,5.505375,0,0.0
21.896435050413338,87.61718123659753,1996.3190210543971,4,,40,5.429655,0,0.0
21.896435050413338,87.62616438943873,1996.3190210543971,4,,40,5.8185825,0,0.0
21.896435050413338,87.63514754227992,1996.3190210543971,4,,40,5.846958,0,0.0
21.896435050413338,87.64413069512112,1996.3190210543971,4,,40,6.729434,0,0.0
21.896435050413338,87.65311384796232,2043.388184156186,3,,40,8.522524,0,0.0
21.896435050413338,87.66209700080351,2043.388184156186,5,,40,7.257893,0,0.0
21.896435050413338,87.67108015364471,2043.388184156186,4,,40,7.184543,0,0.0
21.896435050413338,87.6800633064859,2043.388184156186,4,,40,7.237525,0,0.0
21.896435050413338,87.68904645932709,2043.388184156186,4,,40,7.115504,0,0.0
21.896435050413338,87.69802961216828,2043.388184156186,5,,40,6.684964,0,0.0
21.896435050413338,87.70701276500948,2026.7125494269494,6,,10,6.969618,0,0.0
21.896435050413338,87.71599591785068,2026.7125494269494,6,,10,7.4810734,0,0.0
21.896435050413338,87.72497907069187,2026.7125494269494,5,,40,7.0845866,0,0.0
21.896435050413338,87.73396222353307,2026.7125494269494,5,,40,6.040615,0,0.0
21.896435050413338,87.74294537637427,2026.7125494269494,5,,40,5.463116,0,0.1554327
21.896435050413338,87.75192852921546,1937.5913918228869,5,,40,5.5943575,0,0.69880915
21.896435050413338,87.76091168205666,1937.5913918228869,5,,40,7.9758315,0,1.0235138
21.896435050413338,87.76989483489785,1937.5913918228869,6,,40,9.222083,0,0.9621272
21.896435050413338,87.77887798773905,1937.5913918228869,5,,40,5.64406,0,0.8489351
21.896435050413338,87.78786114058025,1937.5913918228869,5,,40,5.6148267,0,1.0778923
21.896435050413338,87.79684429342144,1937.5913918228869,5,,40,5.705754,0,1.4314251
21.896435050413338,87.80582744626263,1972.6790946971973,5,,40,5.7534447,0,1.8619132
21.896435050413338,87.81481059910382,1972.6790946971973,5,,60,5.639964,0,2.244193
21.896435050413338,87.82379375194502,1972.6790946971973,6,,40,5.7389197,0,2.5340548
21.896435050413338,87.83277690478621,1972.6790946971973,5,,40,7.8207536,0,2.37708
21.896435050413338,87.84176005762741,1972.6790946971973,6,,40,12.692718,0,2.2087355
21.896435050413338,87.85074321046861,1972.4440989942932,6,,40,12.373661,0,2.3541865
21.896435050413338,87.8597263633098,1972.4440989942932,6,,40,10.394492,0,2.5469213
21.896435050413338,87.868709516151,1972.4440989942932,5,,40,7.979044,0,2.730504
21.896435050413338,87.8776926689922,1972.4440989942932,5,,40,6.93269,0,2.0703187
21.896435050413338,87.88667582183339,1972.4440989942932,6,,40,8.596182,0,1.0406027
21.896435050413338,87.89565897467459,1972.4440989942932,5,,40,7.6907897,0,1.0644426
21.896435050413338,87.90464212751579,2025.475146236086,6,,40,7.5224633,0,0.84331894
21.896435050413338,87.91362528035698,2025.475146236086,4,,40,7.790593,0,0.7218838
21.896435050413338,87.92260843319816,2025.475146236086,5,,40,8.475002,0,0.46708965
21.896435050413338,87.93159158603936,2025.475146236086,6,,40,8.928019,0,0.0
21.896435050413338,87.94057473888056,2025.475146236086,5,,40,7.946062,0,0.25880814
21.896435050413338,87.94955789172175,2025.475146236086,6,,40,9.111936,0,1.1232901
21.896435050413338,87.95854104456295,1984.210510383675,7,,10,10.547281,0,1.1493912
21.896435050413338,87.96752419740415,1984.210510383675,6,,40,11.251242,0,1.7198105
21.896435050413338,87.97650735024534,1984.210510383675,6,,40,22.122719,0,2.0626206
21.896435050413338,87.98549050308654,1984.210510383675,6,,40,24.086687,0,2.5510616
21.896435050413338,87.99447365592773,1984.210510383675,5,,40,21.96123,0,3.8550606
21.896435050413338,88.17413671275163,2004.4083095453852,5,,40,12.285351,0,4.2813888
21.896435050413338,88.18311986559283,2004.4083095453852,5,,40,12.011855,20,3.0253587
21.896435050413338,88.19210301843403,2004.4083095453852,6,,40,11.846918,0,1.7109575
21.896435050413338,88.20108617127522,1963.5993835613845,6,,40,8.073767,0,1.542882
21.896435050413338,88.21006932411642,1963.5993835613845,6,,40,7.5199995,0,0.9892216
21.896435050413338,88.21905247695761,1963.5993835613845,6,,40,6.169644,0,1.622437
21.896435050413338,88.22803562979881,1963.5993835613845,6,,40,6.2019124,0,1.6148028
21.896435050413338,88.23701878264,1963.5993835613845,6,,10,6.7938657,0,1.7912407
21.896435050413338,88.2460019354812,1963.5993835613845,6,,40,5.913831,0,1.7159042
21.896435050413338,88.2549850883224,1953.4400526927568,6,,40,5.7107673,0,2.277872
21.896435050413338,88.26396824116358,1953.4400526927568,7,,40,5.4190884,0,2.3272228
21.896435050413338,88.27295139400478,1953.4400526927568,5,,10,6.8282647,0,2.5425515
21.896435050413338,88.28193454684597,1953.4400526927568,6,,40,6.0005727,0,2.6858094
21.896435050413338,88.29091769968717,1953.4400526927568,6,,40,5.854249,15,2.0290508
21.896435050413338,88.29990085252837,1953.4400526927568,6,,40,6.3360567,0,1.7570515
21.905418203254534,87.500400249662,1957.977090323061,9,,40,6.944104,0,0.0
21.905418203254534,87.50938340250319,1957.977090323061,9,,40,6.88562,0,0.0
21.905418203254534,87.51836655534439,1957.977090323061,10,,10,9.014739,0,0.0
21.905418203254534,87.52734970818558,1957.977090323061,8,,40,18.59184,0,0.0
21.905418203254534,87.53633286102678,1957.977090323061,10,,10,23.002008,1789,0.0
21.905418203254534,87.54531601386797,1957.977090323061,10,,10,21.929176,0,0.0
21.905418203254534,87.55429916670917,1961.0981177421409,8,,40,10.282536,0,0.0
21.905418203254534,87.56328231955037,1961.0981177421409,6,,40,9.178204,0,0.0
21.905418203254534,87.57226547239156,1961.0981177421409,6,,40,7.0603404,0,0.0
21.905418203254534,87.58124862523275,1961.0981177421409,7,,10,6.9710784,0,0.0
21.905418203254534,87.59023177807394,1961.0981177421409,5,,40,7.4845586,0,0.0
21.905418203254534,87.59921493091514,1961.0981177421409,5,,10,5.804848,0,0.0
21.905418203254534,87.60819808375633,1953.7021125065303,4,,40,6.3003173,0,0.0
21.905418203254534,87.61718123659753,1953.7021125065303,3,,40,6.684451,0,0.0
21.905418203254534,87.62616438943873,1953.7021125065303,4,,40,7.632408,0,0.0
21.905418203254534,87.63514754227992,1953.7021125065303,5,,40,8.750898,0,0.0
21.905418203254534,87.64413069512112,1953.7021125065303,4,,40,8.820603,0,0.0
21.905418203254534,87.65311384796232,2015.867776805223,4,,40,8.845321,0,0.0
21.905418203254534,87.66209700080351,2015.867776805223,4,,40,7.9842033,0,0.0
21.905418203254534,87.67108015364471,2015.867776805223,4,,40,7.7848787,0,0.0
21.905418203254534,87.6800633064859,2015.867776805223,5,,40,7.6572227,0,0.0
21.905418203254534,87.68904645932709,2015.867776805223,6,,40,7.802324,0,0.0
21.905418203254534,87.69802961216828,2015.867776805223,5,,40,7.251199,0,0.0
21.905418203254534,87.70701276500948,2009.8536020462443,5,,40,6.9629493,0,0.0
21.905418203254534,87.71599591785068,2009.8536020462443,6,,40,7.1359935,0,0.0
21.905418203254534,87.72497907069187,2009.8536020462443,6,,10,7.7044926,3,0.0
21.905418203254534,87.73396222353307,2009.8536020462443,5,,40,5.982729,0,0.0
21.905418203254534,87.74294537637427,2009.8536020462443,5,,40,5.718304,0,0.28991175
21.905418203254534,87.75192852921546,1905.2572903045755,6,,40,6.2980294,0,0.70610046
21.905418203254534,87.76091168205666,1905.2572903045755,6,,60,7.245598,0,0.98416424
21.905418203254534,87.76989483489785,1905.2572903045755,5,,40,10.928996,0,1.2223063
21.905418203254534,87.77887798773905,1905.2572903045755,5,,40,9.52636,0,1.7468491
21.905418203254534,87.78786114058025,1905.2572903045755,5,,40,7.9087687,122,1.6186771
21.905418203254534,87.79684429342144,1905.2572903045755,5,,40,6.177437,0,1.8980908
21.905418203254534,87.80582744626263,1953.2194599820705,6,,40,6.0254607,0,2.07928
21.905418203254534,87.81481059910382,1953.2194599820705,6,,80,6.7019324,0,2.0222168
21.905418203254534,87.82379375194502,1953.2194599820705,6,,80,10.4568,0,2.503624
21.905418203254534,87.83277690478621,1953.2194599820705,6,,40,13.364007,0,2.250599
21.905418203254534,87.84176005762741,1953.2194599820705,6,,40,13.464441,0,2.3734117
21.905418203254534,87.85074321046861,1952.5099906320752,6,,40,12.143494,0,2.0903478
21.905418203254534,87.8597263633098,1952.5099906320752,6,,40,10.583614,0,2.0346327
21.905418203254534,87.868709516151,1952.5099906320752,5,,40,10.367857,0,2.2045436
21.905418203254534,87.8776926689922,1952.5099906320752,6,,10,10.103103,0,1.4017892
21.905418203254534,87.88667582183339,1952.5099906320752,6,,40,8.478532,1184,0.898335
21.905418203254534,87.89565897467459,1952.5099906320752,5,,40,7.3523164,0,0.9575367
21.905418203254534,87.90464212751579,1943.3964853680945,6,,40,6.807495,0,0.8580723
21.905418203254534,87.91362528035698,1943.3964853680945,5,,40,7.2097626,0,0.60390186
21.905418203254534,87.92260843319816,1943.3964853680945,6,,40,8.133056,0,0.087790966
21.905418203254534,87.93159158603936,1943.3964853680945,6,,40,8.875177,0,0.0
21.905418203254534,87.94057473888056,1943.3964853680945,5,,40,7.1339893,0,0.5258379
21.905418203254534,87.94955789172175,1943.3964853680945,6,,40,8.643768,0,1.1871829
21.905418203254534,87.95854104456295,1970.6971955056927,7,,10,10.577891,0,0.92633057
21.905418203254534,87.96752419740415,1970.6971955056927,6,,10,13.503269,0,1.5743847
21.905418203254534,87.97650735024534,1970.6971955056927,7,,10,25.607655,0,1.8965893
21.905418203254534,87.98549050308654,1970.6971955056927,7,,10,25.790995,0,2.1171532
21.905418203254534,87.99447365592773,1970.6971955056927,6,,40,26.069643,0,2.0758963
21.905418203254534,88.00345680876893,1861.0526348419198,3,,80,25.322653,0,6.1522484
21.905418203254534,88.12023779570447,1945.6764373674746,1,,80,6.6029468,0,5.3437853
21.905418203254534,88.12922094854567,1945.6764373674746,7,,10,6.741552,0,0.0
21.905418203254534,88.13820410138686,1945.6764373674746,4,,40,6.6872573,0,3.337926
21.905418203254534,88.17413671275163,1915.895936616899,4,,80,11.436264,0,5.8383417
21.905418203254534,88.18311986559283,1915.895936616899,6,,40,13.169372,0,2.8534117
21.905418203254534,88.19210301843403,1915.895936616899,6,,40,8.895188,1095,1.5528393
21.905418203254534,88.20108617127522,1968.7843458637137,6,,40,7.6817417,0,1.8215847
21.905418203254534,88.21006932411642,1968.7843458637137,5,,40,7.5304375,0,1.4899392
21.905418203254534,88.21905247695761,1968.7843458637137,5,,40,6.177128,0,1.2123384
21.905418203254534,88.22803562979881,1968.7843458637137,5,,40,6.6365914,0,1.216733
21.905418203254534,88.23701878264,1968.7843458637137,6,,40,6.5079727,0,1.4794207
21.905418203254534,88.2460019354812,1968.7843458637137,5,,40,5.84556,0,1.557344
21.905418203254534,88.2549850883224,1916.1313043583991,6,,40,5.6307764,0,1.8954077
21.905418203254534,88.26396824116358,1916.1313043583991,7,,10,5.3394647,0,1.8377681
21.905418203254534,88.27295139400478,1916.1313043583991,5,,10,6.6961393,0,2.654339
21.905418203254534,88.28193454684597,1916.1313043583991,6,,40,6.742536,0,2.3762212
21.905418203254534,88.29091769968717,1916.1313043583991,6,,40,6.7452183,0,2.5316992
21.905418203254534,88.29990085252837,1916.1313043583991,6,,10,6.3306,0,1.6426668
21.914401356095727,87.500400249662,1957.977090323061,9,,40,7.5779915,0,0.0
21.914401356095727,87.50938340250319,1957.977090323061,9,,40,9.677346,0,0.0
21.914401356095727,87.51836655534439,1957.977090323061,12,,10,12.279797,0,0.0
21.914401356095727,87.52734970818558,1957.977090323061,9,,40,17.902187,0,0.0
21.914401356095727,87.53633286102678,1957.977090323061,9,,10,20.766422,0,0.0
21.914401356095727,87.54531601386797,1957.977090323061,8,,40,16.956089,0,0.0
21.914401356095727,87.55429916670917,1961.0981177421409,7,,40,9.210812,0,0.0
21.914401356095727,87.56328231955037,1961.0981177421409,6,,40,8.275929,0,0.0
21.914401356095727,87.57226547239156,1961.0981177421409,7,,10,6.585052,0,0.0
21.914401356095727,87.58124862523275,1961.0981177421409,8,,10,6.599169,0,0.0
21.914401356095727,87.59023177807394,1961.0981177421409,5,,40,6.3997183,0,0.0
21.914401356095727,87.59921493091514,1961.0981177421409,5,,10,7.49695,0,0.0
21.914401356095727,87.60819808375633,1953.7021125065303,5,,40,8.269703,0,0.0
21.914401356095727,87.61718123659753,1953.7021125065303,4,,40,8.642661,0,0.0
21.914401356095727,87.62616438943873,1953.7021125065303,5,,10,8.675672,0,0.0
21.914401356095727,87.63514754227992,1953.7021125065303,5,,10,9.121902,0,0.0
21.914401356095727,87.64413069512112,1953.7021125065303,4,,10,8.921558,0,0.0
21.914401356095727,87.65311384796232,2015.867776805223,4,,40,8.993036,0,0.0
21.914401356095727,87.66209700080351,2015.867776805223,5,,40,8.911564,0,0.0
21.914401356095727,87.67108015364471,2015.867776805223,4,,40,7.6499214,0,0.0
21.914401356095727,87.6800633064859,2015.867776805223,5,,10,7.3567553,0,0.0
21.914401356095727,87.68904645932709,2015.867776805223,6,,10,7.587203,0,0.0
21.914401356095727,87.69802961216828,2015.867776805223,5,,40,7.530508,0,0.0
21.914401356095727,87.70701276500948,2009.8536020462443,6,,40,6.9888234,0,0.0
21.914401356095727,87.71599591785068,2009.8536020462443,6,,10,7.1706204,0,0.0
21.914401356095727,87.72497907069187,2009.8536020462443,6,,10,7.7171817,0,0.0
21.914401356095727,87.73396222353307,2009.8536020462443,6,,40,7.354022,0,0.0
21.914401356095727,87.74294537637427,2009.8536020462443,6,,40,7.2021036,0,0.0
21.914401356095727,87.75192852921546,1905.2572903045755,6,,40,7.337341,0,0.32668018
21.914401356095727,87.76091168205666,1905.2572903045755,6,,40,7.384967,0,0.87645054
21.914401356095727,87.76989483489785,1905.2572903045755,6,,40,8.411413,0,1.2150493
21.914401356095727,87.77887798773905,1905.2572903045755,6,,10,7.2790246,23,1.4877439
21.914401356095727,87.78786114058025,1905.2572903045755,5,,10,6.935728,76,1.8747363
21.914401356095727,87.79684429342144,1905.2572903045755,6,,40,5.8159866,0,2.0031948
21.914401356095727,87.80582744626263,1953.2194599820705,6,,40,6.4532557,0,2.049388
21.914401356095727,87.81481059910382,1953.2194599820705,6,,40,9.015648,0,2.3768754
21.914401356095727,87.82379375194502,1953.2194599820705,5,,40,13.256982,0,2.517446
21.914401356095727,87.83277690478621,1953.2194599820705,6,,80,13.230285,0,2.8254514
21.914401356095727,87.84176005762741,1953.2194599820705,6,,60,12.906973,0,2.2467713
21.914401356095727,87.85074321046861,1952.5099906320752,6,,40,12.777907,0,1.9563756
21.914401356095727,87.8597263633098,1952.5099906320752,6,,40,10.978636,0,1.3033719
21.914401356095727,87.868709516151,1952.5099906320752,6,,40,10.740363,0,1.3796105
21.914401356095727,87.8776926689922,1952.5099906320752,6,,40,11.576921,0,0.9903774
21.914401356095727,87.88667582183339,1952.5099906320752,5,,40,9.247967,0,0.9339514
21.914401356095727,87.89565897467459,1952.5099906320752,6,,40,7.5171204,0,0.48558712
21.914401356095727,87.90464212751579,1943.3964853680945,7,,40,7.847639,0,0.0
21.914401356095727,87.91362528035698,1943.3964853680945,6,,10,7.4560046,0,0.0
21.914401356095727,87.92260843319816,1943.3964853680945,6,,40,7.63815,0,0.090595245
21.914401356095727,87.93159158603936,1943.3964853680945,7,,40,8.55635,0,0.0
21.914401356095727,87.94057473888056,1943.3964853680945,7,,10,8.139538,0,0.0
21.914401356095727,87.94955789172175,1943.3964853680945,6,,40,8.680649,0,0.13129997
21.914401356095727,87.95854104456295,1970.6971955056927,7,,40,10.37235,0,0.6029773
21.914401356095727,87.96752419740415,1970.6971955056927,6,,10,19.56793,0,0.9274354
21.914401356095727,87.97650735024534,1970.6971955056927,6,,40,26.039497,0,1.6865807
21.914401356095727,87.98549050308654,1970.6971955056927,6,,40,22.743658,0,2.0876317
21.914401356095727,87.99447365592773,1970.6971955056927,6,,10,23.624866,0,2.6314645
21.914401356095727,88.00345680876893,1861.0526348419198,6,,40,24.280928,0,2.706545
21.914401356095727,88.0483725729749,1861.0526348419198,4,,80,17.37284,0,6.7711544
21.914401356095727,88.0573557258161,1948.4100584370165,4,,80,17.423653,0,5.17717
21.914401356095727,88.12023779570447,1945.6764373674746,5,,80,6.8323083,0,1.5615978
21.914401356095727,88.12922094854567,1945.6764373674746,7,,40,6.2647486,401,0.0
21.914401356095727,88.13820410138686,1945.6764373674746,7,,10,6.350559,0,0.0
21.914401356095727,88.17413671275163,1915.895936616899,2,,80,10.195525,0,7.5483418
21.914401356095727,88.18311986559283,1915.895936616899,7,,40,13.711403,1,2.0471048
21.914401356095727,88.19210301843403,1915.895936616899,6,,10,9.493181,0,1.5859847
21.914401356095727,88.20108617127522,1968.7843458637137,6,,10,7.901807,0,0.98637104
21.914401356095727,88.21006932411642,1968.7843458637137,5,,40,7.6691685,0,1.2818346
21.914401356095727,88.21905247695761,1968.7843458637137,5,,40,7.016872,0,0.7419081
21.914401356095727,88.22803562979881,1968.7843458637137,6,,40,6.6731834,0,0.847208
21.914401356095727,88.23701878264,1968.7843458637137,6,,40,6.4188657,62,1.2195568
21.914401356095727,88.2460019354812,1968.7843458637137,6,,10,5.8311763,0,1.4485459
21.914401356095727,88.2549850883224,1916.1313043583991,5,,40,5.390491,0,2.1930037
21.914401356095727,88.26396824116358,1916.1313043583991,6,,40,5.5921516,0,2.6105866
21.914401356095727,88.27295139400478,1916.1313043583991,6,,40,6.945957,0,3.0800421
21.914401356095727,88.28193454684597,1916.1313043583991,6,,40,6.7201514,0,2.471696
21.914401356095727,88.29091769968717,1916.1313043583991,6,,40,6.2838483,0,2.219222
21.914401356095727,88.29990085252837,1916.1313043583991,6,,40,6.2031035,0,1.3628473
21.923384508936923,87.500400249662,1957.977090323061,11,,40,9.062531,0,0.0
21.923384508936923,87.50938340250319,1957.977090323061,9,,40,9.241461,0,0.0
21.923384508936923,87.51836655534439,1957.977090323061,11,,40,9.258621,0,0.0
21.923384508936923,87.52734970818558,1957.977090323061,8,,40,11.31364,0,0.0
21.923384508936923,87.53633286102678,1957.977090323061,7,,40,13.275381,0,0.0
21.923384508936923,87.54531601386797,1957.977090323061,6,,40,10.791463,0,0.0
21.923384508936923,87.55429916670917,1961.0981177421409,7,,40,7.6400437,0,0.0
21.923384508936923,87.56328231955037,1961.0981177421409,6,,40,7.318273,0,0.0
21.923384508936923,87.57226547239156,1961.0981177421409,7,,40,7.359109,0,0.0
21.923384508936923,87.58124862523275,1961.0981177421409,7,,10,6.670606,0,0.0
21.923384508936923,87.59023177807394,1961.0981177421409,6,,40,7.3376055,0,0.0
21.923384508936923,87.59921493091514,1961.0981177421409,5,,40,8.263803,0,0.0
21.923384508936923,87.60819808375633,1953.7021125065303,4,,40,8.287159,0,0.0
21.923384508936923,87.61718123659753,1953.7021125065303,4,,10,9.040304,0,0.0
21.923384508936923,87.62616438943873,1953.7021125065303,4,,40,8.640511,0,0.0
21.923384508936923,87.63514754227992,1953.7021125065303,3,,40,7.5820127,0,0.0
21.923384508936923,87.64413069512112,1953.7021125065303,3,,40,7.508089,0,0.0
21.923384508936923,87.65311384796232,2015.867776805223,4,,40,8.67424,0,0.0
21.923384508936923,87.66209700080351,2015.867776805223,4,,10,8.765974,0,0.0
21.923384508936923,87.67108015364471,2015.867776805223,4,,40,8.301549,0,0.0
21.923384508936923,87.6800633064859,2015.867776805223,4,,40,7.0155187,0,0.0
21.923384508936923,87.68904645932709,2015.867776805223,5,,40,6.7645473,0,0.0
21.923384508936923,87.69802961216828,2015.867776805223,5,,10,6.961463,0,0.0
21.923384508936923,87.70701276500948,2009.8536020462443,5,,40,7.3061066,0,0.0
21.923384508936923,87.71599591785068,2009.8536020462443,5,,40,7.6555686,0,0.0
21.923384508936923,87.72497907069187,2009.8536020462443,4,,40,7.570546,0,0.0
21.923384508936923,87.73396222353307,2009.8536020462443,5,,40,7.0231347,0,0.0
21.923384508936923,87.74294537637427,2009.8536020462443,6,,40,6.891536,0,0.0
21.923384508936923,87.75192852921546,1905.2572903045755,5,,40,6.682921,0,0.7173948
21.923384508936923,87.76091168205666,1905.2572903045755,5,,40,7.7372766,0,1.0107946
21.923384508936923,87.76989483489785,1905.2572903045755,6,,40,7.6825657,0,1.2635717
21.923384508936923,87.77887798773905,1905.2572903045755,6,,10,19.317446,0,1.5411148
21.923384508936923,87.78786114058025,1905.2572903045755,6,,40,16.383127,2,2.18405
21.923384508936923,87.79684429342144,1905.2572903045755,6,,40,12.904934,0,2.4206796
21.923384508936923,87.80582744626263,1953.2194599820705,7,,40,12.42828,0,2.4210157
21.923384508936923,87.81481059910382,1953.2194599820705,6,,40,12.592039,0,2.3576121
21.923384508936923,87.82379375194502,1953.2194599820705,5,,40,11.987905,0,2.4322486
21.923384508936923,87.83277690478621,1953.2194599820705,6,,40,12.597846,0,2.5077205
21.923384508936923,87.84176005762741,1953.2194599820705,6,,40,13.675556,0,1.7666922
21.923384508936923,87.85074321046861,1952.5099906320752,6,,10,13.265933,0,1.2710595
21.923384508936923,87.8597263633098,1952.5099906320752,5,,40,11.560524,0,0.8808327
21.923384508936923,87.868709516151,1952.5099906320752,6,,40,10.541396,0,0.78086185
21.923384508936923,87.8776926689922,1952.5099906320752,5,,40,10.987525,0,0.45936775
21.923384508936923,87.88667582183339,1952.5099906320752,5,,40,10.698539,0,0.5942755
21.923384508936923,87.89565897467459,1952.5099906320752,5,,40,11.898764,0,0.6662092
21.923384508936923,87.90464212751579,1943.3964853680945,6,,40,12.33536,0,0.0
21.923384508936923,87.91362528035698,1943.3964853680945,8,,10,9.233063,0,0.0
21.923384508936923,87.92260843319816,1943.3964853680945,7,,10,8.598797,0,0.0
21.923384508936923,87.93159158603936,1943.3964853680945,7,,10,8.770918,0,0.0
21.923384508936923,87.94057473888056,1943.3964853680945,7,,40,9.619802,0,0.0
21.923384508936923,87.94955789172175,1943.3964853680945,6,,40,12.513533,0,0.0
21.923384508936923,87.95854104456295,1970.6971955056927,7,,40,16.509886,0,0.61525154
21.923384508936923,87.96752419740415,1970.6971955056927,7,,40,23.385975,0,0.36657238
21.923384508936923,87.97650735024534,1970.6971955056927,7,,10,26.036535,0,1.3054657
21.923384508936923,87.98549050308654,1970.6971955056927,6,,40,24.52856,0,1.920537
21.923384508936923,87.99447365592773,1970.6971955056927,7,,10,26.714674,0,1.7610765
21.923384508936923,88.00345680876893,1861.0526348419198,6,,40,24.510897,0,2.648439
21.923384508936923,88.0483725729749,1861.0526348419198,4,,60,18.407768,0,6.472717
21.923384508936923,88.0573557258161,1948.4100584370165,5,,80,16.879251,0,2.6443613
21.923384508936923,88.06633887865729,1948.4100584370165,5,,80,10.36311,0,3.3763106
21.923384508936923,88.12023779570447,1945.6764373674746,2,,80,7.1394305,0,2.635426
21.923384508936923,88.12922094854567,1945.6764373674746,5,,80,7.0308533,0,0.0
21.923384508936923,88.13820410138686,1945.6764373674746,2,,80,6.875823,0,2.2176135
21.923384508936923,88.16515355991044,1915.895936616899,3,,10,7.3038135,0,6.630998
21.923384508936923,88.17413671275163,1915.895936616899,1,,10,9.712902,0,6.8337326
21.923384508936923,88.18311986559283,1915.895936616899,7,,10,10.283287,0,3.6974826
21.923384508936923,88.19210301843403,1915.895936616899,6,,40,9.650103,0,1.9436655
21.923384508936923,88.20108617127522,1968.7843458637137,6,,40,7.931434,0,1.4189072
21.923384508936923,88.21006932411642,1968.7843458637137,6,,40,7.191761,0,1.2277427
21.923384508936923,88.21905247695761,1968.7843458637137,5,,40,7.130957,0,0.9465151
21.923384508936923,88.22803562979881,1968.7843458637137,4,,40,6.4052467,0,0.9665899
21.923384508936923,88.23701878264,1968.7843458637137,6,,40,6.0942388,0,0.9929886
21.923384508936923,88.2460019354812,1968.7843458637137,7,,10,7.5340443,0,1.1188412
21.923384508936923,88.2549850883224,1916.1313043583991,6,,10,8.025994,0,1.7046151
21.923384508936923,88.26396824116358,1916.1313043583991,7,,40,8.563015,0,2.0263891
21.923384508936923,88.27295139400478,1916.1313043583991,5,,40,6.529606,0,2.7952764
21.923384508936923,88.28193454684597,1916.1313043583991,7,,10,5.660527,0,2.220046
21.923384508936923,88.29091769968717,1916.1313043583991,6,,40,5.653358,0,2.0599751
21.923384508936923,88.29990085252837,1916.1313043583991,6,,40,5.235906,0,1.395144
21.93236766177812,87.500400249662,1957.977090323061,12,,10,14.618173,0,0.0
21.93236766177812,87.50938340250319,1957.977090323061,9,,40,9.057459,0,0.0
21.93236766177812,87.51836655534439,1957.977090323061,8,,40,7.620252,0,0.0
21.93236766177812,87.52734970818558,1957.977090323061,9,,10,9.600746,0,0.0
21.93236766177812,87.53633286102678,1957.977090323061,9,,10,10.779147,0,0.0
21.93236766177812,87.54531601386797,1957.977090323061,7,,40,9.66432,0,0.0
21.93236766177812,87.55429916670917,1961.0981177421409,8,,40,8.112307,0,0.0
21.93236766177812,87.56328231955037,1961.0981177421409,5,,40,7.941885,0,0.0
21.93236766177812,87.57226547239156,1961.0981177421409,6,,40,6.929553,0,0.0
21.93236766177812,87.58124862523275,1961.0981177421409,6,,40,7.0008316,0,0.0
21.93236766177812,87.59023177807394,1961.0981177421409,5,,40,8.233556,0,0.0
21.93236766177812,87.59921493091514,1961.0981177421409,5,,40,8.847412,0,0.0
21.93236766177812,87.60819808375633,1953.7021125065303,5,,10,8.795902,0,0.0
21.93236766177812,87.61718123659753,1953.7021125065303,4,,40,9.117964,0,0.0
21.93236766177812,87.62616438943873,1953.7021125065303,4,,40,8.740669,0,0.0
21.93236766177812,87.63514754227992,1953.7021125065303,3,,40,8.126381,0,0.0
21.93236766177812,87.64413069512112,1953.7021125065303,4,,40,7.944876,0,0.0
21.93236766177812,87.65311384796232,2015.867776805223,4,,40,8.296897,0,0.0
21.93236766177812,87.66209700080351,2015.867776805223,4,,40,8.143289,0,0.0
21.93236766177812,87.67108015364471,2015.867776805223,4,,10,8.091276,0,0.0
21.93236766177812,87.6800633064859,2015.867776805223,4,,40,6.678595,0,0.0
21.93236766177812,87.68904645932709,2015.867776805223,4,,40,6.6995087,0,0.0
21.93236766177812,87.69802961216828,2015.867776805223,4,,40,7.132158,0,0.0
21.93236766177812,87.70701276500948,2009.8536020462443,5,,40,7.8169265,0,0.0
21.93236766177812,87.71599591785068,2009.8536020462443,4,,40,7.4779425,0,0.0
21.93236766177812,87.72497907069187,2009.8536020462443,5,,40,6.9781847,0,0.0
21.93236766177812,87.73396222353307,2009.8536020462443,5,,10,6.591732,0,0.0
21.93236766177812,87.74294537637427,2009.8536020462443,5,,40,6.5907183,0,0.013494015
21.93236766177812,87.75192852921546,1905.2572903045755,5,,40,6.9075923,0,0.5296316
21.93236766177812,87.76091168205666,1905.2572903045755,5,,40,7.2555923,0,1.0434241
21.93236766177812,87.76989483489785,1905.2572903045755,5,,40,9.712775,0,1.507946
21.93236766177812,87.77887798773905,1905.2572903045755,6,,40,21.603931,0,1.9375486
21.93236766177812,87.78786114058025,1905.2572903045755,6,,40,15.363253,0,2.2028499
21.93236766177812,87.79684429342144,1905.2572903045755,5,,10,11.210861,0,2.3021183
21.93236766177812,87.80582744626263,1953.2194599820705,5,,40,10.970428,0,2.520052
21.93236766177812,87.81481059910382,1953.2194599820705,5,,40,11.305033,0,2.4626646
21.93236766177812,87.82379375194502,1953.2194599820705,6,,40,11.715122,0,2.2565584
21.93236766177812,87.83277690478621,1953.2194599820705,5,,40,11.623649,0,2.2650776
21.93236766177812,87.84176005762741,1953.2194599820705,5,,40,13.259487,0,1.4985852
21.93236766177812,87.85074321046861,1952.5099906320752,5,,40,13.625129,0,1.2086544
21.93236766177812,87.8597263633098,1952.5099906320752,6,,40,11.863536,0,1.112709
21.93236766177812,87.868709516151,1952.5099906320752,6,,40,11.090231,0,0.6762438
21.93236766177812,87.8776926689922,1952.5099906320752,6,,40,12.02579,0,0.508605
21.93236766177812,87.88667582183339,1952.5099906320752,5,,40,10.770377,0,0.5028143
21.93236766177812,87.89565897467459,1952.5099906320752,7,,40,12.159248,0,0.28436232
21.93236766177812,87.90464212751579,1943.3964853680945,8,,10,12.548841,0,0.0
21.93236766177812,87.91362528035698,1943.3964853680945,7,,10,12.388815,0,0.0
21.93236766177812,87.92260843319816,1943.3964853680945,6,,40,10.304339,0,0.0
21.93236766177812,87.93159158603936,1943.3964853680945,7,,40,8.995958,0,0.0
21.93236766177812,87.94057473888056,1943.3964853680945,7,,40,17.479649,0,0.0
21.93236766177812,87.94955789172175,1943.3964853680945,7,,40,20.155724,0,0.0
21.93236766177812,87.95854104456295,1970.6971955056927,7,,40,20.482405,0,0.20025301
21.93236766177812,87.96752419740415,1970.6971955056927,6,,40,20.889107,0,0.19526434
21.93236766177812,87.97650735024534,1970.6971955056927,7,,40,23.750244,0,0.9129796
21.93236766177812,87.98549050308654,1970.6971955056927,8,,10,25.619102,0,1.3671012
21.93236766177812,87.99447365592773,1970.6971955056927,6,,40,24.772793,0,1.8070426
21.93236766177812,88.00345680876893,1861.0526348419198,7,,40,22.293606,0,2.4738984
21.93236766177812,88.01243996161013,1861.0526348419198,4,,60,23.677542,0,4.9076385
21.93236766177812,88.0483725729749,1861.0526348419198,3,,60,19.06172,0,7.0713887
21.93236766177812,88.0573557258161,1948.4100584370165,5,,60,18.54287,0,3.0072694
21.93236766177812,88.06633887865729,1948.4100584370165,5,,60,12.011907,0,2.8832104
21.93236766177812,88.07532203149849,1948.4100584370165,5,,80,8.289687,0,5.317717
21.93236766177812,88.16515355991044,1915.895936616899,3,,10,6.5820446,0,5.564904
21.93236766177812,88.17413671275163,1915.895936616899,3,,95,9.196197,0,5.844826
21.93236766177812,88.18311986559283,1915.895936616899,6,,40,9.994003,0,3.3018575
21.93236766177812,88.19210301843403,1915.895936616899,6,,10,10.546783,0,1.8616524
21.93236766177812,88.20108617127522,1968.7843458637137,6,,10,7.7457943,0,1.1778431
21.93236766177812,88.21006932411642,1968.7843458637137,6,,40,6.671631,0,0.78301954
21.93236766177812,88.21905247695761,1968.7843458637137,6,,40,6.841054,0,0.9698353
21.93236766177812,88.22803562979881,1968.7843458637137,5,,40,6.3188214,0,0.88192654
21.93236766177812,88.23701878264,1968.7843458637137,5,,40,6.4745207,0,1.0852661
21.93236766177812,88.2460019354812,1968.7843458637137,5,,40,8.705515,0,1.4375906
21.93236766177812,88.2549850883224,1916.1313043583991,6,,40,8.40954,0,1.7175713
21.93236766177812,88.26396824116358,1916.1313043583991,8,,10,8.472361,0,1.9234896
21.93236766177812,88.27295139400478,1916.1313043583991,6,,80,6.544902,0,2.8173077
21.93236766177812,88.28193454684597,1916.1313043583991,6,,10,5.9236135,0,2.272143
21.93236766177812,88.29091769968717,1916.1313043583991,7,,10,6.1042614,0,2.1356816
21.93236766177812,88.29990085252837,1916.1313043583991,6,,40,5.576676,0,1.6742172
21.941350814619312,87.500400249662,1957.977090323061,12,,40,8.025603,0,0.0
21.941350814619312,87.50938340250319,1957.977090323061,9,,40,6.8114347,0,0.0
21.941350814619312,87.51836655534439,1957.977090323061,9,,40,7.2349434,0,0.0
21.941350814619312,87.52734970818558,1957.977090323061,8,,40,9.323805,0,0.0
21.941350814619312,87.53633286102678,1957.977090323061,8,,10,9.910545,0,0.0
21.941350814619312,87.54531601386797,1957.977090323061,7,,40,8.840805,0,0.0
21.941350814619312,87.55429916670917,1961.0981177421409,7,,10,7.0826135,0,0.0
21.941350814619312,87.56328231955037,1961.0981177421409,6,,40,7.027844,0,0.0
21.941350814619312,87.57226547239156,1961.0981177421409,6,,40,6.9447618,0,0.0
21.941350814619312,87.58124862523275,1961.0981177421409,6,,40,7.628869,0,0.0
21.941350814619312,87.59023177807394,1961.0981177421409,5,,40,7.8011785,0,0.0
21.941350814619312,87.59921493091514,1961.0981177421409,5,,10,8.558604,0,0.0
21.941350814619312,87.60819808375633,1953.7021125065303,4,,40,8.814115,0,0.0
21.941350814619312,87.61718123659753,1953.7021125065303,4,,10,7.874316,0,0.0
21.941350814619312,87.62616438943873,1953.7021125065303,4,,40,7.568885,0,0.0
21.941350814619312,87.63514754227992,1953.7021125065303,3,,40,7.5061393,0,0.0
21.941350814619312,87.64413069512112,1953.7021125065303,4,,40,7.2973447,0,0.0
21.941350814619312,87.65311384796232,2015.867776805223,3,,40,7.6005745,0,0.0
21.941350814619312,87.66209700080351,2015.867776805223,3,,40,8.1059675,0,0.0
21.941350814619312,87.67108015364471,2015.867776805223,4,,40,8.386099,0,0.0
21.941350814619312,87.6800633064859,2015.867776805223,4,,40,7.370227,0,0.0
21.941350814619312,87.68904645932709,2015.867776805223,3,,40,6.51015,0,0.0
21.941350814619312,87.69802961216828,2015.867776805223,4,,40,6.4575176,0,0.0
21.941350814619312,87.70701276500948,2009.8536020462443,5,,10,6.4510517,0,0.0
21.941350814619312,87.71599591785068,2009.8536020462443,4,,10,6.341664,0,0.0
21.941350814619312,87.72497907069187,2009.8536020462443,4,,40,5.9300222,0,0.0
21.941350814619312,87.73396222353307,2009.8536020462443,6,,10,6.253541,0,0.0
21.941350814619312,87.74294537637427,2009.8536020462443,5,,40,6.266309,0,0.0
21.941350814619312,87.75192852921546,1905.2572903045755,5,,40,7.0295615,0,0.4240713
21.941350814619312,87.76091168205666,1905.2572903045755,6,,40,7.541846,0,0.736722
21.941350814619312,87.76989483489785,1905.2572903045755,5,,40,12.09695,0,1.7077303
21.941350814619312,87.77887798773905,1905.2572903045755,7,,10,14.101138,0,1.5128756
21.941350814619312,87.78786114058025,1905.2572903045755,6,,40,17.78857,0,1.0445309
21.941350814619312,87.79684429342144,1905.2572903045755,5,,40,15.151604,0,1.8206592
21.941350814619312,87.80582744626263,1953.2194599820705,6,,40,11.184008,0,2.1882024
21.941350814619312,87.81481059910382,1953.2194599820705,7,,40,11.944342,0,1.7305031
21.941350814619312,87.82379375194502,1953.2194599820705,6,,40,13.214836,0,1.1408029
21.941350814619312,87.83277690478621,1953.2194599820705,6,,40,10.904534,0,1.3866658
21.941350814619312,87.84176005762741,1953.2194599820705,5,,40,10.967196,0,1.453928
21.941350814619312,87.85074321046861,1952.5099906320752,6,,10,13.39805,0,1.1889238
21.941350814619312,87.8597263633098,1952.5099906320752,7,,10,13.962611,0,0.17844582
21.941350814619312,87.868709516151,1952.5099906320752,7,,40,13.308559,0,0.0
21.941350814619312,87.8776926689922,1952.5099906320752,8,,10,11.8900795,0,0.0
21.941350814619312,87.88667582183339,1952.5099906320752,8,,10,12.808092,0,0.0
21.941350814619312,87.89565897467459,1952.5099906320752,8,,40,12.653765,0,0.0
21.941350814619312,87.90464212751579,1943.3964853680945,8,,40,12.611862,0,0.0
21.941350814619312,87.91362528035698,1943.3964853680945,6,,40,13.984337,0,0.0
21.941350814619312,87.92260843319816,1943.3964853680945,7,,10,18.142262,0,0.0
21.941350814619312,87.93159158603936,1943.3964853680945,8,,10,19.270636,0,0.0
21.941350814619312,87.94057473888056,1943.3964853680945,7,,10,19.616583,0,0.0
21.941350814619312,87.94955789172175,1943.3964853680945,7,,10,19.242706,0,0.0
21.941350814619312,87.95854104456295,1970.6971955056927,6,,40,19.87511,0,0.0
21.941350814619312,87.96752419740415,1970.6971955056927,6,,40,19.489492,0,0.44090557
21.941350814619312,87.97650735024534,1970.6971955056927,7,,40,22.14054,0,0.33384323
21.941350814619312,87.98549050308654,1970.6971955056927,8,,40,25.355307,0,0.4482646
21.941350814619312,87.99447365592773,1970.6971955056927,7,,10,25.612198,0,2.004014
21.941350814619312,88.00345680876893,1861.0526348419198,6,,40,24.75444,0,2.4794517
21.941350814619312,88.01243996161013,1861.0526348419198,6,,60,25.428856,0,3.2542014
21.941350814619312,88.02142311445132,1861.0526348419198,1,,80,23.061255,0,7.745764
21.941350814619312,88.0573557258161,1948.4100584370165,5,,60,20.206863,0,3.658264
21.941350814619312,88.06633887865729,1948.4100584370165,5,,60,18.49977,0,2.9869661
21.941350814619312,88.07532203149849,1948.4100584370165,5,,80,11.066558,0,3.2816231
21.941350814619312,88.08430518433968,1948.4100584370165,4,,80,6.059641,0,4.9387326
21.941350814619312,88.16515355991044,1915.895936616899,3,,80,7.720345,0,7.180373
21.941350814619312,88.17413671275163,1915.895936616899,5,,40,8.216892,0,5.1906075
21.941350814619312,88.18311986559283,1915.895936616899,7,,10,10.857505,0,2.6155453
21.941350814619312,88.19210301843403,1915.895936616899,7,,40,13.527468,0,1.3993282
21.941350814619312,88.20108617127522,1968.7843458637137,6,,40,7.9396853,0,0.9883442
21.941350814619312,88.21006932411642,1968.7843458637137,7,,10,6.7219033,403,0.32282877
21.941350814619312,88.21905247695761,1968.7843458637137,6,,40,6.437892,0,0.25059462
21.941350814619312,88.22803562979881,1968.7843458637137,7,,40,6.4068103,0,0.1472168
21.941350814619312,88.23701878264,1968.7843458637137,7,,40,9.094238,0,0.78046656
21.941350814619312,88.2460019354812,1968.7843458637137,6,,10,10.025221,0,1.2373881
21.941350814619312,88.2549850883224,1916.1313043583991,7,,40,10.356456,0,1.3311067
21.941350814619312,88.26396824116358,1916.1313043583991,7,,10,8.921177,0,1.5959187
21.941350814619312,88.27295139400478,1916.1313043583991,6,,40,6.537967,0,2.6103225
21.941350814619312,88.28193454684597,1916.1313043583991,6,,40,6.2575154,0,2.544889
21.941350814619312,88.29091769968717,1916.1313043583991,6,,40,6.114395,0,2.177651
21.941350814619312,88.29990085252837,1916.1313043583991,6,,40,6.592476,0,1.5919795
21.95033396746051,87.500400249662,1997.963596551686,10,,10,7.9928565,0,0.0
21.95033396746051,87.50938340250319,1997.963596551686,9,,40,6.8435154,0,0.0
21.95033396746051,87.51836655534439,1997.963596551686,8,,40,6.179658,0,0.0
21.95033396746051,87.52734970818558,1997.963596551686,7,,40,9.503584,0,0.0
21.95033396746051,87.53633286102678,1997.963596551686,7,,40,11.350545,0,0.0
21.95033396746051,87.54531601386797,1997.963596551686,7,,10,10.350721,0,0.0
21.95033396746051,87.55429916670917,1944.7605389440241,6,,40,8.343853,0,0.0
21.95033396746051,87.56328231955037,1944.7605389440241,7,,40,7.392541,0,0.0
21.95033396746051,87.57226547239156,1944.7605389440241,5,,40,6.94726,0,0.0
21.95033396746051,87.58124862523275,1944.7605389440241,7,,40,8.256954,0,0.0
21.95033396746051,87.59023177807394,1944.7605389440241,5,,40,8.704996,0,0.0
21.95033396746051,87.59921493091514,1944.7605389440241,6,,10,7.9830017,0,0.0
21.95033396746051,87.60819808375633,1999.174322821881,3,,40,7.1536613,0,0.0
21.95033396746051,87.61718123659753,1999.174322821881,3,,40,7.496087,0,0.0
21.95033396746051,87.62616438943873,1999.174322821881,3,,40,7.094979,0,0.0
21.95033396746051,87.63514754227992,1999.174322821881,4,,40,7.2323146,0,0.0
21.95033396746051,87.64413069512112,1999.174322821881,3,,40,7.435102,0,0.0
21.95033396746051,87.65311384796232,2027.6594570948268,3,,40,8.8636465,0,0.0
21.95033396746051,87.66209700080351,2027.6594570948268,3,,40,8.470772,0,0.0
21.95033396746051,87.67108015364471,2027.6594570948268,4,,40,7.513164,0,0.0
21.95033396746051,87.6800633064859,2027.6594570948268,4,,40,6.2320395,0,0.0
21.95033396746051,87.68904645932709,2027.6594570948268,4,,40,6.357593,0,0.0
21.95033396746051,87.69802961216828,2027.6594570948268,4,,40,6.143961,0,0.0
21.95033396746051,87.70701276500948,2026.6071826204047,5,,40,6.3687515,0,0.0
21.95033396746051,87.71599591785068,2026.6071826204047,4,,40,6.2733192,0,0.0
21.95033396746051,87.72497907069187,2026.6071826204047,5,,10,6.256463,0,0.0
21.95033396746051,87.73396222353307,2026.6071826204047,5,,40,6.2562966,0,0.0
21.95033396746051,87.74294537637427,2026.6071826204047,6,,40,6.636207,0,0.0
21.95033396746051,87.75192852921546,1929.6204674588366,5,,10,7.9416904,0,0.18283367
21.95033396746051,87.76091168205666,1929.6204674588366,5,,40,8.110739,0,0.34040022
21.95033396746051,87.76989483489785,1929.6204674588366,6,,10,12.849678,0,0.20632553
21.95033396746051,87.77887798773905,1929.6204674588366,6,,10,12.133864,0,0.5574875
21.95033396746051,87.78786114058025,1929.6204674588366,5,,40,14.165976,0,0.92174196
21.95033396746051,87.79684429342144,1929.6204674588366,5,,40,16.684689,0,1.2204342
21.95033396746051,87.80582744626263,1899.6275228074273,6,,40,11.021406,0,1.2064929
21.95033396746051,87.81481059910382,1899.6275228074273,5,,40,12.403954,0,0.7873087
21.95033396746051,87.82379375194502,1899.6275228074273,6,,40,12.916683,0,0.76354647
21.95033396746051,87.83277690478621,1899.6275228074273,5,,40,11.257967,0,0.79112816
21.95033396746051,87.84176005762741,1899.6275228074273,5,,40,12.025528,0,0.42785358
21.95033396746051,87.85074321046861,1937.4841365287314,7,,10,13.478735,0,0.0
21.95033396746051,87.8597263633098,1937.4841365287314,6,,10,14.955227,171,0.0
21.95033396746051,87.868709516151,1937.4841365287314,7,,40,12.454145,0,0.0
21.95033396746051,87.8776926689922,1937.4841365287314,7,,10,5.9427843,0,0.0
21.95033396746051,87.88667582183339,1937.4841365287314,8,,40,4.728309,0,0.0
21.95033396746051,87.89565897467459,1937.4841365287314,7,,10,5.823146,0,0.0
21.95033396746051,87.90464212751579,1994.3620700464553,7,,40,6.9677496,0,0.0
21.95033396746051,87.91362528035698,1994.3620700464553,7,,10,18.713678,0,0.0
21.95033396746051,87.92260843319816,1994.3620700464553,7,,10,19.06696,0,0.0
21.95033396746051,87.93159158603936,1994.3620700464553,6,,40,19.286398,0,0.0
21.95033396746051,87.94057473888056,1994.3620700464553,6,,40,18.323318,0,0.0
21.95033396746051,87.94955789172175,1994.3620700464553,7,,40,19.846893,0,0.0
21.95033396746051,87.95854104456295,1967.9821545281277,7,,40,20.02568,0,0.0
21.95033396746051,87.96752419740415,1967.9821545281277,6,,40,19.642317,0,0.258986
21.95033396746051,87.97650735024534,1967.9821545281277,7,,10,22.023705,0,0.58439875
21.95033396746051,87.98549050308654,1967.9821545281277,5,,40,23.3026,0,1.1252027
21.95033396746051,87.99447365592773,1967.9821545281277,7,,40,23.5313,0,1.4526463
21.95033396746051,88.00345680876893,1927.2437237864644,6,,40,22.854633,0,1.8453007
21.95033396746051,88.01243996161013,1927.2437237864644,7,,10,24.895756,0,1.6775103
21.95033396746051,88.02142311445132,1927.2437237864644,3,,80,25.94545,0,3.6132638
21.95033396746051,88.0573557258161,1853.2134124733327,4,,60,26.82487,0,6.491389
21.95033396746051,88.06633887865729,1853.2134124733327,5,,80,24.466465,0,3.324329
21.95033396746051,88.07532203149849,1853.2134124733327,5,,30,16.178661,0,2.5602512
21.95033396746051,88.08430518433968,1853.2134124733327,5,,80,7.3202353,0,2.7862604
21.95033396746051,88.09328833718088,1853.2134124733327,4,,80,8.225848,0,4.0760765
21.95033396746051,88.15617040706924,1902.168847027045,2,,80,7.5853376,0,6.3737326
21.95033396746051,88.16515355991044,1902.168847027045,6,,40,7.5069675,0,2.3993855
21.95033396746051,88.17413671275163,1902.168847027045,6,,10,7.6848383,0,2.230095
21.95033396746051,88.18311986559283,1902.168847027045,7,,40,9.239801,0,1.1938376
21.95033396746051,88.19210301843403,1902.168847027045,7,,10,10.24897,0,0.0
21.95033396746051,88.20108617127522,1907.3561990985113,8,,40,7.772397,0,0.0
21.95033396746051,88.21006932411642,1907.3561990985113,7,,40,7.289275,0,0.0
21.95033396746051,88.21905247695761,1907.3561990985113,7,,40,6.742029,0,0.0
21.95033396746051,88.22803562979881,1907.3561990985113,6,,40,7.5236998,0,0.0
21.95033396746051,88.23701878264,1907.3561990985113,7,,40,9.275457,0,0.16937685
21.95033396746051,88.2460019354812,1907.3561990985113,7,,10,10.268734,0,0.86907196
21.95033396746051,88.2549850883224,1897.3334086494556,7,,40,10.769281,0,1.6097622
21.95033396746051,88.26396824116358,1897.3334086494556,7,,40,8.2303,0,2.2226038
21.95033396746051,88.27295139400478,1897.3334086494556,5,,40,6.7125177,0,2.7070773
21.95033396746051,88.28193454684597,1897.3334086494556,6,,40,6.503963,0,2.1530066
21.95033396746051,88.29091769968717,1897.3334086494556,6,,40,6.4921017,0,1.5025635
21.95033396746051,88.29990085252837,1897.3334086494556,5,,40,8.945836,0,1.4877124
21.959317120301705,87.500400249662,1997.963596551686,10,,40,7.7608185,0,0.0
21.959317120301705,87.50938340250319,1997.963596551686,9,,40,7.255766,0,0.0
21.959317120301705,87.51836655534439,1997.963596551686,8,,40,7.4367123,0,0.0
21.959317120301705,87.52734970818558,1997.963596551686,8,,40,12.024968,0,0.0
21.959317120301705,87.53633286102678,1997.963596551686,8,,10,13.679469,0,0.0
21.959317120301705,87.54531601386797,1997.963596551686,7,,40,11.029112,0,0.0
21.959317120301705,87.55429916670917,1944.7605389440241,6,,40,9.639933,0,0.0
21.959317120301705,87.56328231955037,1944.7605389440241,8,,40,8.090916,0,0.0
21.959317120301705,87.57226547239156,1944.7605389440241,6,,40,7.833633,0,0.0
21.959317120301705,87.58124862523275,1944.7605389440241,5,,40,8.900101,0,0.0
21.959317120301705,87.59023177807394,1944.7605389440241,4,,10,10.251148,0,0.0
21.959317120301705,87.59921493091514,1944.7605389440241,5,,40,8.299543,0,0.0
21.959317120301705,87.60819808375633,1999.174322821881,5,,40,7.783664,0,0.0
21.959317120301705,87.61718123659753,1999.174322821881,5,,40,7.8637075,0,0.0
21.959317120301705,87.62616438943873,1999.174322821881,4,,40,7.624446,0,0.0
21.959317120301705,87.63514754227992,1999.174322821881,4,,10,8.020544,0,0.0
21.959317120301705,87.64413069512112,1999.174322821881,4,,40,8.158112,0,0.0
21.959317120301705,87.65311384796232,2027.6594570948268,4,,40,8.353828,0,0.0
21.959317120301705,87.66209700080351,2027.6594570948268,4,,10,8.307829,0,0.0
21.959317120301705,87.67108015364471,2027.6594570948268,4,,40,7.7354875,0,0.0
21.959317120301705,87.6800633064859,2027.6594570948268,4,,40,6.383418,0,0.0
21.959317120301705,87.68904645932709,2027.6594570948268,4,,40,6.683511,0,0.0
21.959317120301705,87.69802961216828,2027.6594570948268,4,,40,6.2370386,0,0.0
21.959317120301705,87.70701276500948,2026.6071826204047,4,,40,6.4199114,0,0.0
21.959317120301705,87.71599591785068,2026.6071826204047,5,,10,6.529845,0,0.0
21.959317120301705,87.72497907069187,2026.6071826204047,5,,10,6.445668,0,0.0
21.959317120301705,87.73396222353307,2026.6071826204047,5,,10,7.1270447,0,0.0
21.959317120301705,87.74294537637427,2026.6071826204047,5,,40,7.309752,0,0.0
21.959317120301705,87.75192852921546,1929.6204674588366,5,,40,7.737919,0,0.0
21.959317120301705,87.76091168205666,1929.6204674588366,6,,40,7.3692737,0,0.0
21.959317120301705,87.76989483489785,1929.6204674588366,6,,40,11.650469,0,0.0
21.959317120301705,87.77887798773905,1929.6204674588366,5,,40,13.5832615,0,0.0
21.959317120301705,87.78786114058025,1929.6204674588366,5,,40,13.312151,0,0.19438171
21.959317120301705,87.79684429342144,1929.6204674588366,5,,40,17.615337,0,0.5208864
21.959317120301705,87.80582744626263,1899.6275228074273,5,,40,13.738652,0,0.16186714
21.959317120301705,87.81481059910382,1899.6275228074273,5,,40,12.949556,0,0.32471466
21.959317120301705,87.82379375194502,1899.6275228074273,5,,10,12.567825,0,0.0
21.959317120301705,87.83277690478621,1899.6275228074273,6,,40,12.431057,0,0.023533344
21.959317120301705,87.84176005762741,1899.6275228074273,7,,10,12.993401,0,0.0
21.959317120301705,87.85074321046861,1937.4841365287314,6,,40,13.329309,0,0.0
21.959317120301705,87.8597263633098,1937.4841365287314,6,,40,12.581804,0,0.0
21.959317120301705,87.868709516151,1937.4841365287314,7,,40,6.4578447,0,0.0
21.959317120301705,87.8776926689922,1937.4841365287314,6,,40,4.3975835,0,0.0
21.959317120301705,87.88667582183339,1937.4841365287314,6,,40,4.2643213,0,0.0
21.959317120301705,87.89565897467459,1937.4841365287314,6,,40,4.285074,0,0.0
21.959317120301705,87.90464212751579,1994.3620700464553,8,,10,4.580201,0,0.0
21.959317120301705,87.91362528035698,1994.3620700464553,7,,10,13.44576,0,0.0
21.959317120301705,87.92260843319816,1994.3620700464553,7,,40,19.290031,0,0.0
21.959317120301705,87.93159158603936,1994.3620700464553,8,,10,19.030901,0,0.0
21.959317120301705,87.94057473888056,1994.3620700464553,6,,40,17.950752,0,0.0
21.959317120301705,87.94955789172175,1994.3620700464553,6,,40,18.212908,0,0.0
21.959317120301705,87.95854104456295,1967.9821545281277,7,,40,18.432253,0,0.0
21.959317120301705,87.96752419740415,1967.9821545281277,7,,10,19.687895,0,0.0
21.959317120301705,87.97650735024534,1967.9821545281277,6,,40,20.696373,0,0.42669773
21.959317120301705,87.98549050308654,1967.9821545281277,7,,10,22.732487,0,0.13077068
21.959317120301705,87.99447365592773,1967.9821545281277,7,,40,24.063036,0,0.4227395
21.959317120301705,88.00345680876893,1927.2437237864644,7,,10,23.753809,0,1.4356403
21.959317120301705,88.01243996161013,1927.2437237864644,7,,40,22.857628,0,1.884088
21.959317120301705,88.02142311445132,1927.2437237864644,5,,60,27.11117,0,2.3799386
21.959317120301705,88.03040626729252,1927.2437237864644,0,,80,27.030762,0,5.8119354
21.959317120301705,88.0573557258161,1853.2134124733327,3,,80,26.127075,0,7.714279
21.959317120301705,88.06633887865729,1853.2134124733327,5,,80,15.004163,0,4.076623
21.959317120301705,88.07532203149849,1853.2134124733327,6,,60,10.820888,0,2.7586193
21.959317120301705,88.08430518433968,1853.2134124733327,5,,30,6.749898,0,2.7612755
21.959317120301705,88.09328833718088,1853.2134124733327,6,,60,8.360157,0,2.4970536
21.959317120301705,88.10227149002208,1920.701781289081,3,,80,8.5962105,0,5.2987328
21.959317120301705,88.15617040706924,1902.168847027045,3,,10,7.551001,0,7.017248
21.959317120301705,88.16515355991044,1902.168847027045,6,,10,6.5955505,0,2.720455
21.959317120301705,88.17413671275163,1902.168847027045,7,,40,7.4603033,0,1.5890789
21.959317120301705,88.18311986559283,1902.168847027045,7,,10,9.058241,0,1.3631501
21.959317120301705,88.19210301843403,1902.168847027045,8,,40,11.644361,0,0.31926918
21.959317120301705,88.20108617127522,1907.3561990985113,8,,40,9.100542,0,0.18122387
21.959317120301705,88.21006932411642,1907.3561990985113,8,,10,7.8750515,0,0.04362297
21.959317120301705,88.21905247695761,1907.3561990985113,7,,10,7.7609506,0,0.0
21.959317120301705,88.22803562979881,1907.3561990985113,8,,10,10.078412,0,0.0
21.959317120301705,88.23701878264,1907.3561990985113,7,,40,10.853735,0,0.11793232
21.959317120301705,88.2460019354812,1907.3561990985113,7,,40,10.052857,0,0.91714764
21.959317120301705,88.2549850883224,1897.3334086494556,6,,40,8.530558,0,1.681653
21.959317120301705,88.26396824116358,1897.3334086494556,5,,40,7.369973,0,2.2014537
21.959317120301705,88.27295139400478,1897.3334086494556,6,,10,7.3060803,0,1.9775643
21.959317120301705,88.28193454684597,1897.3334086494556,5,,40,7.7065206,0,1.7844276
21.959317120301705,88.29091769968717,1897.3334086494556,6,,10,8.39144,0,1.3377714
21.959317120301705,88.29990085252837,1897.3334086494556,6,,40,10.532154,0,1.3418598
21.968300273142898,87.500400249662,1997.963596551686,11,,10,7.762288,0,0.0
21.968300273142898,87.50938340250319,1997.963596551686,11,,40,8.481541,0,0.0
21.968300273142898,87.51836655534439,1997.963596551686,10,,40,9.831195,0,0.0
21.968300273142898,87.52734970818558,1997.963596551686,9,,40,14.636974,0,0.0
21.968300273142898,87.53633286102678,1997.963596551686,10,,10,16.221611,0,0.0
21.968300273142898,87.54531601386797,1997.963596551686,9,,10,13.408708,0,0.0
21.968300273142898,87.55429916670917,1944.7605389440241,7,,40,12.041717,0,0.0
21.968300273142898,87.56328231955037,1944.7605389440241,8,,40,12.097277,0,0.0
21.968300273142898,87.57226547239156,1944.7605389440241,6,,40,10.941775,0,0.0
21.968300273142898,87.58124862523275,1944.7605389440241,7,,10,17.00454,0,0.0
21.968300273142898,87.59023177807394,1944.7605389440241,7,,10,26.38802,0,0.0
21.968300273142898,87.59921493091514,1944.7605389440241,7,,10,14.176032,0,0.0
21.968300273142898,87.60819808375633,1999.174322821881,4,,40,11.76824,0,0.0
21.968300273142898,87.61718123659753,1999.174322821881,5,,40,10.620913,0,0.0
21.968300273142898,87.62616438943873,1999.174322821881,5,,40,14.523546,275,0.0
21.968300273142898,87.63514754227992,1999.174322821881,5,,10,9.32952,0,0.0
21.968300273142898,87.64413069512112,1999.174322821881,5,,40,7.60335,0,0.0
21.968300273142898,87.65311384796232,2027.6594570948268,4,,40,7.514955,0,0.0
21.968300273142898,87.66209700080351,2027.6594570948268,3,,40,6.576874,0,0.0
21.968300273142898,87.67108015364471,2027.6594570948268,4,,40,6.4063635,0,0.0
21.968300273142898,87.6800633064859,2027.6594570948268,3,,40,6.294377,0,0.0
21.968300273142898,87.68904645932709,2027.6594570948268,3,,40,6.2121835,0,0.0
21.968300273142898,87.69802961216828,2027.6594570948268,4,,40,6.5975304,0,0.0
21.968300273142898,87.70701276500948,2026.6071826204047,4,,40,6.3089466,0,0.0
21.968300273142898,87.71599591785068,2026.6071826204047,5,,40,6.7836165,0,0.0
21.968300273142898,87.72497907069187,2026.6071826204047,5,,40,7.440775,0,0.0
21.968300273142898,87.73396222353307,2026.6071826204047,6,,10,7.0778723,0,0.0
21.968300273142898,87.74294537637427,2026.6071826204047,5,,10,6.955777,0,0.0
21.968300273142898,87.75192852921546,1929.6204674588366,5,,40,7.003797,0,0.0
21.968300273142898,87.76091168205666,1929.6204674588366,6,,40,7.225176,0,0.0
21.968300273142898,87.76989483489785,1929.6204674588366,7,,40,7.8015137,0,0.0
21.968300273142898,87.77887798773905,1929.6204674588366,5,,10,7.9562693,0,0.0
21.968300273142898,87.78786114058025,1929.6204674588366,6,,10,8.314349,0,0.0
21.968300273142898,87.79684429342144,1929.6204674588366,7,,40,13.275421,45,0.0
21.968300273142898,87.80582744626263,1899.6275228074273,6,,10,35.857067,558,0.0
21.968300273142898,87.81481059910382,1899.6275228074273,6,,40,14.683684,0,0.0
21.968300273142898,87.82379375194502,1899.6275228074273,7,,10,13.954629,0,0.0
21.968300273142898,87.83277690478621,1899.6275228074273,7,,10,13.563742,0,0.0
21.968300273142898,87.84176005762741,1899.6275228074273,6,,10,12.93563,0,0.0
21.968300273142898,87.85074321046861,1937.4841365287314,6,,40,11.242399,0,0.0
21.968300273142898,87.8597263633098,1937.4841365287314,8,,10,5.1597023,0,0.0
21.968300273142898,87.868709516151,1937.4841365287314,8,,10,5.2549367,0,0.0
21.968300273142898,87.8776926689922,1937.4841365287314,8,,40,4.9389324,0,0.0
21.968300273142898,87.88667582183339,1937.4841365287314,8,,40,4.4832754,0,0.0
21.968300273142898,87.89565897467459,1937.4841365287314,8,,10,4.609871,0,0.0
21.968300273142898,87.90464212751579,1994.3620700464553,7,,10,4.8009825,0,0.0
21.968300273142898,87.91362528035698,1994.3620700464553,7,,40,4.759763,0,0.0
21.968300273142898,87.92260843319816,1994.3620700464553,6,,40,4.805037,0,0.0
21.968300273142898,87.93159158603936,1994.3620700464553,7,,40,4.679206,0,0.0
21.968300273142898,87.94057473888056,1994.3620700464553,7,,40,10.942928,0,0.0
21.968300273142898,87.94955789172175,1994.3620700464553,6,,40,14.258272,0,0.0
21.968300273142898,87.95854104456295,1967.9821545281277,7,,40,15.850144,0,0.0
21.968300273142898,87.96752419740415,1967.9821545281277,6,,40,19.511782,0,0.08969498
21.968300273142898,87.97650735024534,1967.9821545281277,6,,40,19.560764,0,0.37547398
21.968300273142898,87.98549050308654,1967.9821545281277,7,,40,22.510216,0,0.51324844
21.968300273142898,87.99447365592773,1967.9821545281277,8,,40,23.752464,0,0.35902786
21.968300273142898,88.00345680876893,1927.2437237864644,7,,10,23.08882,0,0.64816666
21.968300273142898,88.01243996161013,1927.2437237864644,6,,40,22.305244,0,1.5887747
21.968300273142898,88.02142311445132,1927.2437237864644,6,,40,22.209661,0,2.0259604
21.968300273142898,88.03040626729252,1927.2437237864644,3,,40,27.650112,0,3.15717
21.968300273142898,88.06633887865729,1853.2134124733327,5,,60,6.2677803,0,5.6535764
21.968300273142898,88.07532203149849,1853.2134124733327,6,,60,5.811682,0,2.6154914
21.968300273142898,88.08430518433968,1853.2134124733327,6,,80,4.7689123,0,2.1692433
21.968300273142898,88.09328833718088,1853.2134124733327,6,,80,2.3003953,0,2.296976
21.968300273142898,88.10227149002208,1920.701781289081,6,,80,6.6042447,0,2.289123
21.968300273142898,88.11125464286327,1920.701781289081,1,,80,8.591839,0,6.469748
21.968300273142898,88.16515355991044,1902.168847027045,4,,80,7.6798544,0,6.3688107
21.968300273142898,88.17413671275163,1902.168847027045,7,,40,7.3522577,0,3.0281856
21.968300273142898,88.18311986559283,1902.168847027045,7,,40,7.5917234,0,1.0971322
21.968300273142898,88.19210301843403,1902.168847027045,8,,40,10.287338,0,0.48253632
21.968300273142898,88.20108617127522,1907.3561990985113,8,,40,11.038521,0,0.442513
21.968300273142898,88.21006932411642,1907.3561990985113,8,,10,10.743151,0,0.0
21.968300273142898,88.21905247695761,1907.3561990985113,7,,40,9.888049,0,0.019416332
21.968300273142898,88.22803562979881,1907.3561990985113,7,,40,11.096348,0,0.11693001
21.968300273142898,88.23701878264,1907.3561990985113,6,,40,11.229125,0,0.40458584
21.968300273142898,88.2460019354812,1907.3561990985113,7,,40,12.631603,0,0.69166946
21.968300273142898,88.2549850883224,1897.3334086494556,7,,10,10.112038,0,0.83591795
21.968300273142898,88.26396824116358,1897.3334086494556,5,,40,8.358716,0,1.522038
21.968300273142898,88.27295139400478,1897.3334086494556,6,,40,9.3094635,0,1.4734898
21.968300273142898,88.28193454684597,1897.3334086494556,7,,10,9.701464,0,1.2225204
21.968300273142898,88.29091769968717,1897.3334086494556,4,,40,8.77887,0,1.4745998
21.968300273142898,88.29990085252837,1897.3334086494556,5,,40,7.87637,0,0.64130306
21.977283425984094,87.500400249662,1997.963596551686,9,,40,8.569401,0,0.0
21.977283425984094,87.50938340250319,1997.963596551686,8,,40,9.444483,0,0.0
21.977283425984094,87.51836655534439,1997.963596551686,8,,40,11.751572,0,0.0
21.977283425984094,87.52734970818558,1997.963596551686,8,,40,13.815789,0,0.0
21.977283425984094,87.53633286102678,1997.963596551686,9,,10,14.4148445,0,0.0
21.977283425984094,87.54531601386797,1997.963596551686,8,,40,13.641724,0,0.0
21.977283425984094,87.55429916670917,1944.7605389440241,7,,40,12.360496,0,0.0
21.977283425984094,87.56328231955037,1944.7605389440241,7,,10,13.021955,0,0.0
21.977283425984094,87.57226547239156,1944.7605389440241,6,,40,12.021772,0,0.0
21.977283425984094,87.58124862523275,1944.7605389440241,5,,40,17.33217,0,0.0
21.977283425984094,87.59023177807394,1944.7605389440241,7,,10,27.047674,195,0.0
21.977283425984094,87.59921493091514,1944.7605389440241,7,,10,17.499802,31,0.0
21.977283425984094,87.60819808375633,1999.174322821881,6,,10,12.967792,0,0.0
21.977283425984094,87.61718123659753,1999.174322821881,6,,10,12.156663,0,0.0
21.977283425984094,87.62616438943873,1999.174322821881,5,,10,11.3127775,0,0.0
21.977283425984094,87.63514754227992,1999.174322821881,3,,40,8.204038,0,0.0
21.977283425984094,87.64413069512112,1999.174322821881,3,,40,7.5195446,0,0.0
21.977283425984094,87.65311384796232,2027.6594570948268,2,,40,7.142258,0,0.0
21.977283425984094,87.66209700080351,2027.6594570948268,3,,40,6.442771,0,0.0
21.977283425984094,87.67108015364471,2027.6594570948268,5,,40,6.5314684,0,0.0
21.977283425984094,87.6800633064859,2027.6594570948268,4,,40,6.3160806,0,0.0
21.977283425984094,87.68904645932709,2027.6594570948268,3,,40,5.9216146,0,0.0
21.977283425984094,87.69802961216828,2027.6594570948268,4,,40,6.0567374,0,0.0
21.977283425984094,87.70701276500948,2026.6071826204047,5,,40,6.9207034,0,0.0
21.977283425984094,87.71599591785068,2026.6071826204047,5,,40,7.5225115,0,0.0
21.977283425984094,87.72497907069187,2026.6071826204047,5,,40,7.6626472,0,0.0
21.977283425984094,87.73396222353307,2026.6071826204047,6,,40,7.5472527,0,0.0
21.977283425984094,87.74294537637427,2026.6071826204047,5,,10,7.404425,0,0.0
21.977283425984094,87.75192852921546,1929.6204674588366,5,,10,7.12114,0,0.0
21.977283425984094,87.76091168205666,1929.6204674588366,5,,10,7.6737347,0,0.0
21.977283425984094,87.76989483489785,1929.6204674588366,6,,10,8.253317,0,0.0
21.977283425984094,87.77887798773905,1929.6204674588366,6,,40,8.390463,0,0.0
21.977283425984094,87.78786114058025,1929.6204674588366,6,,10,8.667315,0,0.0
21.977283425984094,87.79684429342144,1929.6204674588366,6,,10,9.899996,0,0.0
21.977283425984094,87.80582744626263,1899.6275228074273,6,,10,13.979588,0,0.0
21.977283425984094,87.81481059910382,1899.6275228074273,6,,40,10.11573,0,0.0
21.977283425984094,87.82379375194502,1899.6275228074273,6,,40,11.822765,0,0.0
21.977283425984094,87.83277690478621,1899.6275228074273,6,,10,13.126095,0,0.0
21.977283425984094,87.84176005762741,1899.6275228074273,6,,40,12.212394,0,0.0
21.977283425984094,87.85074321046861,1937.4841365287314,6,,40,6.341927,0,0.0
21.977283425984094,87.8597263633098,1937.4841365287314,6,,40,4.891511,0,0.0
21.977283425984094,87.868709516151,1937.4841365287314,8,,10,4.937697,0,0.0
21.977283425984094,87.8776926689922,1937.4841365287314,7,,10,4.869747,0,0.0
21.977283425984094,87.88667582183339,1937.4841365287314,6,,40,4.304414,0,0.0
21.977283425984094,87.89565897467459,1937.4841365287314,7,,40,4.628152,0,0.0
21.977283425984094,87.90464212751579,1994.3620700464553,8,,10,4.8787518,0,0.0
21.977283425984094,87.91362528035698,1994.3620700464553,6,,40,4.5472183,0,0.0
21.977283425984094,87.92260843319816,1994.3620700464553,6,,40,4.2299304,0,0.0
21.977283425984094,87.93159158603936,1994.3620700464553,6,,40,4.155474,0,0.0
21.977283425984094,87.94057473888056,1994.3620700464553,6,,40,4.519472,0,0.0
21.977283425984094,87.94955789172175,1994.3620700464553,6,,40,4.7257156,0,0.0
21.977283425984094,87.95854104456295,1967.9821545281277,7,,10,4.5747566,0,0.0
21.977283425984094,87.96752419740415,1967.9821545281277,8,,40,6.709071,0,0.0
21.977283425984094,87.97650735024534,1967.9821545281277,6,,40,12.02474,0,0.5265875
21.977283425984094,87.98549050308654,1967.9821545281277,7,,40,22.53108,0,0.14469814
21.977283425984094,87.99447365592773,1967.9821545281277,6,,40,24.465517,0,1.2650752
21.977283425984094,88.00345680876893,1927.2437237864644,7,,10,23.232607,0,0.89960194
21.977283425984094,88.01243996161013,1927.2437237864644,7,,10,23.659786,0,1.5916972
21.977283425984094,88.02142311445132,1927.2437237864644,6,,40,18.672209,0,2.03973
21.977283425984094,88.03040626729252,1927.2437237864644,5,,60,13.808605,0,2.3326201
21.977283425984094,88.06633887865729,1853.2134124733327,4,,80,6.825749,0,7.3597484
21.977283425984094,88.07532203149849,1853.2134124733327,6,,60,5.8642187,0,2.5740266
21.977283425984094,88.08430518433968,1853.2134124733327,6,,60,4.845004,0,2.3667612
21.977283425984094,88.09328833718088,1853.2134124733327,6,,80,2.136351,0,2.2251987
21.977283425984094,88.10227149002208,1920.701781289081,6,,80,1.9537791,0,1.9948721
21.977283425984094,88.11125464286327,1920.701781289081,5,,80,4.763591,0,3.1463888
21.977283425984094,88.17413671275163,1902.168847027045,2,,80,8.376925,0,7.353264
21.977283425984094,88.18311986559283,1902.168847027045,7,,40,8.482156,0,2.9953732
21.977283425984094,88.19210301843403,1902.168847027045,7,,40,10.223343,0,1.3724017
21.977283425984094,88.20108617127522,1907.3561990985113,7,,40,11.316793,0,0.5453057
21.977283425984094,88.21006932411642,1907.3561990985113,9,,10,12.372246,76,0.3993826
21.977283425984094,88.21905247695761,1907.3561990985113,7,,40,14.100985,0,0.73455334
21.977283425984094,88.22803562979881,1907.3561990985113,7,,40,12.838267,0,0.0
21.977283425984094,88.23701878264,1907.3561990985113,6,,40,11.415435,0,0.4188652
21.977283425984094,88.2460019354812,1907.3561990985113,6,,40,11.148387,0,0.5019665
21.977283425984094,88.2549850883224,1897.3334086494556,7,,10,10.173824,0,0.040769577
21.977283425984094,88.26396824116358,1897.3334086494556,5,,40,9.838841,0,1.1836085
21.977283425984094,88.27295139400478,1897.3334086494556,6,,40,9.658273,0,1.2100601
21.977283425984094,88.28193454684597,1897.3334086494556,5,,40,8.867798,0,1.1708093
21.977283425984094,88.29091769968717,1897.3334086494556,7,,10,8.544362,0,0.6068506
21.977283425984094,88.29990085252837,1897.3334086494556,6,,40,10.278591,0,0.49682093
21.98626657882529,87.500400249662,1997.963596551686,9,,40,9.355553,0,0.0
21.98626657882529,87.50938340250319,1997.963596551686,8,,40,10.835093,0,0.0
21.98626657882529,87.51836655534439,1997.963596551686,10,,10,12.617815,0,0.0
21.98626657882529,87.52734970818558,1997.963596551686,7,,40,10.240883,0,0.0
21.98626657882529,87.53633286102678,1997.963596551686,7,,40,12.219616,0,0.0
21.98626657882529,87.54531601386797,1997.963596551686,7,,40,11.894721,0,0.0
21.98626657882529,87.55429916670917,1944.7605389440241,6,,40,9.378922,0,0.0
21.98626657882529,87.56328231955037,1944.7605389440241,9,,10,10.029947,0,0.0
21.98626657882529,87.57226547239156,1944.7605389440241,8,,10,9.315388,0,0.0
21.98626657882529,87.58124862523275,1944.7605389440241,6,,40,9.886265,0,0.0
21.98626657882529,87.59023177807394,1944.7605389440241,6,,40,12.925978,0,0.0
21.98626657882529,87.59921493091514,1944.7605389440241,6,,10,9.36969,0,0.0
21.98626657882529,87.60819808375633,1999.174322821881,5,,40,8.851072,0,0.0
21.98626657882529,87.61718123659753,1999.174322821881,4,,40,8.790565,0,0.0
21.98626657882529,87.62616438943873,1999.174322821881,3,,40,7.5418787,0,0.0
21.98626657882529,87.63514754227992,1999.174322821881,4,,40,7.7294807,0,0.0
21.98626657882529,87.64413069512112,1999.174322821881,4,,10,7.6785364,0,0.0
21.98626657882529,87.65311384796232,2027.6594570948268,3,,10,7.0749035,0,0.0
21.98626657882529,87.66209700080351,2027.6594570948268,4,,40,6.9785595,0,0.0
21.98626657882529,87.67108015364471,2027.6594570948268,4,,40,7.133515,0,0.0
21.98626657882529,87.6800633064859,2027.6594570948268,4,,40,6.6602774,0,0.0
21.98626657882529,87.68904645932709,2027.6594570948268,4,,40,6.1658545,0,0.0
21.98626657882529,87.69802961216828,2027.6594570948268,5,,10,6.33345,0,0.0
21.98626657882529,87.70701276500948,2026.6071826204047,4,,40,7.20272,0,0.0
21.98626657882529,87.71599591785068,2026.6071826204047,5,,40,6.9859133,0,0.0
21.98626657882529,87.72497907069187,2026.6071826204047,7,,40,7.169799,0,0.0
21.98626657882529,87.73396222353307,2026.6071826204047,5,,40,8.125579,0,0.0
21.98626657882529,87.74294537637427,2026.6071826204047,6,,10,7.969141,0,0.0
21.98626657882529,87.75192852921546,1929.6204674588366,5,,40,7.730827,0,0.0
21.98626657882529,87.76091168205666,1929.6204674588366,5,,10,8.946982,0,0.0
21.98626657882529,87.76989483489785,1929.6204674588366,7,,10,10.391072,0,0.0
21.98626657882529,87.77887798773905,1929.6204674588366,5,,40,8.758708,0,0.0
21.98626657882529,87.78786114058025,1929.6204674588366,5,,40,8.841995,0,0.0
21.98626657882529,87.79684429342144,1929.6204674588366,6,,40,8.852762,0,0.0
21.98626657882529,87.80582744626263,1899.6275228074273,5,,40,12.552293,0,0.0
21.98626657882529,87.81481059910382,1899.6275228074273,6,,40,8.482208,0,0.0
21.98626657882529,87.82379375194502,1899.6275228074273,6,,40,7.4810867,0,0.0
21.98626657882529,87.83277690478621,1899.6275228074273,5,,40,8.554087,0,0.0
21.98626657882529,87.84176005762741,1899.6275228074273,7,,10,7.948547,0,0.0
21.98626657882529,87.85074321046861,1937.4841365287314,5,,40,4.879546,0,0.0
21.98626657882529,87.8597263633098,1937.4841365287314,8,,40,5.1979575,0,0.0
21.98626657882529,87.868709516151,1937.4841365287314,7,,10,5.042257,0,0.0
21.98626657882529,87.8776926689922,1937.4841365287314,6,,40,4.895932,0,0.0
21.98626657882529,87.88667582183339,1937.4841365287314,7,,10,4.7882185,0,0.0
21.98626657882529,87.89565897467459,1937.4841365287314,6,,40,4.891303,0,0.0
21.98626657882529,87.90464212751579,1994.3620700464553,7,,40,4.586627,0,0.0
21.98626657882529,87.91362528035698,1994.3620700464553,7,,10,4.4685664,0,0.0
21.98626657882529,87.92260843319816,1994.3620700464553,5,,40,3.804436,0,0.0
21.98626657882529,87.93159158603936,1994.3620700464553,6,,40,4.198809,0,0.0
21.98626657882529,87.94057473888056,1994.3620700464553,7,,40,4.446556,0,0.0
21.98626657882529,87.94955789172175,1994.3620700464553,7,,10,4.6559844,0,0.0
21.98626657882529,87.95854104456295,1967.9821545281277,7,,40,4.767902,0,0.0
21.98626657882529,87.96752419740415,1967.9821545281277,7,,10,5.112615,0,0.0
21.98626657882529,87.97650735024534,1967.9821545281277,7,,40,5.203819,0,0.0
21.98626657882529,87.98549050308654,1967.9821545281277,9,,10,8.00812,0,0.0
21.98626657882529,87.99447365592773,1967.9821545281277,7,,10,13.395296,0,0.43483305
21.98626657882529,88.00345680876893,1927.2437237864644,6,,40,14.586081,0,1.5923848
21.98626657882529,88.01243996161013,1927.2437237864644,6,,40,8.356223,0,1.7199373
21.98626657882529,88.02142311445132,1927.2437237864644,7,,40,5.925237,0,1.4639668
21.98626657882529,88.03040626729252,1927.2437237864644,7,,40,5.844907,0,1.7454252
21.98626657882529,88.07532203149849,1853.2134124733327,5,,80,3.330185,0,3.1099045
21.98626657882529,88.08430518433968,1853.2134124733327,6,,60,3.0526872,0,2.5787067
21.98626657882529,88.09328833718088,1853.2134124733327,6,,40,2.1608083,0,2.3049731
21.98626657882529,88.10227149002208,1920.701781289081,6,,80,2.1454713,0,2.0770822
21.98626657882529,88.11125464286327,1920.701781289081,6,,80,3.0471478,0,1.8825612
21.98626657882529,88.12023779570447,1920.701781289081,3,,80,6.7773933,0,4.898264
21.98626657882529,88.18311986559283,1902.168847027045,4,,40,9.364873,0,7.0554514
21.98626657882529,88.19210301843403,1902.168847027045,7,,40,10.469221,0,1.4278326
21.98626657882529,88.20108617127522,1907.3561990985113,7,,40,11.198771,0,1.4866867
21.98626657882529,88.21006932411642,1907.3561990985113,7,,40,14.4092045,261,0.8287215
21.98626657882529,88.21905247695761,1907.3561990985113,7,,40,15.48686,0,0.4922948
21.98626657882529,88.22803562979881,1907.3561990985113,7,,40,13.642395,0,0.17201805
21.98626657882529,88.23701878264,1907.3561990985113,7,,40,11.643333,0,0.1401968
21.98626657882529,88.2460019354812,1907.3561990985113,7,,10,12.086786,0,0.0
21.98626657882529,88.2549850883224,1897.3334086494556,7,,40,11.414881,0,0.0
21.98626657882529,88.26396824116358,1897.3334086494556,6,,40,9.990566,0,0.74628496
21.98626657882529,88.27295139400478,1897.3334086494556,6,,10,9.617397,0,0.55851746
21.98626657882529,88.28193454684597,1897.3334086494556,6,,10,8.892811,0,0.2973137
21.98626657882529,88.29091769968717,1897.3334086494556,5,,40,8.131071,0,0.7457819
21.98626657882529,88.29990085252837,1897.3334086494556,4,,40,10.0564375,0,0.6869793
21.995249731666483,87.500400249662,1997.963596551686,8,,40,6.2567015,0,0.0
21.995249731666483,87.50938340250319,1997.963596551686,7,,40,5.563343,0,0.0
21.995249731666483,87.51836655534439,1997.963596551686,9,,40,8.242775,0,0.0
21.995249731666483,87.52734970818558,1997.963596551686,9,,40,10.469049,0,0.0
21.995249731666483,87.53633286102678,1997.963596551686,8,,40,10.678442,0,0.0
21.995249731666483,87.54531601386797,1997.963596551686,7,,40,10.992962,0,0.0
21.995249731666483,87.55429916670917,1944.7605389440241,8,,40,6.87329,0,0.0
21.995249731666483,87.56328231955037,1944.7605389440241,6,,40,5.1430874,0,0.0
21.995249731666483,87.57226547239156,1944.7605389440241,6,,40,7.0541964,0,0.0
21.995249731666483,87.58124862523275,1944.7605389440241,6,,10,8.788351,0,0.0
21.995249731666483,87.59023177807394,1944.7605389440241,6,,40,8.684855,0,0.0
21.995249731666483,87.59921493091514,1944.7605389440241,6,,40,8.10091,0,0.0
21.995249731666483,87.60819808375633,1999.174322821881,4,,40,7.265675,0,0.0
21.995249731666483,87.61718123659753,1999.174322821881,3,,40,8.102455,0,0.0
21.995249731666483,87.62616438943873,1999.174322821881,5,,10,8.868471,0,0.0
21.995249731666483,87.63514754227992,1999.174322821881,4,,40,8.446168,0,0.0
21.995249731666483,87.64413069512112,1999.174322821881,3,,40,8.030301,0,0.0
21.995249731666483,87.65311384796232,2027.6594570948268,4,,10,6.442805,0,0.0
21.995249731666483,87.66209700080351,2027.6594570948268,4,,40,8.484524,0,0.0
21.995249731666483,87.67108015364471,2027.6594570948268,4,,10,17.078524,0,0.0
21.995249731666483,87.6800633064859,2027.6594570948268,4,,40,7.4602127,0,0.0
21.995249731666483,87.68904645932709,2027.6594570948268,4,,40,7.2197638,0,0.0
21.995249731666483,87.69802961216828,2027.6594570948268,5,,40,6.9036536,0,0.0
21.995249731666483,87.70701276500948,2026.6071826204047,5,,40,7.533329,0,0.0
21.995249731666483,87.71599591785068,2026.6071826204047,6,,40,7.298681,0,0.0
21.995249731666483,87.72497907069187,2026.6071826204047,7,,10,8.522163,0,0.0
21.995249731666483,87.73396222353307,2026.6071826204047,7,,10,20.30365,0,0.0
21.995249731666483,87.74294537637427,2026.6071826204047,5,,10,14.700146,207,0.0
21.995249731666483,87.75192852921546,1929.6204674588366,5,,40,8.167647,0,0.0
21.995249731666483,87.76091168205666,1929.6204674588366,4,,40,8.589714,0,0.0
21.995249731666483,87.76989483489785,1929.6204674588366,6,,40,8.554619,0,0.0
21.995249731666483,87.77887798773905,1929.6204674588366,7,,40,8.771254,0,0.0
21.995249731666483,87.78786114058025,1929.6204674588366,5,,40,8.133012,0,0.0
21.995249731666483,87.79684429342144,1929.6204674588366,6,,40,8.46391,0,0.0
21.995249731666483,87.80582744626263,1899.6275228074273,7,,40,11.813004,0,0.0
21.995249731666483,87.81481059910382,1899.6275228074273,6,,40,10.864449,0,0.0
21.995249731666483,87.82379375194502,1899.6275228074273,7,,10,7.9087076,0,0.0
21.995249731666483,87.83277690478621,1899.6275228074273,6,,40,6.942112,0,0.0
21.995249731666483,87.84176005762741,1899.6275228074273,7,,10,6.7702565,0,0.0
21.995249731666483,87.85074321046861,1937.4841365287314,8,,10,5.9485397,0,0.0
21.995249731666483,87.8597263633098,1937.4841365287314,8,,10,5.7469587,183,0.0
21.995249731666483,87.868709516151,1937.4841365287314,7,,10,4.8257504,0,0.0
21.995249731666483,87.8776926689922,1937.4841365287314,7,,40,4.5210743,0,0.0
21.995249731666483,87.88667582183339,1937.4841365287314,6,,10,4.338973,0,0.0
21.995249731666483,87.89565897467459,1937.4841365287314,7,,40,4.1852875,0,0.0
21.995249731666483,87.90464212751579,1994.3620700464553,6,,40,4.3356724,0,0.0
21.995249731666483,87.91362528035698,1994.3620700464553,8,,40,4.762385,0,0.0
21.995249731666483,87.92260843319816,1994.3620700464553,6,,40,4.186314,0,0.0
21.995249731666483,87.93159158603936,1994.3620700464553,7,,40,4.1994767,0,0.0
21.995249731666483,87.94057473888056,1994.3620700464553,6,,40,4.3401546,0,0.0
21.995249731666483,87.94955789172175,1994.3620700464553,9,,10,4.5710955,0,0.0
21.995249731666483,87.95854104456295,1967.9821545281277,8,,10,5.0087895,0,0.0
21.995249731666483,87.96752419740415,1967.9821545281277,8,,10,5.3702264,0,0.0
21.995249731666483,87.97650735024534,1967.9821545281277,8,,10,5.64301,0,0.0
21.995249731666483,87.98549050308654,1967.9821545281277,7,,40,5.9054317,0,0.0
21.995249731666483,87.99447365592773,1967.9821545281277,8,,10,5.9459615,0,0.0
21.995249731666483,88.00345680876893,1927.2437237864644,6,,40,5.778419,0,0.7803173
21.995249731666483,88.01243996161013,1927.2437237864644,7,,40,5.782237,0,0.94388676
21.995249731666483,88.02142311445132,1927.2437237864644,6,,40,6.005752,0,2.002442
21.995249731666483,88.03040626729252,1927.2437237864644,7,,10,6.2445354,0,1.7604504
21.995249731666483,88.0393894201337,1927.2437237864644,7,,40,7.7282414,0,1.3338819
21.995249731666483,88.07532203149849,1853.2134124733327,3,,80,3.000922,0,4.0970135
21.995249731666483,88.08430518433968,1853.2134124733327,5,,80,2.9121363,0,3.0711544
21.995249731666483,88.09328833718088,1853.2134124733327,6,,60,1.918812,0,2.6522284
21.995249731666483,88.10227149002208,1920.701781289081,6,,60,2.1633875,0,2.112072
21.995249731666483,88.11125464286327,1920.701781289081,6,,80,2.3721862,0,2.3049045
21.995249731666483,88.12023779570447,1920.701781289081,6,,80,2.3809905,0,2.784592
21.995249731666483,88.12922094854567,1920.701781289081,1,,80,2.2903697,0,6.8306074
21.995249731666483,88.19210301843403,1902.168847027045,4,,10,13.8341255,0,2.0703921
21.995249731666483,88.20108617127522,1907.3561990985113,6,,40,17.311516,0,1.16295
21.995249731666483,88.21006932411642,1907.3561990985113,7,,40,15.673321,0,0.7247224
21.995249731666483,88.21905247695761,1907.3561990985113,8,,40,16.176962,0,0.75499725
21.995249731666483,88.22803562979881,1907.3561990985113,6,,40,14.5493145,0,1.0160666
21.995249731666483,88.23701878264,1907.3561990985113,7,,40,12.351837,0,0.04135132
21.995249731666483,88.2460019354812,1907.3561990985113,6,,40,10.761588,0,0.290308
21.995249731666483,88.2549850883224,1897.3334086494556,5,,40,10.469614,0,0.1644988
21.995249731666483,88.26396824116358,1897.3334086494556,6,,10,10.222247,0,0.0
21.995249731666483,88.27295139400478,1897.3334086494556,5,,40,8.796107,0,0.6590185
21.995249731666483,88.28193454684597,1897.3334086494556,5,,40,8.871791,0,0.5656271
21.995249731666483,88.29091769968717,1897.3334086494556,7,,10,8.762413,0,0.0
21.995249731666483,88.29990085252837,1897.3334086494556,5,,40,11.656844,0,0.0
22.00423288450768,87.500400249662,1896.0153156514498,9,,40,6.693461,0,0.0
22.00423288450768,87.50938340250319,1896.0153156514498,7,,40,4.873726,0,0.0
22.00423288450768,87.51836655534439,1896.0153156514498,6,,40,4.93452,0,0.0
22.00423288450768,87.52734970818558,1896.0153156514498,7,,40,6.4096975,0,0.0
22.00423288450768,87.53633286102678,1896.0153156514498,6,,40,9.304235,0,0.0
22.00423288450768,87.54531601386797,1896.0153156514498,6,,40,11.210066,0,0.0
22.00423288450768,87.55429916670917,1908.0687566928996,7,,40,7.907715,0,0.0
22.00423288450768,87.56328231955037,1908.0687566928996,7,,10,8.272089,0,0.0
22.00423288450768,87.57226547239156,1908.0687566928996,7,,40,8.4512205,0,0.0
22.00423288450768,87.58124862523275,1908.0687566928996,7,,10,8.678808,0,0.0
22.00423288450768,87.59023177807394,1908.0687566928996,6,,40,8.862126,0,0.0
22.00423288450768,87.59921493091514,1908.0687566928996,6,,40,6.7175674,0,0.0
22.00423288450768,87.60819808375633,1975.2982091800604,4,,40,6.0208845,0,0.0
22.00423288450768,87.61718123659753,1975.2982091800604,3,,40,7.431828,0,0.0
22.00423288450768,87.62616438943873,1975.2982091800604,3,,40,8.862268,0,0.0
22.00423288450768,87.63514754227992,1975.2982091800604,5,,40,7.7778044,0,0.0
22.00423288450768,87.64413069512112,1975.2982091800604,3,,40,7.136696,0,0.0
22.00423288450768,87.65311384796232,1960.6935106314877,4,,40,6.3538857,0,0.0
22.00423288450768,87.66209700080351,1960.6935106314877,4,,40,6.7362304,0,0.0
22.00423288450768,87.67108015364471,1960.6935106314877,5,,10,10.95664,0,0.0
22.00423288450768,87.6800633064859,1960.6935106314877,5,,10,7.284412,300,0.0
22.00423288450768,87.68904645932709,1960.6935106314877,5,,10,8.162318,0,0.0
22.00423288450768,87.69802961216828,1960.6935106314877,5,,40,7.6956434,0,0.0
22.00423288450768,87.70701276500948,1973.1326593508984,4,,40,7.452841,0,0.0
22.00423288450768,87.71599591785068,1973.1326593508984,7,,40,7.5466404,0,0.0
22.00423288450768,87.72497907069187,1973.1326593508984,6,,10,9.1369915,0,0.0
22.00423288450768,87.73396222353307,1973.1326593508984,5,,40,14.621662,0,0.0
22.00423288450768,87.74294537637427,1973.1326593508984,5,,10,12.332736,0,0.0
22.00423288450768,87.75192852921546,1891.8575154603964,4,,40,8.949951,0,0.0
22.00423288450768,87.76091168205666,1891.8575154603964,5,,40,8.522031,0,0.0
22.00423288450768,87.76989483489785,1891.8575154603964,4,,40,8.1012535,0,0.0
22.00423288450768,87.77887798773905,1891.8575154603964,6,,40,8.289384,0,0.0
22.00423288450768,87.78786114058025,1891.8575154603964,5,,40,8.628801,0,0.0
22.00423288450768,87.79684429342144,1891.8575154603964,6,,40,8.972771,0,0.0
22.00423288450768,87.80582744626263,1892.2834249379903,6,,40,11.248983,0,0.0
22.00423288450768,87.81481059910382,1892.2834249379903,7,,10,15.756174,331,0.0
22.00423288450768,87.82379375194502,1892.2834249379903,6,,10,9.817657,844,0.0
22.00423288450768,87.83277690478621,1892.2834249379903,6,,40,7.0793347,0,0.0
22.00423288450768,87.84176005762741,1892.2834249379903,8,,40,7.2677193,0,0.0
22.00423288450768,87.85074321046861,1920.0085726051393,6,,40,7.1647916,0,0.0
22.00423288450768,87.8597263633098,1920.0085726051393,6,,40,4.4914722,0,0.0
22.00423288450768,87.868709516151,1920.0085726051393,6,,40,4.2586775,0,0.0
22.00423288450768,87.8776926689922,1920.0085726051393,6,,40,4.2062826,0,0.0
22.00423288450768,87.88667582183339,1920.0085726051393,7,,40,4.331265,0,0.0
22.00423288450768,87.89565897467459,1920.0085726051393,6,,40,4.416377,0,0.0
22.00423288450768,87.90464212751579,1948.7767784882585,8,,10,4.7421784,0,0.0
22.00423288450768,87.91362528035698,1948.7767784882585,8,,10,4.9089494,0,0.0
22.00423288450768,87.92260843319816,1948.7767784882585,7,,10,4.6523933,0,0.0
22.00423288450768,87.93159158603936,1948.7767784882585,7,,40,4.146589,0,0.0
22.00423288450768,87.94057473888056,1948.7767784882585,7,,40,4.4906235,0,0.0
22.00423288450768,87.94955789172175,1948.7767784882585,8,,10,4.6950088,0,0.0
22.00423288450768,87.95854104456295,1993.0983554868935,8,,10,5.071109,0,0.0
22.00423288450768,87.96752419740415,1993.0983554868935,8,,10,6.666987,0,0.0
22.00423288450768,87.97650735024534,1993.0983554868935,8,,10,9.611917,323,0.0
22.00423288450768,87.98549050308654,1993.0983554868935,7,,10,6.519743,0,0.0
22.00423288450768,87.99447365592773,1993.0983554868935,9,,10,6.800992,0,0.0
22.00423288450768,88.00345680876893,1847.9422756247009,8,,10,5.7298565,0,0.1156683
22.00423288450768,88.01243996161013,1847.9422756247009,7,,40,5.6520786,0,0.6629176
22.00423288450768,88.02142311445132,1847.9422756247009,6,,40,5.9078913,0,1.4903355
22.00423288450768,88.03040626729252,1847.9422756247009,7,,40,6.7103796,0,1.6461129
22.00423288450768,88.0393894201337,1847.9422756247009,7,,40,8.282365,0,1.869266
22.00423288450768,88.0483725729749,1847.9422756247009,4,,80,8.80213,0,2.509748
22.00423288450768,88.08430518433968,1852.4278734262648,2,,60,2.5976968,0,4.9724827
22.00423288450768,88.09328833718088,1852.4278734262648,5,,60,2.2879858,0,2.8847716
22.00423288450768,88.10227149002208,1879.9307411328139,6,,30,2.579495,0,2.2206845
22.00423288450768,88.11125464286327,1879.9307411328139,6,,40,3.2010212,0,1.8958535
22.00423288450768,88.12023779570447,1879.9307411328139,7,,30,2.807885,0,1.8894601
22.00423288450768,88.12922094854567,1879.9307411328139,4,,80,2.1930695,0,4.1160765
22.00423288450768,88.19210301843403,1877.933643660888,0,,80,15.270714,0,5.4624043
22.00423288450768,88.20108617127522,1893.4170813525893,5,,40,14.641314,0,1.867547
22.00423288450768,88.21006932411642,1893.4170813525893,7,,40,15.053995,0,1.6820993
22.00423288450768,88.21905247695761,1893.4170813525893,6,,40,17.085258,0,1.1966848
22.00423288450768,88.22803562979881,1893.4170813525893,6,,40,16.41078,0,0.90384483
22.00423288450768,88.23701878264,1893.4170813525893,5,,40,13.760128,0,0.94530106
22.00423288450768,88.2460019354812,1893.4170813525893,6,,40,10.537282,0,0.20871067
22.00423288450768,88.2549850883224,1897.2471643326521,6,,10,10.188621,0,0.0
22.00423288450768,88.26396824116358,1897.2471643326521,6,,40,9.637418,0,0.0
22.00423288450768,88.27295139400478,1897.2471643326521,6,,10,8.970792,0,0.0
22.00423288450768,88.28193454684597,1897.2471643326521,5,,40,10.15426,0,0.027858734
22.00423288450768,88.29091769968717,1897.2471643326521,6,,40,10.010412,0,0.0
22.00423288450768,88.29990085252837,1897.2471643326521,6,,40,11.424036,0,0.0
22.013216037348876,87.500400249662,1896.0153156514498,9,,40,6.8290777,0,0.0
22.013216037348876,87.50938340250319,1896.0153156514498,7,,40,6.0952826,0,0.0
22.013216037348876,87.51836655534439,1896.0153156514498,8,,40,6.092073,0,0.0
22.013216037348876,87.52734970818558,1896.0153156514498,6,,40,6.784969,0,0.0
22.013216037348876,87.53633286102678,1896.0153156514498,7,,10,12.059873,0,0.0
22.013216037348876,87.54531601386797,1896.0153156514498,9,,10,13.100243,0,0.0
22.013216037348876,87.55429916670917,1908.0687566928996,5,,40,8.646186,0,0.0
22.013216037348876,87.56328231955037,1908.0687566928996,5,,40,7.974173,0,0.0
22.013216037348876,87.57226547239156,1908.0687566928996,5,,40,8.384081,0,0.0
22.013216037348876,87.58124862523275,1908.0687566928996,5,,40,8.328097,0,0.0
22.013216037348876,87.59023177807394,1908.0687566928996,6,,40,8.450628,0,0.0
22.013216037348876,87.59921493091514,1908.0687566928996,4,,40,5.3858438,0,0.0
22.013216037348876,87.60819808375633,1975.2982091800604,3,,40,5.033874,0,0.0
22.013216037348876,87.61718123659753,1975.2982091800604,3,,40,7.041352,0,0.0
22.013216037348876,87.62616438943873,1975.2982091800604,5,,10,8.6827755,80,0.0
22.013216037348876,87.63514754227992,1975.2982091800604,8,,10,7.913078,0,0.0
22.013216037348876,87.64413069512112,1975.2982091800604,3,,40,7.329497,0,0.0
22.013216037348876,87.65311384796232,1960.6935106314877,4,,40,6.2781367,0,0.0
22.013216037348876,87.66209700080351,1960.6935106314877,3,,40,6.227276,0,0.0
22.013216037348876,87.67108015364471,1960.6935106314877,4,,40,6.262121,0,0.0
22.013216037348876,87.6800633064859,1960.6935106314877,4,,10,6.5785007,0,0.0
22.013216037348876,87.68904645932709,1960.6935106314877,5,,10,6.8957167,0,0.0
22.013216037348876,87.69802961216828,1960.6935106314877,6,,10,7.2237854,0,0.0
22.013216037348876,87.70701276500948,1973.1326593508984,4,,10,7.5445843,0,0.0
22.013216037348876,87.71599591785068,1973.1326593508984,5,,40,7.7709484,0,0.0
22.013216037348876,87.72497907069187,1973.1326593508984,7,,40,8.214907,0,0.0
22.013216037348876,87.73396222353307,1973.1326593508984,5,,10,8.534708,0,0.0
22.013216037348876,87.74294537637427,1973.1326593508984,4,,40,9.939625,0,0.0
22.013216037348876,87.75192852921546,1891.8575154603964,4,,40,9.49765,0,0.0
22.013216037348876,87.76091168205666,1891.8575154603964,5,,40,9.005288,0,0.0
22.013216037348876,87.76989483489785,1891.8575154603964,4,,40,8.729519,0,0.0
22.013216037348876,87.77887798773905,1891.8575154603964,5,,40,10.150082,0,0.0
22.013216037348876,87.78786114058025,1891.8575154603964,5,,40,10.727182,0,0.0
22.013216037348876,87.79684429342144,1891.8575154603964,5,,40,10.000487,0,0.0
22.013216037348876,87.80582744626263,1892.2834249379903,6,,10,10.493168,0,0.0
22.013216037348876,87.81481059910382,1892.2834249379903,6,,40,16.636925,0,0.0
22.013216037348876,87.82379375194502,1892.2834249379903,7,,40,12.694513,0,0.0
22.013216037348876,87.83277690478621,1892.2834249379903,6,,40,7.344777,0,0.0
22.013216037348876,87.84176005762741,1892.2834249379903,7,,40,7.8909464,0,0.0
22.013216037348876,87.85074321046861,1920.0085726051393,7,,10,8.565675,0,0.0
22.013216037348876,87.8597263633098,1920.0085726051393,7,,40,5.038841,0,0.0
22.013216037348876,87.868709516151,1920.0085726051393,6,,40,4.076833,0,0.0
22.013216037348876,87.8776926689922,1920.0085726051393,7,,40,4.355165,0,0.0
22.013216037348876,87.88667582183339,1920.0085726051393,7,,40,4.3736463,0,0.0
22.013216037348876,87.89565897467459,1920.0085726051393,6,,40,4.5825276,0,0.0
22.013216037348876,87.90464212751579,1948.7767784882585,7,,40,4.9152956,0,0.0
22.013216037348876,87.91362528035698,1948.7767784882585,6,,10,4.541223,0,0.0
22.013216037348876,87.92260843319816,1948.7767784882585,7,,40,4.4848037,0,0.0
22.013216037348876,87.93159158603936,1948.7767784882585,6,,40,4.2977195,0,0.0
22.013216037348876,87.94057473888056,1948.7767784882585,6,,40,4.7549286,0,0.0
22.013216037348876,87.94955789172175,1948.7767784882585,7,,40,4.9763684,0,0.0
22.013216037348876,87.95854104456295,1993.0983554868935,7,,40,5.0433617,0,0.0
22.013216037348876,87.96752419740415,1993.0983554868935,8,,40,7.489806,0,0.0
22.013216037348876,87.97650735024534,1993.0983554868935,9,,50,11.646151,1096,0.0
22.013216037348876,87.98549050308654,1993.0983554868935,7,,40,5.529934,0,0.1520772
22.013216037348876,87.99447365592773,1993.0983554868935,7,,40,5.447939,0,0.44480324
22.013216037348876,88.00345680876893,1847.9422756247009,8,,10,5.2088346,0,0.341393
22.013216037348876,88.01243996161013,1847.9422756247009,8,,10,5.0556035,0,0.7070017
22.013216037348876,88.02142311445132,1847.9422756247009,7,,40,6.2118764,0,1.4560137
22.013216037348876,88.03040626729252,1847.9422756247009,7,,40,6.8504715,0,1.4270301
22.013216037348876,88.0393894201337,1847.9422756247009,7,,60,7.8795233,0,2.1862245
22.013216037348876,88.0483725729749,1847.9422756247009,5,,60,8.798411,0,2.39505
22.013216037348876,88.0573557258161,1852.4278734262648,1,,80,9.914146,0,6.6075606
22.013216037348876,88.09328833718088,1852.4278734262648,1,,80,2.551438,0,6.431467
22.013216037348876,88.10227149002208,1879.9307411328139,3,,80,2.8282876,0,4.33092
22.013216037348876,88.11125464286327,1879.9307411328139,5,,80,3.0046122,0,2.7428732
22.013216037348876,88.12023779570447,1879.9307411328139,6,,40,2.5974624,0,1.6465502
22.013216037348876,88.12922094854567,1879.9307411328139,6,,40,2.038781,0,1.9714785
22.013216037348876,88.13820410138686,1879.9307411328139,3,,80,2.1059158,0,5.413967
22.013216037348876,88.20108617127522,1893.4170813525893,1,,80,13.868356,0,3.9667795
22.013216037348876,88.21006932411642,1893.4170813525893,5,,40,13.975091,0,2.410191
22.013216037348876,88.21905247695761,1893.4170813525893,6,,10,15.585152,0,1.0322666
22.013216037348876,88.22803562979881,1893.4170813525893,6,,40,17.803524,0,0.88670444
22.013216037348876,88.23701878264,1893.4170813525893,5,,40,15.301619,0,1.2548137
22.013216037348876,88.2460019354812,1893.4170813525893,5,,40,10.806752,0,0.9294853
22.013216037348876,88.2549850883224,1897.2471643326521,5,,40,10.077892,0,0.59196997
22.013216037348876,88.26396824116358,1897.2471643326521,5,,40,9.682569,0,0.2605481
22.013216037348876,88.27295139400478,1897.2471643326521,5,,40,9.773782,0,0.0
22.013216037348876,88.28193454684597,1897.2471643326521,5,,40,9.621288,0,0.0
22.013216037348876,88.29091769968717,1897.2471643326521,5,,40,10.138611,0,0.0
22.013216037348876,88.29990085252837,1897.2471643326521,5,,10,10.909379,411,0.0
22.022199190190072,87.500400249662,1896.0153156514498,7,,40,5.9794807,0,0.0
22.022199190190072,87.50938340250319,1896.0153156514498,6,,40,5.9143047,0,0.0
22.022199190190072,87.51836655534439,1896.0153156514498,6,,40,6.9811044,0,0.0
22.022199190190072,87.52734970818558,1896.0153156514498,6,,40,11.222332,0,0.0
22.022199190190072,87.53633286102678,1896.0153156514498,8,,10,12.368071,0,0.0
22.022199190190072,87.54531601386797,1896.0153156514498,7,,10,12.466,0,0.0
22.022199190190072,87.55429916670917,1908.0687566928996,6,,40,11.043562,0,0.0
22.022199190190072,87.56328231955037,1908.0687566928996,6,,10,8.202225,0,0.0
22.022199190190072,87.57226547239156,1908.0687566928996,8,,40,7.8238926,0,0.0
22.022199190190072,87.58124862523275,1908.0687566928996,6,,40,7.651451,0,0.0
22.022199190190072,87.59023177807394,1908.0687566928996,6,,10,8.582934,434,0.0
22.022199190190072,87.59921493091514,1908.0687566928996,6,,40,6.1755805,0,0.0
22.022199190190072,87.60819808375633,1975.2982091800604,4,,10,7.197876,0,0.0
22.022199190190072,87.61718123659753,1975.2982091800604,3,,10,7.4953594,0,0.0
22.022199190190072,87.62616438943873,1975.2982091800604,5,,40,7.30342,0,0.0
22.022199190190072,87.63514754227992,1975.2982091800604,4,,10,7.6208334,0,0.0
22.022199190190072,87.64413069512112,1975.2982091800604,4,,10,7.4734054,0,0.0
22.022199190190072,87.65311384796232,1960.6935106314877,5,,40,6.217144,0,0.0
22.022199190190072,87.66209700080351,1960.6935106314877,4,,40,6.0420575,0,0.0
22.022199190190072,87.67108015364471,1960.6935106314877,4,,40,5.689133,0,0.0
22.022199190190072,87.6800633064859,1960.6935106314877,4,,40,6.1613398,0,0.0
22.022199190190072,87.68904645932709,1960.6935106314877,4,,40,6.64408,0,0.0
22.022199190190072,87.69802961216828,1960.6935106314877,4,,40,6.8556495,0,0.0
22.022199190190072,87.70701276500948,1973.1326593508984,5,,40,7.3768525,0,0.0
22.022199190190072,87.71599591785068,1973.1326593508984,5,,10,7.4237556,0,0.0
22.022199190190072,87.72497907069187,1973.1326593508984,5,,40,7.319815,0,0.0
22.022199190190072,87.73396222353307,1973.1326593508984,6,,40,7.3556886,0,0.0
22.022199190190072,87.74294537637427,1973.1326593508984,6,,40,7.5037374,0,0.0
22.022199190190072,87.75192852921546,1891.8575154603964,5,,40,7.650598,0,0.0
22.022199190190072,87.76091168205666,1891.8575154603964,6,,40,9.958641,0,0.0
22.022199190190072,87.76989483489785,1891.8575154603964,5,,40,9.597507,0,0.0
22.022199190190072,87.77887798773905,1891.8575154603964,5,,40,10.402477,0,0.0
22.022199190190072,87.78786114058025,1891.8575154603964,5,,40,11.583494,0,0.0
22.022199190190072,87.79684429342144,1891.8575154603964,5,,40,12.583272,0,0.0
22.022199190190072,87.80582744626263,1892.2834249379903,7,,40,18.217794,0,0.0
22.022199190190072,87.81481059910382,1892.2834249379903,6,,10,17.269659,0,0.0
22.022199190190072,87.82379375194502,1892.2834249379903,6,,10,16.620485,3031,0.0
22.022199190190072,87.83277690478621,1892.2834249379903,6,,40,11.290724,0,0.0
22.022199190190072,87.84176005762741,1892.2834249379903,5,,40,9.711369,0,0.0
22.022199190190072,87.85074321046861,1920.0085726051393,7,,40,10.172036,0,0.0
22.022199190190072,87.8597263633098,1920.0085726051393,7,,10,9.66479,0,0.0
22.022199190190072,87.868709516151,1920.0085726051393,7,,40,9.573481,0,0.0
22.022199190190072,87.8776926689922,1920.0085726051393,5,,40,9.333301,0,0.0
22.022199190190072,87.88667582183339,1920.0085726051393,6,,40,9.231906,0,0.0
22.022199190190072,87.89565897467459,1920.0085726051393,6,,40,5.530305,0,0.0
22.022199190190072,87.90464212751579,1948.7767784882585,6,,10,4.5572357,0,0.0
22.022199190190072,87.91362528035698,1948.7767784882585,8,,40,4.463155,0,0.0
22.022199190190072,87.92260843319816,1948.7767784882585,7,,40,4.48574,0,0.0
22.022199190190072,87.93159158603936,1948.7767784882585,7,,40,4.5221214,0,0.0
22.022199190190072,87.94057473888056,1948.7767784882585,7,,40,4.4125996,0,0.0
22.022199190190072,87.94955789172175,1948.7767784882585,8,,40,4.576208,0,0.0
22.022199190190072,87.95854104456295,1993.0983554868935,7,,40,4.6699667,0,0.0
22.022199190190072,87.96752419740415,1993.0983554868935,8,,40,6.0894613,134,0.0
22.022199190190072,87.97650735024534,1993.0983554868935,7,,40,5.2647777,0,0.37650967
22.022199190190072,87.98549050308654,1993.0983554868935,7,,10,4.6842546,0,0.6568885
22.022199190190072,87.99447365592773,1993.0983554868935,6,,40,4.98641,0,1.4553952
22.022199190190072,88.00345680876893,1847.9422756247009,7,,40,4.8734994,0,0.9896054
22.022199190190072,88.01243996161013,1847.9422756247009,6,,40,5.2326007,0,1.6913466
22.022199190190072,88.02142311445132,1847.9422756247009,7,,40,5.53415,0,1.9010229
22.022199190190072,88.03040626729252,1847.9422756247009,6,,60,6.6285663,0,1.8013339
22.022199190190072,88.0483725729749,1847.9422756247009,2,,80,13.849967,0,7.2249827
22.022199190190072,88.0573557258161,1852.4278734262648,8,,50,9.978481,682,3.8044357
22.022199190190072,88.06633887865729,1852.4278734262648,9,,10,3.4448953,0,0.0
22.022199190190072,88.07532203149849,1852.4278734262648,7,,40,4.9850655,0,3.526545
22.022199190190072,88.08430518433968,1852.4278734262648,3,,80,10.635078,0,6.4044356
22.022199190190072,88.12922094854567,1879.9307411328139,2,,40,1.9820956,0,5.2310762
22.022199190190072,88.13820410138686,1879.9307411328139,6,,40,1.9700935,0,1.6485763
22.022199190190072,88.21006932411642,1893.4170813525893,3,,40,11.958947,0,3.020836
22.022199190190072,88.21905247695761,1893.4170813525893,5,,40,12.345052,0,2.3382888
22.022199190190072,88.22803562979881,1893.4170813525893,5,,40,13.950346,0,1.0996914
22.022199190190072,88.23701878264,1893.4170813525893,6,,40,18.827301,0,1.1569533
22.022199190190072,88.2460019354812,1893.4170813525893,5,,40,12.383739,0,1.0595284
22.022199190190072,88.2549850883224,1897.2471643326521,4,,40,16.641525,0,0.8453064
22.022199190190072,88.26396824116358,1897.2471643326521,6,,40,17.244291,335,0.0
22.022199190190072,88.27295139400478,1897.2471643326521,6,,40,11.38005,0,0.0
22.022199190190072,88.28193454684597,1897.2471643326521,6,,40,11.091308,0,0.0
22.022199190190072,88.29091769968717,1897.2471643326521,6,,40,11.270772,0,0.0
22.022199190190072,88.29990085252837,1897.2471643326521,6,,10,11.801667,0,0.0
22.031182343031265,87.500400249662,1896.0153156514498,7,,40,7.656055,0,0.0
22.031182343031265,87.50938340250319,1896.0153156514498,8,,40,8.094769,0,0.0
22.031182343031265,87.51836655534439,1896.0153156514498,6,,40,9.027144,0,0.0
22.031182343031265,87.52734970818558,1896.0153156514498,6,,40,8.7310915,0,0.0
22.031182343031265,87.53633286102678,1896.0153156514498,6,,40,8.488123,0,0.0
22.031182343031265,87.54531601386797,1896.0153156514498,5,,40,8.435759,0,0.0
22.031182343031265,87.55429916670917,1908.0687566928996,6,,40,11.490982,0,0.0
22.031182343031265,87.56328231955037,1908.0687566928996,5,,40,10.023926,0,0.0
22.031182343031265,87.57226547239156,1908.0687566928996,4,,40,6.4902124,0,0.0
22.031182343031265,87.58124862523275,1908.0687566928996,5,,40,6.95942,0,0.0
22.031182343031265,87.59023177807394,1908.0687566928996,6,,10,8.055882,0,0.0
22.031182343031265,87.59921493091514,1908.0687566928996,4,,40,6.192546,0,0.0
22.031182343031265,87.60819808375633,1975.2982091800604,4,,40,7.3729415,0,0.0
22.031182343031265,87.61718123659753,1975.2982091800604,5,,40,7.5892243,0,0.0
22.031182343031265,87.62616438943873,1975.2982091800604,3,,40,7.8639183,0,0.0
22.031182343031265,87.63514754227992,1975.2982091800604,3,,40,8.369931,0,0.0
22.031182343031265,87.64413069512112,1975.2982091800604,4,,40,7.7989545,0,0.0
22.031182343031265,87.65311384796232,1960.6935106314877,3,,10,6.2059135,0,0.0
22.031182343031265,87.66209700080351,1960.6935106314877,3,,40,6.0291104,0,0.0
22.031182343031265,87.67108015364471,1960.6935106314877,3,,10,5.938486,0,0.0
22.031182343031265,87.6800633064859,1960.6935106314877,3,,40,6.090404,0,0.0
22.031182343031265,87.68904645932709,1960.6935106314877,4,,40,6.1310344,0,0.0
22.031182343031265,87.69802961216828,1960.6935106314877,5,,40,6.203292,0,0.0
22.031182343031265,87.70701276500948,1973.1326593508984,5,,40,7.410384,0,0.0
22.031182343031265,87.71599591785068,1973.1326593508984,4,,10,7.5070944,0,0.0
22.031182343031265,87.72497907069187,1973.1326593508984,6,,40,7.153986,0,0.0
22.031182343031265,87.73396222353307,1973.1326593508984,6,,40,7.2744102,0,0.0
22.031182343031265,87.74294537637427,1973.1326593508984,5,,40,7.2002463,0,0.0
22.031182343031265,87.75192852921546,1891.8575154603964,5,,40,7.135581,0,0.0
22.031182343031265,87.76091168205666,1891.8575154603964,6,,40,9.575086,0,0.0
22.031182343031265,87.76989483489785,1891.8575154603964,5,,10,10.132284,0,0.0
22.031182343031265,87.77887798773905,1891.8575154603964,5,,40,10.849742,0,0.0
22.031182343031265,87.78786114058025,1891.8575154603964,6,,10,14.457074,0,0.0
22.031182343031265,87.79684429342144,1891.8575154603964,7,,40,20.51202,0,0.0
22.031182343031265,87.80582744626263,1892.2834249379903,6,,10,19.51552,1411,0.0
22.031182343031265,87.81481059910382,1892.2834249379903,5,,40,17.597118,0,0.0
22.031182343031265,87.82379375194502,1892.2834249379903,6,,40,15.485523,0,0.0
22.031182343031265,87.83277690478621,1892.2834249379903,7,,40,14.575646,0,0.0
22.031182343031265,87.84176005762741,1892.2834249379903,7,,40,11.676827,0,0.0
22.031182343031265,87.85074321046861,1920.0085726051393,7,,40,11.34528,0,0.0
22.031182343031265,87.8597263633098,1920.0085726051393,7,,40,9.414709,0,0.0
22.031182343031265,87.868709516151,1920.0085726051393,7,,40,9.714491,0,0.0
22.031182343031265,87.8776926689922,1920.0085726051393,6,,40,9.548861,0,0.0
22.031182343031265,87.88667582183339,1920.0085726051393,7,,40,9.808063,0,0.0
22.031182343031265,87.89565897467459,1920.0085726051393,7,,40,9.598697,0,0.0
22.031182343031265,87.90464212751579,1948.7767784882585,6,,40,6.7950664,0,0.0
22.031182343031265,87.91362528035698,1948.7767784882585,7,,40,4.446249,0,0.0
22.031182343031265,87.92260843319816,1948.7767784882585,7,,40,4.6405015,0,0.0
22.031182343031265,87.93159158603936,1948.7767784882585,7,,10,4.5248756,0,0.0
22.031182343031265,87.94057473888056,1948.7767784882585,7,,40,4.2961187,0,0.0
22.031182343031265,87.94955789172175,1948.7767784882585,7,,40,4.3449297,0,0.0
22.031182343031265,87.95854104456295,1993.0983554868935,6,,40,4.4598627,0,0.0
22.031182343031265,87.96752419740415,1993.0983554868935,7,,40,6.1228786,0,0.0
22.031182343031265,87.97650735024534,1993.0983554868935,7,,40,5.3057985,0,0.13835907
22.031182343031265,87.98549050308654,1993.0983554868935,8,,40,4.6934757,0,0.08715439
22.031182343031265,87.99447365592773,1993.0983554868935,7,,10,4.6785345,0,0.606596
22.031182343031265,88.00345680876893,1847.9422756247009,8,,10,5.6549835,0,0.73197794
22.031182343031265,88.01243996161013,1847.9422756247009,8,,40,5.9478207,0,1.431891
22.031182343031265,88.02142311445132,1847.9422756247009,6,,40,6.2524147,0,1.6004677
22.031182343031265,88.03040626729252,1847.9422756247009,1,,80,6.676753,0,5.654514
22.031182343031265,88.0393894201337,1847.9422756247009,2,,80,10.823583,0,7.8992796
22.031182343031265,88.0483725729749,1847.9422756247009,7,,50,18.569475,0,4.0275607
22.031182343031265,88.0573557258161,1852.4278734262648,9,,50,12.212297,3069,0.7510028
22.031182343031265,88.06633887865729,1852.4278734262648,7,,40,4.0987267,0,0.0
22.031182343031265,88.07532203149849,1852.4278734262648,7,,30,8.906833,0,2.2236543
22.031182343031265,88.08430518433968,1852.4278734262648,6,,10,17.773115,0,1.668498
22.031182343031265,88.09328833718088,1852.4278734262648,8,,10,23.290022,0,3.798889
22.031182343031265,88.10227149002208,1879.9307411328139,2,,80,21.478409,0,7.48092
22.031182343031265,88.21006932411642,1893.4170813525893,1,,80,10.956949,0,4.409045
22.031182343031265,88.21905247695761,1893.4170813525893,5,,40,12.035003,0,2.4954019
22.031182343031265,88.22803562979881,1893.4170813525893,5,,40,11.541297,0,1.361372
22.031182343031265,88.23701878264,1893.4170813525893,6,,40,19.637714,0,0.6794276
22.031182343031265,88.2460019354812,1893.4170813525893,7,,10,14.763217,1199,0.25560856
22.031182343031265,88.2549850883224,1897.2471643326521,5,,40,12.505975,0,0.56906605
22.031182343031265,88.26396824116358,1897.2471643326521,5,,40,11.552165,0,0.35049343
22.031182343031265,88.27295139400478,1897.2471643326521,5,,40,10.109864,0,0.14987755
22.031182343031265,88.28193454684597,1897.2471643326521,5,,40,9.349134,0,0.0
22.031182343031265,88.29091769968717,1897.2471643326521,6,,40,9.411568,0,0.0
22.031182343031265,88.29990085252837,1897.2471643326521,5,,40,11.701021,0,0.0
22.04016549587246,87.500400249662,1896.0153156514498,6,,10,14.177006,0,0.0
22.04016549587246,87.50938340250319,1896.0153156514498,8,,10,11.214983,0,0.0
22.04016549587246,87.51836655534439,1896.0153156514498,8,,40,8.319047,0,0.0
22.04016549587246,87.52734970818558,1896.0153156514498,6,,40,6.472425,0,0.0
22.04016549587246,87.53633286102678,1896.0153156514498,7,,10,7.392845,0,0.0
22.04016549587246,87.54531601386797,1896.0153156514498,7,,10,7.22655,0,0.0
22.04016549587246,87.55429916670917,1908.0687566928996,8,,10,9.023987,0,0.0
22.04016549587246,87.56328231955037,1908.0687566928996,6,,40,10.866912,0,0.0
22.04016549587246,87.57226547239156,1908.0687566928996,4,,40,9.687167,0,0.0
22.04016549587246,87.58124862523275,1908.0687566928996,5,,10,8.055711,0,0.0
22.04016549587246,87.59023177807394,1908.0687566928996,6,,10,8.18665,0,0.0
22.04016549587246,87.59921493091514,1908.0687566928996,5,,10,7.4104,0,0.0
22.04016549587246,87.60819808375633,1975.2982091800604,4,,40,8.014898,0,0.0
22.04016549587246,87.61718123659753,1975.2982091800604,5,,40,7.973528,0,0.0
22.04016549587246,87.62616438943873,1975.2982091800604,4,,40,7.862002,0,0.0
22.04016549587246,87.63514754227992,1975.2982091800604,3,,10,8.4061985,0,0.0
22.04016549587246,87.64413069512112,1975.2982091800604,4,,40,7.837935,0,0.0
22.04016549587246,87.65311384796232,1960.6935106314877,2,,40,7.05485,0,0.0
22.04016549587246,87.66209700080351,1960.6935106314877,4,,10,6.416408,0,0.0
22.04016549587246,87.67108015364471,1960.6935106314877,4,,10,5.960431,0,0.0
22.04016549587246,87.6800633064859,1960.6935106314877,3,,40,5.905719,0,0.0
22.04016549587246,87.68904645932709,1960.6935106314877,4,,40,5.940575,0,0.0
22.04016549587246,87.69802961216828,1960.6935106314877,4,,40,6.0909786,0,0.0
22.04016549587246,87.70701276500948,1973.1326593508984,6,,10,7.9951,0,0.0
22.04016549587246,87.71599591785068,1973.1326593508984,5,,10,8.595254,0,0.0
22.04016549587246,87.72497907069187,1973.1326593508984,7,,40,7.4805336,0,0.0
22.04016549587246,87.73396222353307,1973.1326593508984,6,,40,7.7361355,0,0.0
22.04016549587246,87.74294537637427,1973.1326593508984,5,,10,7.290802,0,0.0
22.04016549587246,87.75192852921546,1891.8575154603964,5,,10,7.7532196,0,0.0
22.04016549587246,87.76091168205666,1891.8575154603964,5,,40,9.714167,0,0.0
22.04016549587246,87.76989483489785,1891.8575154603964,6,,40,10.930115,0,0.0
22.04016549587246,87.77887798773905,1891.8575154603964,6,,40,14.333585,0,0.0
22.04016549587246,87.78786114058025,1891.8575154603964,6,,10,17.462248,0,0.0
22.04016549587246,87.79684429342144,1891.8575154603964,5,,40,20.121964,0,0.0
22.04016549587246,87.80582744626263,1892.2834249379903,5,,40,13.716351,0,0.0
22.04016549587246,87.81481059910382,1892.2834249379903,6,,10,14.798149,0,0.0
22.04016549587246,87.82379375194502,1892.2834249379903,6,,10,15.077094,0,0.0
22.04016549587246,87.83277690478621,1892.2834249379903,6,,10,16.873764,0,0.0
22.04016549587246,87.84176005762741,1892.2834249379903,6,,40,12.86536,0,0.0
22.04016549587246,87.85074321046861,1920.0085726051393,6,,40,11.785756,0,0.0
22.04016549587246,87.8597263633098,1920.0085726051393,6,,40,9.40463,0,0.0
22.04016549587246,87.868709516151,1920.0085726051393,7,,10,9.723718,0,0.0
22.04016549587246,87.8776926689922,1920.0085726051393,6,,40,9.727334,0,0.0
22.04016549587246,87.88667582183339,1920.0085726051393,6,,40,9.918549,0,0.0
22.04016549587246,87.89565897467459,1920.0085726051393,7,,40,9.720943,955,0.0
22.04016549587246,87.90464212751579,1948.7767784882585,7,,10,10.528677,864,0.0
22.04016549587246,87.91362528035698,1948.7767784882585,6,,40,4.613076,0,0.0
22.04016549587246,87.92260843319816,1948.7767784882585,7,,40,5.185134,0,0.0
22.04016549587246,87.93159158603936,1948.7767784882585,8,,10,4.595206,0,0.0
22.04016549587246,87.94057473888056,1948.7767784882585,6,,40,4.111314,0,0.0
22.04016549587246,87.94955789172175,1948.7767784882585,7,,40,4.147924,0,0.0
22.04016549587246,87.95854104456295,1993.0983554868935,7,,40,4.2906647,0,0.0
22.04016549587246,87.96752419740415,1993.0983554868935,6,,40,4.6166396,0,0.20217848
22.04016549587246,87.97650735024534,1993.0983554868935,6,,40,4.613002,0,1.1105046
22.04016549587246,87.98549050308654,1993.0983554868935,8,,10,4.6977377,0,0.34164333
22.04016549587246,87.99447365592773,1993.0983554868935,7,,10,4.620113,0,0.97911024
22.04016549587246,88.00345680876893,1847.9422756247009,8,,40,5.2765636,0,1.1007404
22.04016549587246,88.01243996161013,1847.9422756247009,7,,40,7.179958,0,1.3705516
22.04016549587246,88.02142311445132,1847.9422756247009,1,,80,7.2224493,0,5.416936
22.04016549587246,88.0393894201337,1847.9422756247009,7,,40,11.765881,0,4.392639
22.04016549587246,88.0483725729749,1847.9422756247009,8,,10,9.398408,0,1.0772591
22.04016549587246,88.0573557258161,1852.4278734262648,7,,50,4.373904,2227,0.8485398
22.04016549587246,88.06633887865729,1852.4278734262648,7,,10,4.272437,0,0.73331976
22.04016549587246,88.07532203149849,1852.4278734262648,7,,30,6.3912873,0,1.8760014
22.04016549587246,88.08430518433968,1852.4278734262648,7,,60,19.28779,0,0.35451365
22.04016549587246,88.09328833718088,1852.4278734262648,10,,60,27.987875,2772,0.0
22.04016549587246,88.10227149002208,1879.9307411328139,9,,50,33.20624,3183,1.3135762
22.04016549587246,88.11125464286327,1879.9307411328139,5,,50,23.868277,6149,6.435295
22.04016549587246,88.21905247695761,1893.4170813525893,4,,40,11.362306,0,2.6843135
22.04016549587246,88.22803562979881,1893.4170813525893,5,,40,11.493695,0,2.069436
22.04016549587246,88.23701878264,1893.4170813525893,5,,40,16.077557,0,1.653954
22.04016549587246,88.2460019354812,1893.4170813525893,6,,40,16.15459,0,0.6383624
22.04016549587246,88.2549850883224,1897.2471643326521,6,,10,12.624222,0,0.767848
22.04016549587246,88.26396824116358,1897.2471643326521,4,,40,11.119805,0,0.9136629
22.04016549587246,88.27295139400478,1897.2471643326521,4,,40,10.1159935,0,0.52369547
22.04016549587246,88.28193454684597,1897.2471643326521,5,,40,9.164287,0,0.0
22.04016549587246,88.29091769968717,1897.2471643326521,5,,10,9.545319,0,0.0
22.04016549587246,88.29990085252837,1897.2471643326521,5,,40,11.953825,0,0.0
22.049148648713658,87.500400249662,1896.0153156514498,7,,10,6.5418787,0,0.0
22.049148648713658,87.50938340250319,1896.0153156514498,4,,40,6.0465193,0,0.0
22.049148648713658,87.51836655534439,1896.0153156514498,7,,40,6.624989,0,0.0
22.049148648713658,87.52734970818558,1896.0153156514498,8,,10,6.2674847,0,0.0
22.049148648713658,87.53633286102678,1896.0153156514498,6,,40,5.9519715,0,0.0
22.049148648713658,87.54531601386797,1896.0153156514498,6,,40,5.586467,0,0.0
22.049148648713658,87.55429916670917,1908.0687566928996,6,,40,5.3893332,0,0.0
22.049148648713658,87.56328231955037,1908.0687566928996,6,,10,5.7603173,0,0.0
22.049148648713658,87.57226547239156,1908.0687566928996,5,,10,7.559062,0,0.0
22.049148648713658,87.58124862523275,1908.0687566928996,6,,10,11.662413,0,0.0
22.049148648713658,87.59023177807394,1908.0687566928996,5,,40,15.40716,0,0.0
22.049148648713658,87.59921493091514,1908.0687566928996,6,,10,18.847935,0,0.0
22.049148648713658,87.60819808375633,1975.2982091800604,5,,10,10.587152,0,0.0
22.049148648713658,87.61718123659753,1975.2982091800604,4,,40,9.322797,0,0.0
22.049148648713658,87.62616438943873,1975.2982091800604,6,,40,8.267021,0,0.0
22.049148648713658,87.63514754227992,1975.2982091800604,5,,40,8.878017,0,0.0
22.049148648713658,87.64413069512112,1975.2982091800604,4,,40,7.709955,0,0.0
22.049148648713658,87.65311384796232,1960.6935106314877,2,,40,7.700781,0,0.0
22.049148648713658,87.66209700080351,1960.6935106314877,4,,40,8.572608,0,0.0
22.049148648713658,87.67108015364471,1960.6935106314877,4,,10,8.524677,0,0.0
22.049148648713658,87.6800633064859,1960.6935106314877,4,,10,7.4978666,0,0.0
22.049148648713658,87.68904645932709,1960.6935106314877,4,,40,7.505086,0,0.0
22.049148648713658,87.69802961216828,1960.6935106314877,4,,40,6.885927,0,0.0
22.049148648713658,87.70701276500948,1973.1326593508984,6,,40,9.816513,0,0.0
22.049148648713658,87.71599591785068,1973.1326593508984,4,,10,10.102421,0,0.0
22.049148648713658,87.72497907069187,1973.1326593508984,6,,40,9.407932,0,0.0
22.049148648713658,87.73396222353307,1973.1326593508984,6,,40,9.363474,0,0.0
22.049148648713658,87.74294537637427,1973.1326593508984,6,,40,10.078973,0,0.0
22.049148648713658,87.75192852921546,1891.8575154603964,5,,10,10.487162,0,0.0
22.049148648713658,87.76091168205666,1891.8575154603964,6,,40,10.729706,0,0.0
22.049148648713658,87.76989483489785,1891.8575154603964,5,,40,12.500388,0,0.0
22.049148648713658,87.77887798773905,1891.8575154603964,8,,10,24.335283,0,0.0
22.049148648713658,87.78786114058025,1891.8575154603964,6,,40,13.465179,0,0.0
22.049148648713658,87.79684429342144,1891.8575154603964,4,,40,11.840673,0,0.0
22.049148648713658,87.80582744626263,1892.2834249379903,6,,40,13.041236,0,0.0
22.049148648713658,87.81481059910382,1892.2834249379903,6,,40,13.584084,0,0.0
22.049148648713658,87.82379375194502,1892.2834249379903,5,,40,13.477251,0,0.0
22.049148648713658,87.83277690478621,1892.2834249379903,6,,40,13.980335,0,0.0
22.049148648713658,87.84176005762741,1892.2834249379903,6,,40,14.490803,0,0.0
22.049148648713658,87.85074321046861,1920.0085726051393,6,,40,12.400392,0,0.0
22.049148648713658,87.8597263633098,1920.0085726051393,6,,10,10.333422,0,0.0
22.049148648713658,87.868709516151,1920.0085726051393,6,,40,9.774427,0,0.0
22.049148648713658,87.8776926689922,1920.0085726051393,7,,40,10.150766,0,0.0
22.049148648713658,87.88667582183339,1920.0085726051393,6,,40,9.785217,0,0.0
22.049148648713658,87.89565897467459,1920.0085726051393,6,,40,10.449532,0,0.0
22.049148648713658,87.90464212751579,1948.7767784882585,8,,10,11.749408,0,0.0
22.049148648713658,87.91362528035698,1948.7767784882585,7,,10,5.2821274,0,0.0
22.049148648713658,87.92260843319816,1948.7767784882585,7,,40,4.567432,0,0.0
22.049148648713658,87.93159158603936,1948.7767784882585,7,,10,4.7831335,0,0.0
22.049148648713658,87.94057473888056,1948.7767784882585,7,,10,4.4080896,0,0.0
22.049148648713658,87.94955789172175,1948.7767784882585,7,,10,4.3069105,0,0.0
22.049148648713658,87.95854104456295,1993.0983554868935,7,,40,4.2430863,0,0.1923151
22.049148648713658,87.96752419740415,1993.0983554868935,7,,10,4.2705975,0,0.45716667
22.049148648713658,87.97650735024534,1993.0983554868935,7,,40,4.2866235,0,0.74833536
22.049148648713658,87.98549050308654,1993.0983554868935,7,,40,4.8995595,0,0.13799
22.049148648713658,87.99447365592773,1993.0983554868935,6,,40,4.5409136,0,1.8904572
22.049148648713658,88.00345680876893,1847.9422756247009,6,,40,4.9576154,0,1.8855019
22.049148648713658,88.01243996161013,1847.9422756247009,7,,10,7.117939,0,1.4803581
22.049148648713658,88.03040626729252,1847.9422756247009,6,,80,10.777584,0,5.031233
22.049148648713658,88.0393894201337,1847.9422756247009,8,,10,20.051727,0,1.4179015
22.049148648713658,88.0483725729749,1847.9422756247009,7,,40,8.454506,329,1.2147055
22.049148648713658,88.0573557258161,1852.4278734262648,8,,40,4.498514,0,0.9728322
22.049148648713658,88.06633887865729,1852.4278734262648,7,,50,8.109522,568,0.89399815
22.049148648713658,88.07532203149849,1852.4278734262648,7,,50,8.68236,0,2.1014252
22.049148648713658,88.08430518433968,1852.4278734262648,7,,30,11.90944,295,1.1842008
22.049148648713658,88.09328833718088,1852.4278734262648,9,,10,22.55287,37,0.0
22.049148648713658,88.10227149002208,1879.9307411328139,9,,50,23.222378,955,0.0
22.049148648713658,88.11125464286327,1879.9307411328139,10,,50,32.97975,5631,0.0
22.049148648713658,88.12023779570447,1879.9307411328139,9,,10,23.623743,0,3.1147482
22.049148648713658,88.12922094854567,1879.9307411328139,2,,80,28.848953,0,7.3857636
22.049148648713658,88.21905247695761,1893.4170813525893,3,,10,11.389684,0,2.846284
22.049148648713658,88.22803562979881,1893.4170813525893,6,,40,11.56324,0,1.8785486
22.049148648713658,88.23701878264,1893.4170813525893,5,,40,13.3520775,0,2.0838947
22.049148648713658,88.2460019354812,1893.4170813525893,6,,40,16.94792,0,1.0297089
22.049148648713658,88.2549850883224,1897.2471643326521,4,,40,12.6018715,0,0.9485698
22.049148648713658,88.26396824116358,1897.2471643326521,5,,40,11.759061,0,0.8448529
22.049148648713658,88.27295139400478,1897.2471643326521,6,,40,13.393732,0,0.07597923
22.049148648713658,88.28193454684597,1897.2471643326521,5,,40,14.849515,0,0.0
22.049148648713658,88.29091769968717,1897.2471643326521,6,,40,12.504863,0,0.0
22.049148648713658,88.29990085252837,1897.2471643326521,4,,40,11.333642,0,0.0
22.05813180155485,87.500400249662,1892.7665511851865,8,,40,5.786716,0,0.0
22.05813180155485,87.50938340250319,1892.7665511851865,6,,40,6.594793,0,0.0
22.05813180155485,87.51836655534439,1892.7665511851865,4,,40,6.5774117,0,0.0
22.05813180155485,87.52734970818558,1892.7665511851865,6,,40,6.968405,0,0.0
22.05813180155485,87.53633286102678,1892.7665511851865,6,,40,5.905519,0,0.0
22.05813180155485,87.54531601386797,1892.7665511851865,7,,40,4.7043047,0,0.0
22.05813180155485,87.55429916670917,1912.2064845474533,5,,40,4.170537,0,0.0
22.05813180155485,87.56328231955037,1912.2064845474533,5,,10,5.6217175,0,0.0
22.05813180155485,87.57226547239156,1912.2064845474533,6,,40,6.9037147,0,0.0
22.05813180155485,87.58124862523275,1912.2064845474533,5,,40,8.141488,0,0.0
22.05813180155485,87.59023177807394,1912.2064845474533,4,,40,12.46134,0,0.0
22.05813180155485,87.59921493091514,1912.2064845474533,7,,10,29.96809,1,0.0
22.05813180155485,87.60819808375633,1935.5747440088298,6,,10,18.514702,672,0.0
22.05813180155485,87.61718123659753,1935.5747440088298,4,,40,9.736825,0,0.0
22.05813180155485,87.62616438943873,1935.5747440088298,3,,40,7.8491945,0,0.0
22.05813180155485,87.63514754227992,1935.5747440088298,3,,40,8.5113325,0,0.0
22.05813180155485,87.64413069512112,1935.5747440088298,4,,40,7.940878,0,0.0
22.05813180155485,87.65311384796232,1931.35162953587,3,,40,8.651488,0,0.0
22.05813180155485,87.66209700080351,1931.35162953587,5,,10,8.818049,0,0.0
22.05813180155485,87.67108015364471,1931.35162953587,4,,40,8.464544,0,0.0
22.05813180155485,87.6800633064859,1931.35162953587,5,,10,8.526631,0,0.0
22.05813180155485,87.68904645932709,1931.35162953587,4,,40,8.633397,0,0.0
22.05813180155485,87.69802961216828,1931.35162953587,4,,40,8.232567,0,0.0
22.05813180155485,87.70701276500948,1936.086446996826,6,,40,10.146791,0,0.0
22.05813180155485,87.71599591785068,1936.086446996826,5,,10,11.0933695,199,0.0
22.05813180155485,87.72497907069187,1936.086446996826,5,,40,10.297526,0,0.0
22.05813180155485,87.73396222353307,1936.086446996826,5,,40,9.424145,0,0.0
22.05813180155485,87.74294537637427,1936.086446996826,5,,40,9.939232,0,0.0
22.05813180155485,87.75192852921546,1876.7983067254277,5,,40,10.510615,0,0.0
22.05813180155485,87.76091168205666,1876.7983067254277,5,,40,11.30352,0,0.0
22.05813180155485,87.76989483489785,1876.7983067254277,6,,40,13.074799,0,0.0
22.05813180155485,87.77887798773905,1876.7983067254277,6,,10,28.79127,0,0.0
22.05813180155485,87.78786114058025,1876.7983067254277,5,,10,14.912372,0,0.0
22.05813180155485,87.79684429342144,1876.7983067254277,6,,10,12.13777,0,0.0
22.05813180155485,87.80582744626263,1848.1519280034668,6,,40,11.890669,0,0.0
22.05813180155485,87.81481059910382,1848.1519280034668,6,,40,12.447086,0,0.0
22.05813180155485,87.82379375194502,1848.1519280034668,6,,40,11.880094,0,0.0
22.05813180155485,87.83277690478621,1848.1519280034668,6,,40,11.202263,564,0.0
22.05813180155485,87.84176005762741,1848.1519280034668,5,,40,12.221097,0,0.0
22.05813180155485,87.85074321046861,1917.9177744947424,7,,10,13.339112,0,0.0
22.05813180155485,87.8597263633098,1917.9177744947424,6,,10,10.498573,470,0.0
22.05813180155485,87.868709516151,1917.9177744947424,6,,40,10.418908,0,0.0
22.05813180155485,87.8776926689922,1917.9177744947424,6,,10,9.950224,0,0.0
22.05813180155485,87.88667582183339,1917.9177744947424,7,,40,9.724197,0,0.0
22.05813180155485,87.89565897467459,1917.9177744947424,6,,40,10.361503,0,0.0
22.05813180155485,87.90464212751579,1921.1299129185668,7,,40,10.845391,0,0.0
22.05813180155485,87.91362528035698,1921.1299129185668,7,,40,4.955633,0,0.0
22.05813180155485,87.92260843319816,1921.1299129185668,6,,40,4.817196,0,0.0
22.05813180155485,87.93159158603936,1921.1299129185668,7,,40,4.6729813,0,0.0
22.05813180155485,87.94057473888056,1921.1299129185668,7,,40,4.3556204,0,0.0
22.05813180155485,87.94955789172175,1921.1299129185668,8,,10,4.3642817,0,0.0
22.05813180155485,87.95854104456295,1976.3385506410941,7,,40,4.404894,0,0.42069817
22.05813180155485,87.96752419740415,1976.3385506410941,7,,40,4.3143153,0,0.9583769
22.05813180155485,87.97650735024534,1976.3385506410941,7,,10,4.4957237,0,0.8124418
22.05813180155485,87.98549050308654,1976.3385506410941,7,,40,5.0737123,0,1.2319708
22.05813180155485,87.99447365592773,1976.3385506410941,7,,40,5.3866434,0,1.7127848
22.05813180155485,88.00345680876893,1853.0934096947483,7,,40,6.156395,0,2.1450052
22.05813180155485,88.01243996161013,1853.0934096947483,5,,40,7.305031,0,2.242795
22.05813180155485,88.03040626729252,1853.0934096947483,4,,80,5.301372,0,5.390295
22.05813180155485,88.0393894201337,1853.0934096947483,8,,10,6.3335047,0,0.32602072
22.05813180155485,88.0483725729749,1853.0934096947483,8,,10,8.958943,0,0.0070033073
22.05813180155485,88.0573557258161,1814.9745279002586,8,,10,4.057705,331,0.45526886
22.05813180155485,88.06633887865729,1814.9745279002586,9,,10,9.125946,1034,0.04282856
22.05813180155485,88.07532203149849,1814.9745279002586,7,,50,13.555487,96,1.3131309
22.05813180155485,88.08430518433968,1814.9745279002586,8,,40,15.936756,2,0.769145
22.05813180155485,88.09328833718088,1814.9745279002586,8,,10,21.96194,2016,0.38698435
22.05813180155485,88.10227149002208,1848.0715557963836,7,,10,17.531836,0,1.0736642
22.05813180155485,88.11125464286327,1848.0715557963836,8,,10,19.278128,4868,0.25160408
22.05813180155485,88.12023779570447,1848.0715557963836,8,,10,20.549257,0,0.0
22.05813180155485,88.12922094854567,1848.0715557963836,7,,50,38.42296,1975,2.5111547
22.05813180155485,88.13820410138686,1848.0715557963836,5,,50,42.655037,0,5.163889
22.05813180155485,88.14718725422806,1848.0715557963836,2,,80,17.673338,0,7.2617016
22.05813180155485,88.21905247695761,1838.4290602606368,1,,80,12.839288,0,4.1462326
22.05813180155485,88.22803562979881,1838.4290602606368,4,,40,13.927246,0,2.7520363
22.05813180155485,88.23701878264,1838.4290602606368,5,,40,14.902996,0,2.524269
22.05813180155485,88.2460019354812,1838.4290602606368,6,,40,16.167223,0,1.5237675
22.05813180155485,88.2549850883224,1825.3743729390699,4,,40,13.525525,0,1.9732656
22.05813180155485,88.26396824116358,1825.3743729390699,5,,40,13.731649,0,1.0551858
22.05813180155485,88.27295139400478,1825.3743729390699,5,,40,12.399506,0,0.22984028
22.05813180155485,88.28193454684597,1825.3743729390699,4,,40,12.632448,0,0.0
22.05813180155485,88.29091769968717,1825.3743729390699,4,,40,10.675817,0,0.0
22.05813180155485,88.29990085252837,1825.3743729390699,4,,40,9.673382,0,0.0
22.067114954396047,87.500400249662,1892.7665511851865,10,,40,5.6847734,0,0.0
22.067114954396047,87.50938340250319,1892.7665511851865,9,,40,6.64332,0,0.0
22.067114954396047,87.51836655534439,1892.7665511851865,7,,40,7.496785,0,0.0
22.067114954396047,87.52734970818558,1892.7665511851865,4,,40,8.139906,0,0.0
22.067114954396047,87.53633286102678,1892.7665511851865,7,,10,7.7274704,0,0.0
22.067114954396047,87.54531601386797,1892.7665511851865,6,,10,7.6540775,0,0.0
22.067114954396047,87.55429916670917,1912.2064845474533,6,,10,6.0490975,131,0.0
22.067114954396047,87.56328231955037,1912.2064845474533,6,,10,6.4223614,561,0.0
22.067114954396047,87.57226547239156,1912.2064845474533,6,,40,6.2394953,0,0.0
22.067114954396047,87.58124862523275,1912.2064845474533,3,,40,7.0092525,0,0.0
22.067114954396047,87.59023177807394,1912.2064845474533,3,,40,9.5795765,0,0.0
22.067114954396047,87.59921493091514,1912.2064845474533,4,,40,26.150717,0,0.0
22.067114954396047,87.60819808375633,1935.5747440088298,4,,40,18.174877,0,0.0
22.067114954396047,87.61718123659753,1935.5747440088298,4,,40,10.246729,0,0.0
22.067114954396047,87.62616438943873,1935.5747440088298,4,,40,8.11526,0,0.0
22.067114954396047,87.63514754227992,1935.5747440088298,2,,40,8.26545,0,0.0
22.067114954396047,87.64413069512112,1935.5747440088298,3,,40,8.075543,0,0.0
22.067114954396047,87.65311384796232,1931.35162953587,3,,40,9.024632,0,0.0
22.067114954396047,87.66209700080351,1931.35162953587,4,,40,9.226941,0,0.0
22.067114954396047,87.67108015364471,1931.35162953587,4,,40,8.398226,0,0.0
22.067114954396047,87.6800633064859,1931.35162953587,4,,40,7.9819345,0,0.0
22.067114954396047,87.68904645932709,1931.35162953587,5,,40,7.871326,0,0.0
22.067114954396047,87.69802961216828,1931.35162953587,4,,40,8.061046,0,0.0
22.067114954396047,87.70701276500948,1936.086446996826,5,,10,10.531228,0,0.0
22.067114954396047,87.71599591785068,1936.086446996826,6,,40,10.961267,0,0.0
22.067114954396047,87.72497907069187,1936.086446996826,5,,40,10.370594,0,0.0
22.067114954396047,87.73396222353307,1936.086446996826,5,,10,9.984018,0,0.0
22.067114954396047,87.74294537637427,1936.086446996826,5,,40,10.679746,0,0.0
22.067114954396047,87.75192852921546,1876.7983067254277,5,,40,10.582722,0,0.0
22.067114954396047,87.76091168205666,1876.7983067254277,5,,40,11.587564,0,0.0
22.067114954396047,87.76989483489785,1876.7983067254277,5,,40,15.706656,0,0.0
22.067114954396047,87.77887798773905,1876.7983067254277,6,,40,17.312738,0,0.0
22.067114954396047,87.78786114058025,1876.7983067254277,5,,10,12.425995,0,0.0
22.067114954396047,87.79684429342144,1876.7983067254277,6,,40,11.618488,0,0.0
22.067114954396047,87.80582744626263,1848.1519280034668,5,,40,10.94765,0,0.0
22.067114954396047,87.81481059910382,1848.1519280034668,7,,10,11.1123905,0,0.0
22.067114954396047,87.82379375194502,1848.1519280034668,5,,10,11.114511,0,0.0
22.067114954396047,87.83277690478621,1848.1519280034668,5,,40,10.983815,0,0.0
22.067114954396047,87.84176005762741,1848.1519280034668,4,,40,11.90522,0,0.0
22.067114954396047,87.85074321046861,1917.9177744947424,6,,10,13.761841,0,0.0
22.067114954396047,87.8597263633098,1917.9177744947424,5,,40,10.604061,0,0.0
22.067114954396047,87.868709516151,1917.9177744947424,6,,40,10.899042,0,0.0
22.067114954396047,87.8776926689922,1917.9177744947424,6,,10,10.692012,623,0.0
22.067114954396047,87.88667582183339,1917.9177744947424,7,,40,10.112944,0,0.0
22.067114954396047,87.89565897467459,1917.9177744947424,7,,10,10.208452,0,0.0
22.067114954396047,87.90464212751579,1921.1299129185668,6,,40,10.122023,0,0.0
22.067114954396047,87.91362528035698,1921.1299129185668,7,,40,4.6974087,0,0.20169783
22.067114954396047,87.92260843319816,1921.1299129185668,7,,40,4.774576,0,0.71379185
22.067114954396047,87.93159158603936,1921.1299129185668,7,,10,4.4306574,0,0.6446352
22.067114954396047,87.94057473888056,1921.1299129185668,6,,40,3.8531742,0,0.9807215
22.067114954396047,87.94955789172175,1921.1299129185668,7,,40,3.9705918,0,1.9143801
22.067114954396047,87.95854104456295,1976.3385506410941,7,,40,4.3578467,0,0.680974
22.067114954396047,87.96752419740415,1976.3385506410941,7,,40,4.163806,0,1.3641357
22.067114954396047,87.97650735024534,1976.3385506410941,8,,40,4.712286,0,1.4236588
22.067114954396047,87.98549050308654,1976.3385506410941,7,,10,5.2836885,0,1.9295902
22.067114954396047,87.99447365592773,1976.3385506410941,8,,40,6.024487,0,1.7239237
22.067114954396047,88.00345680876893,1853.0934096947483,8,,10,6.7553205,0,1.85285
22.067114954396047,88.01243996161013,1853.0934096947483,3,,80,7.5723615,0,6.7110763
22.067114954396047,88.03040626729252,1853.0934096947483,5,,10,3.714647,0,2.1791306
22.067114954396047,88.0393894201337,1853.0934096947483,8,,40,2.730133,0,1.6833401
22.067114954396047,88.0483725729749,1853.0934096947483,8,,40,5.024648,0,0.4726286
22.067114954396047,88.0573557258161,1814.9745279002586,7,,40,3.822144,396,0.9541044
22.067114954396047,88.06633887865729,1814.9745279002586,8,,50,9.089736,0,0.413002
22.067114954396047,88.07532203149849,1814.9745279002586,8,,10,13.640226,0,0.47154856
22.067114954396047,88.08430518433968,1814.9745279002586,6,,50,24.004393,2352,1.1776972
22.067114954396047,88.09328833718088,1814.9745279002586,6,,50,18.417368,0,1.346312
22.067114954396047,88.10227149002208,1848.0715557963836,6,,50,21.911875,1,1.6446409
22.067114954396047,88.11125464286327,1848.0715557963836,9,,50,33.744164,7,1.0130506
22.067114954396047,88.12023779570447,1848.0715557963836,6,,10,19.775833,1674,2.3181705
22.067114954396047,88.12922094854567,1848.0715557963836,6,,10,38.200844,0,2.1463785
22.067114954396047,88.13820410138686,1848.0715557963836,7,,50,41.03428,854,0.16264248
22.067114954396047,88.14718725422806,1848.0715557963836,7,,10,25.253326,3096,1.2334766
22.067114954396047,88.15617040706924,1823.0039104070777,4,,80,7.946573,0,2.5106401
22.067114954396047,88.21905247695761,1838.4290602606368,0,,80,13.437738,0,6.690139
22.067114954396047,88.22803562979881,1838.4290602606368,4,,10,14.308041,0,2.6485329
22.067114954396047,88.23701878264,1838.4290602606368,6,,10,15.277688,0,1.4739151
22.067114954396047,88.2460019354812,1838.4290602606368,6,,10,17.152473,0,1.7132483
22.067114954396047,88.2549850883224,1825.3743729390699,5,,10,13.998993,0,1.2591114
22.067114954396047,88.26396824116358,1825.3743729390699,5,,10,14.210125,0,1.0545835
22.067114954396047,88.27295139400478,1825.3743729390699,5,,40,13.268797,0,0.62622833
22.067114954396047,88.28193454684597,1825.3743729390699,6,,40,13.1208,0,0.16209126
22.067114954396047,88.29091769968717,1825.3743729390699,6,,40,11.463961,0,0.0
22.067114954396047,88.29990085252837,1825.3743729390699,5,,40,11.355987,0,0.0
22.076098107237243,87.500400249662,1892.7665511851865,9,,40,7.71566,0,0.0
22.076098107237243,87.50938340250319,1892.7665511851865,9,,40,8.452108,0,0.0
22.076098107237243,87.51836655534439,1892.7665511851865,8,,40,9.533555,0,0.0
22.076098107237243,87.52734970818558,1892.7665511851865,5,,40,8.180746,0,0.0
22.076098107237243,87.53633286102678,1892.7665511851865,6,,40,8.260489,0,0.0
22.076098107237243,87.54531601386797,1892.7665511851865,6,,40,8.220723,0,0.0
22.076098107237243,87.55429916670917,1912.2064845474533,5,,40,8.133331,0,0.0
22.076098107237243,87.56328231955037,1912.2064845474533,4,,40,7.057495,0,0.0
22.076098107237243,87.57226547239156,1912.2064845474533,4,,40,8.444855,0,0.0
22.076098107237243,87.58124862523275,1912.2064845474533,4,,40,8.210721,0,0.0
22.076098107237243,87.59023177807394,1912.2064845474533,3,,10,8.43564,0,0.0
22.076098107237243,87.59921493091514,1912.2064845474533,3,,40,9.345011,0,0.0
22.076098107237243,87.60819808375633,1935.5747440088298,3,,40,13.070362,0,0.0
22.076098107237243,87.61718123659753,1935.5747440088298,4,,10,14.938026,0,0.0
22.076098107237243,87.62616438943873,1935.5747440088298,4,,10,15.903677,0,0.0
22.076098107237243,87.63514754227992,1935.5747440088298,3,,10,26.261261,1620,0.0
22.076098107237243,87.64413069512112,1935.5747440088298,6,,10,28.098324,0,0.0
22.076098107237243,87.65311384796232,1931.35162953587,7,,10,13.923128,0,0.0
22.076098107237243,87.66209700080351,1931.35162953587,9,,10,15.463776,0,0.0
22.076098107237243,87.67108015364471,1931.35162953587,6,,10,13.431243,429,0.0
22.076098107237243,87.6800633064859,1931.35162953587,5,,10,9.384125,0,0.0
22.076098107237243,87.68904645932709,1931.35162953587,5,,10,9.8404455,0,0.0
22.076098107237243,87.69802961216828,1931.35162953587,5,,40,12.18517,0,0.0
22.076098107237243,87.70701276500948,1936.086446996826,8,,10,21.487728,0,0.0
22.076098107237243,87.71599591785068,1936.086446996826,9,,10,28.341063,2331,0.0
22.076098107237243,87.72497907069187,1936.086446996826,6,,10,27.033127,0,0.0
22.076098107237243,87.73396222353307,1936.086446996826,5,,40,11.694904,0,0.0
22.076098107237243,87.74294537637427,1936.086446996826,5,,10,12.005004,0,0.0
22.076098107237243,87.75192852921546,1876.7983067254277,4,,40,11.959056,0,0.0
22.076098107237243,87.76091168205666,1876.7983067254277,5,,40,13.569926,0,0.0
22.076098107237243,87.76989483489785,1876.7983067254277,7,,10,15.026392,0,0.0
22.076098107237243,87.77887798773905,1876.7983067254277,7,,10,12.2100315,0,0.0
22.076098107237243,87.78786114058025,1876.7983067254277,5,,40,11.811741,0,0.0
22.076098107237243,87.79684429342144,1876.7983067254277,5,,10,12.102462,3,0.0
22.076098107237243,87.80582744626263,1848.1519280034668,5,,40,11.465439,0,0.0
22.076098107237243,87.81481059910382,1848.1519280034668,6,,40,10.654629,0,0.0
22.076098107237243,87.82379375194502,1848.1519280034668,6,,40,10.892755,0,0.0
22.076098107237243,87.83277690478621,1848.1519280034668,5,,40,11.60339,0,0.0
22.076098107237243,87.84176005762741,1848.1519280034668,5,,40,12.576911,0,0.0
22.076098107237243,87.85074321046861,1917.9177744947424,6,,40,14.966796,0,0.0
22.076098107237243,87.8597263633098,1917.9177744947424,5,,10,13.390508,0,0.0
22.076098107237243,87.868709516151,1917.9177744947424,6,,10,12.079642,0,0.0
22.076098107237243,87.8776926689922,1917.9177744947424,7,,40,11.699226,0,0.0
22.076098107237243,87.88667582183339,1917.9177744947424,7,,40,22.963364,1,0.0
22.076098107237243,87.89565897467459,1917.9177744947424,8,,10,13.840938,0,0.0
22.076098107237243,87.90464212751579,1921.1299129185668,7,,10,10.032323,0,0.0
22.076098107237243,87.91362528035698,1921.1299129185668,6,,10,9.138522,0,0.11108351
22.076098107237243,87.92260843319816,1921.1299129185668,7,,10,8.666515,0,0.08419275
22.076098107237243,87.93159158603936,1921.1299129185668,7,,40,8.570991,0,1.2154269
22.076098107237243,87.94057473888056,1921.1299129185668,7,,10,4.1546483,22,0.81361437
22.076098107237243,87.94955789172175,1921.1299129185668,7,,40,4.4742675,0,1.623992
22.076098107237243,87.95854104456295,1976.3385506410941,7,,10,4.6261315,0,1.7230859
22.076098107237243,87.96752419740415,1976.3385506410941,7,,40,4.474006,0,1.6233983
22.076098107237243,87.97650735024534,1976.3385506410941,7,,40,4.904948,0,1.3032708
22.076098107237243,87.98549050308654,1976.3385506410941,7,,60,5.9417467,0,1.5351796
22.076098107237243,87.99447365592773,1976.3385506410941,7,,80,7.431159,0,3.0319357
22.076098107237243,88.00345680876893,1853.0934096947483,4,,80,8.685847,0,7.483342
22.076098107237243,88.01243996161013,1853.0934096947483,1,,80,5.7240624,0,6.449748
22.076098107237243,88.02142311445132,1853.0934096947483,6,,10,4.5123777,0,1.9343028
22.076098107237243,88.03040626729252,1853.0934096947483,8,,40,3.2962427,0,0.8824897
22.076098107237243,88.0393894201337,1853.0934096947483,7,,40,3.6359882,0,1.4874325
22.076098107237243,88.0483725729749,1853.0934096947483,8,,40,6.529863,0,1.1336074
22.076098107237243,88.0573557258161,1814.9745279002586,8,,10,6.6868258,950,0.22236109
22.076098107237243,88.06633887865729,1814.9745279002586,6,,40,2.6659865,0,0.0
22.076098107237243,88.07532203149849,1814.9745279002586,7,,10,2.795821,0,0.44288492
22.076098107237243,88.08430518433968,1814.9745279002586,6,,40,5.1338744,0,0.41469622
22.076098107237243,88.09328833718088,1814.9745279002586,7,,10,6.9206305,0,0.9196148
22.076098107237243,88.10227149002208,1848.0715557963836,7,,10,15.309427,245,1.2088966
22.076098107237243,88.11125464286327,1848.0715557963836,6,,50,22.581093,465,1.31531
22.076098107237243,88.12023779570447,1848.0715557963836,6,,10,33.397762,939,1.6809788
22.076098107237243,88.12922094854567,1848.0715557963836,5,,50,38.429615,821,2.5458694
22.076098107237243,88.13820410138686,1848.0715557963836,8,,10,26.868893,2284,1.188662
22.076098107237243,88.14718725422806,1848.0715557963836,7,,10,16.46852,2544,0.23038149
22.076098107237243,88.15617040706924,1823.0039104070777,7,,10,15.961827,31,1.382659
22.076098107237243,88.16515355991044,1823.0039104070777,5,,50,25.706078,0,2.0390859
22.076098107237243,88.17413671275163,1823.0039104070777,1,,80,12.483241,0,3.4968576
22.076098107237243,88.21905247695761,1838.4290602606368,0,,80,14.941899,0,7.191545
22.076098107237243,88.22803562979881,1838.4290602606368,4,,80,15.743598,0,2.755446
22.076098107237243,88.23701878264,1838.4290602606368,7,,10,15.515309,0,1.1805086
22.076098107237243,88.2460019354812,1838.4290602606368,6,,40,18.367102,0,1.2834029
22.076098107237243,88.2549850883224,1825.3743729390699,5,,40,15.583778,0,1.6706724
22.076098107237243,88.26396824116358,1825.3743729390699,5,,10,12.869919,0,1.2441916
22.076098107237243,88.27295139400478,1825.3743729390699,5,,40,13.103882,0,1.2995858
22.076098107237243,88.28193454684597,1825.3743729390699,5,,40,12.086336,0,0.59474564
22.076098107237243,88.29091769968717,1825.3743729390699,4,,40,11.581278,0,0.024515152
22.076098107237243,88.29990085252837,1825.3743729390699,3,,40,11.532168,0,0.0
22.085081260078436,87.500400249662,1892.7665511851865,6,,40,7.698715,0,0.0
22.085081260078436,87.50938340250319,1892.7665511851865,7,,40,8.257822,0,0.0
22.085081260078436,87.51836655534439,1892.7665511851865,6,,40,8.892721,0,0.0
22.085081260078436,87.52734970818558,1892.7665511851865,6,,40,8.74841,0,0.0
22.085081260078436,87.53633286102678,1892.7665511851865,7,,10,8.225503,0,0.0
22.085081260078436,87.54531601386797,1892.7665511851865,6,,10,7.9550004,0,0.0
22.085081260078436,87.55429916670917,1912.2064845474533,6,,10,8.25905,0,0.0
22.085081260078436,87.56328231955037,1912.2064845474533,5,,40,8.491913,0,0.0
22.085081260078436,87.57226547239156,1912.2064845474533,2,,40,8.508085,0,0.0
22.085081260078436,87.58124862523275,1912.2064845474533,3,,40,8.36106,0,0.0
22.085081260078436,87.59023177807394,1912.2064845474533,4,,40,8.755795,0,0.0
22.085081260078436,87.59921493091514,1912.2064845474533,3,,10,8.733251,0,0.0
22.085081260078436,87.60819808375633,1935.5747440088298,3,,10,8.655771,0,0.0
22.085081260078436,87.61718123659753,1935.5747440088298,3,,40,10.134966,0,0.0
22.085081260078436,87.62616438943873,1935.5747440088298,2,,40,15.063229,0,0.0
22.085081260078436,87.63514754227992,1935.5747440088298,3,,40,28.32684,0,0.0
22.085081260078436,87.64413069512112,1935.5747440088298,6,,10,27.553719,0,0.0
22.085081260078436,87.65311384796232,1931.35162953587,6,,40,15.642558,126,0.0
22.085081260078436,87.66209700080351,1931.35162953587,6,,10,16.47083,0,0.0
22.085081260078436,87.67108015364471,1931.35162953587,8,,10,15.096757,715,0.0
22.085081260078436,87.6800633064859,1931.35162953587,7,,10,13.387831,1287,0.0
22.085081260078436,87.68904645932709,1931.35162953587,7,,10,14.241671,1633,0.0
22.085081260078436,87.69802961216828,1931.35162953587,8,,10,15.911849,647,0.0
22.085081260078436,87.70701276500948,1936.086446996826,5,,40,19.014956,192,0.0
22.085081260078436,87.71599591785068,1936.086446996826,6,,40,21.45316,0,0.0
22.085081260078436,87.72497907069187,1936.086446996826,7,,40,21.94905,0,0.0
22.085081260078436,87.73396222353307,1936.086446996826,6,,10,13.420786,221,0.0
22.085081260078436,87.74294537637427,1936.086446996826,5,,10,12.362081,0,0.0
22.085081260078436,87.75192852921546,1876.7983067254277,5,,40,12.190094,0,0.0
22.085081260078436,87.76091168205666,1876.7983067254277,5,,40,14.836866,0,0.0
22.085081260078436,87.76989483489785,1876.7983067254277,6,,40,14.218971,0,0.0
22.085081260078436,87.77887798773905,1876.7983067254277,6,,10,11.091156,0,0.0
22.085081260078436,87.78786114058025,1876.7983067254277,5,,40,11.165987,0,0.0
22.085081260078436,87.79684429342144,1876.7983067254277,5,,40,12.880222,0,0.0
22.085081260078436,87.80582744626263,1848.1519280034668,6,,40,11.998376,0,0.0
22.085081260078436,87.81481059910382,1848.1519280034668,5,,40,11.229893,0,0.0
22.085081260078436,87.82379375194502,1848.1519280034668,6,,40,10.665068,0,0.0
22.085081260078436,87.83277690478621,1848.1519280034668,6,,40,11.126296,0,0.0
22.085081260078436,87.84176005762741,1848.1519280034668,6,,10,12.322205,0,0.0
22.085081260078436,87.85074321046861,1917.9177744947424,6,,10,16.112278,0,0.0
22.085081260078436,87.8597263633098,1917.9177744947424,6,,10,22.449268,0,0.0
22.085081260078436,87.868709516151,1917.9177744947424,7,,10,15.816488,0,0.0
22.085081260078436,87.8776926689922,1917.9177744947424,6,,40,13.890708,0,0.0
22.085081260078436,87.88667582183339,1917.9177744947424,7,,40,15.066013,0,0.0
22.085081260078436,87.89565897467459,1917.9177744947424,7,,10,12.081168,0,0.0
22.085081260078436,87.90464212751579,1921.1299129185668,7,,40,10.881119,0,0.07124472
22.085081260078436,87.91362528035698,1921.1299129185668,6,,40,9.1747055,0,1.0589385
22.085081260078436,87.92260843319816,1921.1299129185668,7,,10,9.239043,0,0.5780921
22.085081260078436,87.93159158603936,1921.1299129185668,6,,40,8.601599,0,1.0427642
22.085081260078436,87.94057473888056,1921.1299129185668,7,,40,7.9233894,0,1.294311
22.085081260078436,87.94955789172175,1921.1299129185668,7,,40,5.6057544,0,0.801795
22.085081260078436,87.95854104456295,1976.3385506410941,8,,10,4.962356,527,1.2493262
22.085081260078436,87.96752419740415,1976.3385506410941,7,,40,4.8496995,0,1.3741703
22.085081260078436,87.97650735024534,1976.3385506410941,8,,10,5.1112037,0,1.564795
22.085081260078436,87.98549050308654,1976.3385506410941,8,,10,6.674364,0,3.1209981
22.085081260078436,87.99447365592773,1976.3385506410941,2,,60,7.369322,0,7.343967
22.085081260078436,88.00345680876893,1853.0934096947483,2,,80,4.3002567,0,4.1297483
22.085081260078436,88.01243996161013,1853.0934096947483,6,,40,5.5465307,0,2.3200293
22.085081260078436,88.02142311445132,1853.0934096947483,7,,10,4.3934946,0,1.5913262
22.085081260078436,88.03040626729252,1853.0934096947483,9,,10,3.4082432,3,0.9339814
22.085081260078436,88.0393894201337,1853.0934096947483,8,,10,7.9404516,0,0.3325982
22.085081260078436,88.0483725729749,1853.0934096947483,8,,50,7.5850544,0,0.0
22.085081260078436,88.0573557258161,1814.9745279002586,8,,10,4.8573346,0,0.0
22.085081260078436,88.06633887865729,1814.9745279002586,7,,10,2.2991889,0,0.0
22.085081260078436,88.07532203149849,1814.9745279002586,8,,10,2.1335204,0,0.0
22.085081260078436,88.08430518433968,1814.9745279002586,8,,10,2.5330477,0,0.0
22.085081260078436,88.09328833718088,1814.9745279002586,6,,10,2.3509216,0,0.86860895
22.085081260078436,88.10227149002208,1848.0715557963836,6,,10,11.489349,0,0.73835945
22.085081260078436,88.11125464286327,1848.0715557963836,5,,10,17.09787,418,2.0289135
22.085081260078436,88.12023779570447,1848.0715557963836,5,,40,14.29259,0,1.7214518
22.085081260078436,88.12922094854567,1848.0715557963836,6,,40,17.641422,0,1.0680103
22.085081260078436,88.13820410138686,1848.0715557963836,7,,10,18.272734,884,0.7012038
22.085081260078436,88.14718725422806,1848.0715557963836,7,,10,14.192145,655,1.1849604
22.085081260078436,88.15617040706924,1823.0039104070777,7,,40,13.978974,0,1.2262573
22.085081260078436,88.16515355991044,1823.0039104070777,6,,10,21.839361,110,2.0245662
22.085081260078436,88.17413671275163,1823.0039104070777,6,,80,11.6128845,0,2.2776804
22.085081260078436,88.18311986559283,1823.0039104070777,1,,80,9.777028,0,4.8838887
22.085081260078436,88.21905247695761,1838.4290602606368,0,,80,15.410882,0,7.175373
22.085081260078436,88.22803562979881,1838.4290602606368,3,,80,15.342649,0,3.2286544
22.085081260078436,88.23701878264,1838.4290602606368,7,,10,16.485788,143,2.0382323
22.085081260078436,88.2460019354812,1838.4290602606368,6,,10,18.637115,0,1.6344199
22.085081260078436,88.2549850883224,1825.3743729390699,5,,40,18.596476,0,1.7084203
22.085081260078436,88.26396824116358,1825.3743729390699,5,,40,15.136554,0,1.3306236
22.085081260078436,88.27295139400478,1825.3743729390699,5,,40,13.753618,0,0.84282684
22.085081260078436,88.28193454684597,1825.3743729390699,5,,40,13.183568,0,0.15721798
22.085081260078436,88.29091769968717,1825.3743729390699,5,,40,12.714613,0,0.14207745
22.085081260078436,88.29990085252837,1825.3743729390699,5,,40,13.983318,0,0.0
22.094064412919632,87.500400249662,1892.7665511851865,7,,10,7.89633,0,0.0
22.094064412919632,87.50938340250319,1892.7665511851865,8,,40,8.21874,0,0.0
22.094064412919632,87.51836655534439,1892.7665511851865,8,,40,8.736765,0,0.0
22.094064412919632,87.52734970818558,1892.7665511851865,10,,10,8.075029,0,0.0
22.094064412919632,87.53633286102678,1892.7665511851865,7,,80,7.6394467,0,0.0
22.094064412919632,87.54531601386797,1892.7665511851865,5,,40,7.845872,0,0.0
22.094064412919632,87.55429916670917,1912.2064845474533,5,,40,7.872959,0,0.0
22.094064412919632,87.56328231955037,1912.2064845474533,5,,40,8.481561,0,0.0
22.094064412919632,87.57226547239156,1912.2064845474533,4,,10,8.55661,0,0.0
22.094064412919632,87.58124862523275,1912.2064845474533,4,,40,8.902947,0,0.0
22.094064412919632,87.59023177807394,1912.2064845474533,4,,40,8.93125,0,0.0
22.094064412919632,87.59921493091514,1912.2064845474533,2,,40,8.329152,0,0.0
22.094064412919632,87.60819808375633,1935.5747440088298,2,,40,8.807597,0,0.0
22.094064412919632,87.61718123659753,1935.5747440088298,2,,40,9.110667,0,0.0
22.094064412919632,87.62616438943873,1935.5747440088298,3,,40,8.702786,0,0.0
22.094064412919632,87.63514754227992,1935.5747440088298,5,,40,10.116127,0,0.0
22.094064412919632,87.64413069512112,1935.5747440088298,6,,40,10.190737,0,0.0
22.094064412919632,87.65311384796232,1931.35162953587,4,,40,9.380186,0,0.0
22.094064412919632,87.66209700080351,1931.35162953587,4,,40,9.481486,0,0.0
22.094064412919632,87.67108015364471,1931.35162953587,5,,40,9.645582,0,0.0
22.094064412919632,87.6800633064859,1931.35162953587,4,,40,10.266441,0,0.0
22.094064412919632,87.68904645932709,1931.35162953587,6,,40,10.193009,0,0.0
22.094064412919632,87.69802961216828,1931.35162953587,6,,10,10.995917,80,0.0
22.094064412919632,87.70701276500948,1936.086446996826,4,,40,10.918061,0,0.0
22.094064412919632,87.71599591785068,1936.086446996826,6,,40,11.21383,0,0.0
22.094064412919632,87.72497907069187,1936.086446996826,6,,10,13.109075,0,0.0
22.094064412919632,87.73396222353307,1936.086446996826,6,,40,16.014187,0,0.0
22.094064412919632,87.74294537637427,1936.086446996826,7,,10,14.799245,0,0.0
22.094064412919632,87.75192852921546,1876.7983067254277,6,,10,15.55669,1577,0.0
22.094064412919632,87.76091168205666,1876.7983067254277,5,,40,15.642351,647,0.0
22.094064412919632,87.76989483489785,1876.7983067254277,5,,10,12.952757,0,0.0
22.094064412919632,87.77887798773905,1876.7983067254277,5,,40,11.269533,0,0.0
22.094064412919632,87.78786114058025,1876.7983067254277,5,,40,11.359253,0,0.0
22.094064412919632,87.79684429342144,1876.7983067254277,4,,40,14.250918,0,0.3785138
22.094064412919632,87.80582744626263,1848.1519280034668,6,,40,11.450448,0,0.30008745
22.094064412919632,87.81481059910382,1848.1519280034668,6,,10,11.474444,0,0.0
22.094064412919632,87.82379375194502,1848.1519280034668,6,,40,10.592497,0,0.0
22.094064412919632,87.83277690478621,1848.1519280034668,6,,10,10.044812,0,0.0
22.094064412919632,87.84176005762741,1848.1519280034668,7,,40,13.8097,0,0.0
22.094064412919632,87.85074321046861,1917.9177744947424,6,,40,18.71422,0,0.0
22.094064412919632,87.8597263633098,1917.9177744947424,7,,10,28.68418,0,0.5752392
22.094064412919632,87.868709516151,1917.9177744947424,6,,40,18.457739,0,0.6163883
22.094064412919632,87.8776926689922,1917.9177744947424,7,,40,14.877989,0,0.26448536
22.094064412919632,87.88667582183339,1917.9177744947424,8,,10,14.342882,0,0.07124901
22.094064412919632,87.89565897467459,1917.9177744947424,7,,40,13.456835,0,0.6811924
22.094064412919632,87.90464212751579,1921.1299129185668,7,,40,10.612282,0,0.36188698
22.094064412919632,87.91362528035698,1921.1299129185668,7,,10,9.331623,0,0.8172207
22.094064412919632,87.92260843319816,1921.1299129185668,7,,10,9.673177,0,1.1948366
22.094064412919632,87.93159158603936,1921.1299129185668,6,,40,9.374261,0,0.80629826
22.094064412919632,87.94057473888056,1921.1299129185668,8,,40,10.502248,257,0.9889698
22.094064412919632,87.94955789172175,1921.1299129185668,7,,10,10.352037,0,0.8587856
22.094064412919632,87.95854104456295,1976.3385506410941,6,,50,8.524927,0,5.2120137
22.094064412919632,87.96752419740415,1976.3385506410941,5,,80,5.1181645,0,6.2487326
22.094064412919632,87.97650735024534,1976.3385506410941,6,,40,5.0496273,0,4.190217
22.094064412919632,87.98549050308654,1976.3385506410941,3,,80,6.996524,0,7.8687325
22.094064412919632,87.99447365592773,1976.3385506410941,4,,80,3.3756256,0,4.1625605
22.094064412919632,88.00345680876893,1853.0934096947483,7,,40,3.9878075,0,1.8323793
22.094064412919632,88.01243996161013,1853.0934096947483,7,,40,4.159923,0,2.1562567
22.094064412919632,88.02142311445132,1853.0934096947483,8,,10,3.7000797,0,0.27987814
22.094064412919632,88.03040626729252,1853.0934096947483,8,,10,4.0241914,0,0.610116
22.094064412919632,88.0393894201337,1853.0934096947483,8,,40,8.417942,0,0.26308346
22.094064412919632,88.0483725729749,1853.0934096947483,8,,10,5.1538763,0,0.17138767
22.094064412919632,88.0573557258161,1814.9745279002586,7,,40,2.4902503,0,0.29186916
22.094064412919632,88.06633887865729,1814.9745279002586,7,,40,2.0217245,0,0.0
22.094064412919632,88.07532203149849,1814.9745279002586,7,,10,1.9762884,0,0.0
22.094064412919632,88.08430518433968,1814.9745279002586,7,,10,1.9736313,0,0.0
22.094064412919632,88.09328833718088,1814.9745279002586,6,,40,2.1464267,0,0.32534933
22.094064412919632,88.10227149002208,1848.0715557963836,6,,40,4.5673246,0,1.1011934
22.094064412919632,88.11125464286327,1848.0715557963836,5,,40,8.49837,0,1.0905757
22.094064412919632,88.12023779570447,1848.0715557963836,6,,10,2.951148,0,1.04038
22.094064412919632,88.12922094854567,1848.0715557963836,6,,10,8.429782,0,1.3732662
22.094064412919632,88.13820410138686,1848.0715557963836,7,,10,14.981501,0,0.52747536
22.094064412919632,88.14718725422806,1848.0715557963836,5,,40,10.842768,0,1.260849
22.094064412919632,88.15617040706924,1823.0039104070777,6,,40,12.610103,0,1.7971663
22.094064412919632,88.16515355991044,1823.0039104070777,6,,10,12.575111,0,2.189968
22.094064412919632,88.17413671275163,1823.0039104070777,5,,50,19.073206,114,2.0062127
22.094064412919632,88.18311986559283,1823.0039104070777,4,,40,10.892446,19,1.9244313
22.094064412919632,88.21905247695761,1838.4290602606368,0,,80,14.8635645,0,6.7972484
22.094064412919632,88.22803562979881,1838.4290602606368,4,,80,15.248539,0,2.8431706
22.094064412919632,88.23701878264,1838.4290602606368,5,,40,16.378685,0,2.6701353
22.094064412919632,88.2460019354812,1838.4290602606368,6,,40,17.603054,0,1.345007
22.094064412919632,88.2549850883224,1825.3743729390699,5,,10,16.745762,0,1.3840976
22.094064412919632,88.26396824116358,1825.3743729390699,5,,40,16.080297,0,1.1820941
22.094064412919632,88.27295139400478,1825.3743729390699,5,,10,16.11723,0,0.6064186
22.094064412919632,88.28193454684597,1825.3743729390699,6,,40,13.978246,0,0.2108221
22.094064412919632,88.29091769968717,1825.3743729390699,5,,10,14.100856,0,0.0
22.094064412919632,88.29990085252837,1825.3743729390699,6,,10,15.685417,0,0.0
22.10304756576083,87.500400249662,1876.0879230864157,9,,40,7.2296224,0,0.0
22.10304756576083,87.50938340250319,1876.0879230864157,9,,10,7.1188307,0,0.0
22.10304756576083,87.51836655534439,1876.0879230864157,8,,40,7.21863,0,0.0
22.10304756576083,87.52734970818558,1876.0879230864157,8,,40,6.5224056,0,0.0
22.10304756576083,87.53633286102678,1876.0879230864157,7,,40,6.3869686,0,0.0
22.10304756576083,87.54531601386797,1876.0879230864157,6,,40,7.5798216,0,0.0
22.10304756576083,87.55429916670917,1909.7087133182945,6,,40,8.481195,0,0.0
22.10304756576083,87.56328231955037,1909.7087133182945,5,,10,8.611069,0,0.0
22.10304756576083,87.57226547239156,1909.7087133182945,5,,40,7.7829485,0,0.0
22.10304756576083,87.58124862523275,1909.7087133182945,5,,40,7.8663044,0,0.0
22.10304756576083,87.59023177807394,1909.7087133182945,4,,40,8.207724,0,0.0
22.10304756576083,87.59921493091514,1909.7087133182945,5,,40,8.48555,0,0.0
22.10304756576083,87.61718123659753,1856.5047094153283,2,,40,8.681208,0,0.0
22.10304756576083,87.62616438943873,1856.5047094153283,4,,40,10.137317,0,0.0
22.10304756576083,87.63514754227992,1856.5047094153283,6,,10,11.28914,0,0.0
22.10304756576083,87.64413069512112,1856.5047094153283,5,,10,11.805413,0,0.0
22.10304756576083,87.65311384796232,1944.8064531260698,5,,10,10.9574585,0,0.0
22.10304756576083,87.66209700080351,1944.8064531260698,7,,10,10.164519,988,0.0
22.10304756576083,87.67108015364471,1944.8064531260698,5,,10,9.998643,0,0.0
22.10304756576083,87.6800633064859,1944.8064531260698,5,,40,9.293615,0,0.0
22.10304756576083,87.68904645932709,1944.8064531260698,6,,40,9.1454,0,0.0
22.10304756576083,87.69802961216828,1944.8064531260698,5,,40,8.759018,0,0.0
22.10304756576083,87.70701276500948,1965.868691045947,5,,40,9.056166,0,0.0
22.10304756576083,87.71599591785068,1965.868691045947,5,,40,9.510981,0,0.0
22.10304756576083,87.72497907069187,1965.868691045947,5,,10,10.724278,0,0.0
22.10304756576083,87.73396222353307,1965.868691045947,7,,40,11.547804,0,0.0
22.10304756576083,87.74294537637427,1965.868691045947,6,,10,12.646864,134,0.0
22.10304756576083,87.75192852921546,1855.1478058088987,7,,10,14.989391,3012,0.0
22.10304756576083,87.76091168205666,1855.1478058088987,8,,10,13.387182,0,0.0
22.10304756576083,87.76989483489785,1855.1478058088987,7,,10,12.011021,1068,0.0
22.10304756576083,87.77887798773905,1855.1478058088987,5,,10,11.12842,0,0.0
22.10304756576083,87.78786114058025,1855.1478058088987,4,,40,9.456789,0,0.0
22.10304756576083,87.79684429342144,1855.1478058088987,6,,40,9.755138,0,0.0
22.10304756576083,87.80582744626263,1881.9437279697781,5,,10,11.33699,0,0.0
22.10304756576083,87.81481059910382,1881.9437279697781,5,,40,11.29543,0,0.75224113
22.10304756576083,87.82379375194502,1881.9437279697781,5,,40,9.73252,0,0.37216282
22.10304756576083,87.83277690478621,1881.9437279697781,6,,10,9.221966,0,0.35691833
22.10304756576083,87.84176005762741,1881.9437279697781,5,,40,11.608496,0,0.9057636
22.10304756576083,87.85074321046861,1901.4210858260271,6,,40,14.663267,0,0.7992935
22.10304756576083,87.8597263633098,1901.4210858260271,6,,40,20.324177,0,0.8582983
22.10304756576083,87.868709516151,1901.4210858260271,6,,10,20.776701,0,1.167448
22.10304756576083,87.8776926689922,1901.4210858260271,7,,10,16.003647,0,0.6376543
22.10304756576083,87.88667582183339,1901.4210858260271,6,,40,13.421745,0,0.91949654
22.10304756576083,87.89565897467459,1901.4210858260271,6,,40,13.33098,45,1.3212366
22.10304756576083,87.90464212751579,1954.5021972519626,6,,40,12.263121,0,1.5546741
22.10304756576083,87.91362528035698,1954.5021972519626,5,,40,9.648978,0,2.142455
22.10304756576083,87.92260843319816,1954.5021972519626,5,,40,9.935503,0,2.1686478
22.10304756576083,87.93159158603936,1954.5021972519626,7,,40,10.336039,0,2.1677485
22.10304756576083,87.94057473888056,1954.5021972519626,7,,40,9.325484,0,2.010353
22.10304756576083,87.94955789172175,1954.5021972519626,5,,80,9.8232975,0,2.9838214
22.10304756576083,87.95854104456295,1961.805052764391,6,,10,10.84062,51,2.3188243
22.10304756576083,87.96752419740415,1961.805052764391,2,,80,11.778035,0,5.49467
22.10304756576083,87.97650735024534,1961.805052764391,2,,80,13.006273,0,5.678967
22.10304756576083,87.98549050308654,1961.805052764391,2,,80,6.8949237,0,5.186623
22.10304756576083,87.99447365592773,1961.805052764391,7,,80,3.1306684,0,2.1186495
22.10304756576083,88.00345680876893,1842.665963339396,7,,10,2.4976375,0,2.0458913
22.10304756576083,88.01243996161013,1842.665963339396,6,,40,4.527395,0,2.2272592
22.10304756576083,88.02142311445132,1842.665963339396,7,,40,5.2234707,0,1.273345
22.10304756576083,88.03040626729252,1842.665963339396,6,,40,5.027338,0,0.9889641
22.10304756576083,88.0393894201337,1842.665963339396,7,,40,3.3550515,0,0.047516346
22.10304756576083,88.0483725729749,1842.665963339396,5,,40,4.5177646,0,0.8182187
22.10304756576083,88.0573557258161,1830.161000897539,6,,40,4.757305,0,0.43003845
22.10304756576083,88.06633887865729,1830.161000897539,6,,10,3.819343,0,0.0
22.10304756576083,88.07532203149849,1830.161000897539,6,,10,3.0167422,0,0.0
22.10304756576083,88.08430518433968,1830.161000897539,7,,10,2.1912115,0,0.0
22.10304756576083,88.09328833718088,1830.161000897539,7,,10,1.9877183,0,0.0
22.10304756576083,88.10227149002208,1788.6927217021691,5,,10,1.9104067,0,0.75380564
22.10304756576083,88.11125464286327,1788.6927217021691,7,,10,2.220489,0,0.0
22.10304756576083,88.12023779570447,1788.6927217021691,6,,10,3.9371748,0,0.3863516
22.10304756576083,88.12922094854567,1788.6927217021691,5,,10,4.717063,0,0.52001905
22.10304756576083,88.13820410138686,1788.6927217021691,5,,10,5.5857587,0,1.0278459
22.10304756576083,88.14718725422806,1788.6927217021691,6,,40,5.4544287,0,1.332571
22.10304756576083,88.15617040706924,1812.0464411459864,6,,10,5.901886,0,1.288384
22.10304756576083,88.16515355991044,1812.0464411459864,6,,10,6.1631317,0,1.0768766
22.10304756576083,88.17413671275163,1812.0464411459864,6,,40,7.854368,0,1.3949342
22.10304756576083,88.18311986559283,1812.0464411459864,6,,40,9.1899395,0,2.8721595
22.10304756576083,88.21905247695761,1778.9198164936456,0,,80,12.729066,0,5.6406856
22.10304756576083,88.22803562979881,1778.9198164936456,5,,40,13.28915,0,2.3384013
22.10304756576083,88.23701878264,1778.9198164936456,5,,10,14.495771,0,1.5179725
22.10304756576083,88.2460019354812,1778.9198164936456,6,,10,16.32088,0,0.82659864
22.10304756576083,88.2549850883224,1809.6252191519372,6,,10,13.419957,0,1.0519509
22.10304756576083,88.26396824116358,1809.6252191519372,5,,40,13.0586195,0,1.1275382
22.10304756576083,88.27295139400478,1809.6252191519372,5,,40,12.27353,0,0.39742184
22.10304756576083,88.28193454684597,1809.6252191519372,5,,40,12.215982,0,0.020274162
22.10304756576083,88.29091769968717,1809.6252191519372,4,,40,14.195416,0,0.0
22.10304756576083,88.29990085252837,1809.6252191519372,5,,10,20.470493,0,0.0
22.11203071860202,87.500400249662,1876.0879230864157,9,,40,8.743485,0,0.0
22.11203071860202,87.50938340250319,1876.0879230864157,10,,10,7.1547284,515,0.0
22.11203071860202,87.51836655534439,1876.0879230864157,9,,10,7.20313,0,0.0
22.11203071860202,87.52734970818558,1876.0879230864157,7,,40,5.0297823,0,0.0
22.11203071860202,87.53633286102678,1876.0879230864157,7,,40,6.9282403,0,0.0
22.11203071860202,87.54531601386797,1876.0879230864157,8,,10,7.3371634,0,0.0
22.11203071860202,87.55429916670917,1909.7087133182945,7,,40,8.052412,0,0.0
22.11203071860202,87.56328231955037,1909.7087133182945,7,,40,7.3350987,0,0.0
22.11203071860202,87.57226547239156,1909.7087133182945,7,,10,7.9503984,0,0.0
22.11203071860202,87.58124862523275,1909.7087133182945,9,,10,7.8223743,0,0.0
22.11203071860202,87.59023177807394,1909.7087133182945,6,,40,7.909161,0,0.0
22.11203071860202,87.59921493091514,1909.7087133182945,4,,40,8.320221,0,0.0
22.11203071860202,87.60819808375633,1856.5047094153283,4,,10,8.280512,0,0.0
22.11203071860202,87.61718123659753,1856.5047094153283,4,,10,8.307703,0,0.0
22.11203071860202,87.62616438943873,1856.5047094153283,6,,10,8.58758,0,0.0
22.11203071860202,87.63514754227992,1856.5047094153283,6,,10,8.501198,0,0.0
22.11203071860202,87.64413069512112,1856.5047094153283,4,,40,9.985312,0,0.0
22.11203071860202,87.65311384796232,1944.8064531260698,4,,40,8.502014,0,0.0
22.11203071860202,87.66209700080351,1944.8064531260698,5,,40,9.033478,0,0.0
22.11203071860202,87.67108015364471,1944.8064531260698,6,,40,8.446,0,0.0
22.11203071860202,87.6800633064859,1944.8064531260698,5,,10,9.093829,0,0.0
22.11203071860202,87.68904645932709,1944.8064531260698,4,,40,8.105589,0,0.0
22.11203071860202,87.69802961216828,1944.8064531260698,4,,40,7.697503,0,0.0
22.11203071860202,87.70701276500948,1965.868691045947,4,,40,8.48739,0,0.0
22.11203071860202,87.71599591785068,1965.868691045947,5,,40,9.240671,0,0.0
22.11203071860202,87.72497907069187,1965.868691045947,5,,40,9.749222,0,0.0
22.11203071860202,87.73396222353307,1965.868691045947,4,,40,10.851724,0,0.0
22.11203071860202,87.74294537637427,1965.868691045947,5,,40,11.961929,0,0.0
22.11203071860202,87.75192852921546,1855.1478058088987,5,,10,12.219263,0,0.0
22.11203071860202,87.76091168205666,1855.1478058088987,4,,40,11.427977,0,0.0
22.11203071860202,87.76989483489785,1855.1478058088987,6,,40,9.688339,0,0.0
22.11203071860202,87.77887798773905,1855.1478058088987,6,,10,9.104235,0,0.0
22.11203071860202,87.78786114058025,1855.1478058088987,6,,10,9.000151,0,0.0
22.11203071860202,87.79684429342144,1855.1478058088987,6,,40,10.571627,0,0.0
22.11203071860202,87.80582744626263,1881.9437279697781,5,,40,10.973599,0,0.70149183
22.11203071860202,87.81481059910382,1881.9437279697781,5,,10,10.896886,0,0.0
22.11203071860202,87.82379375194502,1881.9437279697781,6,,10,10.577908,0,0.27469492
22.11203071860202,87.83277690478621,1881.9437279697781,5,,10,9.991972,0,0.0
22.11203071860202,87.84176005762741,1881.9437279697781,5,,40,12.563519,0,1.3270454
22.11203071860202,87.85074321046861,1901.4210858260271,5,,40,14.425561,0,1.182867
22.11203071860202,87.8597263633098,1901.4210858260271,6,,10,16.125984,0,1.2356253
22.11203071860202,87.868709516151,1901.4210858260271,6,,40,17.85525,0,1.3546643
22.11203071860202,87.8776926689922,1901.4210858260271,6,,10,17.873096,10,1.4127645
22.11203071860202,87.88667582183339,1901.4210858260271,7,,40,14.352275,0,1.3810911
22.11203071860202,87.89565897467459,1901.4210858260271,7,,10,14.114706,0,0.99439335
22.11203071860202,87.90464212751579,1954.5021972519626,6,,40,14.455492,0,1.7119718
22.11203071860202,87.91362528035698,1954.5021972519626,6,,40,9.615892,0,1.4554958
22.11203071860202,87.92260843319816,1954.5021972519626,6,,10,9.252798,0,1.2147245
22.11203071860202,87.93159158603936,1954.5021972519626,7,,10,9.833191,0,1.2403593
22.11203071860202,87.94057473888056,1954.5021972519626,5,,80,10.597945,0,2.7432625
22.11203071860202,87.94955789172175,1954.5021972519626,8,,10,10.1302,0,2.550933
22.11203071860202,87.95854104456295,1961.805052764391,7,,40,8.580689,0,1.7447114
22.11203071860202,87.96752419740415,1961.805052764391,8,,40,15.950551,262,1.6261415
22.11203071860202,87.97650735024534,1961.805052764391,7,,40,16.811577,0,2.4136415
22.11203071860202,87.98549050308654,1961.805052764391,7,,10,11.722763,106,2.1124697
22.11203071860202,87.99447365592773,1961.805052764391,7,,40,2.650773,0,2.0523033
22.11203071860202,88.00345680876893,1842.665963339396,6,,40,2.9390783,0,2.2788248
22.11203071860202,88.01243996161013,1842.665963339396,7,,10,4.314993,0,1.0968461
22.11203071860202,88.02142311445132,1842.665963339396,7,,40,3.834373,0,0.7708044
22.11203071860202,88.03040626729252,1842.665963339396,7,,40,3.180316,0,0.29107523
22.11203071860202,88.0393894201337,1842.665963339396,8,,10,3.1813385,0,0.0
22.11203071860202,88.0483725729749,1842.665963339396,6,,10,3.8805757,0,0.0
22.11203071860202,88.0573557258161,1830.161000897539,7,,40,8.311808,0,0.0
22.11203071860202,88.06633887865729,1830.161000897539,6,,40,7.1263447,0,0.0
22.11203071860202,88.07532203149849,1830.161000897539,7,,10,6.024221,0,0.0
22.11203071860202,88.08430518433968,1830.161000897539,8,,10,5.557434,0,0.0
22.11203071860202,88.09328833718088,1830.161000897539,6,,40,4.0650816,0,0.0
22.11203071860202,88.10227149002208,1788.6927217021691,5,,10,3.4906287,0,0.08033657
22.11203071860202,88.11125464286327,1788.6927217021691,5,,40,3.8798637,0,0.14112473
22.11203071860202,88.12023779570447,1788.6927217021691,6,,10,5.9890184,0,0.0
22.11203071860202,88.12922094854567,1788.6927217021691,6,,10,5.984436,0,0.0
22.11203071860202,88.13820410138686,1788.6927217021691,5,,10,5.720851,0,0.6459265
22.11203071860202,88.14718725422806,1788.6927217021691,6,,10,6.3375053,0,1.0248508
22.11203071860202,88.15617040706924,1812.0464411459864,6,,40,6.4646707,0,1.3149738
22.11203071860202,88.16515355991044,1812.0464411459864,5,,40,6.413798,0,2.301921
22.11203071860202,88.17413671275163,1812.0464411459864,6,,40,6.8803425,0,1.8703251
22.11203071860202,88.18311986559283,1812.0464411459864,6,,40,8.078898,0,2.9277585
22.11203071860202,88.19210301843403,1812.0464411459864,4,,80,5.961651,0,6.653264
22.11203071860202,88.21905247695761,1778.9198164936456,2,,60,12.148701,0,3.805295
22.11203071860202,88.22803562979881,1778.9198164936456,5,,40,12.2686825,0,2.2062197
22.11203071860202,88.23701878264,1778.9198164936456,5,,40,13.445286,0,1.7311158
22.11203071860202,88.2460019354812,1778.9198164936456,5,,40,15.184559,0,1.8921838
22.11203071860202,88.2549850883224,1809.6252191519372,4,,40,12.994554,0,1.5042672
22.11203071860202,88.26396824116358,1809.6252191519372,4,,40,11.363944,0,0.8933039
22.11203071860202,88.27295139400478,1809.6252191519372,5,,10,11.483817,0,0.20593452
22.11203071860202,88.28193454684597,1809.6252191519372,4,,40,11.342613,0,0.0
22.11203071860202,88.29091769968717,1809.6252191519372,4,,40,13.581972,0,0.0
22.11203071860202,88.29990085252837,1809.6252191519372,5,,40,17.186619,0,0.0
22.121013871443218,87.500400249662,1876.0879230864157,10,,40,10.60513,0,0.0
22.121013871443218,87.50938340250319,1876.0879230864157,10,,10,8.185137,0,0.0
22.121013871443218,87.51836655534439,1876.0879230864157,8,,40,7.1400127,0,0.0
22.121013871443218,87.52734970818558,1876.0879230864157,9,,10,6.317406,0,0.0
22.121013871443218,87.53633286102678,1876.0879230864157,10,,10,7.3165264,0,0.0
22.121013871443218,87.54531601386797,1876.0879230864157,9,,40,7.2699594,0,0.0
22.121013871443218,87.55429916670917,1909.7087133182945,8,,40,7.311337,0,0.0
22.121013871443218,87.56328231955037,1909.7087133182945,7,,40,7.230642,0,0.0
22.121013871443218,87.57226547239156,1909.7087133182945,9,,10,8.487154,0,0.0
22.121013871443218,87.58124862523275,1909.7087133182945,8,,10,8.259328,0,0.0
22.121013871443218,87.59023177807394,1909.7087133182945,8,,10,8.235911,0,0.0
22.121013871443218,87.59921493091514,1909.7087133182945,5,,40,7.865651,0,0.0
22.121013871443218,87.60819808375633,1856.5047094153283,7,,10,8.125087,0,0.0
22.121013871443218,87.61718123659753,1856.5047094153283,6,,40,8.028623,0,0.0
22.121013871443218,87.62616438943873,1856.5047094153283,6,,40,7.760121,0,0.0
22.121013871443218,87.63514754227992,1856.5047094153283,5,,80,7.996819,0,0.0
22.121013871443218,87.64413069512112,1856.5047094153283,6,,80,7.7657213,0,0.0
22.121013871443218,87.65311384796232,1944.8064531260698,5,,10,9.376076,0,0.0
22.121013871443218,87.66209700080351,1944.8064531260698,5,,10,9.378568,0,0.0
22.121013871443218,87.67108015364471,1944.8064531260698,6,,10,8.614172,0,0.0
22.121013871443218,87.6800633064859,1944.8064531260698,7,,10,9.0435,0,0.0
22.121013871443218,87.68904645932709,1944.8064531260698,5,,10,8.429202,0,0.0
22.121013871443218,87.69802961216828,1944.8064531260698,4,,40,7.531477,0,0.0
22.121013871443218,87.70701276500948,1965.868691045947,4,,40,7.037298,0,0.0
22.121013871443218,87.71599591785068,1965.868691045947,4,,40,8.85814,0,0.0
22.121013871443218,87.72497907069187,1965.868691045947,4,,40,8.654619,0,0.0
22.121013871443218,87.73396222353307,1965.868691045947,4,,40,10.686315,0,0.29794598
22.121013871443218,87.74294537637427,1965.868691045947,4,,40,11.564858,0,0.037083626
22.121013871443218,87.75192852921546,1855.1478058088987,5,,40,11.913799,0,0.0
22.121013871443218,87.76091168205666,1855.1478058088987,4,,40,12.431059,0,0.4434023
22.121013871443218,87.76989483489785,1855.1478058088987,5,,40,10.987456,0,0.6528168
22.121013871443218,87.77887798773905,1855.1478058088987,6,,10,12.069771,0,0.0
22.121013871443218,87.78786114058025,1855.1478058088987,5,,10,11.831742,0,0.077676296
22.121013871443218,87.79684429342144,1855.1478058088987,6,,10,10.268694,0,0.0
22.121013871443218,87.80582744626263,1881.9437279697781,6,,10,9.703108,0,0.7648711
22.121013871443218,87.81481059910382,1881.9437279697781,9,,10,10.46427,0,0.0
22.121013871443218,87.82379375194502,1881.9437279697781,7,,10,11.6636715,0,0.0
22.121013871443218,87.83277690478621,1881.9437279697781,6,,10,10.752422,0,0.0
22.121013871443218,87.84176005762741,1881.9437279697781,5,,40,13.103939,0,1.8475342
22.121013871443218,87.85074321046861,1901.4210858260271,5,,10,14.0624,0,1.4197617
22.121013871443218,87.8597263633098,1901.4210858260271,5,,40,15.900505,0,1.9838595
22.121013871443218,87.868709516151,1901.4210858260271,6,,40,16.708025,0,1.5609245
22.121013871443218,87.8776926689922,1901.4210858260271,6,,40,18.573486,0,1.9249144
22.121013871443218,87.88667582183339,1901.4210858260271,6,,40,14.399889,0,2.223298
22.121013871443218,87.89565897467459,1901.4210858260271,6,,10,14.30733,0,1.765976
22.121013871443218,87.90464212751579,1954.5021972519626,6,,40,13.251963,0,2.2602725
22.121013871443218,87.91362528035698,1954.5021972519626,8,,40,9.213648,0,1.0892572
22.121013871443218,87.92260843319816,1954.5021972519626,6,,10,9.980444,0,1.8191729
22.121013871443218,87.93159158603936,1954.5021972519626,5,,80,10.791834,0,3.297684
22.121013871443218,87.94057473888056,1954.5021972519626,6,,10,11.579352,0,2.64322
22.121013871443218,87.94955789172175,1954.5021972519626,8,,10,9.572778,0,2.292787
22.121013871443218,87.95854104456295,1961.805052764391,8,,10,10.254296,0,0.5262542
22.121013871443218,87.96752419740415,1961.805052764391,7,,10,16.743765,0,1.3735437
22.121013871443218,87.97650735024534,1961.805052764391,6,,40,15.160849,0,2.467606
22.121013871443218,87.98549050308654,1961.805052764391,6,,10,7.101081,0,2.161903
22.121013871443218,87.99447365592773,1961.805052764391,7,,40,3.129813,0,1.8350182
22.121013871443218,88.00345680876893,1842.665963339396,6,,40,3.9001698,0,1.9045081
22.121013871443218,88.01243996161013,1842.665963339396,6,,10,2.814732,0,1.1919632
22.121013871443218,88.02142311445132,1842.665963339396,5,,40,2.5929198,0,1.4681215
22.121013871443218,88.03040626729252,1842.665963339396,6,,40,2.6846979,0,0.73623276
22.121013871443218,88.0393894201337,1842.665963339396,6,,40,4.009283,0,0.10561943
22.121013871443218,88.0483725729749,1842.665963339396,6,,40,5.725704,0,0.0
22.121013871443218,88.0573557258161,1830.161000897539,7,,10,6.7312846,0,0.0
22.121013871443218,88.06633887865729,1830.161000897539,6,,40,9.41787,0,0.0
22.121013871443218,88.07532203149849,1830.161000897539,7,,10,8.285622,0,0.0
22.121013871443218,88.08430518433968,1830.161000897539,6,,10,6.4775677,0,0.0
22.121013871443218,88.09328833718088,1830.161000897539,5,,40,6.9202986,0,0.0
22.121013871443218,88.10227149002208,1788.6927217021691,6,,40,8.569447,0,0.0
22.121013871443218,88.11125464286327,1788.6927217021691,7,,10,11.039654,0,0.0
22.121013871443218,88.12023779570447,1788.6927217021691,7,,10,8.580435,0,0.063326836
22.121013871443218,88.12922094854567,1788.6927217021691,6,,40,6.401207,0,0.7795782
22.121013871443218,88.13820410138686,1788.6927217021691,7,,40,6.281707,0,0.32012796
22.121013871443218,88.14718725422806,1788.6927217021691,6,,10,6.955817,0,1.0281372
22.121013871443218,88.15617040706924,1812.0464411459864,7,,40,6.884005,0,1.2728844
22.121013871443218,88.16515355991044,1812.0464411459864,7,,10,6.9657736,0,1.538393
22.121013871443218,88.17413671275163,1812.0464411459864,5,,40,7.2293477,0,2.2780013
22.121013871443218,88.18311986559283,1812.0464411459864,4,,40,6.952956,0,2.904282
22.121013871443218,88.21905247695761,1778.9198164936456,4,,40,11.719391,0,2.904926
22.121013871443218,88.22803562979881,1778.9198164936456,5,,40,11.550451,0,2.615345
22.121013871443218,88.23701878264,1778.9198164936456,5,,40,12.381131,0,2.3683782
22.121013871443218,88.2460019354812,1778.9198164936456,6,,10,13.315861,0,1.0995364
22.121013871443218,88.2549850883224,1809.6252191519372,5,,40,13.4245,0,0.8906946
22.121013871443218,88.26396824116358,1809.6252191519372,6,,10,12.67051,0,0.0
22.121013871443218,88.27295139400478,1809.6252191519372,6,,10,11.881105,0,0.0
22.121013871443218,88.28193454684597,1809.6252191519372,5,,40,12.026139,0,0.0
22.121013871443218,88.29091769968717,1809.6252191519372,6,,10,13.732502,0,0.0
22.121013871443218,88.29990085252837,1809.6252191519372,5,,10,16.163555,0,0.0
22.129997024284414,87.500400249662,1876.0879230864157,10,,40,8.35776,0,0.0
22.129997024284414,87.50938340250319,1876.0879230864157,10,,10,9.846846,0,0.0
22.129997024284414,87.51836655534439,1876.0879230864157,9,,10,7.604083,0,0.0
22.129997024284414,87.52734970818558,1876.0879230864157,9,,40,7.6289363,0,0.0
22.129997024284414,87.53633286102678,1876.0879230864157,11,,40,7.270819,0,0.0
22.129997024284414,87.54531601386797,1876.0879230864157,8,,40,4.9329057,0,0.0
22.129997024284414,87.55429916670917,1909.7087133182945,9,,10,7.277932,0,0.0
22.129997024284414,87.56328231955037,1909.7087133182945,9,,40,7.034498,0,0.0
22.129997024284414,87.57226547239156,1909.7087133182945,8,,10,8.02398,0,0.0
22.129997024284414,87.58124862523275,1909.7087133182945,6,,40,7.995728,0,0.0
22.129997024284414,87.59023177807394,1909.7087133182945,6,,10,8.513474,0,0.0
22.129997024284414,87.59921493091514,1909.7087133182945,7,,10,9.082039,0,0.0
22.129997024284414,87.60819808375633,1856.5047094153283,7,,40,7.5741205,0,0.0
22.129997024284414,87.61718123659753,1856.5047094153283,6,,40,7.8940635,0,0.0
22.129997024284414,87.62616438943873,1856.5047094153283,7,,10,7.102078,0,0.0
22.129997024284414,87.63514754227992,1856.5047094153283,6,,40,7.6026344,0,0.0
22.129997024284414,87.64413069512112,1856.5047094153283,5,,80,7.9046307,0,0.0
22.129997024284414,87.65311384796232,1944.8064531260698,5,,80,8.113645,0,0.0
22.129997024284414,87.66209700080351,1944.8064531260698,4,,40,7.430242,0,0.0
22.129997024284414,87.67108015364471,1944.8064531260698,5,,10,7.54914,0,0.0
22.129997024284414,87.6800633064859,1944.8064531260698,6,,80,9.286745,0,0.0
22.129997024284414,87.68904645932709,1944.8064531260698,6,,10,9.910481,0,0.0
22.129997024284414,87.69802961216828,1944.8064531260698,7,,10,11.136835,0,0.0
22.129997024284414,87.70701276500948,1965.868691045947,4,,40,9.31794,0,0.0
22.129997024284414,87.71599591785068,1965.868691045947,5,,40,9.696936,0,0.0
22.129997024284414,87.72497907069187,1965.868691045947,4,,10,9.110817,0,0.0
22.129997024284414,87.73396222353307,1965.868691045947,5,,40,12.184214,0,0.0
22.129997024284414,87.74294537637427,1965.868691045947,5,,40,12.031877,0,0.027872086
22.129997024284414,87.75192852921546,1855.1478058088987,5,,10,11.932569,0,0.4306469
22.129997024284414,87.76091168205666,1855.1478058088987,5,,40,12.34821,0,0.6654463
22.129997024284414,87.76989483489785,1855.1478058088987,5,,40,12.835849,0,0.90204334
22.129997024284414,87.77887798773905,1855.1478058088987,5,,40,13.32091,0,0.95575047
22.129997024284414,87.78786114058025,1855.1478058088987,5,,10,14.067165,0,0.7612486
22.129997024284414,87.79684429342144,1855.1478058088987,6,,10,12.141577,0,0.8793988
22.129997024284414,87.80582744626263,1881.9437279697781,7,,40,10.117886,0,0.5440197
22.129997024284414,87.81481059910382,1881.9437279697781,6,,10,9.525412,0,0.15941048
22.129997024284414,87.82379375194502,1881.9437279697781,6,,40,10.940918,13,0.8380041
22.129997024284414,87.83277690478621,1881.9437279697781,5,,10,11.27438,556,0.47761345
22.129997024284414,87.84176005762741,1881.9437279697781,5,,40,13.972515,0,1.1788626
22.129997024284414,87.85074321046861,1901.4210858260271,7,,10,15.586093,0,0.3497696
22.129997024284414,87.8597263633098,1901.4210858260271,6,,40,15.06245,0,0.8710542
22.129997024284414,87.868709516151,1901.4210858260271,6,,10,15.253037,0,1.4534597
22.129997024284414,87.8776926689922,1901.4210858260271,6,,10,16.683924,0,1.871007
22.129997024284414,87.88667582183339,1901.4210858260271,6,,40,22.286486,0,1.4477282
22.129997024284414,87.89565897467459,1901.4210858260271,5,,80,16.147755,0,2.7021544
22.129997024284414,87.90464212751579,1954.5021972519626,5,,80,13.2194395,0,3.4516857
22.129997024284414,87.91362528035698,1954.5021972519626,6,,10,11.912063,0,2.8745763
22.129997024284414,87.92260843319816,1954.5021972519626,7,,10,10.791734,0,3.2052336
22.129997024284414,87.93159158603936,1954.5021972519626,6,,40,11.027155,0,1.267972
22.129997024284414,87.94057473888056,1954.5021972519626,6,,40,10.355399,0,2.603333
22.129997024284414,87.94955789172175,1954.5021972519626,6,,40,9.679621,0,2.5138617
22.129997024284414,87.95854104456295,1961.805052764391,9,,10,8.838918,0,0.057730675
22.129997024284414,87.96752419740415,1961.805052764391,6,,10,10.586729,0,1.3336926
22.129997024284414,87.97650735024534,1961.805052764391,6,,10,14.226883,0,1.2600985
22.129997024284414,87.98549050308654,1961.805052764391,5,,40,16.379602,0,2.0173645
22.129997024284414,87.99447365592773,1961.805052764391,6,,40,15.519362,0,1.7918854
22.129997024284414,88.00345680876893,1842.665963339396,6,,10,12.103956,0,0.9925475
22.129997024284414,88.01243996161013,1842.665963339396,6,,40,11.3430195,0,0.72078896
22.129997024284414,88.02142311445132,1842.665963339396,7,,10,12.133198,0,0.30785322
22.129997024284414,88.03040626729252,1842.665963339396,7,,10,11.952334,0,0.0
22.129997024284414,88.0393894201337,1842.665963339396,7,,10,11.777588,0,0.0
22.129997024284414,88.0483725729749,1842.665963339396,7,,40,7.8177276,0,0.0
22.129997024284414,88.0573557258161,1830.161000897539,6,,40,6.796035,0,0.0
22.129997024284414,88.06633887865729,1830.161000897539,6,,40,9.437344,0,0.0
22.129997024284414,88.07532203149849,1830.161000897539,7,,40,11.482408,0,0.0
22.129997024284414,88.08430518433968,1830.161000897539,8,,10,11.297877,149,0.0
22.129997024284414,88.09328833718088,1830.161000897539,7,,40,10.789125,0,0.0
22.129997024284414,88.10227149002208,1788.6927217021691,6,,40,10.439926,0,0.0
22.129997024284414,88.11125464286327,1788.6927217021691,6,,40,7.9682837,0,0.05539322
22.129997024284414,88.12023779570447,1788.6927217021691,5,,40,6.2498813,0,1.0584755
22.129997024284414,88.12922094854567,1788.6927217021691,4,,40,6.768219,0,1.6313434
22.129997024284414,88.13820410138686,1788.6927217021691,6,,10,7.551482,0,0.9671593
22.129997024284414,88.14718725422806,1788.6927217021691,6,,40,7.1803164,0,1.3347068
22.129997024284414,88.15617040706924,1812.0464411459864,6,,40,7.38616,598,2.3141952
22.129997024284414,88.16515355991044,1812.0464411459864,7,,10,7.4487553,0,1.585041
22.129997024284414,88.17413671275163,1812.0464411459864,5,,40,5.286788,0,2.9164755
22.129997024284414,88.18311986559283,1812.0464411459864,1,,80,4.525517,0,5.6085763
22.129997024284414,88.21006932411642,1778.9198164936456,1,,80,11.338407,0,4.4911547
22.129997024284414,88.21905247695761,1778.9198164936456,5,,40,11.664087,0,2.5274038
22.129997024284414,88.22803562979881,1778.9198164936456,5,,10,14.42477,0,1.592793
22.129997024284414,88.23701878264,1778.9198164936456,5,,40,12.569997,0,1.6620164
22.129997024284414,88.2460019354812,1778.9198164936456,5,,40,13.29357,0,1.2829523
22.129997024284414,88.2549850883224,1809.6252191519372,5,,40,12.787317,0,0.7456069
22.129997024284414,88.26396824116358,1809.6252191519372,6,,40,13.031541,0,0.0
22.129997024284414,88.27295139400478,1809.6252191519372,6,,40,12.6178255,0,0.0
22.129997024284414,88.28193454684597,1809.6252191519372,5,,40,13.326216,0,0.0
22.129997024284414,88.29091769968717,1809.6252191519372,5,,40,13.996397,0,0.0
22.129997024284414,88.29990085252837,1809.6252191519372,6,,40,15.290634,0,0.0
22.138980177125607,87.500400249662,1876.0879230864157,12,,40,6.7795124,0,0.0
22.138980177125607,87.50938340250319,1876.0879230864157,10,,40,8.167788,0,0.0
22.138980177125607,87.51836655534439,1876.0879230864157,12,,40,8.459604,490,0.0
22.138980177125607,87.52734970818558,1876.0879230864157,9,,40,6.257262,0,0.0
22.138980177125607,87.53633286102678,1876.0879230864157,10,,40,5.7084675,0,0.0
22.138980177125607,87.54531601386797,1876.0879230864157,9,,40,4.617213,0,0.0
22.138980177125607,87.55429916670917,1909.7087133182945,8,,40,6.6096992,0,0.0
22.138980177125607,87.56328231955037,1909.7087133182945,10,,40,6.5590343,0,0.0
22.138980177125607,87.57226547239156,1909.7087133182945,7,,40,7.3210855,0,0.0
22.138980177125607,87.58124862523275,1909.7087133182945,8,,40,7.592564,0,0.0
22.138980177125607,87.59023177807394,1909.7087133182945,7,,40,8.101195,0,0.0
22.138980177125607,87.59921493091514,1909.7087133182945,7,,40,8.563043,0,0.0
22.138980177125607,87.60819808375633,1856.5047094153283,8,,40,7.443939,0,0.0
22.138980177125607,87.61718123659753,1856.5047094153283,7,,10,7.324976,0,0.0
22.138980177125607,87.62616438943873,1856.5047094153283,8,,10,7.5112042,0,0.0
22.138980177125607,87.63514754227992,1856.5047094153283,7,,40,7.8132453,0,0.0
22.138980177125607,87.64413069512112,1856.5047094153283,5,,10,7.7905235,0,0.0
22.138980177125607,87.65311384796232,1944.8064531260698,5,,10,7.4216757,0,0.0
22.138980177125607,87.66209700080351,1944.8064531260698,6,,40,7.1362057,0,0.0
22.138980177125607,87.67108015364471,1944.8064531260698,5,,10,7.653966,0,0.0
22.138980177125607,87.6800633064859,1944.8064531260698,5,,10,9.061192,0,0.0
22.138980177125607,87.68904645932709,1944.8064531260698,7,,10,9.979957,0,0.0
22.138980177125607,87.69802961216828,1944.8064531260698,7,,40,10.493446,0,0.0
22.138980177125607,87.70701276500948,1965.868691045947,4,,10,9.517904,0,0.0
22.138980177125607,87.71599591785068,1965.868691045947,5,,40,9.193365,0,0.0
22.138980177125607,87.72497907069187,1965.868691045947,5,,10,9.294474,0,0.0
22.138980177125607,87.73396222353307,1965.868691045947,4,,40,11.823756,0,0.3348198
22.138980177125607,87.74294537637427,1965.868691045947,4,,40,11.580436,0,0.7228589
22.138980177125607,87.75192852921546,1855.1478058088987,4,,80,11.552851,0,0.80129623
22.138980177125607,87.76091168205666,1855.1478058088987,5,,40,12.114877,0,1.0701303
22.138980177125607,87.76989483489785,1855.1478058088987,5,,10,12.929172,0,1.195086
22.138980177125607,87.77887798773905,1855.1478058088987,6,,10,12.906525,0,1.2968392
22.138980177125607,87.78786114058025,1855.1478058088987,6,,10,12.6314535,0,1.0808535
22.138980177125607,87.79684429342144,1855.1478058088987,5,,40,12.805188,0,1.4273629
22.138980177125607,87.80582744626263,1881.9437279697781,6,,40,8.326172,0,1.5029211
22.138980177125607,87.81481059910382,1881.9437279697781,7,,40,8.821348,0,0.38213968
22.138980177125607,87.82379375194502,1881.9437279697781,7,,40,9.203902,0,0.83792114
22.138980177125607,87.83277690478621,1881.9437279697781,6,,40,10.915824,0,0.5026865
22.138980177125607,87.84176005762741,1881.9437279697781,6,,40,13.548762,0,1.1099515
22.138980177125607,87.85074321046861,1901.4210858260271,6,,40,13.73514,0,0.95982504
22.138980177125607,87.8597263633098,1901.4210858260271,7,,10,14.361834,0,0.9587841
22.138980177125607,87.868709516151,1901.4210858260271,7,,40,14.932243,526,0.99200344
22.138980177125607,87.8776926689922,1901.4210858260271,6,,80,15.8126135,0,1.9632559
22.138980177125607,87.88667582183339,1901.4210858260271,6,,80,19.052792,0,2.9972324
22.138980177125607,87.89565897467459,1901.4210858260271,7,,10,18.081585,0,1.2748108
22.138980177125607,87.90464212751579,1954.5021972519626,8,,40,13.795105,0,0.4644251
22.138980177125607,87.91362528035698,1954.5021972519626,7,,40,10.814283,0,1.5174723
22.138980177125607,87.92260843319816,1954.5021972519626,8,,10,10.098355,0,1.2590346
22.138980177125607,87.93159158603936,1954.5021972519626,5,,40,9.990447,0,2.5029607
22.138980177125607,87.94057473888056,1954.5021972519626,6,,40,9.723498,0,2.5795875
22.138980177125607,87.94955789172175,1954.5021972519626,7,,10,9.062872,0,1.6933975
22.138980177125607,87.95854104456295,1961.805052764391,6,,40,9.247717,0,0.8885169
22.138980177125607,87.96752419740415,1961.805052764391,6,,40,9.484948,0,1.0003381
22.138980177125607,87.97650735024534,1961.805052764391,6,,40,13.496093,0,0.79494715
22.138980177125607,87.98549050308654,1961.805052764391,7,,10,16.964104,1321,0.5569005
22.138980177125607,87.99447365592773,1961.805052764391,4,,40,13.354923,0,1.8166561
22.138980177125607,88.00345680876893,1842.665963339396,6,,40,11.617176,0,1.2091928
22.138980177125607,88.01243996161013,1842.665963339396,6,,40,12.043185,0,0.22251701
22.138980177125607,88.02142311445132,1842.665963339396,7,,10,12.098925,0,0.0
22.138980177125607,88.03040626729252,1842.665963339396,6,,40,11.288183,0,0.15172863
22.138980177125607,88.0393894201337,1842.665963339396,6,,10,13.417174,0,0.0
22.138980177125607,88.0483725729749,1842.665963339396,5,,10,15.0048,0,0.0
22.138980177125607,88.0573557258161,1830.161000897539,6,,10,15.451492,0,0.2876625
22.138980177125607,88.06633887865729,1830.161000897539,8,,40,11.887245,0,0.0
22.138980177125607,88.07532203149849,1830.161000897539,7,,40,11.292259,331,0.0
22.138980177125607,88.08430518433968,1830.161000897539,8,,40,13.077965,1900,0.0
22.138980177125607,88.09328833718088,1830.161000897539,6,,10,10.9522705,0,0.0
22.138980177125607,88.10227149002208,1788.6927217021691,7,,40,7.939555,0,0.0
22.138980177125607,88.11125464286327,1788.6927217021691,7,,40,6.474303,0,0.0
22.138980177125607,88.12023779570447,1788.6927217021691,5,,40,6.085871,0,1.5841737
22.138980177125607,88.12922094854567,1788.6927217021691,6,,10,6.577235,0,1.0315528
22.138980177125607,88.13820410138686,1788.6927217021691,7,,40,7.127144,0,1.2955923
22.138980177125607,88.14718725422806,1788.6927217021691,6,,40,7.0361977,0,2.2564034
22.138980177125607,88.15617040706924,1812.0464411459864,7,,40,7.479999,0,2.0204406
22.138980177125607,88.16515355991044,1812.0464411459864,5,,40,5.918911,0,3.053113
22.138980177125607,88.17413671275163,1812.0464411459864,1,,80,5.367782,0,4.90217
22.138980177125607,88.21006932411642,1778.9198164936456,1,,80,12.077724,0,4.134045
22.138980177125607,88.21905247695761,1778.9198164936456,5,,40,11.976925,0,2.3220973
22.138980177125607,88.22803562979881,1778.9198164936456,7,,40,12.74879,0,1.1768737
22.138980177125607,88.23701878264,1778.9198164936456,4,,40,11.958026,0,2.1482124
22.138980177125607,88.2460019354812,1778.9198164936456,5,,10,14.097504,0,0.85392666
22.138980177125607,88.2549850883224,1809.6252191519372,5,,10,12.698901,0,0.7701874
22.138980177125607,88.26396824116358,1809.6252191519372,5,,40,11.940858,0,0.19129181
22.138980177125607,88.27295139400478,1809.6252191519372,5,,40,13.7059355,0,0.0
22.138980177125607,88.28193454684597,1809.6252191519372,5,,40,15.17741,0,0.0
22.138980177125607,88.29091769968717,1809.6252191519372,7,,40,15.129533,0,0.0
22.138980177125607,88.29990085252837,1809.6252191519372,5,,40,12.714365,0,0.0
22.147963329966803,87.500400249662,1876.0879230864157,12,,40,6.563759,0,0.0
22.147963329966803,87.50938340250319,1876.0879230864157,11,,40,5.689012,0,0.0
22.147963329966803,87.51836655534439,1876.0879230864157,11,,40,5.6873264,0,0.0
22.147963329966803,87.52734970818558,1876.0879230864157,11,,40,6.9444256,0,0.0
22.147963329966803,87.53633286102678,1876.0879230864157,10,,40,6.3887444,0,0.0
22.147963329966803,87.54531601386797,1876.0879230864157,10,,40,6.959817,786,0.0
22.147963329966803,87.55429916670917,1909.7087133182945,11,,10,5.9926367,0,0.0
22.147963329966803,87.56328231955037,1909.7087133182945,8,,10,7.0166416,0,0.0
22.147963329966803,87.57226547239156,1909.7087133182945,8,,40,7.6742744,0,0.0
22.147963329966803,87.58124862523275,1909.7087133182945,9,,10,7.989257,898,0.0
22.147963329966803,87.59023177807394,1909.7087133182945,9,,40,7.7257156,506,0.0
22.147963329966803,87.59921493091514,1909.7087133182945,7,,40,8.133191,0,0.0
22.147963329966803,87.60819808375633,1856.5047094153283,9,,10,7.7499256,0,0.0
22.147963329966803,87.61718123659753,1856.5047094153283,9,,10,7.7006884,0,0.0
22.147963329966803,87.62616438943873,1856.5047094153283,8,,40,7.2851095,0,0.0
22.147963329966803,87.63514754227992,1856.5047094153283,7,,10,7.1935425,0,0.0
22.147963329966803,87.64413069512112,1856.5047094153283,6,,10,7.673295,0,0.0
22.147963329966803,87.65311384796232,1944.8064531260698,7,,10,7.699421,0,0.0
22.147963329966803,87.66209700080351,1944.8064531260698,5,,40,7.9298196,0,0.0
22.147963329966803,87.67108015364471,1944.8064531260698,4,,40,8.133424,0,0.0
22.147963329966803,87.6800633064859,1944.8064531260698,7,,80,8.968429,0,0.0
22.147963329966803,87.68904645932709,1944.8064531260698,6,,10,9.045243,0,0.0
22.147963329966803,87.69802961216828,1944.8064531260698,7,,10,9.041218,0,0.0
22.147963329966803,87.70701276500948,1965.868691045947,5,,10,11.001963,780,0.0
22.147963329966803,87.71599591785068,1965.868691045947,4,,40,9.370264,0,0.0
22.147963329966803,87.72497907069187,1965.868691045947,5,,40,9.031385,0,0.0
22.147963329966803,87.73396222353307,1965.868691045947,6,,10,9.215413,0,0.0
22.147963329966803,87.74294537637427,1965.868691045947,6,,10,8.793013,0,0.31397295
22.147963329966803,87.75192852921546,1855.1478058088987,5,,10,9.52732,0,1.0427938
22.147963329966803,87.76091168205666,1855.1478058088987,6,,40,11.591137,0,0.9961529
22.147963329966803,87.76989483489785,1855.1478058088987,5,,40,13.63626,0,1.4802217
22.147963329966803,87.77887798773905,1855.1478058088987,4,,40,12.635338,0,2.2029896
22.147963329966803,87.78786114058025,1855.1478058088987,6,,10,13.095767,0,1.8445868
22.147963329966803,87.79684429342144,1855.1478058088987,5,,40,13.357727,0,2.0192213
22.147963329966803,87.80582744626263,1881.9437279697781,5,,40,12.017613,0,2.017201
22.147963329966803,87.81481059910382,1881.9437279697781,6,,10,11.16938,0,1.4525137
22.147963329966803,87.82379375194502,1881.9437279697781,6,,10,10.485339,0,1.3718104
22.147963329966803,87.83277690478621,1881.9437279697781,5,,10,9.3208275,0,1.2242322
22.147963329966803,87.84176005762741,1881.9437279697781,6,,40,10.311939,0,1.8257165
22.147963329966803,87.85074321046861,1901.4210858260271,5,,40,10.582081,0,2.1200428
22.147963329966803,87.8597263633098,1901.4210858260271,7,,40,12.452674,0,0.7017145
22.147963329966803,87.868709516151,1901.4210858260271,5,,80,13.253573,0,3.0283263
22.147963329966803,87.8776926689922,1901.4210858260271,6,,10,12.665008,0,2.9865294
22.147963329966803,87.88667582183339,1901.4210858260271,7,,10,14.000622,0,1.019423
22.147963329966803,87.89565897467459,1901.4210858260271,6,,10,15.454211,0,1.6045094
22.147963329966803,87.90464212751579,1954.5021972519626,5,,40,14.532228,0,2.8915272
22.147963329966803,87.91362528035698,1954.5021972519626,5,,40,11.024838,0,2.2938175
22.147963329966803,87.92260843319816,1954.5021972519626,7,,40,11.385733,0,1.4369421
22.147963329966803,87.93159158603936,1954.5021972519626,5,,40,12.165985,0,2.0871964
22.147963329966803,87.94057473888056,1954.5021972519626,7,,10,10.808096,0,1.6858377
22.147963329966803,87.94955789172175,1954.5021972519626,7,,10,11.655181,0,0.9219303
22.147963329966803,87.95854104456295,1961.805052764391,6,,40,15.482552,0,0.7223339
22.147963329966803,87.96752419740415,1961.805052764391,6,,10,17.71018,0,0.65668297
22.147963329966803,87.97650735024534,1961.805052764391,6,,40,15.784196,0,0.6240263
22.147963329966803,87.98549050308654,1961.805052764391,5,,40,15.6998005,0,0.3729329
22.147963329966803,87.99447365592773,1961.805052764391,6,,10,12.364803,0,0.4308915
22.147963329966803,88.00345680876893,1842.665963339396,5,,40,11.1768465,0,0.96264744
22.147963329966803,88.01243996161013,1842.665963339396,5,,40,11.285761,0,0.7407427
22.147963329966803,88.02142311445132,1842.665963339396,8,,10,12.967424,0,0.0
22.147963329966803,88.03040626729252,1842.665963339396,6,,10,14.112583,0,0.0
22.147963329966803,88.0393894201337,1842.665963339396,6,,10,11.940485,0,0.12472582
22.147963329966803,88.0483725729749,1842.665963339396,7,,10,11.76431,0,0.15629768
22.147963329966803,88.0573557258161,1830.161000897539,5,,40,12.6989765,0,0.39639568
22.147963329966803,88.06633887865729,1830.161000897539,5,,40,13.325172,0,0.9907551
22.147963329966803,88.07532203149849,1830.161000897539,6,,40,14.274525,0,0.18630171
22.147963329966803,88.08430518433968,1830.161000897539,6,,10,13.078975,0,0.0
22.147963329966803,88.09328833718088,1830.161000897539,6,,10,9.518831,0,0.053333282
22.147963329966803,88.10227149002208,1788.6927217021691,6,,40,7.5787897,0,0.52520466
22.147963329966803,88.11125464286327,1788.6927217021691,6,,40,6.510333,0,0.5712881
22.147963329966803,88.12023779570447,1788.6927217021691,6,,10,5.845936,0,1.2458625
22.147963329966803,88.12922094854567,1788.6927217021691,5,,40,5.886155,0,2.148796
22.147963329966803,88.13820410138686,1788.6927217021691,6,,10,6.400589,0,1.6546125
22.147963329966803,88.14718725422806,1788.6927217021691,5,,40,4.9125032,0,3.0014648
22.147963329966803,88.15617040706924,1812.0464411459864,6,,40,5.4797926,0,2.492416
22.147963329966803,88.16515355991044,1812.0464411459864,2,,40,5.633155,0,4.101389
22.147963329966803,88.21006932411642,1778.9198164936456,1,,80,18.993717,0,4.31717
22.147963329966803,88.21905247695761,1778.9198164936456,5,,40,14.645946,0,2.8272598
22.147963329966803,88.22803562979881,1778.9198164936456,4,,40,14.815712,0,2.3708854
22.147963329966803,88.23701878264,1778.9198164936456,4,,40,13.890984,0,2.2282605
22.147963329966803,88.2460019354812,1778.9198164936456,6,,40,16.321512,0,0.8864088
22.147963329966803,88.2549850883224,1809.6252191519372,5,,40,16.120853,0,1.0712752
22.147963329966803,88.26396824116358,1809.6252191519372,6,,10,13.829907,0,0.118798256
22.147963329966803,88.27295139400478,1809.6252191519372,6,,10,12.938735,0,0.0
22.147963329966803,88.28193454684597,1809.6252191519372,6,,40,11.654417,0,0.0
22.147963329966803,88.29091769968717,1809.6252191519372,6,,40,11.728376,0,0.0
22.147963329966803,88.29990085252837,1809.6252191519372,5,,40,13.877087,0,0.0
22.156946482808,87.500400249662,1855.6972306699513,14,,10,6.9611073,407,0.0
22.156946482808,87.50938340250319,1855.6972306699513,14,,40,7.1722274,0,0.0
22.156946482808,87.51836655534439,1855.6972306699513,13,,40,7.2118964,0,0.0
22.156946482808,87.52734970818558,1855.6972306699513,12,,40,9.713867,0,0.0
22.156946482808,87.53633286102678,1855.6972306699513,12,,10,8.3277025,0,0.0
22.156946482808,87.54531601386797,1855.6972306699513,11,,40,7.300852,0,0.0
22.156946482808,87.55429916670917,1851.1062191435994,10,,10,7.307024,0,0.0
22.156946482808,87.56328231955037,1851.1062191435994,9,,40,7.5996265,0,0.0
22.156946482808,87.57226547239156,1851.1062191435994,9,,40,6.8961554,0,0.0
22.156946482808,87.58124862523275,1851.1062191435994,8,,40,7.9481325,0,0.0
22.156946482808,87.59023177807394,1851.1062191435994,9,,40,7.7721786,0,0.0
22.156946482808,87.59921493091514,1851.1062191435994,8,,40,8.292139,0,0.0
22.156946482808,87.60819808375633,1897.1877706388996,8,,10,7.473401,0,0.0
22.156946482808,87.61718123659753,1897.1877706388996,9,,40,5.89476,0,0.0
22.156946482808,87.62616438943873,1897.1877706388996,9,,10,6.996727,119,0.0
22.156946482808,87.63514754227992,1897.1877706388996,9,,40,7.3630795,0,0.0
22.156946482808,87.64413069512112,1897.1877706388996,8,,10,7.5787015,0,0.0
22.156946482808,87.65311384796232,1929.377820722365,7,,40,7.4217567,0,0.0
22.156946482808,87.66209700080351,1929.377820722365,6,,10,7.7836623,575,0.0
22.156946482808,87.67108015364471,1929.377820722365,8,,10,7.8883524,583,0.0
22.156946482808,87.6800633064859,1929.377820722365,6,,40,8.626312,51,0.0
22.156946482808,87.68904645932709,1929.377820722365,5,,10,9.61482,0,0.0
22.156946482808,87.69802961216828,1929.377820722365,7,,10,9.544773,0,0.0
22.156946482808,87.70701276500948,1922.4089408766763,6,,10,11.5245,0,0.0
22.156946482808,87.71599591785068,1922.4089408766763,3,,40,10.413088,0,0.0
22.156946482808,87.72497907069187,1922.4089408766763,4,,40,10.932914,0,0.06647587
22.156946482808,87.73396222353307,1922.4089408766763,4,,40,11.260383,0,0.78255653
22.156946482808,87.74294537637427,1922.4089408766763,7,,10,11.547349,0,0.053926468
22.156946482808,87.75192852921546,1842.2801183074714,7,,10,12.165923,0,0.18295288
22.156946482808,87.76091168205666,1842.2801183074714,6,,10,13.97664,0,0.8335705
22.156946482808,87.76989483489785,1842.2801183074714,7,,10,14.27988,122,0.72192955
22.156946482808,87.77887798773905,1842.2801183074714,6,,10,13.0366,0,1.6643581
22.156946482808,87.78786114058025,1842.2801183074714,6,,10,13.362878,237,1.5378294
22.156946482808,87.79684429342144,1842.2801183074714,6,,10,12.260459,0,2.1202855
22.156946482808,87.80582744626263,1872.1160219766953,6,,40,14.678392,0,2.4382658
22.156946482808,87.81481059910382,1872.1160219766953,6,,10,16.70734,0,1.1933441
22.156946482808,87.82379375194502,1872.1160219766953,6,,10,14.6369505,0,1.965219
22.156946482808,87.83277690478621,1872.1160219766953,6,,10,11.4276495,0,1.2806878
22.156946482808,87.84176005762741,1872.1160219766953,7,,40,11.573939,0,1.240922
22.156946482808,87.85074321046861,1903.088324643492,7,,40,12.000936,0,1.2646804
22.156946482808,87.8597263633098,1903.088324643492,6,,80,13.494443,0,2.587779
22.156946482808,87.868709516151,1903.088324643492,7,,10,13.040773,0,1.5298963
22.156946482808,87.8776926689922,1903.088324643492,6,,40,11.09208,0,1.7942033
22.156946482808,87.88667582183339,1903.088324643492,5,,40,13.367226,0,2.6453638
22.156946482808,87.89565897467459,1903.088324643492,6,,40,14.493962,0,1.6975856
22.156946482808,87.90464212751579,1899.6682983469432,5,,40,16.15896,0,2.3142123
22.156946482808,87.91362528035698,1899.6682983469432,6,,40,12.219083,0,1.6618438
22.156946482808,87.92260843319816,1899.6682983469432,7,,40,12.687798,0,0.9200182
22.156946482808,87.93159158603936,1899.6682983469432,6,,40,13.129135,0,0.9693346
22.156946482808,87.94057473888056,1899.6682983469432,5,,40,13.652929,0,1.2713408
22.156946482808,87.94955789172175,1899.6682983469432,5,,40,15.143187,0,1.4184203
22.156946482808,87.95854104456295,1943.0076692947468,6,,10,14.970548,0,0.0
22.156946482808,87.96752419740415,1943.0076692947468,7,,40,13.477301,0,0.0
22.156946482808,87.97650735024534,1943.0076692947468,7,,10,13.61169,0,0.0
22.156946482808,87.98549050308654,1943.0076692947468,5,,40,15.266612,0,0.5867119
22.156946482808,87.99447365592773,1943.0076692947468,6,,40,13.290738,0,0.0
22.156946482808,88.00345680876893,1846.8561227266914,5,,40,11.272559,0,0.76317215
22.156946482808,88.01243996161013,1846.8561227266914,5,,40,12.049182,0,0.8300009
22.156946482808,88.02142311445132,1846.8561227266914,7,,10,13.475272,0,0.0
22.156946482808,88.03040626729252,1846.8561227266914,5,,10,12.466823,0,0.38132286
22.156946482808,88.0393894201337,1846.8561227266914,6,,40,10.864498,0,1.2175093
22.156946482808,88.0483725729749,1846.8561227266914,6,,40,10.742722,0,1.0695505
22.156946482808,88.0573557258161,1824.2774887280912,6,,40,11.444084,0,1.109179
22.156946482808,88.06633887865729,1824.2774887280912,6,,40,13.142584,0,0.9606476
22.156946482808,88.07532203149849,1824.2774887280912,6,,10,13.53859,0,0.80275726
22.156946482808,88.08430518433968,1824.2774887280912,6,,40,14.853763,0,0.9001007
22.156946482808,88.09328833718088,1824.2774887280912,6,,10,9.066951,0,0.7999444
22.156946482808,88.10227149002208,1784.375294623012,6,,40,8.275787,0,1.1123629
22.156946482808,88.11125464286327,1784.375294623012,6,,40,6.7296553,0,1.1828513
22.156946482808,88.12023779570447,1784.375294623012,7,,10,6.180089,0,1.4418311
22.156946482808,88.12922094854567,1784.375294623012,5,,10,6.29022,0,2.94703
22.156946482808,88.13820410138686,1784.375294623012,6,,40,5.6448174,0,2.7218387
22.156946482808,88.14718725422806,1784.375294623012,5,,40,5.30288,0,3.0432816
22.156946482808,88.15617040706924,1769.0187885559196,2,,80,5.1479945,0,4.761154
22.156946482808,88.21006932411642,1780.471131007125,2,,40,20.536238,0,3.7274103
22.156946482808,88.21905247695761,1780.471131007125,4,,10,21.20652,0,2.4441295
22.156946482808,88.22803562979881,1780.471131007125,6,,10,20.845787,0,1.6484618
22.156946482808,88.23701878264,1780.471131007125,6,,10,20.019005,0,1.5731063
22.156946482808,88.2460019354812,1780.471131007125,6,,40,21.455578,0,0.9361882
22.156946482808,88.2549850883224,1780.035165398426,5,,40,19.918032,0,0.8563013
22.156946482808,88.26396824116358,1780.035165398426,5,,10,16.77426,0,0.3987589
22.156946482808,88.27295139400478,1780.035165398426,6,,40,15.618806,0,0.0
22.156946482808,88.28193454684597,1780.035165398426,6,,10,13.165703,0,0.0
22.156946482808,88.29091769968717,1780.035165398426,6,,40,13.651384,0,0.0
22.156946482808,88.29990085252837,1780.035165398426,7,,40,14.361337,0,0.0
22.165929635649192,87.500400249662,1855.6972306699513,14,,40,6.925641,0,0.0
22.165929635649192,87.50938340250319,1855.6972306699513,13,,40,7.604137,0,0.0
22.165929635649192,87.51836655534439,1855.6972306699513,14,,10,8.630535,0,0.0
22.165929635649192,87.52734970818558,1855.6972306699513,14,,40,9.402343,0,0.0
22.165929635649192,87.53633286102678,1855.6972306699513,13,,10,12.492485,1359,0.0
22.165929635649192,87.54531601386797,1855.6972306699513,12,,10,9.487965,0,0.0
22.165929635649192,87.55429916670917,1851.1062191435994,10,,40,7.698768,0,0.0
22.165929635649192,87.56328231955037,1851.1062191435994,11,,10,7.62673,0,0.0
22.165929635649192,87.57226547239156,1851.1062191435994,9,,40,6.5241976,0,0.0
22.165929635649192,87.58124862523275,1851.1062191435994,7,,10,7.639325,0,0.0
22.165929635649192,87.59023177807394,1851.1062191435994,9,,40,7.848671,0,0.0
22.165929635649192,87.59921493091514,1851.1062191435994,7,,80,8.127775,0,0.0
22.165929635649192,87.60819808375633,1897.1877706388996,10,,40,6.1860867,84,0.0
22.165929635649192,87.61718123659753,1897.1877706388996,8,,40,4.1712627,0,0.0
22.165929635649192,87.62616438943873,1897.1877706388996,9,,10,7.637886,0,0.0
22.165929635649192,87.63514754227992,1897.1877706388996,9,,40,7.8559127,131,0.0
22.165929635649192,87.64413069512112,1897.1877706388996,9,,40,7.447899,762,0.0
22.165929635649192,87.65311384796232,1929.377820722365,8,,40,7.183012,0,0.0
22.165929635649192,87.66209700080351,1929.377820722365,8,,40,7.4655943,0,0.0
22.165929635649192,87.67108015364471,1929.377820722365,7,,10,7.5455904,0,0.0
22.165929635649192,87.6800633064859,1929.377820722365,7,,10,8.971908,0,0.0
22.165929635649192,87.68904645932709,1929.377820722365,5,,10,11.049436,0,0.0
22.165929635649192,87.69802961216828,1929.377820722365,7,,40,9.425947,0,0.0
22.165929635649192,87.70701276500948,1922.4089408766763,6,,10,9.737713,0,0.0
22.165929635649192,87.71599591785068,1922.4089408766763,4,,10,9.607266,0,0.0
22.165929635649192,87.72497907069187,1922.4089408766763,5,,10,10.934265,0,0.015612602
22.165929635649192,87.73396222353307,1922.4089408766763,5,,40,11.788408,0,0.48689175
22.165929635649192,87.74294537637427,1922.4089408766763,5,,10,12.202031,0,0.6375704
22.165929635649192,87.75192852921546,1842.2801183074714,6,,10,12.258373,0,0.2887025
22.165929635649192,87.76091168205666,1842.2801183074714,6,,40,14.33695,0,1.2616692
22.165929635649192,87.76989483489785,1842.2801183074714,7,,10,15.0033245,0,0.78131676
22.165929635649192,87.77887798773905,1842.2801183074714,6,,40,14.974889,0,0.7937803
22.165929635649192,87.78786114058025,1842.2801183074714,7,,10,14.293562,0,0.9039006
22.165929635649192,87.79684429342144,1842.2801183074714,7,,10,14.307853,201,1.2158093
22.165929635649192,87.80582744626263,1872.1160219766953,7,,10,16.398682,0,1.4957485
22.165929635649192,87.81481059910382,1872.1160219766953,7,,10,17.242588,0,1.202857
22.165929635649192,87.82379375194502,1872.1160219766953,6,,10,17.502602,0,1.2351227
22.165929635649192,87.83277690478621,1872.1160219766953,7,,60,12.391945,0,1.7648106
22.165929635649192,87.84176005762741,1872.1160219766953,6,,40,13.347218,0,1.8200445
22.165929635649192,87.85074321046861,1903.088324643492,6,,10,13.507029,0,2.6453574
22.165929635649192,87.8597263633098,1903.088324643492,7,,10,15.586031,0,1.6505051
22.165929635649192,87.868709516151,1903.088324643492,8,,10,15.763963,0,0.7548256
22.165929635649192,87.8776926689922,1903.088324643492,7,,10,14.919184,0,1.3445568
22.165929635649192,87.88667582183339,1903.088324643492,8,,40,11.9428005,0,0.73204565
22.165929635649192,87.89565897467459,1903.088324643492,7,,10,13.202706,520,1.1548028
22.165929635649192,87.90464212751579,1899.6682983469432,6,,40,17.174019,0,1.3940277
22.165929635649192,87.91362528035698,1899.6682983469432,5,,10,14.483685,0,1.546812
22.165929635649192,87.92260843319816,1899.6682983469432,5,,40,13.905955,0,1.4644346
22.165929635649192,87.93159158603936,1899.6682983469432,5,,10,13.896025,0,1.3717194
22.165929635649192,87.94057473888056,1899.6682983469432,5,,10,17.87514,0,1.3159184
22.165929635649192,87.94955789172175,1899.6682983469432,5,,40,15.318388,1644,0.47808075
22.165929635649192,87.95854104456295,1943.0076692947468,6,,10,12.160631,0,0.0
22.165929635649192,87.96752419740415,1943.0076692947468,6,,40,11.850327,0,0.0
22.165929635649192,87.97650735024534,1943.0076692947468,6,,10,11.990254,0,0.20217514
22.165929635649192,87.98549050308654,1943.0076692947468,7,,10,16.370445,0,0.1274724
22.165929635649192,87.99447365592773,1943.0076692947468,6,,10,15.744072,0,1.0576267
22.165929635649192,88.00345680876893,1846.8561227266914,5,,10,13.651209,0,0.952662
22.165929635649192,88.01243996161013,1846.8561227266914,6,,10,12.974285,0,1.0003505
22.165929635649192,88.02142311445132,1846.8561227266914,5,,40,11.656396,0,0.98189974
22.165929635649192,88.03040626729252,1846.8561227266914,5,,10,10.613262,0,1.0583129
22.165929635649192,88.0393894201337,1846.8561227266914,5,,40,10.610646,0,1.8282495
22.165929635649192,88.0483725729749,1846.8561227266914,6,,40,10.650035,0,1.3731031
22.165929635649192,88.0573557258161,1824.2774887280912,6,,40,11.275148,0,1.2874975
22.165929635649192,88.06633887865729,1824.2774887280912,7,,10,14.000184,0,1.01756
22.165929635649192,88.07532203149849,1824.2774887280912,6,,40,16.12162,0,1.4874034
22.165929635649192,88.08430518433968,1824.2774887280912,7,,10,17.784689,0,1.2593565
22.165929635649192,88.09328833718088,1824.2774887280912,6,,10,7.832199,0,1.3408408
22.165929635649192,88.10227149002208,1784.375294623012,6,,40,8.249291,0,1.505681
22.165929635649192,88.11125464286327,1784.375294623012,6,,10,8.045701,0,1.9761696
22.165929635649192,88.12023779570447,1784.375294623012,7,,10,6.7236967,0,1.5638733
22.165929635649192,88.12922094854567,1784.375294623012,6,,40,6.781608,0,1.801764
22.165929635649192,88.13820410138686,1784.375294623012,5,,10,6.4544773,0,3.4153104
22.165929635649192,88.14718725422806,1784.375294623012,4,,80,5.8471837,0,3.545291
22.165929635649192,88.20108617127522,1780.471131007125,1,,80,32.69627,0,5.309748
22.165929635649192,88.21006932411642,1780.471131007125,6,,10,24.74691,0,2.246725
22.165929635649192,88.21905247695761,1780.471131007125,5,,10,22.208101,0,1.1498756
22.165929635649192,88.22803562979881,1780.471131007125,7,,40,22.804,0,0.5914068
22.165929635649192,88.23701878264,1780.471131007125,6,,10,22.254353,0,1.290369
22.165929635649192,88.2460019354812,1780.471131007125,5,,10,24.141006,0,1.3213625
22.165929635649192,88.2549850883224,1780.035165398426,7,,10,23.943186,0,0.29133177
22.165929635649192,88.26396824116358,1780.035165398426,5,,40,18.8936,0,0.24286318
22.165929635649192,88.27295139400478,1780.035165398426,6,,40,15.685451,0,0.0
22.165929635649192,88.28193454684597,1780.035165398426,6,,10,15.267109,0,0.0
22.165929635649192,88.29091769968717,1780.035165398426,6,,10,16.499662,0,0.0
22.165929635649192,88.29990085252837,1780.035165398426,5,,40,12.535323,0,0.0
22.17491278849039,87.500400249662,1855.6972306699513,14,,40,6.4819126,0,0.0
22.17491278849039,87.50938340250319,1855.6972306699513,14,,40,7.7134857,0,0.0
22.17491278849039,87.51836655534439,1855.6972306699513,14,,40,7.71571,0,0.0
22.17491278849039,87.52734970818558,1855.6972306699513,14,,40,5.3089595,0,0.0
22.17491278849039,87.53633286102678,1855.6972306699513,13,,40,5.631762,0,0.0
22.17491278849039,87.54531601386797,1855.6972306699513,12,,40,6.6718993,0,0.0
22.17491278849039,87.55429916670917,1851.1062191435994,11,,40,7.268537,0,0.0
22.17491278849039,87.56328231955037,1851.1062191435994,12,,40,7.395513,0,0.0
22.17491278849039,87.57226547239156,1851.1062191435994,10,,40,7.646568,0,0.0
22.17491278849039,87.58124862523275,1851.1062191435994,10,,10,8.284088,0,0.0
22.17491278849039,87.59023177807394,1851.1062191435994,8,,40,9.967361,594,0.0
22.17491278849039,87.59921493091514,1851.1062191435994,10,,10,10.366336,1222,0.0
22.17491278849039,87.60819808375633,1897.1877706388996,12,,10,8.0894785,0,0.0
22.17491278849039,87.61718123659753,1897.1877706388996,9,,40,7.6011825,0,0.0
22.17491278849039,87.62616438943873,1897.1877706388996,9,,40,7.8718457,0,0.0
22.17491278849039,87.63514754227992,1897.1877706388996,8,,10,7.6972957,0,0.0
22.17491278849039,87.64413069512112,1897.1877706388996,8,,40,7.309573,0,0.0
22.17491278849039,87.65311384796232,1929.377820722365,7,,40,5.690277,0,0.0
22.17491278849039,87.66209700080351,1929.377820722365,7,,10,6.865956,0,0.0
22.17491278849039,87.67108015364471,1929.377820722365,8,,40,7.273565,1531,0.0
22.17491278849039,87.6800633064859,1929.377820722365,8,,10,8.186519,488,0.0
22.17491278849039,87.68904645932709,1929.377820722365,6,,10,8.141263,0,0.0
22.17491278849039,87.69802961216828,1929.377820722365,6,,40,8.53982,0,0.0
22.17491278849039,87.70701276500948,1922.4089408766763,7,,10,8.867137,0,0.0
22.17491278849039,87.71599591785068,1922.4089408766763,8,,80,9.710767,0,0.0
22.17491278849039,87.72497907069187,1922.4089408766763,6,,80,10.753411,0,0.0
22.17491278849039,87.73396222353307,1922.4089408766763,7,,10,11.769743,0,0.0
22.17491278849039,87.74294537637427,1922.4089408766763,7,,10,11.923727,0,0.0
22.17491278849039,87.75192852921546,1842.2801183074714,6,,10,12.336449,0,0.0
22.17491278849039,87.76091168205666,1842.2801183074714,5,,40,12.521464,0,0.87998676
22.17491278849039,87.76989483489785,1842.2801183074714,6,,40,12.400564,0,0.8697233
22.17491278849039,87.77887798773905,1842.2801183074714,6,,10,13.179421,154,0.4483595
22.17491278849039,87.78786114058025,1842.2801183074714,7,,10,13.826328,0,1.1096339
22.17491278849039,87.79684429342144,1842.2801183074714,6,,10,12.261706,0,0.8144784
22.17491278849039,87.80582744626263,1872.1160219766953,6,,80,11.575926,0,1.6591935
22.17491278849039,87.81481059910382,1872.1160219766953,7,,10,15.514674,528,1.6857419
22.17491278849039,87.82379375194502,1872.1160219766953,8,,10,16.429737,0,1.2507858
22.17491278849039,87.83277690478621,1872.1160219766953,7,,10,11.593946,0,0.7269578
22.17491278849039,87.84176005762741,1872.1160219766953,7,,10,10.511749,0,1.3991375
22.17491278849039,87.85074321046861,1903.088324643492,6,,10,11.013751,0,1.3203869
22.17491278849039,87.8597263633098,1903.088324643492,6,,40,16.425156,0,1.564053
22.17491278849039,87.868709516151,1903.088324643492,7,,40,15.953774,0,0.6528969
22.17491278849039,87.8776926689922,1903.088324643492,6,,10,11.868654,367,0.89150524
22.17491278849039,87.88667582183339,1903.088324643492,6,,80,12.770253,0,1.429287
22.17491278849039,87.89565897467459,1903.088324643492,6,,10,14.162501,0,0.5322943
22.17491278849039,87.90464212751579,1899.6682983469432,6,,10,16.26531,0,0.6485195
22.17491278849039,87.91362528035698,1899.6682983469432,5,,10,23.692799,576,0.6182494
22.17491278849039,87.92260843319816,1899.6682983469432,4,,40,20.802177,0,0.9730816
22.17491278849039,87.93159158603936,1899.6682983469432,4,,40,23.036968,0,1.1051321
22.17491278849039,87.94057473888056,1899.6682983469432,5,,40,17.709929,0,0.43214893
22.17491278849039,87.94955789172175,1899.6682983469432,5,,40,14.120909,0,0.69802475
22.17491278849039,87.95854104456295,1943.0076692947468,5,,40,12.321044,0,0.9584446
22.17491278849039,87.96752419740415,1943.0076692947468,6,,40,13.563276,0,0.38682318
22.17491278849039,87.97650735024534,1943.0076692947468,7,,10,17.302977,8,0.0
22.17491278849039,87.98549050308654,1943.0076692947468,7,,10,22.157446,0,0.0
22.17491278849039,87.99447365592773,1943.0076692947468,6,,40,20.53432,0,0.77390146
22.17491278849039,88.00345680876893,1846.8561227266914,6,,10,17.350533,0,0.84003067
22.17491278849039,88.01243996161013,1846.8561227266914,6,,10,12.667164,0,0.7927971
22.17491278849039,88.02142311445132,1846.8561227266914,5,,40,11.823303,0,1.6832523
22.17491278849039,88.03040626729252,1846.8561227266914,6,,10,11.850109,0,1.0577211
22.17491278849039,88.0393894201337,1846.8561227266914,5,,40,13.593108,0,1.9671803
22.17491278849039,88.0483725729749,1846.8561227266914,5,,40,17.772709,0,2.2362523
22.17491278849039,88.0573557258161,1824.2774887280912,6,,40,21.122692,0,1.6525216
22.17491278849039,88.06633887865729,1824.2774887280912,7,,10,17.250458,0,1.0595369
22.17491278849039,88.07532203149849,1824.2774887280912,6,,10,14.438826,0,1.5396938
22.17491278849039,88.08430518433968,1824.2774887280912,6,,40,13.740262,0,1.9528189
22.17491278849039,88.09328833718088,1824.2774887280912,7,,40,7.5442266,0,1.4203968
22.17491278849039,88.10227149002208,1784.375294623012,5,,40,7.885964,0,1.814065
22.17491278849039,88.11125464286327,1784.375294623012,6,,10,9.493588,0,2.0370455
22.17491278849039,88.12023779570447,1784.375294623012,6,,40,8.433704,0,1.5780525
22.17491278849039,88.12922094854567,1784.375294623012,7,,10,7.5117483,0,1.7145376
22.17491278849039,88.13820410138686,1784.375294623012,5,,40,7.075675,0,2.9896219
22.17491278849039,88.19210301843403,1769.0187885559196,0,,80,40.884563,0,6.8755293
22.17491278849039,88.20108617127522,1780.471131007125,4,,10,38.422127,0,2.140345
22.17491278849039,88.21006932411642,1780.471131007125,8,,10,33.751934,0,0.96917534
22.17491278849039,88.21905247695761,1780.471131007125,6,,10,26.610554,0,1.3115005
22.17491278849039,88.22803562979881,1780.471131007125,6,,40,24.301884,0,0.68257046
22.17491278849039,88.23701878264,1780.471131007125,7,,40,26.313862,0,0.34669256
22.17491278849039,88.2460019354812,1780.471131007125,7,,40,25.157763,0,0.36771584
22.17491278849039,88.2549850883224,1780.035165398426,7,,10,24.957176,0,0.0
22.17491278849039,88.26396824116358,1780.035165398426,7,,40,20.426138,0,0.0
22.17491278849039,88.27295139400478,1780.035165398426,6,,40,16.380741,0,0.0
22.17491278849039,88.28193454684597,1780.035165398426,6,,40,14.458565,0,0.0
22.17491278849039,88.29091769968717,1780.035165398426,5,,40,13.610912,0,0.0
22.17491278849039,88.29990085252837,1780.035165398426,5,,40,12.526938,0,0.0
22.183895941331585,87.500400249662,1855.6972306699513,14,,40,4.170705,0,0.0
22.183895941331585,87.50938340250319,1855.6972306699513,14,,40,5.5343275,0,0.0
22.183895941331585,87.51836655534439,1855.6972306699513,14,,40,5.633314,0,0.0
22.183895941331585,87.52734970818558,1855.6972306699513,13,,40,4.5938416,0,0.0
22.183895941331585,87.53633286102678,1855.6972306699513,13,,40,4.1965594,0,0.0
22.183895941331585,87.54531601386797,1855.6972306699513,12,,40,4.9237194,0,0.0
22.183895941331585,87.55429916670917,1851.1062191435994,11,,40,9.446571,0,0.0
22.183895941331585,87.56328231955037,1851.1062191435994,11,,40,9.277653,0,0.0
22.183895941331585,87.57226547239156,1851.1062191435994,11,,10,7.407229,0,0.0
22.183895941331585,87.58124862523275,1851.1062191435994,9,,40,8.146346,0,0.0
22.183895941331585,87.59023177807394,1851.1062191435994,10,,10,9.888959,0,0.0
22.183895941331585,87.59921493091514,1851.1062191435994,12,,40,8.493387,0,0.0
22.183895941331585,87.60819808375633,1897.1877706388996,10,,10,7.706844,0,0.0
22.183895941331585,87.61718123659753,1897.1877706388996,10,,10,7.542742,0,0.0
22.183895941331585,87.62616438943873,1897.1877706388996,8,,40,8.289586,0,0.0
22.183895941331585,87.63514754227992,1897.1877706388996,10,,10,7.567005,0,0.0
22.183895941331585,87.64413069512112,1897.1877706388996,9,,40,7.1360893,0,0.0
22.183895941331585,87.65311384796232,1929.377820722365,9,,10,7.0370235,0,0.0
22.183895941331585,87.66209700080351,1929.377820722365,7,,40,7.4357967,0,0.0
22.183895941331585,87.67108015364471,1929.377820722365,9,,10,8.211315,0,0.0
22.183895941331585,87.6800633064859,1929.377820722365,8,,40,8.326908,0,0.0
22.183895941331585,87.68904645932709,1929.377820722365,6,,40,8.161158,3376,0.0
22.183895941331585,87.69802961216828,1929.377820722365,7,,40,8.320112,0,0.0
22.183895941331585,87.70701276500948,1922.4089408766763,5,,10,9.5851965,0,0.0
22.183895941331585,87.71599591785068,1922.4089408766763,6,,10,10.837821,0,0.0
22.183895941331585,87.72497907069187,1922.4089408766763,5,,10,11.870316,0,0.0
22.183895941331585,87.73396222353307,1922.4089408766763,7,,10,12.418676,0,0.0
22.183895941331585,87.74294537637427,1922.4089408766763,7,,10,12.434827,0,0.11893749
22.183895941331585,87.75192852921546,1842.2801183074714,6,,10,12.610393,0,0.0
22.183895941331585,87.76091168205666,1842.2801183074714,7,,10,11.834075,0,0.0
22.183895941331585,87.76989483489785,1842.2801183074714,6,,10,12.9777,0,0.0
22.183895941331585,87.77887798773905,1842.2801183074714,5,,10,13.573136,0,1.1090956
22.183895941331585,87.78786114058025,1842.2801183074714,6,,10,13.367629,0,1.4847255
22.183895941331585,87.79684429342144,1842.2801183074714,5,,10,13.429757,0,2.0149527
22.183895941331585,87.80582744626263,1872.1160219766953,6,,80,10.87652,0,1.7918177
22.183895941331585,87.81481059910382,1872.1160219766953,8,,10,13.846483,0,0.6920452
22.183895941331585,87.82379375194502,1872.1160219766953,6,,10,15.335496,389,0.0
22.183895941331585,87.83277690478621,1872.1160219766953,5,,40,12.11536,0,1.2250004
22.183895941331585,87.84176005762741,1872.1160219766953,8,,10,11.045996,0,0.071624756
22.183895941331585,87.85074321046861,1903.088324643492,6,,10,11.53929,0,1.896781
22.183895941331585,87.8597263633098,1903.088324643492,6,,10,13.188391,0,1.1652904
22.183895941331585,87.868709516151,1903.088324643492,6,,10,12.580375,0,1.4516921
22.183895941331585,87.8776926689922,1903.088324643492,6,,40,11.433108,0,1.0778542
22.183895941331585,87.88667582183339,1903.088324643492,6,,10,13.12023,0,0.9578705
22.183895941331585,87.89565897467459,1903.088324643492,5,,40,14.377352,0,0.37671232
22.183895941331585,87.90464212751579,1899.6682983469432,6,,40,16.095566,0,0.0
22.183895941331585,87.91362528035698,1899.6682983469432,7,,10,29.818085,194,0.0
22.183895941331585,87.92260843319816,1899.6682983469432,6,,10,29.873295,882,0.0
22.183895941331585,87.93159158603936,1899.6682983469432,5,,10,24.598524,26,0.036116123
22.183895941331585,87.94057473888056,1899.6682983469432,5,,40,18.80855,0,0.14213467
22.183895941331585,87.94955789172175,1899.6682983469432,6,,10,17.587877,23,0.13513851
22.183895941331585,87.95854104456295,1943.0076692947468,5,,10,15.537931,0,0.71719265
22.183895941331585,87.96752419740415,1943.0076692947468,7,,10,19.325663,428,0.5581293
22.183895941331585,87.97650735024534,1943.0076692947468,7,,10,24.850311,819,0.0
22.183895941331585,87.98549050308654,1943.0076692947468,8,,10,27.455194,692,0.0
22.183895941331585,87.99447365592773,1943.0076692947468,7,,10,23.553764,928,0.7764144
22.183895941331585,88.00345680876893,1846.8561227266914,7,,10,18.428337,0,1.2062926
22.183895941331585,88.01243996161013,1846.8561227266914,5,,40,14.051274,0,2.661716
22.183895941331585,88.02142311445132,1846.8561227266914,5,,40,13.503932,0,1.9892807
22.183895941331585,88.03040626729252,1846.8561227266914,6,,40,13.916124,0,1.238122
22.183895941331585,88.0393894201337,1846.8561227266914,5,,40,14.922181,0,2.237843
22.183895941331585,88.0483725729749,1846.8561227266914,6,,40,19.68211,0,2.2271342
22.183895941331585,88.0573557258161,1824.2774887280912,6,,10,22.37816,0,2.8804512
22.183895941331585,88.06633887865729,1824.2774887280912,7,,10,19.656132,0,2.2336545
22.183895941331585,88.07532203149849,1824.2774887280912,7,,10,16.867752,0,5.0611544
22.183895941331585,88.08430518433968,1824.2774887280912,6,,40,15.168933,0,5.5512323
22.183895941331585,88.09328833718088,1824.2774887280912,8,,10,8.741411,0,2.468967
22.183895941331585,88.10227149002208,1784.375294623012,6,,40,9.832154,0,2.1972241
22.183895941331585,88.11125464286327,1784.375294623012,5,,10,10.986729,0,3.4800606
22.183895941331585,88.12023779570447,1784.375294623012,6,,10,10.255112,0,4.07467
22.183895941331585,88.12922094854567,1784.375294623012,6,,80,7.8064027,0,5.9238887
22.183895941331585,88.13820410138686,1784.375294623012,3,,80,7.2436175,0,6.964592
22.183895941331585,88.19210301843403,1769.0187885559196,4,,10,52.19036,0,0.9466653
22.183895941331585,88.20108617127522,1780.471131007125,6,,40,37.32461,2990,2.6693983
22.183895941331585,88.21006932411642,1780.471131007125,6,,40,31.667015,0,2.1965919
22.183895941331585,88.21905247695761,1780.471131007125,6,,40,24.03392,0,1.6783504
22.183895941331585,88.22803562979881,1780.471131007125,7,,10,26.602036,0,0.9401531
22.183895941331585,88.23701878264,1780.471131007125,7,,10,26.523613,0,0.9350033
22.183895941331585,88.2460019354812,1780.471131007125,5,,40,23.983267,0,1.0805559
22.183895941331585,88.2549850883224,1780.035165398426,6,,10,24.345184,0,0.26642132
22.183895941331585,88.26396824116358,1780.035165398426,5,,40,20.423723,0,0.0
22.183895941331585,88.27295139400478,1780.035165398426,5,,40,14.202009,0,0.0
22.183895941331585,88.28193454684597,1780.035165398426,5,,10,12.52525,0,0.0
22.183895941331585,88.29091769968717,1780.035165398426,4,,40,12.318323,0,0.0
22.183895941331585,88.29990085252837,1780.035165398426,6,,10,14.378798,0,0.0
22.19287909417278,87.500400249662,1855.6972306699513,14,,40,3.8600793,0,0.0
22.19287909417278,87.50938340250319,1855.6972306699513,15,,10,7.0243287,0,0.0
22.19287909417278,87.51836655534439,1855.6972306699513,16,,10,7.386385,0,0.0
22.19287909417278,87.52734970818558,1855.6972306699513,15,,10,6.5696425,0,0.0
22.19287909417278,87.53633286102678,1855.6972306699513,14,,10,6.0799074,0,0.0
22.19287909417278,87.54531601386797,1855.6972306699513,13,,10,6.850649,0,0.0
22.19287909417278,87.55429916670917,1851.1062191435994,13,,10,8.037958,0,0.0
22.19287909417278,87.56328231955037,1851.1062191435994,13,,10,9.780354,0,0.0
22.19287909417278,87.57226547239156,1851.1062191435994,11,,40,7.9147325,761,0.0
22.19287909417278,87.58124862523275,1851.1062191435994,11,,10,7.9996133,0,0.0
22.19287909417278,87.59023177807394,1851.1062191435994,10,,10,8.726194,0,0.0
22.19287909417278,87.59921493091514,1851.1062191435994,11,,40,7.8004932,0,0.0
22.19287909417278,87.60819808375633,1897.1877706388996,10,,40,7.3401585,0,0.0
22.19287909417278,87.61718123659753,1897.1877706388996,10,,40,7.4437327,0,0.0
22.19287909417278,87.62616438943873,1897.1877706388996,9,,40,7.64488,0,0.0
22.19287909417278,87.63514754227992,1897.1877706388996,11,,10,7.3995776,0,0.0
22.19287909417278,87.64413069512112,1897.1877706388996,9,,40,6.945863,0,0.0
22.19287909417278,87.65311384796232,1929.377820722365,9,,10,6.0534945,0,0.0
22.19287909417278,87.66209700080351,1929.377820722365,8,,40,6.8571196,0,0.0
22.19287909417278,87.67108015364471,1929.377820722365,9,,10,7.83098,0,0.0
22.19287909417278,87.6800633064859,1929.377820722365,7,,10,8.549614,0,0.0
22.19287909417278,87.68904645932709,1929.377820722365,8,,40,8.289988,0,0.0
22.19287909417278,87.69802961216828,1929.377820722365,8,,10,9.359395,0,0.0
22.19287909417278,87.70701276500948,1922.4089408766763,8,,10,9.858152,0,0.0
22.19287909417278,87.71599591785068,1922.4089408766763,5,,80,11.617508,0,0.0
22.19287909417278,87.72497907069187,1922.4089408766763,5,,10,12.132265,2151,0.0
22.19287909417278,87.73396222353307,1922.4089408766763,5,,10,12.397662,0,0.0
22.19287909417278,87.74294537637427,1922.4089408766763,6,,10,12.063271,0,0.0
22.19287909417278,87.75192852921546,1842.2801183074714,6,,10,12.61882,0,0.0
22.19287909417278,87.76091168205666,1842.2801183074714,6,,10,13.5062895,0,0.0
22.19287909417278,87.76989483489785,1842.2801183074714,5,,10,12.845171,0,0.45871735
22.19287909417278,87.77887798773905,1842.2801183074714,6,,80,13.844987,0,0.7927065
22.19287909417278,87.78786114058025,1842.2801183074714,4,,40,13.782677,0,1.0598154
22.19287909417278,87.79684429342144,1842.2801183074714,5,,10,12.414329,0,0.69152737
22.19287909417278,87.80582744626263,1872.1160219766953,5,,40,13.287206,0,0.94456434
22.19287909417278,87.81481059910382,1872.1160219766953,9,,10,14.575794,190,0.87557983
22.19287909417278,87.82379375194502,1872.1160219766953,8,,10,14.001272,70,0.0
22.19287909417278,87.83277690478621,1872.1160219766953,6,,10,10.293745,0,0.5937624
22.19287909417278,87.84176005762741,1872.1160219766953,7,,80,10.536613,0,0.921793
22.19287909417278,87.85074321046861,1903.088324643492,6,,10,10.646208,0,1.0142932
22.19287909417278,87.8597263633098,1903.088324643492,7,,10,11.130675,0,0.27436495
22.19287909417278,87.868709516151,1903.088324643492,5,,10,12.677349,0,0.8097563
22.19287909417278,87.8776926689922,1903.088324643492,5,,40,11.808798,0,0.95279837
22.19287909417278,87.88667582183339,1903.088324643492,4,,40,14.216845,0,0.566226
22.19287909417278,87.89565897467459,1903.088324643492,5,,10,16.500473,0,0.31764793
22.19287909417278,87.90464212751579,1899.6682983469432,6,,10,18.309376,908,0.0
22.19287909417278,87.91362528035698,1899.6682983469432,6,,10,33.278297,0,0.0
22.19287909417278,87.92260843319816,1899.6682983469432,5,,10,34.195137,1732,0.0
22.19287909417278,87.93159158603936,1899.6682983469432,5,,10,27.86004,714,0.0
22.19287909417278,87.94057473888056,1899.6682983469432,6,,10,21.056297,0,0.0
22.19287909417278,87.94955789172175,1899.6682983469432,6,,10,17.376507,0,0.78808403
22.19287909417278,87.95854104456295,1943.0076692947468,6,,10,14.296849,0,0.41812134
22.19287909417278,87.96752419740415,1943.0076692947468,6,,10,18.853722,0,1.2289767
22.19287909417278,87.97650735024534,1943.0076692947468,7,,40,22.792974,0,0.52662754
22.19287909417278,87.98549050308654,1943.0076692947468,7,,10,26.770073,0,1.2836933
22.19287909417278,87.99447365592773,1943.0076692947468,6,,10,22.991232,964,1.4624104
22.19287909417278,88.00345680876893,1846.8561227266914,6,,40,20.127832,0,1.2919836
22.19287909417278,88.01243996161013,1846.8561227266914,5,,40,18.172102,0,1.9325304
22.19287909417278,88.02142311445132,1846.8561227266914,6,,10,17.802767,0,2.3000402
22.19287909417278,88.03040626729252,1846.8561227266914,7,,10,17.76755,0,1.7293272
22.19287909417278,88.0393894201337,1846.8561227266914,6,,10,19.338686,0,1.2558136
22.19287909417278,88.0483725729749,1846.8561227266914,6,,10,20.260971,0,1.1158118
22.19287909417278,88.0573557258161,1824.2774887280912,5,,10,21.613512,0,3.19967
22.19287909417278,88.06633887865729,1824.2774887280912,2,,80,21.322933,0,6.4219356
22.19287909417278,88.10227149002208,1784.375294623012,3,,80,10.956568,0,7.277092
22.19287909417278,88.17413671275163,1769.0187885559196,1,,80,30.570377,78,5.2234983
22.19287909417278,88.18311986559283,1769.0187885559196,5,,10,38.001335,1535,1.2506075
22.19287909417278,88.19210301843403,1769.0187885559196,8,,10,52.219162,3437,0.0
22.19287909417278,88.20108617127522,1780.471131007125,6,,10,36.145927,0,1.7211337
22.19287909417278,88.21006932411642,1780.471131007125,6,,40,28.065083,0,1.914896
22.19287909417278,88.21905247695761,1780.471131007125,7,,10,30.338158,0,1.1996799
22.19287909417278,88.22803562979881,1780.471131007125,7,,10,28.836838,0,0.70876026
22.19287909417278,88.23701878264,1780.471131007125,6,,10,23.296907,0,0.69783354
22.19287909417278,88.2460019354812,1780.471131007125,5,,40,21.812513,0,0.662395
22.19287909417278,88.2549850883224,1780.035165398426,6,,40,23.877277,0,0.0
22.19287909417278,88.26396824116358,1780.035165398426,7,,10,20.685143,0,0.0
22.19287909417278,88.27295139400478,1780.035165398426,5,,10,15.347439,0,0.0
22.19287909417278,88.28193454684597,1780.035165398426,5,,10,13.134449,0,0.0
22.19287909417278,88.29091769968717,1780.035165398426,5,,40,11.872505,0,0.0
22.19287909417278,88.29990085252837,1780.035165398426,5,,40,12.580981,0,0.0
