latitude,longitude,flood_depth_m
21.564058395289113,88.18311986559283,1.0
21.564058395289113,88.2549850883224,1.6444412
21.564058395289113,88.26396824116358,2.0919452
21.564058395289113,88.27295139400478,1.9669749
21.564058395289113,88.28193454684597,1.8879713
21.564058395289113,88.29091769968717,2.6898484
21.57304154813031,88.17413671275163,1.0
21.57304154813031,88.18311986559283,1.0
21.57304154813031,88.2460019354812,2.2121778
21.57304154813031,88.2549850883224,1.9130626
21.57304154813031,88.26396824116358,1.949
21.57304154813031,88.27295139400478,2.2515435
21.57304154813031,88.28193454684597,2.8416193
21.57304154813031,88.29091769968717,2.6285064
21.57304154813031,88.29990085252837,2.038722
21.582024700971505,88.17413671275163,1.0
21.582024700971505,88.18311986559283,1.0
21.582024700971505,88.2460019354812,2.1074355
21.582024700971505,88.2549850883224,1.8833749
21.582024700971505,88.26396824116358,1.8818126
21.582024700971505,88.27295139400478,1.8782166
21.582024700971505,88.28193454684597,1.9595103
21.582024700971505,88.29091769968717,1.5839375
21.582024700971505,88.29990085252837,2.1673775
21.5910078538127,88.16515355991044,1.0
21.5910078538127,88.17413671275163,1.0
21.5910078538127,88.2460019354812,2.016186
21.5910078538127,88.2549850883224,1.9618125
21.5910078538127,88.26396824116358,1.9865
21.5910078538127,88.27295139400478,1.7245625
21.5910078538127,88.28193454684597,1.6558125
21.5910078538127,88.29091769968717,1.7526875
21.5910078538127,88.29990085252837,2.1292813
21.599991006653894,88.21006932411642,2.016
21.599991006653894,88.23701878264,3.352
21.599991006653894,88.2460019354812,2.0450156
21.599991006653894,88.2549850883224,2.156703
21.599991006653894,88.26396824116358,1.6994219
21.599991006653894,88.27295139400478,1.7587968
21.599991006653894,88.28193454684597,2.032463
21.599991006653894,88.29091769968717,2.2383003
21.60897415949509,88.21006932411642,2.0860045
21.60897415949509,88.22803562979881,2.2873335
21.60897415949509,88.23701878264,2.0799866
21.60897415949509,88.2460019354812,2.4560404
21.60897415949509,88.2549850883224,2.0728905
21.60897415949509,88.26396824116358,1.7716875
21.60897415949509,88.27295139400478,1.7109375
21.60897415949509,88.28193454684597,1.997875
21.60897415949509,88.29091769968717,2.999034
21.617957312336287,87.500400249662,0.773
21.617957312336287,88.20108617127522,1.2429188
21.617957312336287,88.21006932411642,2.2054777
21.617957312336287,88.21905247695761,2.4601588
21.617957312336287,88.22803562979881,1.8621521
21.617957312336287,88.23701878264,2.2305782
21.617957312336287,88.2460019354812,2.1504061
21.617957312336287,88.2549850883224,2.0265782
21.617957312336287,88.26396824116358,1.7378281
21.617957312336287,88.27295139400478,1.8486093
21.617957312336287,88.28193454684597,1.9974035
21.617957312336287,88.29091769968717,3.5152824
21.62694046517748,87.500400249662,1.3357344
21.62694046517748,87.50938340250319,0.97300667
21.62694046517748,87.51836655534439,1.9183855
21.62694046517748,87.52734970818558,1.4766098
21.62694046517748,87.53633286102678,1.3785772
21.62694046517748,87.54531601386797,2.7435856
21.62694046517748,88.09328833718088,1.9342387
21.62694046517748,88.10227149002208,1.5728985
21.62694046517748,88.11125464286327,1.4191185
21.62694046517748,88.12023779570447,1.9095743
21.62694046517748,88.12922094854567,1.4922743
21.62694046517748,88.19210301843403,1.4455
21.62694046517748,88.20108617127522,2.0941346
21.62694046517748,88.21006932411642,2.1619844
21.62694046517748,88.21905247695761,2.9703333
21.62694046517748,88.22803562979881,2.2560256
21.62694046517748,88.23701878264,1.9689845
21.62694046517748,88.2460019354812,2.4335806
21.62694046517748,88.2549850883224,2.6074758
21.62694046517748,88.26396824116358,2.02562
21.62694046517748,88.27295139400478,1.8496406
21.62694046517748,88.28193454684597,2.0729063
21.62694046517748,88.29091769968717,1.8980677
21.635923618018676,87.500400249662,1.7397847
21.635923618018676,87.50938340250319,1.3607173
21.635923618018676,87.51836655534439,1.1025076
21.635923618018676,87.52734970818558,2.1402905
21.635923618018676,87.53633286102678,2.8051057
21.635923618018676,87.54531601386797,1.3655707
21.635923618018676,87.55429916670917,2.7454727
21.635923618018676,87.56328231955037,2.60817
21.635923618018676,87.57226547239156,1.0
21.635923618018676,87.58124862523275,1.0
21.635923618018676,88.06633887865729,2.329551
21.635923618018676,88.07532203149849,1.826563
21.635923618018676,88.08430518433968,2.2188904
21.635923618018676,88.09328833718088,1.0528966
21.635923618018676,88.10227149002208,1.8021718
21.635923618018676,88.11125464286327,1.5716875
21.635923618018676,88.12023779570447,1.7605938
21.635923618018676,88.12922094854567,1.7879063
21.635923618018676,88.13820410138686,2.3322735
21.635923618018676,88.14718725422806,4.254
21.635923618018676,88.19210301843403,2.4293914
21.635923618018676,88.20108617127522,1.8989171
21.635923618018676,88.21006932411642,2.1068125
21.635923618018676,88.21905247695761,1.9464465
21.635923618018676,88.22803562979881,1.8137363
21.635923618018676,88.23701878264,1.824106
21.635923618018676,88.2460019354812,1.8313438
21.635923618018676,88.2549850883224,1.6802031
21.635923618018676,88.26396824116358,2.1167192
21.635923618018676,88.27295139400478,2.034625
21.635923618018676,88.28193454684597,1.750625
21.635923618018676,88.29091769968717,1.8260938
21.644906770859873,87.500400249662,0.5876528
21.644906770859873,87.50938340250319,0.5438025
21.644906770859873,87.51836655534439,0.43569228
21.644906770859873,87.52734970818558,1.0247469
21.644906770859873,87.53633286102678,1.240759
21.644906770859873,87.54531601386797,0.89049107
21.644906770859873,87.55429916670917,0.9123524
21.644906770859873,87.56328231955037,1.398694
21.644906770859873,87.57226547239156,0.8713479
21.644906770859873,87.58124862523275,1.1885865
21.644906770859873,87.59023177807394,1.3522556
21.644906770859873,87.59921493091514,1.1883638
21.644906770859873,87.60819808375633,1.0
21.644906770859873,87.61718123659753,0.6405
21.644906770859873,88.0573557258161,1.3725024
21.644906770859873,88.06633887865729,1.3173281
21.644906770859873,88.07532203149849,1.3995781
21.644906770859873,88.08430518433968,1.095878
21.644906770859873,88.09328833718088,1.106407
21.644906770859873,88.10227149002208,1.5612344
21.644906770859873,88.11125464286327,1.5983281
21.644906770859873,88.12023779570447,1.7981094
21.644906770859873,88.12922094854567,1.9268281
21.644906770859873,88.13820410138686,2.482578
21.644906770859873,88.14718725422806,3.369431
21.644906770859873,88.15617040706924,4.352
21.644906770859873,88.19210301843403,1.8251287
21.644906770859873,88.20108617127522,1.8375626
21.644906770859873,88.21006932411642,1.8302813
21.644906770859873,88.21905247695761,2.1137812
21.644906770859873,88.22803562979881,1.874793
21.644906770859873,88.23701878264,2.1002629
21.644906770859873,88.2460019354812,1.9401406
21.644906770859873,88.2549850883224,2.1050782
21.644906770859873,88.26396824116358,2.370422
21.644906770859873,88.27295139400478,1.6990535
21.644906770859873,88.28193454684597,1.6004688
21.644906770859873,88.29091769968717,1.7098125
21.653889923701065,87.500400249662,1.3943375
21.653889923701065,87.50938340250319,1.411373
21.653889923701065,87.51836655534439,1.5140916
21.653889923701065,87.52734970818558,1.2686875
21.653889923701065,87.53633286102678,1.1004574
21.653889923701065,87.54531601386797,1.1906406
21.653889923701065,87.55429916670917,1.0499188
21.653889923701065,87.56328231955037,1.3748437
21.653889923701065,87.57226547239156,1.5826406
21.653889923701065,87.58124862523275,1.6004578
21.653889923701065,87.59023177807394,1.5624068
21.653889923701065,87.59921493091514,1.1255494
21.653889923701065,87.60819808375633,1.2331024
21.653889923701065,87.61718123659753,1.256762
21.653889923701065,87.62616438943873,0.7208116
21.653889923701065,87.63514754227992,0.81602824
21.653889923701065,87.64413069512112,2.4521909
21.653889923701065,87.65311384796232,1.0782014
21.653889923701065,87.66209700080351,1.0352036
21.653889923701065,87.67108015364471,0.8490702
21.653889923701065,87.6800633064859,0.2635
21.653889923701065,88.0393894201337,2.040373
21.653889923701065,88.0483725729749,1.5944229
21.653889923701065,88.0573557258161,1.2347813
21.653889923701065,88.06633887865729,1.710375
21.653889923701065,88.07532203149849,1.4087813
21.653889923701065,88.08430518433968,0.9438281
21.653889923701065,88.09328833718088,1.3398125
21.653889923701065,88.10227149002208,1.6471094
21.653889923701065,88.11125464286327,1.639703
21.653889923701065,88.12023779570447,1.4664688
21.653889923701065,88.12922094854567,1.3616722
21.653889923701065,88.13820410138686,2.0527189
21.653889923701065,88.14718725422806,2.0988905
21.653889923701065,88.15617040706924,2.6960616
21.653889923701065,88.19210301843403,1.5961165
21.653889923701065,88.20108617127522,1.5967813
21.653889923701065,88.21006932411642,1.6043125
21.653889923701065,88.21905247695761,1.809
21.653889923701065,88.22803562979881,1.7785535
21.653889923701065,88.23701878264,2.0656164
21.653889923701065,88.2460019354812,1.9222969
21.653889923701065,88.2549850883224,2.0996718
21.653889923701065,88.26396824116358,2.1840312
21.653889923701065,88.27295139400478,2.374875
21.653889923701065,88.28193454684597,2.1157343
21.653889923701065,88.29091769968717,2.2263594
21.653889923701065,88.29990085252837,2.6119428
21.66287307654226,87.500400249662,0.75579995
21.66287307654226,87.50938340250319,1.3791251
21.66287307654226,87.51836655534439,1.0856266
21.66287307654226,87.52734970818558,1.0994326
21.66287307654226,87.53633286102678,1.0503695
21.66287307654226,87.54531601386797,0.93350834
21.66287307654226,87.55429916670917,0.9286552
21.66287307654226,87.56328231955037,1.2095782
21.66287307654226,87.57226547239156,0.8193497
21.66287307654226,87.58124862523275,0.6808731
21.66287307654226,87.59023177807394,1.0004165
21.66287307654226,87.59921493091514,1.2385626
21.66287307654226,87.60819808375633,1.5494963
21.66287307654226,87.61718123659753,2.1413124
21.66287307654226,87.62616438943873,1.2421563
21.66287307654226,87.63514754227992,1.0610241
21.66287307654226,87.64413069512112,1.8044063
21.66287307654226,87.65311384796232,2.3286095
21.66287307654226,87.66209700080351,0.91027445
21.66287307654226,87.67108015364471,0.84386194
21.66287307654226,87.6800633064859,1.0453838
21.66287307654226,87.68904645932709,0.7205751
21.66287307654226,88.0393894201337,1.6444117
21.66287307654226,88.0483725729749,1.0751145
21.66287307654226,88.0573557258161,1.5691719
21.66287307654226,88.06633887865729,1.7250469
21.66287307654226,88.07532203149849,1.2707969
21.66287307654226,88.08430518433968,1.0792968
21.66287307654226,88.09328833718088,1.2612813
21.66287307654226,88.10227149002208,1.5430938
21.66287307654226,88.11125464286327,1.2538906
21.66287307654226,88.12023779570447,1.2897187
21.66287307654226,88.12922094854567,1.6260781
21.66287307654226,88.13820410138686,1.7010156
21.66287307654226,88.14718725422806,2.2311563
21.66287307654226,88.15617040706924,2.5899656
21.66287307654226,88.19210301843403,1.5890625
21.66287307654226,88.20108617127522,1.560375
21.66287307654226,88.21006932411642,1.6867969
21.66287307654226,88.21905247695761,1.7010535
21.66287307654226,88.22803562979881,1.5787294
21.66287307654226,88.23701878264,2.2162354
21.66287307654226,88.2460019354812,1.9330468
21.66287307654226,88.2549850883224,2.1522813
21.66287307654226,88.26396824116358,2.2607813
21.66287307654226,88.27295139400478,2.207953
21.66287307654226,88.28193454684597,2.1635313
21.66287307654226,88.29091769968717,2.4206877
21.66287307654226,88.29990085252837,2.5809813
21.671856229383458,87.51836655534439,0.6894162
21.671856229383458,87.52734970818558,0.94886285
21.671856229383458,87.53633286102678,1.1379156
21.671856229383458,87.54531601386797,0.96728975
21.671856229383458,87.55429916670917,0.98087215
21.671856229383458,87.56328231955037,1.1102464
21.671856229383458,87.57226547239156,1.0673103
21.671856229383458,87.58124862523275,1.1062839
21.671856229383458,87.59023177807394,0.74107474
21.671856229383458,87.59921493091514,0.81148446
21.671856229383458,87.60819808375633,2.1993697
21.671856229383458,87.61718123659753,3.07
21.671856229383458,87.62616438943873,0.8607541
21.671856229383458,87.63514754227992,1.4106874
21.671856229383458,87.64413069512112,1.5811481
21.671856229383458,87.65311384796232,2.1621563
21.671856229383458,87.66209700080351,1.366375
21.671856229383458,87.67108015364471,1.7414532
21.671856229383458,87.6800633064859,1.1363066
21.671856229383458,87.68904645932709,1.0947031
21.671856229383458,87.69802961216828,0.98582864
21.671856229383458,87.70701276500948,0.7015
21.671856229383458,87.71599591785068,1.1014285
21.671856229383458,88.0393894201337,1.9370829
21.671856229383458,88.0483725729749,1.7790625
21.671856229383458,88.0573557258161,1.4939219
21.671856229383458,88.06633887865729,1.5523751
21.671856229383458,88.07532203149849,1.5917344
21.671856229383458,88.08430518433968,1.0314531
21.671856229383458,88.09328833718088,1.6446563
21.671856229383458,88.10227149002208,1.4681094
21.671856229383458,88.11125464286327,1.182547
21.671856229383458,88.12023779570447,1.3226875
21.671856229383458,88.12922094854567,1.5069687
21.671856229383458,88.13820410138686,1.806375
21.671856229383458,88.14718725422806,2.2506251
21.671856229383458,88.15617040706924,2.5752723
21.671856229383458,88.19210301843403,1.6267656
21.671856229383458,88.20108617127522,1.1767156
21.671856229383458,88.21006932411642,1.7379557
21.671856229383458,88.21905247695761,2.020721
21.671856229383458,88.22803562979881,1.8801253
21.671856229383458,88.23701878264,2.0010276
21.671856229383458,88.2460019354812,1.9155781
21.671856229383458,88.2549850883224,2.2116563
21.671856229383458,88.26396824116358,2.3485
21.671856229383458,88.27295139400478,2.3383594
21.671856229383458,88.28193454684597,2.3375156
21.671856229383458,88.29091769968717,2.134828
21.671856229383458,88.29990085252837,2.47
21.68083938222465,87.500400249662,0.97170126
21.68083938222465,87.50938340250319,1.0456185
21.68083938222465,87.51836655534439,1.3580974
21.68083938222465,87.52734970818558,1.3307118
21.68083938222465,87.53633286102678,0.5674072
21.68083938222465,87.54531601386797,0.373
21.68083938222465,87.57226547239156,1.0960631
21.68083938222465,87.58124862523275,0.551
21.68083938222465,87.60819808375633,0.9675
21.68083938222465,87.61718123659753,0.93519104
21.68083938222465,87.62616438943873,0.93818593
21.68083938222465,87.63514754227992,0.7196799
21.68083938222465,87.64413069512112,0.9493272
21.68083938222465,87.65311384796232,1.0996562
21.68083938222465,87.66209700080351,1.0221406
21.68083938222465,87.67108015364471,1.0201874
21.68083938222465,87.6800633064859,1.4311892
21.68083938222465,87.68904645932709,1.0722097
21.68083938222465,87.69802961216828,2.0561094
21.68083938222465,87.70701276500948,1.7493438
21.68083938222465,87.71599591785068,1.4218906
21.68083938222465,87.72497907069187,1.1434397
21.68083938222465,87.73396222353307,0.7622922
21.68083938222465,87.74294537637427,1.7535676
21.68083938222465,88.0393894201337,2.0627499
21.68083938222465,88.0483725729749,1.6375508
21.68083938222465,88.0573557258161,1.9226719
21.68083938222465,88.06633887865729,1.7397499
21.68083938222465,88.07532203149849,1.9295468
21.68083938222465,88.08430518433968,1.868828
21.68083938222465,88.09328833718088,1.5852656
21.68083938222465,88.10227149002208,1.7976563
21.68083938222465,88.11125464286327,1.3212188
21.68083938222465,88.12023779570447,1.019625
21.68083938222465,88.12922094854567,1.1636178
21.68083938222465,88.13820410138686,1.8164164
21.68083938222465,88.14718725422806,1.4947525
21.68083938222465,88.15617040706924,2.2129977
21.68083938222465,88.18311986559283,2.5085194
21.68083938222465,88.19210301843403,1.8289243
21.68083938222465,88.20108617127522,2.224599
21.68083938222465,88.21006932411642,1.6930782
21.68083938222465,88.21905247695761,1.9307187
21.68083938222465,88.22803562979881,1.29275
21.68083938222465,88.23701878264,1.6501406
21.68083938222465,88.2460019354812,1.9786406
21.68083938222465,88.2549850883224,2.1562812
21.68083938222465,88.26396824116358,2.4231875
21.68083938222465,88.27295139400478,2.4041095
21.68083938222465,88.28193454684597,2.6626875
21.68083938222465,88.29091769968717,2.4176092
21.68083938222465,88.29990085252837,2.7762394
21.689822535065847,87.500400249662,0.91513616
21.689822535065847,87.50938340250319,0.76898664
21.689822535065847,87.51836655534439,0.72031003
21.689822535065847,87.52734970818558,0.4471254
21.689822535065847,87.53633286102678,0.40397194
21.689822535065847,87.54531601386797,0.33738244
21.689822535065847,87.55429916670917,0.371
21.689822535065847,87.56328231955037,0.34382966
21.689822535065847,87.57226547239156,1.2422594
21.689822535065847,87.58124862523275,1.0700612
21.689822535065847,87.60819808375633,1.413
21.689822535065847,87.62616438943873,0.68633753
21.689822535065847,87.63514754227992,0.9233916
21.689822535065847,87.64413069512112,0.5674218
21.689822535065847,87.65311384796232,0.7899871
21.689822535065847,87.66209700080351,0.9725931
21.689822535065847,87.67108015364471,0.5445755
21.689822535065847,87.6800633064859,1.2675495
21.689822535065847,87.68904645932709,1.9614269
21.689822535065847,87.69802961216828,2.1347969
21.689822535065847,87.70701276500948,2.1814532
21.689822535065847,87.71599591785068,2.1331093
21.689822535065847,87.72497907069187,1.7208437
21.689822535065847,87.73396222353307,1.0900656
21.689822535065847,87.74294537637427,0.5685283
21.689822535065847,87.75192852921546,3.7958572
21.689822535065847,87.77887798773905,4.08675
21.689822535065847,88.0483725729749,1.8886614
21.689822535065847,88.0573557258161,1.4989665
21.689822535065847,88.06633887865729,1.5136563
21.689822535065847,88.07532203149849,1.7463281
21.689822535065847,88.08430518433968,1.689
21.689822535065847,88.09328833718088,1.5650938
21.689822535065847,88.10227149002208,1.9059532
21.689822535065847,88.11125464286327,1.2350312
21.689822535065847,88.12023779570447,1.2838125
21.689822535065847,88.12922094854567,1.1271406
21.689822535065847,88.13820410138686,1.2100625
21.689822535065847,88.14718725422806,1.4354062
21.689822535065847,88.15617040706924,1.9241592
21.689822535065847,88.18311986559283,2.1996713
21.689822535065847,88.19210301843403,1.4600676
21.689822535065847,88.20108617127522,1.8755506
21.689822535065847,88.21006932411642,1.4034169
21.689822535065847,88.21905247695761,1.6821563
21.689822535065847,88.22803562979881,1.8459845
21.689822535065847,88.23701878264,2.0434375
21.689822535065847,88.2460019354812,1.7796094
21.689822535065847,88.2549850883224,2.073094
21.689822535065847,88.26396824116358,2.2655313
21.689822535065847,88.27295139400478,2.406422
21.689822535065847,88.28193454684597,2.2451563
21.689822535065847,88.29091769968717,2.1484687
21.689822535065847,88.29990085252837,2.7246523
21.698805687907043,87.500400249662,1.0186667
21.698805687907043,87.50938340250319,1.1831477
21.698805687907043,87.51836655534439,0.8785929
21.698805687907043,87.52734970818558,1.6514063
21.698805687907043,87.53633286102678,1.3172979
21.698805687907043,87.54531601386797,1.0286912
21.698805687907043,87.55429916670917,0.73826766
21.698805687907043,87.56328231955037,1.089845
21.698805687907043,87.57226547239156,1.4303119
21.698805687907043,87.58124862523275,1.4762527
21.698805687907043,87.59023177807394,1.2964381
21.698805687907043,87.59921493091514,1.2538084
21.698805687907043,87.60819808375633,1.201625
21.698805687907043,87.61718123659753,1.4825625
21.698805687907043,87.62616438943873,1.2167969
21.698805687907043,87.63514754227992,1.0269531
21.698805687907043,87.64413069512112,0.81314063
21.698805687907043,87.65311384796232,0.8839727
21.698805687907043,87.66209700080351,1.0853142
21.698805687907043,87.67108015364471,1.0095289
21.698805687907043,87.6800633064859,0.73266554
21.698805687907043,87.68904645932709,1.1768438
21.698805687907043,87.69802961216828,0.71560115
21.698805687907043,87.70701276500948,1.0251094
21.698805687907043,87.71599591785068,1.4291562
21.698805687907043,87.72497907069187,1.5401719
21.698805687907043,87.73396222353307,1.5994062
21.698805687907043,87.74294537637427,1.1465625
21.698805687907043,87.75192852921546,1.0904346
21.698805687907043,87.76091168205666,1.317293
21.698805687907043,87.76989483489785,0.6484932
21.698805687907043,87.77887798773905,0.7074444
21.698805687907043,87.78786114058025,0.963
21.698805687907043,87.79684429342144,1.217
21.698805687907043,88.0573557258161,1.1116047
21.698805687907043,88.06633887865729,1.6003281
21.698805687907043,88.07532203149849,1.4257344
21.698805687907043,88.08430518433968,1.6063907
21.698805687907043,88.09328833718088,1.5902344
21.698805687907043,88.10227149002208,1.8623438
21.698805687907043,88.11125464286327,1.5022812
21.698805687907043,88.12023779570447,1.3608125
21.698805687907043,88.12922094854567,1.3965782
21.698805687907043,88.13820410138686,1.1075
21.698805687907043,88.14718725422806,0.69261
21.698805687907043,88.15617040706924,1.5329025
21.698805687907043,88.19210301843403,1.6372343
21.698805687907043,88.20108617127522,1.3553339
21.698805687907043,88.21006932411642,1.3804644
21.698805687907043,88.21905247695761,1.8769913
21.698805687907043,88.22803562979881,1.8503126
21.698805687907043,88.23701878264,1.7082969
21.698805687907043,88.2460019354812,1.7960937
21.698805687907043,88.2549850883224,2.0824687
21.698805687907043,88.26396824116358,2.2375624
21.698805687907043,88.27295139400478,2.3436875
21.698805687907043,88.28193454684597,2.089922
21.698805687907043,88.29091769968717,2.3552375
21.707788840748236,87.500400249662,2.2404127
21.707788840748236,87.50938340250319,2.3979218
21.707788840748236,87.51836655534439,1.9307344
21.707788840748236,87.52734970818558,1.4543962
21.707788840748236,87.53633286102678,1.1945664
21.707788840748236,87.54531601386797,1.7972656
21.707788840748236,87.55429916670917,0.9803582
21.707788840748236,87.56328231955037,1.444
21.707788840748236,87.57226547239156,1.4891875
21.707788840748236,87.58124862523275,0.7050394
21.707788840748236,87.59023177807394,0.5599075
21.707788840748236,87.59921493091514,0.58600813
21.707788840748236,87.60819808375633,0.70555174
21.707788840748236,87.61718123659753,0.95181483
21.707788840748236,87.62616438943873,1.2031562
21.707788840748236,87.63514754227992,0.6199738
21.707788840748236,87.64413069512112,0.6832563
21.707788840748236,87.65311384796232,0.77908665
21.707788840748236,87.66209700080351,1.0855433
21.707788840748236,87.67108015364471,0.3717143
21.707788840748236,87.6800633064859,0.6604003
21.707788840748236,87.68904645932709,1.0273517
21.707788840748236,87.69802961216828,1.184501
21.707788840748236,87.70701276500948,1.2523274
21.707788840748236,87.71599591785068,0.91215503
21.707788840748236,87.72497907069187,1.0769688
21.707788840748236,87.73396222353307,1.1674844
21.707788840748236,87.74294537637427,1.681125
21.707788840748236,87.75192852921546,0.82233
21.707788840748236,87.76091168205666,1.3438123
21.707788840748236,87.76989483489785,1.269541
21.707788840748236,87.77887798773905,1.0914531
21.707788840748236,87.78786114058025,0.863986
21.707788840748236,87.79684429342144,0.8238746
21.707788840748236,87.80582744626263,1.1125485
21.707788840748236,87.81481059910382,1.4939156
21.707788840748236,88.0573557258161,1.3428229
21.707788840748236,88.06633887865729,0.9698281
21.707788840748236,88.07532203149849,0.94825
21.707788840748236,88.08430518433968,1.4345156
21.707788840748236,88.09328833718088,1.54775
21.707788840748236,88.10227149002208,1.4652032
21.707788840748236,88.11125464286327,1.7722499
21.707788840748236,88.12023779570447,1.4595938
21.707788840748236,88.12922094854567,1.3487031
21.707788840748236,88.13820410138686,0.98720825
21.707788840748236,88.14718725422806,0.7329406
21.707788840748236,88.15617040706924,1.3130605
21.707788840748236,88.19210301843403,1.3702611
21.707788840748236,88.20108617127522,1.97175
21.707788840748236,88.21006932411642,2.1337323
21.707788840748236,88.21905247695761,2.010339
21.707788840748236,88.22803562979881,1.6022344
21.707788840748236,88.23701878264,1.5695938
21.707788840748236,88.2460019354812,1.7169532
21.707788840748236,88.2549850883224,1.795
21.707788840748236,88.26396824116358,2.0155938
21.707788840748236,88.27295139400478,1.8581718
21.707788840748236,88.28193454684597,2.4473562
21.707788840748236,88.29990085252837,0.9505714
21.716771993589433,87.500400249662,0.379
21.716771993589433,87.50938340250319,1.7784592
21.716771993589433,87.51836655534439,2.08174
21.716771993589433,87.52734970818558,1.9803972
21.716771993589433,87.53633286102678,1.780422
21.716771993589433,87.54531601386797,1.4697621
21.716771993589433,87.55429916670917,1.4291563
21.716771993589433,87.56328231955037,0.9210287
21.716771993589433,87.57226547239156,1.3693025
21.716771993589433,87.58124862523275,0.95316017
21.716771993589433,87.59023177807394,1.3854034
21.716771993589433,87.59921493091514,0.9648305
21.716771993589433,87.60819808375633,0.8875072
21.716771993589433,87.61718123659753,0.67972785
21.716771993589433,87.62616438943873,0.5988882
21.716771993589433,87.63514754227992,0.8909492
21.716771993589433,87.64413069512112,0.90869284
21.716771993589433,87.65311384796232,0.8531577
21.716771993589433,87.66209700080351,1.0044276
21.716771993589433,87.67108015364471,0.19075872
21.716771993589433,87.6800633064859,0.8992791
21.716771993589433,87.68904645932709,1.00125
21.716771993589433,87.69802961216828,0.82754225
21.716771993589433,87.70701276500948,1.3152032
21.716771993589433,87.71599591785068,0.68857044
21.716771993589433,87.72497907069187,1.5233438
21.716771993589433,87.73396222353307,1.5555
21.716771993589433,87.74294537637427,1.2828751
21.716771993589433,87.75192852921546,1.6807499
21.716771993589433,87.76091168205666,1.3835658
21.716771993589433,87.76989483489785,1.363
21.716771993589433,87.77887798773905,1.0639591
21.716771993589433,87.78786114058025,0.8033934
21.716771993589433,87.79684429342144,0.9486627
21.716771993589433,87.80582744626263,1.1233314
21.716771993589433,87.81481059910382,1.3458563
21.716771993589433,87.82379375194502,2.8092
21.716771993589433,88.0573557258161,2.2474892
21.716771993589433,88.06633887865729,0.8045532
21.716771993589433,88.07532203149849,0.9949219
21.716771993589433,88.08430518433968,0.9617188
21.716771993589433,88.09328833718088,1.2451719
21.716771993589433,88.10227149002208,1.2431407
21.716771993589433,88.11125464286327,1.4529531
21.716771993589433,88.12023779570447,1.3205625
21.716771993589433,88.12922094854567,1.1291094
21.716771993589433,88.13820410138686,0.8227656
21.716771993589433,88.14718725422806,0.91658753
21.716771993589433,88.15617040706924,0.8761495
21.716771993589433,88.19210301843403,2.1941853
21.716771993589433,88.20108617127522,2.094839
21.716771993589433,88.21006932411642,2.8210988
21.716771993589433,88.21905247695761,1.2958344
21.716771993589433,88.22803562979881,1.7192187
21.716771993589433,88.23701878264,1.7478437
21.716771993589433,88.2460019354812,1.5929375
21.716771993589433,88.2549850883224,1.5389062
21.716771993589433,88.26396824116358,1.9300157
21.716771993589433,88.27295139400478,1.8069209
21.716771993589433,88.28193454684597,2.669073
21.716771993589433,88.29091769968717,1.277539
21.716771993589433,88.29990085252837,1.0560566
21.72575514643063,87.500400249662,0.9217955
21.72575514643063,87.50938340250319,0.97420174
21.72575514643063,87.55429916670917,0.85800004
21.72575514643063,87.56328231955037,0.8172545
21.72575514643063,87.57226547239156,0.9627201
21.72575514643063,87.58124862523275,1.1053249
21.72575514643063,87.59023177807394,0.9594126
21.72575514643063,87.59921493091514,1.1951094
21.72575514643063,87.60819808375633,1.1991682
21.72575514643063,87.61718123659753,1.176648
21.72575514643063,87.62616438943873,1.0840781
21.72575514643063,87.63514754227992,0.94229686
21.72575514643063,87.64413069512112,1.2093124
21.72575514643063,87.65311384796232,0.8884114
21.72575514643063,87.66209700080351,0.7292774
21.72575514643063,87.67108015364471,0.47313708
21.72575514643063,87.6800633064859,1.0367656
21.72575514643063,87.68904645932709,1.0443125
21.72575514643063,87.69802961216828,0.8434375
21.72575514643063,87.70701276500948,0.83787334
21.72575514643063,87.71599591785068,0.40384346
21.72575514643063,87.72497907069187,0.39705196
21.72575514643063,87.73396222353307,1.097625
21.72575514643063,87.74294537637427,0.91903126
21.72575514643063,87.75192852921546,1.4405625
21.72575514643063,87.76091168205666,1.6489375
21.72575514643063,87.76989483489785,1.7301875
21.72575514643063,87.77887798773905,1.6186875
21.72575514643063,87.78786114058025,1.3906095
21.72575514643063,87.79684429342144,1.2307065
21.72575514643063,87.80582744626263,1.2622834
21.72575514643063,87.81481059910382,0.8900198
21.72575514643063,87.82379375194502,1.4746159
21.72575514643063,88.06633887865729,0.7115802
21.72575514643063,88.07532203149849,0.6834389
21.72575514643063,88.08430518433968,0.5084647
21.72575514643063,88.09328833718088,0.63417023
21.72575514643063,88.10227149002208,0.7145156
21.72575514643063,88.11125464286327,0.7838125
21.72575514643063,88.12023779570447,0.7839219
21.72575514643063,88.12922094854567,0.93421876
21.72575514643063,88.13820410138686,0.96782815
21.72575514643063,88.14718725422806,0.70943314
21.72575514643063,88.15617040706924,1.0283124
21.72575514643063,88.16515355991044,1.2011154
21.72575514643063,88.19210301843403,2.9559646
21.72575514643063,88.20108617127522,2.0446312
21.72575514643063,88.21905247695761,1.3335332
21.72575514643063,88.22803562979881,1.3630781
21.72575514643063,88.23701878264,1.6424532
21.72575514643063,88.2460019354812,1.3918438
21.72575514643063,88.2549850883224,1.6867031
21.72575514643063,88.26396824116358,1.9102621
21.72575514643063,88.27295139400478,2.0765934
21.72575514643063,88.28193454684597,1.393226
21.72575514643063,88.29091769968717,0.63707405
21.72575514643063,88.29990085252837,1.3486061
21.734738299271825,87.500400249662,1.5626843
21.734738299271825,87.50938340250319,1.8049642
21.734738299271825,87.51836655534439,0.92588276
21.734738299271825,87.52734970818558,0.38793463
21.734738299271825,87.58124862523275,1.2153547
21.734738299271825,87.59023177807394,1.2899758
21.734738299271825,87.59921493091514,0.785918
21.734738299271825,87.60819808375633,1.1887167
21.734738299271825,87.61718123659753,1.0735817
21.734738299271825,87.62616438943873,0.9244463
21.734738299271825,87.63514754227992,1.3093905
21.734738299271825,87.64413069512112,1.7407968
21.734738299271825,87.65311384796232,0.76875204
21.734738299271825,87.66209700080351,0.65307635
21.734738299271825,87.67108015364471,0.5754694
21.734738299271825,87.6800633064859,1.1182077
21.734738299271825,87.68904645932709,0.8884652
21.734738299271825,87.69802961216828,0.6507753
21.734738299271825,87.70701276500948,0.6440588
21.734738299271825,87.71599591785068,0.4005273
21.734738299271825,87.72497907069187,0.70120186
21.734738299271825,87.73396222353307,0.74207556
21.734738299271825,87.74294537637427,0.74248964
21.734738299271825,87.75192852921546,0.67528725
21.734738299271825,87.76091168205666,1.3426875
21.734738299271825,87.76989483489785,0.7732708
21.734738299271825,87.77887798773905,1.23041
21.734738299271825,87.78786114058025,0.9957166
21.734738299271825,87.79684429342144,0.88243836
21.734738299271825,87.80582744626263,1.3590626
21.734738299271825,87.81481059910382,1.2748271
21.734738299271825,87.82379375194502,0.86248535
21.734738299271825,87.83277690478621,2.579736
21.734738299271825,88.06633887865729,1.2920346
21.734738299271825,88.07532203149849,0.7157017
21.734738299271825,88.08430518433968,0.6912291
21.734738299271825,88.09328833718088,0.6976198
21.734738299271825,88.10227149002208,0.8313906
21.734738299271825,88.11125464286327,0.9486562
21.734738299271825,88.12023779570447,0.7393906
21.734738299271825,88.12922094854567,0.7347969
21.734738299271825,88.13820410138686,1.1441406
21.734738299271825,88.14718725422806,0.9037344
21.734738299271825,88.15617040706924,1.0150781
21.734738299271825,88.16515355991044,1.6101135
21.734738299271825,88.20108617127522,2.3519921
21.734738299271825,88.21905247695761,0.9595701
21.734738299271825,88.22803562979881,1.2040625
21.734738299271825,88.23701878264,1.3788438
21.734738299271825,88.2460019354812,1.6985781
21.734738299271825,88.2549850883224,1.2440156
21.734738299271825,88.26396824116358,1.63208
21.734738299271825,88.27295139400478,2.6987717
21.734738299271825,88.28193454684597,1.1903692
21.734738299271825,88.29091769968717,1.0520915
21.734738299271825,88.29990085252837,1.0085139
21.743721452113018,87.500400249662,1.1209407
21.743721452113018,87.50938340250319,1.5824531
21.743721452113018,87.51836655534439,1.5727208
21.743721452113018,87.52734970818558,1.0797309
21.743721452113018,87.53633286102678,1.0757897
21.743721452113018,87.54531601386797,0.8633609
21.743721452113018,87.55429916670917,0.209
21.743721452113018,87.59023177807394,0.699
21.743721452113018,87.59921493091514,0.91849756
21.743721452113018,87.60819808375633,1.1547147
21.743721452113018,87.61718123659753,1.5193437
21.743721452113018,87.62616438943873,1.2879531
21.743721452113018,87.63514754227992,1.4049219
21.743721452113018,87.64413069512112,1.1014062
21.743721452113018,87.65311384796232,0.8567876
21.743721452113018,87.66209700080351,0.81895393
21.743721452113018,87.67108015364471,0.43334144
21.743721452113018,87.6800633064859,0.5915241
21.743721452113018,87.68904645932709,0.39072964
21.743721452113018,87.69802961216828,0.6325901
21.743721452113018,87.70701276500948,0.51609886
21.743721452113018,87.71599591785068,0.3002059
21.743721452113018,87.72497907069187,0.39412314
21.743721452113018,87.73396222353307,0.7334362
21.743721452113018,87.74294537637427,0.8897533
21.743721452113018,87.75192852921546,0.8180248
21.743721452113018,87.76091168205666,1.193034
21.743721452113018,87.76989483489785,1.0599124
21.743721452113018,87.77887798773905,1.5700781
21.743721452113018,87.78786114058025,0.8706782
21.743721452113018,87.79684429342144,1.1709708
21.743721452113018,87.80582744626263,1.264375
21.743721452113018,87.81481059910382,1.2005469
21.743721452113018,87.82379375194502,1.1699375
21.743721452113018,87.83277690478621,1.0527766
21.743721452113018,87.84176005762741,1.1504465
21.743721452113018,87.85074321046861,4.589
21.743721452113018,88.06633887865729,1.035
21.743721452113018,88.07532203149849,0.7952344
21.743721452113018,88.08430518433968,0.8975781
21.743721452113018,88.09328833718088,0.8006564
21.743721452113018,88.10227149002208,0.734375
21.743721452113018,88.11125464286327,0.817875
21.743721452113018,88.12023779570447,0.73603123
21.743721452113018,88.12922094854567,0.7203594
21.743721452113018,88.13820410138686,1.0787032
21.743721452113018,88.14718725422806,1.1143906
21.743721452113018,88.15617040706924,0.626707
21.743721452113018,88.16515355991044,1.6306458
21.743721452113018,88.21905247695761,1.2423908
21.743721452113018,88.22803562979881,1.1342813
21.743721452113018,88.23701878264,0.9239844
21.743721452113018,88.2460019354812,1.0684531
21.743721452113018,88.2549850883224,0.9367657
21.743721452113018,88.26396824116358,1.5547768
21.743721452113018,88.27295139400478,2.146341
21.743721452113018,88.28193454684597,1.9184442
21.743721452113018,88.29091769968717,1.3616562
21.743721452113018,88.29990085252837,1.4151235
21.752704604954214,87.500400249662,0.153
21.752704604954214,87.50938340250319,0.69572526
21.752704604954214,87.51836655534439,1.5486406
21.752704604954214,87.52734970818558,1.4716076
21.752704604954214,87.53633286102678,1.3171785
21.752704604954214,87.54531601386797,0.39203638
21.752704604954214,87.55429916670917,0.77455115
21.752704604954214,87.56328231955037,1.4084957
21.752704604954214,87.57226547239156,1.8141625
21.752704604954214,87.58124862523275,1.6711754
21.752704604954214,87.59023177807394,1.7319142
21.752704604954214,87.59921493091514,1.383614
21.752704604954214,87.60819808375633,0.8704463
21.752704604954214,87.61718123659753,0.9531039
21.752704604954214,87.63514754227992,0.8580063
21.752704604954214,87.64413069512112,0.6412373
21.752704604954214,87.65311384796232,0.9972031
21.752704604954214,87.66209700080351,1.3015447
21.752704604954214,87.67108015364471,1.0817677
21.752704604954214,87.6800633064859,1.0141075
21.752704604954214,87.68904645932709,0.9709009
21.752704604954214,87.69802961216828,1.015721
21.752704604954214,87.70701276500948,0.46919718
21.752704604954214,87.71599591785068,0.7884418
21.752704604954214,87.72497907069187,0.71512514
21.752704604954214,87.73396222353307,0.5869167
21.752704604954214,87.74294537637427,1.1230414
21.752704604954214,87.75192852921546,1.2624375
21.752704604954214,87.76091168205666,0.75640625
21.752704604954214,87.76989483489785,0.72497946
21.752704604954214,87.77887798773905,0.90673846
21.752704604954214,87.78786114058025,0.7986595
21.752704604954214,87.79684429342144,0.809875
21.752704604954214,87.80582744626263,1.571
21.752704604954214,87.81481059910382,1.4260468
21.752704604954214,87.82379375194502,1.7704844
21.752704604954214,87.83277690478621,0.7320876
21.752704604954214,87.84176005762741,1.1693887
21.752704604954214,87.85074321046861,1.4581711
21.752704604954214,87.8597263633098,1.7279391
21.752704604954214,88.07532203149849,1.0726587
21.752704604954214,88.08430518433968,0.64350164
21.752704604954214,88.09328833718088,0.7186199
21.752704604954214,88.10227149002208,0.8192344
21.752704604954214,88.11125464286327,0.8834219
21.752704604954214,88.12023779570447,1.0970781
21.752704604954214,88.12922094854567,0.9131563
21.752704604954214,88.13820410138686,0.81378126
21.752704604954214,88.14718725422806,0.8144375
21.752704604954214,88.15617040706924,0.87037504
21.752704604954214,88.16515355991044,1.1858342
21.752704604954214,88.19210301843403,2.008
21.752704604954214,88.21905247695761,0.8252102
21.752704604954214,88.22803562979881,0.9977511
21.752704604954214,88.23701878264,0.54619324
21.752704604954214,88.2460019354812,1.6095431
21.752704604954214,88.2549850883224,1.9570142
21.752704604954214,88.26396824116358,1.9048438
21.752704604954214,88.27295139400478,2.572156
21.752704604954214,88.28193454684597,2.3157866
21.752704604954214,88.29091769968717,2.1713767
21.752704604954214,88.29990085252837,1.9965051
21.76168775779541,87.500400249662,0.7574206
21.76168775779541,87.50938340250319,0.95081675
21.76168775779541,87.51836655534439,0.6433897
21.76168775779541,87.52734970818558,1.2625
21.76168775779541,87.53633286102678,1.5545781
21.76168775779541,87.54531601386797,0.95313734
21.76168775779541,87.55429916670917,1.6166791
21.76168775779541,87.56328231955037,1.4573438
21.76168775779541,87.57226547239156,1.8432031
21.76168775779541,87.58124862523275,2.0723126
21.76168775779541,87.59023177807394,2.0994375
21.76168775779541,87.59921493091514,1.6939688
21.76168775779541,87.60819808375633,1.6051979
21.76168775779541,87.61718123659753,1.6496307
21.76168775779541,87.62616438943873,0.774
21.76168775779541,87.63514754227992,1.362
21.76168775779541,87.64413069512112,0.72672
21.76168775779541,87.65311384796232,0.8833515
21.76168775779541,87.66209700080351,0.7976504
21.76168775779541,87.69802961216828,1.2213748
21.76168775779541,87.70701276500948,0.9145001
21.76168775779541,87.71599591785068,1.2325987
21.76168775779541,87.72497907069187,0.8848255
21.76168775779541,87.73396222353307,0.79658914
21.76168775779541,87.74294537637427,0.8599155
21.76168775779541,87.75192852921546,0.7957675
21.76168775779541,87.76091168205666,0.9515741
21.76168775779541,87.76989483489785,0.8285011
21.76168775779541,87.77887798773905,0.8743735
21.76168775779541,87.78786114058025,0.8554319
21.76168775779541,87.79684429342144,1.0206083
21.76168775779541,87.80582744626263,0.8376957
21.76168775779541,87.81481059910382,1.5291874
21.76168775779541,87.82379375194502,0.85508394
21.76168775779541,87.83277690478621,0.71943754
21.76168775779541,87.84176005762741,1.2545342
21.76168775779541,87.85074321046861,1.1676325
21.76168775779541,87.8597263633098,0.6859038
21.76168775779541,87.868709516151,1.7328373
21.76168775779541,88.07532203149849,1.2619679
21.76168775779541,88.08430518433968,0.80772775
21.76168775779541,88.09328833718088,0.7667609
21.76168775779541,88.10227149002208,0.95540625
21.76168775779541,88.11125464286327,0.95028126
21.76168775779541,88.12023779570447,1.0202656
21.76168775779541,88.12922094854567,0.947625
21.76168775779541,88.13820410138686,0.9774219
21.76168775779541,88.14718725422806,0.5543696
21.76168775779541,88.15617040706924,0.5677048
21.76168775779541,88.16515355991044,1.5296333
21.76168775779541,88.19210301843403,1.2820606
21.76168775779541,88.20108617127522,1.2921919
21.76168775779541,88.21905247695761,1.8120661
21.76168775779541,88.22803562979881,1.9914982
21.76168775779541,88.23701878264,2.1641858
21.76168775779541,88.2460019354812,1.0696754
21.76168775779541,88.2549850883224,0.95747256
21.76168775779541,88.26396824116358,1.5559368
21.76168775779541,88.27295139400478,2.5994005
21.76168775779541,88.28193454684597,2.0925577
21.76168775779541,88.29091769968717,2.2033043
21.76168775779541,88.29990085252837,2.0536025
21.770670910636603,87.500400249662,0.817951
21.770670910636603,87.50938340250319,0.8501427
21.770670910636603,87.51836655534439,0.4771689
21.770670910636603,87.52734970818558,0.7807794
21.770670910636603,87.53633286102678,0.9840564
21.770670910636603,87.54531601386797,0.7927004
21.770670910636603,87.55429916670917,1.6597344
21.770670910636603,87.56328231955037,2.07775
21.770670910636603,87.57226547239156,1.1075402
21.770670910636603,87.58124862523275,1.5786799
21.770670910636603,87.59023177807394,1.8275625
21.770670910636603,87.59921493091514,1.8281406
21.770670910636603,87.60819808375633,1.828125
21.770670910636603,87.61718123659753,1.8734374
21.770670910636603,87.62616438943873,1.2008797
21.770670910636603,87.63514754227992,1.1137722
21.770670910636603,87.64413069512112,0.7440511
21.770670910636603,87.65311384796232,0.8847658
21.770670910636603,87.66209700080351,1.0500215
21.770670910636603,87.71599591785068,0.60049844
21.770670910636603,87.72497907069187,0.9850954
21.770670910636603,87.73396222353307,0.6878876
21.770670910636603,87.74294537637427,1.0011142
21.770670910636603,87.75192852921546,0.65981627
21.770670910636603,87.76091168205666,1.420125
21.770670910636603,87.76989483489785,1.226375
21.770670910636603,87.77887798773905,1.1981462
21.770670910636603,87.78786114058025,1.0462198
21.770670910636603,87.79684429342144,0.9351094
21.770670910636603,87.80582744626263,1.4663125
21.770670910636603,87.81481059910382,1.3606719
21.770670910636603,87.82379375194502,0.8002505
21.770670910636603,87.83277690478621,0.6991742
21.770670910636603,87.84176005762741,1.0752207
21.770670910636603,87.85074321046861,0.79164565
21.770670910636603,87.8597263633098,0.88023436
21.770670910636603,87.868709516151,1.1250136
21.770670910636603,87.8776926689922,1.4599321
21.770670910636603,88.07532203149849,1.608
21.770670910636603,88.08430518433968,0.9054624
21.770670910636603,88.09328833718088,0.6328876
21.770670910636603,88.10227149002208,1.1011406
21.770670910636603,88.11125464286327,1.1717813
21.770670910636603,88.12023779570447,1.1997813
21.770670910636603,88.12922094854567,1.0460625
21.770670910636603,88.13820410138686,1.076375
21.770670910636603,88.14718725422806,0.5282433
21.770670910636603,88.15617040706924,0.46432593
21.770670910636603,88.16515355991044,1.2004569
21.770670910636603,88.19210301843403,1.2366031
21.770670910636603,88.20108617127522,1.208574
21.770670910636603,88.21905247695761,0.9799997
21.770670910636603,88.22803562979881,0.6848252
21.770670910636603,88.23701878264,1.3210224
21.770670910636603,88.2460019354812,1.2773438
21.770670910636603,88.2549850883224,1.5482343
21.770670910636603,88.26396824116358,1.9120312
21.770670910636603,88.27295139400478,1.6618973
21.770670910636603,88.28193454684597,2.163843
21.770670910636603,88.29091769968717,2.1082442
21.770670910636603,88.29990085252837,2.1285026
21.7796540634778,87.500400249662,0.79452115
21.7796540634778,87.50938340250319,0.5124937
21.7796540634778,87.51836655534439,0.49869937
21.7796540634778,87.52734970818558,0.172
21.7796540634778,87.53633286102678,0.28325
21.7796540634778,87.54531601386797,0.58954835
21.7796540634778,87.55429916670917,1.267125
21.7796540634778,87.56328231955037,1.6865938
21.7796540634778,87.57226547239156,1.9714688
21.7796540634778,87.58124862523275,1.8863438
21.7796540634778,87.59023177807394,1.7884375
21.7796540634778,87.59921493091514,1.1268269
21.7796540634778,87.60819808375633,0.84491926
21.7796540634778,87.61718123659753,1.1661875
21.7796540634778,87.62616438943873,0.470012
21.7796540634778,87.63514754227992,0.87577003
21.7796540634778,87.64413069512112,0.958875
21.7796540634778,87.69802961216828,1.2143677
21.7796540634778,87.70701276500948,1.3409804
21.7796540634778,87.71599591785068,1.3623104
21.7796540634778,87.72497907069187,0.54039097
21.7796540634778,87.73396222353307,0.568
21.7796540634778,87.74294537637427,2.27
21.7796540634778,87.75192852921546,0.87
21.7796540634778,87.76091168205666,0.87
21.7796540634778,87.81481059910382,0.8885345
21.7796540634778,87.82379375194502,0.96729064
21.7796540634778,87.83277690478621,0.75547606
21.7796540634778,87.84176005762741,0.84500706
21.7796540634778,87.85074321046861,1.1403354
21.7796540634778,87.8597263633098,1.057166
21.7796540634778,87.868709516151,0.7870903
21.7796540634778,87.8776926689922,0.93864965
21.7796540634778,87.88667582183339,2.5317743
21.7796540634778,88.08430518433968,0.8153333
21.7796540634778,88.09328833718088,0.7512233
21.7796540634778,88.10227149002208,0.7436406
21.7796540634778,88.11125464286327,0.72879684
21.7796540634778,88.12023779570447,0.7795156
21.7796540634778,88.12922094854567,0.89628124
21.7796540634778,88.13820410138686,0.7433594
21.7796540634778,88.14718725422806,1.0055
21.7796540634778,88.15617040706924,0.7078905
21.7796540634778,88.16515355991044,1.2695034
21.7796540634778,88.21905247695761,1.3048869
21.7796540634778,88.22803562979881,1.1775
21.7796540634778,88.23701878264,0.9697243
21.7796540634778,88.2460019354812,1.8010626
21.7796540634778,88.2549850883224,2.242941
21.7796540634778,88.26396824116358,1.8009142
21.7796540634778,88.27295139400478,1.7711353
21.7796540634778,88.28193454684597,1.7647306
21.7796540634778,88.29091769968717,2.5876925
21.7796540634778,88.29990085252837,2.737419
21.788637216318996,87.500400249662,0.66029215
21.788637216318996,87.50938340250319,0.41101328
21.788637216318996,87.51836655534439,0.5167322
21.788637216318996,87.52734970818558,0.26501766
21.788637216318996,87.53633286102678,0.37300247
21.788637216318996,87.54531601386797,0.77862775
21.788637216318996,87.55429916670917,1.3030156
21.788637216318996,87.56328231955037,1.5595624
21.788637216318996,87.57226547239156,1.6711719
21.788637216318996,87.58124862523275,1.9405313
21.788637216318996,87.59023177807394,1.2993667
21.788637216318996,87.59921493091514,1.4861406
21.788637216318996,87.60819808375633,1.090305
21.788637216318996,87.61718123659753,0.81407523
21.788637216318996,87.62616438943873,0.75269836
21.788637216318996,87.63514754227992,0.30765218
21.788637216318996,87.64413069512112,0.6974468
21.788637216318996,87.68904645932709,0.11575
21.788637216318996,87.69802961216828,0.79428476
21.788637216318996,87.70701276500948,0.82281923
21.788637216318996,87.71599591785068,0.894125
21.788637216318996,87.72497907069187,1.1458179
21.788637216318996,87.73396222353307,1.3203529
21.788637216318996,87.74294537637427,1.287602
21.788637216318996,87.75192852921546,1.2231511
21.788637216318996,87.76091168205666,0.9611032
21.788637216318996,87.76989483489785,0.5835
21.788637216318996,87.77887798773905,0.47633332
21.788637216318996,87.78786114058025,0.8584286
21.788637216318996,87.79684429342144,0.945
21.788637216318996,87.81481059910382,1.2133762
21.788637216318996,87.82379375194502,1.2561996
21.788637216318996,87.83277690478621,0.81985956
21.788637216318996,87.84176005762741,0.32299998
21.788637216318996,87.8597263633098,1.0651512
21.788637216318996,87.868709516151,0.7343056
21.788637216318996,87.8776926689922,0.5894811
21.788637216318996,87.88667582183339,1.6275128
21.788637216318996,88.09328833718088,0.52654845
21.788637216318996,88.10227149002208,0.5777157
21.788637216318996,88.11125464286327,0.76065624
21.788637216318996,88.12023779570447,0.9286094
21.788637216318996,88.12922094854567,0.97253126
21.788637216318996,88.13820410138686,1.0112969
21.788637216318996,88.14718725422806,0.9182031
21.788637216318996,88.15617040706924,0.8099535
21.788637216318996,88.16515355991044,2.7105482
21.788637216318996,88.18311986559283,1.4683943
21.788637216318996,88.21905247695761,1.3511719
21.788637216318996,88.22803562979881,0.6627188
21.788637216318996,88.23701878264,1.1718343
21.788637216318996,88.2460019354812,2.0340924
21.788637216318996,88.2549850883224,2.2711413
21.788637216318996,88.26396824116358,1.8780564
21.788637216318996,88.27295139400478,1.823615
21.788637216318996,88.28193454684597,1.5867544
21.788637216318996,88.29091769968717,2.2601855
21.788637216318996,88.29990085252837,1.644849
21.79762036916019,87.500400249662,0.7377901
21.79762036916019,87.50938340250319,0.6847545
21.79762036916019,87.51836655534439,0.49067003
21.79762036916019,87.52734970818558,0.38917074
21.79762036916019,87.53633286102678,0.29294202
21.79762036916019,87.54531601386797,0.58658105
21.79762036916019,87.55429916670917,0.97432613
21.79762036916019,87.56328231955037,1.2602624
21.79762036916019,87.57226547239156,1.1620938
21.79762036916019,87.58124862523275,1.49175
21.79762036916019,87.59023177807394,1.6393906
21.79762036916019,87.59921493091514,1.343041
21.79762036916019,87.60819808375633,1.3185712
21.79762036916019,87.61718123659753,0.9337429
21.79762036916019,87.62616438943873,0.74498934
21.79762036916019,87.63514754227992,0.37107062
21.79762036916019,87.65311384796232,0.42251372
21.79762036916019,87.66209700080351,0.59714764
21.79762036916019,87.67108015364471,0.5051684
21.79762036916019,87.6800633064859,0.208
21.79762036916019,87.68904645932709,0.2172
21.79762036916019,87.69802961216828,0.8837426
21.79762036916019,87.70701276500948,1.0433923
21.79762036916019,87.71599591785068,0.9103365
21.79762036916019,87.72497907069187,0.7891562
21.79762036916019,87.73396222353307,1.4972187
21.79762036916019,87.74294537637427,1.1033009
21.79762036916019,87.75192852921546,1.0006515
21.79762036916019,87.76091168205666,0.88998073
21.79762036916019,87.76989483489785,1.1803217
21.79762036916019,87.77887798773905,1.2816768
21.79762036916019,87.78786114058025,1.8520782
21.79762036916019,87.79684429342144,1.7909915
21.79762036916019,87.80582744626263,1.0675039
21.79762036916019,87.81481059910382,1.0027535
21.79762036916019,87.82379375194502,1.2351363
21.79762036916019,87.83277690478621,0.6996825
21.79762036916019,87.84176005762741,0.949343
21.79762036916019,87.85074321046861,0.4836667
21.79762036916019,87.8597263633098,0.71161884
21.79762036916019,87.868709516151,0.45286182
21.79762036916019,87.8776926689922,0.9663225
21.79762036916019,87.88667582183339,2.0513644
21.79762036916019,87.89565897467459,2.6079934
21.79762036916019,87.90464212751579,1.1461403
21.79762036916019,88.09328833718088,0.5017076
21.79762036916019,88.10227149002208,0.5671354
21.79762036916019,88.11125464286327,0.47085893
21.79762036916019,88.12023779570447,0.7389531
21.79762036916019,88.12922094854567,0.8146875
21.79762036916019,88.13820410138686,0.7401875
21.79762036916019,88.14718725422806,0.894
21.79762036916019,88.15617040706924,0.77106655
21.79762036916019,88.16515355991044,2.817709
21.79762036916019,88.18311986559283,1.6947724
21.79762036916019,88.21006932411642,2.6605
21.79762036916019,88.21905247695761,0.98216134
21.79762036916019,88.22803562979881,0.9226563
21.79762036916019,88.23701878264,1.6207345
21.79762036916019,88.2460019354812,2.0092776
21.79762036916019,88.2549850883224,1.8822432
21.79762036916019,88.26396824116358,1.7369598
21.79762036916019,88.27295139400478,1.8362656
21.79762036916019,88.28193454684597,1.6352549
21.79762036916019,88.29091769968717,1.4454982
21.79762036916019,88.29990085252837,1.4954784
21.806603522001385,87.500400249662,0.50484043
21.806603522001385,87.50938340250319,0.2612444
21.806603522001385,87.51836655534439,0.19999999
21.806603522001385,87.52734970818558,0.41810343
21.806603522001385,87.53633286102678,0.2151259
21.806603522001385,87.54531601386797,0.466124
21.806603522001385,87.57226547239156,1.1336875
21.806603522001385,87.58124862523275,0.71080005
21.806603522001385,87.59023177807394,0.7273639
21.806603522001385,87.59921493091514,0.9021675
21.806603522001385,87.60819808375633,0.91575056
21.806603522001385,87.61718123659753,0.5736258
21.806603522001385,87.65311384796232,0.56057435
21.806603522001385,87.66209700080351,0.5406249
21.806603522001385,87.67108015364471,0.32902238
21.806603522001385,87.6800633064859,0.624904
21.806603522001385,87.68904645932709,0.34037784
21.806603522001385,87.69802961216828,0.5766651
21.806603522001385,87.70701276500948,0.7462806
21.806603522001385,87.71599591785068,0.94145316
21.806603522001385,87.72497907069187,1.0742304
21.806603522001385,87.73396222353307,1.0111227
21.806603522001385,87.74294537637427,1.16353
21.806603522001385,87.75192852921546,1.2359319
21.806603522001385,87.76091168205666,0.73718137
21.806603522001385,87.76989483489785,0.87010425
21.806603522001385,87.77887798773905,1.688708
21.806603522001385,87.78786114058025,1.7421006
21.806603522001385,87.79684429342144,1.5218916
21.806603522001385,87.80582744626263,1.19368
21.806603522001385,87.81481059910382,1.5409919
21.806603522001385,87.82379375194502,0.9953148
21.806603522001385,87.83277690478621,0.7182031
21.806603522001385,87.84176005762741,0.95984375
21.806603522001385,87.85074321046861,1.1531405
21.806603522001385,87.8597263633098,1.0211661
21.806603522001385,87.868709516151,1.039022
21.806603522001385,87.8776926689922,2.1898131
21.806603522001385,87.88667582183339,1.2254875
21.806603522001385,87.89565897467459,1.4856986
21.806603522001385,87.90464212751579,0.805285
21.806603522001385,87.91362528035698,0.3865
21.806603522001385,87.92260843319816,1.6343775
21.806603522001385,87.93159158603936,3.385
21.806603522001385,88.09328833718088,0.8718572
21.806603522001385,88.11125464286327,0.28543124
21.806603522001385,88.12023779570447,0.5109589
21.806603522001385,88.12922094854567,0.96265626
21.806603522001385,88.13820410138686,0.79748964
21.806603522001385,88.14718725422806,1.2376719
21.806603522001385,88.15617040706924,0.72600436
21.806603522001385,88.16515355991044,2.1537378
21.806603522001385,88.17413671275163,2.0038333
21.806603522001385,88.20108617127522,4.324
21.806603522001385,88.21006932411642,1.8764545
21.806603522001385,88.21905247695761,1.333422
21.806603522001385,88.22803562979881,1.4311719
21.806603522001385,88.23701878264,1.4974062
21.806603522001385,88.2460019354812,1.2538438
21.806603522001385,88.2549850883224,1.2315208
21.806603522001385,88.26396824116358,1.7919797
21.806603522001385,88.27295139400478,1.3713593
21.806603522001385,88.28193454684597,1.2654531
21.806603522001385,88.29091769968717,1.278297
21.806603522001385,88.29990085252837,2.0412657
21.81558667484258,87.500400249662,0.560127
21.81558667484258,87.50938340250319,0.29952952
21.81558667484258,87.52734970818558,0.2618119
21.81558667484258,87.53633286102678,0.25533333
21.81558667484258,87.54531601386797,0.60459125
21.81558667484258,87.55429916670917,0.43322778
21.81558667484258,87.56328231955037,0.6944457
21.81558667484258,87.57226547239156,1.2382812
21.81558667484258,87.58124862523275,0.95607
21.81558667484258,87.59023177807394,0.6892528
21.81558667484258,87.59921493091514,0.6114304
21.81558667484258,87.60819808375633,0.5828013
21.81558667484258,87.61718123659753,0.68392384
21.81558667484258,87.62616438943873,0.6786987
21.81558667484258,87.64413069512112,0.2755
21.81558667484258,87.65311384796232,0.7287756
21.81558667484258,87.66209700080351,0.7563264
21.81558667484258,87.67108015364471,0.45105273
21.81558667484258,87.6800633064859,0.48184168
21.81558667484258,87.68904645932709,0.4031188
21.81558667484258,87.69802961216828,0.86461926
21.81558667484258,87.70701276500948,1.2408438
21.81558667484258,87.71599591785068,0.78629684
21.81558667484258,87.72497907069187,1.2473124
21.81558667484258,87.73396222353307,1.1956831
21.81558667484258,87.74294537637427,0.8818958
21.81558667484258,87.75192852921546,1.329
21.81558667484258,87.76091168205666,1.296229
21.81558667484258,87.76989483489785,0.99077183
21.81558667484258,87.77887798773905,0.9718656
21.81558667484258,87.78786114058025,1.8760852
21.81558667484258,87.79684429342144,1.9798183
21.81558667484258,87.80582744626263,1.8659999
21.81558667484258,87.81481059910382,1.1398075
21.81558667484258,87.82379375194502,1.0718241
21.81558667484258,87.83277690478621,0.67951435
21.81558667484258,87.84176005762741,1.1610192
21.81558667484258,87.85074321046861,1.4963437
21.81558667484258,87.8597263633098,0.92396307
21.81558667484258,87.868709516151,1.5577257
21.81558667484258,87.8776926689922,1.8980486
21.81558667484258,87.88667582183339,0.7200627
21.81558667484258,87.89565897467459,1.0974767
21.81558667484258,87.90464212751579,0.98801214
21.81558667484258,87.91362528035698,1.0415902
21.81558667484258,87.92260843319816,0.6203594
21.81558667484258,87.93159158603936,3.1604073
21.81558667484258,87.94057473888056,2.242
21.81558667484258,88.09328833718088,0.728
21.81558667484258,88.10227149002208,0.6489938
21.81558667484258,88.11125464286327,0.70080686
21.81558667484258,88.12023779570447,0.6377336
21.81558667484258,88.12922094854567,0.95089066
21.81558667484258,88.13820410138686,0.6083024
21.81558667484258,88.14718725422806,1.0304728
21.81558667484258,88.15617040706924,1.0489576
21.81558667484258,88.16515355991044,1.1402639
21.81558667484258,88.17413671275163,3.026
21.81558667484258,88.20108617127522,3.1746254
21.81558667484258,88.21006932411642,1.5115625
21.81558667484258,88.21905247695761,1.2611094
21.81558667484258,88.22803562979881,1.2692032
21.81558667484258,88.23701878264,1.5348125
21.81558667484258,88.2460019354812,1.3785468
21.81558667484258,88.2549850883224,1.4196335
21.81558667484258,88.26396824116358,1.1514839
21.81558667484258,88.27295139400478,1.9054362
21.81558667484258,88.28193454684597,2.2072344
21.81558667484258,88.29091769968717,1.7326094
21.81558667484258,88.29990085252837,1.6984062
21.824569827683774,87.500400249662,0.35871428
21.824569827683774,87.50938340250319,0.2239464
21.824569827683774,87.53633286102678,0.23794985
21.824569827683774,87.54531601386797,0.60387504
21.824569827683774,87.55429916670917,0.94246876
21.824569827683774,87.56328231955037,1.0900313
21.824569827683774,87.57226547239156,1.2444532
21.824569827683774,87.58124862523275,0.6969829
21.824569827683774,87.59023177807394,0.65345573
21.824569827683774,87.59921493091514,1.0965313
21.824569827683774,87.60819808375633,0.79912645
21.824569827683774,87.61718123659753,0.68388087
21.824569827683774,87.62616438943873,0.34337
21.824569827683774,87.63514754227992,0.4602682
21.824569827683774,87.64413069512112,0.41864854
21.824569827683774,87.65311384796232,0.29999477
21.824569827683774,87.66209700080351,0.77633965
21.824569827683774,87.67108015364471,0.84521264
21.824569827683774,87.6800633064859,0.7215768
21.824569827683774,87.68904645932709,0.31887907
21.824569827683774,87.69802961216828,1.0422032
21.824569827683774,87.70701276500948,1.5575938
21.824569827683774,87.71599591785068,1.0662571
21.824569827683774,87.72497907069187,1.1380937
21.824569827683774,87.73396222353307,1.0673125
21.824569827683774,87.74294537637427,1.3119174
21.824569827683774,87.75192852921546,0.8908431
21.824569827683774,87.76091168205666,1.2782838
21.824569827683774,87.76989483489785,0.82634
21.824569827683774,87.77887798773905,0.7691968
21.824569827683774,87.78786114058025,1.018567
21.824569827683774,87.79684429342144,1.0001223
21.824569827683774,87.80582744626263,0.5684735
21.824569827683774,87.81481059910382,0.4559883
21.824569827683774,87.82379375194502,1.0214139
21.824569827683774,87.83277690478621,0.8087031
21.824569827683774,87.84176005762741,0.9661406
21.824569827683774,87.85074321046861,1.0385157
21.824569827683774,87.8597263633098,1.7159687
21.824569827683774,87.868709516151,1.5311397
21.824569827683774,87.8776926689922,1.3640059
21.824569827683774,87.88667582183339,0.5516595
21.824569827683774,87.89565897467459,0.72361606
21.824569827683774,87.90464212751579,0.9204896
21.824569827683774,87.91362528035698,1.3975
21.824569827683774,87.92260843319816,1.1771874
21.824569827683774,87.93159158603936,1.2432531
21.824569827683774,87.94057473888056,2.3875723
21.824569827683774,87.94955789172175,4.484
21.824569827683774,88.10227149002208,0.73449934
21.824569827683774,88.11125464286327,0.71648437
21.824569827683774,88.12023779570447,0.61783355
21.824569827683774,88.12922094854567,0.7573116
21.824569827683774,88.13820410138686,0.3300502
21.824569827683774,88.14718725422806,0.68445736
21.824569827683774,88.15617040706924,0.7147248
21.824569827683774,88.16515355991044,2.4821322
21.824569827683774,88.20108617127522,2.3364403
21.824569827683774,88.21006932411642,1.5894687
21.824569827683774,88.21905247695761,1.1608906
21.824569827683774,88.22803562979881,0.84853125
21.824569827683774,88.23701878264,1.4301718
21.824569827683774,88.2460019354812,1.042
21.824569827683774,88.2549850883224,1.1958594
21.824569827683774,88.26396824116358,1.4240625
21.824569827683774,88.27295139400478,1.4925221
21.824569827683774,88.28193454684597,2.1531713
21.824569827683774,88.29091769968717,2.2403193
21.824569827683774,88.29990085252837,1.3194407
21.83355298052497,87.53633286102678,0.2988885
21.83355298052497,87.54531601386797,0.41322377
21.83355298052497,87.55429916670917,0.5240781
21.83355298052497,87.56328231955037,0.7354531
21.83355298052497,87.57226547239156,1.2865
21.83355298052497,87.58124862523275,1.3349687
21.83355298052497,87.59023177807394,1.2810781
21.83355298052497,87.59921493091514,0.6877518
21.83355298052497,87.60819808375633,0.20355088
21.83355298052497,87.61718123659753,0.47315788
21.83355298052497,87.62616438943873,0.193
21.83355298052497,87.63514754227992,0.3831207
21.83355298052497,87.64413069512112,0.5527477
21.83355298052497,87.65311384796232,0.6197069
21.83355298052497,87.66209700080351,0.9429244
21.83355298052497,87.67108015364471,0.7849953
21.83355298052497,87.6800633064859,0.44912565
21.83355298052497,87.68904645932709,0.48353127
21.83355298052497,87.69802961216828,1.0933437
21.83355298052497,87.70701276500948,1.11825
21.83355298052497,87.71599591785068,0.5541745
21.83355298052497,87.72497907069187,0.814306
21.83355298052497,87.73396222353307,0.46070978
21.83355298052497,87.74294537637427,0.6507506
21.83355298052497,87.75192852921546,0.6616613
21.83355298052497,87.76091168205666,0.8445332
21.83355298052497,87.76989483489785,0.95009506
21.83355298052497,87.77887798773905,0.4662478
21.83355298052497,87.78786114058025,0.72934514
21.83355298052497,87.79684429342144,1.259869
21.83355298052497,87.80582744626263,0.94684374
21.83355298052497,87.81481059910382,1.0479063
21.83355298052497,87.82379375194502,1.0699062
21.83355298052497,87.83277690478621,0.7292031
21.83355298052497,87.84176005762741,0.6606875
21.83355298052497,87.85074321046861,0.71834373
21.83355298052497,87.8597263633098,1.0622805
21.83355298052497,87.868709516151,1.2481697
21.83355298052497,87.8776926689922,2.3016348
21.83355298052497,87.88667582183339,0.9751058
21.83355298052497,87.89565897467459,0.99143624
21.83355298052497,87.90464212751579,1.0091406
21.83355298052497,87.91362528035698,1.2980626
21.83355298052497,87.92260843319816,1.296966
21.83355298052497,87.93159158603936,0.4840547
21.83355298052497,87.94057473888056,0.5819432
21.83355298052497,87.94955789172175,1.2328627
21.83355298052497,87.95854104456295,4.015333
21.83355298052497,88.11125464286327,0.83764404
21.83355298052497,88.12023779570447,0.633016
21.83355298052497,88.12922094854567,0.37997952
21.83355298052497,88.13820410138686,1.1744423
21.83355298052497,88.14718725422806,1.7474533
21.83355298052497,88.15617040706924,2.4983644
21.83355298052497,88.19210301843403,2.412079
21.83355298052497,88.20108617127522,1.7099531
21.83355298052497,88.21006932411642,1.4406719
21.83355298052497,88.21905247695761,0.96056247
21.83355298052497,88.22803562979881,1.3146875
21.83355298052497,88.23701878264,1.4384843
21.83355298052497,88.2460019354812,1.4679375
21.83355298052497,88.2549850883224,1.1250937
21.83355298052497,88.26396824116358,0.9691572
21.83355298052497,88.27295139400478,1.2495781
21.83355298052497,88.28193454684597,1.7421561
21.83355298052497,88.29091769968717,2.330047
21.83355298052497,88.29990085252837,1.7713125
21.842536133366167,87.55429916670917,0.42798367
21.842536133366167,87.56328231955037,0.39551815
21.842536133366167,87.57226547239156,1.1324844
21.842536133366167,87.58124862523275,1.3638126
21.842536133366167,87.59023177807394,1.3126719
21.842536133366167,87.59921493091514,0.6866903
21.842536133366167,87.60819808375633,0.52382976
21.842536133366167,87.61718123659753,0.59194696
21.842536133366167,87.62616438943873,0.17199999
21.842536133366167,87.64413069512112,0.441125
21.842536133366167,87.65311384796232,1.0471094
21.842536133366167,87.66209700080351,0.72910935
21.842536133366167,87.67108015364471,0.7352812
21.842536133366167,87.6800633064859,0.90427244
21.842536133366167,87.68904645932709,0.6992273
21.842536133366167,87.69802961216828,0.9694375
21.842536133366167,87.70701276500948,1.1231406
21.842536133366167,87.71599591785068,1.0663124
21.842536133366167,87.72497907069187,1.0733638
21.842536133366167,87.73396222353307,0.6462609
21.842536133366167,87.74294537637427,0.6678757
21.842536133366167,87.75192852921546,1.213375
21.842536133366167,87.76091168205666,0.57480747
21.842536133366167,87.76989483489785,0.7211859
21.842536133366167,87.77887798773905,0.62561405
21.842536133366167,87.78786114058025,0.23466668
21.842536133366167,87.79684429342144,1.1759895
21.842536133366167,87.80582744626263,1.6446093
21.842536133366167,87.81481059910382,0.73407304
21.842536133366167,87.82379375194502,1.1914687
21.842536133366167,87.83277690478621,1.0058906
21.842536133366167,87.84176005762741,1.1517812
21.842536133366167,87.85074321046861,1.1417656
21.842536133366167,87.8597263633098,0.58256096
21.842536133366167,87.868709516151,1.2628583
21.842536133366167,87.8776926689922,1.766132
21.842536133366167,87.88667582183339,0.74965507
21.842536133366167,87.89565897467459,1.0279195
21.842536133366167,87.90464212751579,0.92653126
21.842536133366167,87.91362528035698,1.3838124
21.842536133366167,87.92260843319816,1.6465
21.842536133366167,87.93159158603936,0.9056337
21.842536133366167,87.94057473888056,0.58195925
21.842536133366167,87.94955789172175,1.2603964
21.842536133366167,87.95854104456295,2.7231953
21.842536133366167,87.96752419740415,2.4905
21.842536133366167,88.11125464286327,1.0608335
21.842536133366167,88.12023779570447,0.6096256
21.842536133366167,88.12922094854567,0.6649227
21.842536133366167,88.13820410138686,1.6673281
21.842536133366167,88.14718725422806,2.235234
21.842536133366167,88.15617040706924,3.0895
21.842536133366167,88.18311986559283,3.2855546
21.842536133366167,88.19210301843403,2.256547
21.842536133366167,88.20108617127522,1.3559062
21.842536133366167,88.21006932411642,1.1347812
21.842536133366167,88.21905247695761,1.2136875
21.842536133366167,88.22803562979881,1.2702187
21.842536133366167,88.23701878264,1.2980156
21.842536133366167,88.2460019354812,1.591953
21.842536133366167,88.2549850883224,1.6291718
21.842536133366167,88.26396824116358,1.2273438
21.842536133366167,88.27295139400478,1.3905313
21.842536133366167,88.28193454684597,1.0961406
21.842536133366167,88.29091769968717,1.1838125
21.842536133366167,88.29990085252837,1.347
21.85151928620736,87.57226547239156,0.7798173
21.85151928620736,87.58124862523275,1.1927344
21.85151928620736,87.59023177807394,1.3853124
21.85151928620736,87.59921493091514,0.58082294
21.85151928620736,87.60819808375633,0.46784618
21.85151928620736,87.61718123659753,0.28667444
21.85151928620736,87.62616438943873,0.22727399
21.85151928620736,87.63514754227992,0.44337246
21.85151928620736,87.64413069512112,0.7337243
21.85151928620736,87.65311384796232,0.8861406
21.85151928620736,87.66209700080351,0.861125
21.85151928620736,87.67108015364471,0.6532984
21.85151928620736,87.6800633064859,0.70458084
21.85151928620736,87.68904645932709,0.82054687
21.85151928620736,87.69802961216828,0.81685
21.85151928620736,87.70701276500948,0.72748166
21.85151928620736,87.71599591785068,0.988
21.85151928620736,87.72497907069187,0.47333708
21.85151928620736,87.73396222353307,0.63472074
21.85151928620736,87.74294537637427,1.3483906
21.85151928620736,87.75192852921546,1.0475421
21.85151928620736,87.76091168205666,0.57721454
21.85151928620736,87.76989483489785,0.43342546
21.85151928620736,87.77887798773905,0.272
21.85151928620736,87.78786114058025,0.3896097
21.85151928620736,87.79684429342144,0.9011555
21.85151928620736,87.80582744626263,1.5298907
21.85151928620736,87.81481059910382,1.0735205
21.85151928620736,87.82379375194502,1.3962656
21.85151928620736,87.83277690478621,1.4188437
21.85151928620736,87.84176005762741,1.2822031
21.85151928620736,87.85074321046861,1.1229062
21.85151928620736,87.8597263633098,1.1617501
21.85151928620736,87.868709516151,1.321348
21.85151928620736,87.8776926689922,1.8061972
21.85151928620736,87.88667582183339,1.7354375
21.85151928620736,87.89565897467459,1.27193
21.85151928620736,87.90464212751579,1.1092575
21.85151928620736,87.91362528035698,1.253519
21.85151928620736,87.92260843319816,1.484
21.85151928620736,87.93159158603936,0.98358977
21.85151928620736,87.94057473888056,0.6912775
21.85151928620736,87.94955789172175,0.92358553
21.85151928620736,87.95854104456295,1.596625
21.85151928620736,87.96752419740415,2.4313474
21.85151928620736,88.11125464286327,2.068282
21.85151928620736,88.12023779570447,0.8923381
21.85151928620736,88.12922094854567,0.82865626
21.85151928620736,88.13820410138686,1.0577863
21.85151928620736,88.14718725422806,1.7155901
21.85151928620736,88.18311986559283,2.6737792
21.85151928620736,88.19210301843403,2.1457968
21.85151928620736,88.20108617127522,1.2335156
21.85151928620736,88.21006932411642,1.0904565
21.85151928620736,88.21905247695761,1.7397813
21.85151928620736,88.22803562979881,1.2981406
21.85151928620736,88.23701878264,1.0126094
21.85151928620736,88.2460019354812,1.0073125
21.85151928620736,88.2549850883224,1.2497188
21.85151928620736,88.26396824116358,1.1955312
21.85151928620736,88.27295139400478,1.2243336
21.85151928620736,88.28193454684597,1.430715
21.85151928620736,88.29091769968717,1.1089531
21.85151928620736,88.29990085252837,1.114827
21.860502439048556,87.57226547239156,0.2827605
21.860502439048556,87.59023177807394,0.62319964
21.860502439048556,87.60819808375633,0.105
21.860502439048556,87.61718123659753,0.22181179
21.860502439048556,87.62616438943873,0.37616295
21.860502439048556,87.63514754227992,0.61919963
21.860502439048556,87.64413069512112,0.45964125
21.860502439048556,87.65311384796232,1.0010625
21.860502439048556,87.66209700080351,0.7895625
21.860502439048556,87.67108015364471,0.859266
21.860502439048556,87.6800633064859,0.90423435
21.860502439048556,87.68904645932709,0.50000864
21.860502439048556,87.69802961216828,0.7336563
21.860502439048556,87.70701276500948,1.1016406
21.860502439048556,87.71599591785068,1.56625
21.860502439048556,87.72497907069187,0.7940567
21.860502439048556,87.73396222353307,0.5029887
21.860502439048556,87.74294537637427,0.8461917
21.860502439048556,87.75192852921546,0.49061602
21.860502439048556,87.76091168205666,0.9476875
21.860502439048556,87.76989483489785,1.2201093
21.860502439048556,87.77887798773905,1.3719531
21.860502439048556,87.78786114058025,1.3542812
21.860502439048556,87.79684429342144,1.13525
21.860502439048556,87.80582744626263,1.2734843
21.860502439048556,87.81481059910382,0.9910469
21.860502439048556,87.82379375194502,1.5630625
21.860502439048556,87.83277690478621,1.1771876
21.860502439048556,87.84176005762741,1.2180781
21.860502439048556,87.85074321046861,0.6591174
21.860502439048556,87.8597263633098,0.7511853
21.860502439048556,87.868709516151,0.7299675
21.860502439048556,87.8776926689922,1.4917977
21.860502439048556,87.88667582183339,1.258228
21.860502439048556,87.89565897467459,1.1135565
21.860502439048556,87.90464212751579,1.1770469
21.860502439048556,87.91362528035698,1.2354531
21.860502439048556,87.92260843319816,1.1335303
21.860502439048556,87.93159158603936,0.8275285
21.860502439048556,87.94057473888056,1.1052967
21.860502439048556,87.94955789172175,0.99142385
21.860502439048556,87.95854104456295,1.9887401
21.860502439048556,87.96752419740415,1.88
21.860502439048556,87.97650735024534,1.8646659
21.860502439048556,88.12023779570447,1.488743
21.860502439048556,88.12922094854567,1.0620134
21.860502439048556,88.13820410138686,1.9705861
21.860502439048556,88.17413671275163,3.3821242
21.860502439048556,88.18311986559283,1.8677794
21.860502439048556,88.19210301843403,1.458422
21.860502439048556,88.20108617127522,2.1115155
21.860502439048556,88.21006932411642,2.0014532
21.860502439048556,88.21905247695761,1.8234687
21.860502439048556,88.22803562979881,1.0241563
21.860502439048556,88.23701878264,1.3233438
21.860502439048556,88.2460019354812,1.4032243
21.860502439048556,88.2549850883224,2.0580876
21.860502439048556,88.26396824116358,1.9721438
21.860502439048556,88.27295139400478,1.8583125
21.860502439048556,88.28193454684597,1.9450421
21.860502439048556,88.29091769968717,1.6115459
21.860502439048556,88.29990085252837,1.5747597
21.869485591889752,87.59023177807394,0.379
21.869485591889752,87.61718123659753,0.110741176
21.869485591889752,87.62616438943873,0.5159098
21.869485591889752,87.63514754227992,0.87570316
21.869485591889752,87.64413069512112,0.6841656
21.869485591889752,87.65311384796232,0.7229375
21.869485591889752,87.66209700080351,0.46140063
21.869485591889752,87.67108015364471,0.6532303
21.869485591889752,87.6800633064859,1.1846726
21.869485591889752,87.68904645932709,1.1779063
21.869485591889752,87.69802961216828,0.81263447
21.869485591889752,87.70701276500948,1.1506406
21.869485591889752,87.71599591785068,1.2932343
21.869485591889752,87.72497907069187,1.0674375
21.869485591889752,87.73396222353307,0.45926723
21.869485591889752,87.74294537637427,0.8555469
21.869485591889752,87.75192852921546,1.4223281
21.869485591889752,87.76091168205666,1.1989374
21.869485591889752,87.76989483489785,0.96915627
21.869485591889752,87.77887798773905,1.3397343
21.869485591889752,87.78786114058025,1.1557343
21.869485591889752,87.79684429342144,1.0590781
21.869485591889752,87.80582744626263,0.9572031
21.869485591889752,87.81481059910382,0.9671094
21.869485591889752,87.82379375194502,1.3549844
21.869485591889752,87.83277690478621,0.9075469
21.869485591889752,87.84176005762741,0.88234377
21.869485591889752,87.85074321046861,0.6964216
21.869485591889752,87.8597263633098,1.5777344
21.869485591889752,87.868709516151,1.4869531
21.869485591889752,87.8776926689922,1.9676695
21.869485591889752,87.88667582183339,1.4542031
21.869485591889752,87.89565897467459,1.0784218
21.869485591889752,87.90464212751579,1.4425625
21.869485591889752,87.91362528035698,0.88853127
21.869485591889752,87.92260843319816,0.7643134
21.869485591889752,87.93159158603936,1.3592343
21.869485591889752,87.94057473888056,1.0538867
21.869485591889752,87.94955789172175,1.2608742
21.869485591889752,87.95854104456295,1.1888369
21.869485591889752,87.96752419740415,1.1485578
21.869485591889752,87.97650735024534,1.2040846
21.869485591889752,87.98549050308654,2.079
21.869485591889752,88.12922094854567,1.420542
21.869485591889752,88.13820410138686,1.8966231
21.869485591889752,88.16515355991044,3.646942
21.869485591889752,88.17413671275163,2.570828
21.869485591889752,88.18311986559283,0.7911095
21.869485591889752,88.19210301843403,1.1112031
21.869485591889752,88.20108617127522,1.8370156
21.869485591889752,88.21006932411642,2.7534688
21.869485591889752,88.21905247695761,2.2753282
21.869485591889752,88.22803562979881,1.6830313
21.869485591889752,88.23701878264,1.5397812
21.869485591889752,88.2460019354812,1.119
21.869485591889752,88.2549850883224,1.9053214
21.869485591889752,88.26396824116358,1.1920612
21.869485591889752,88.27295139400478,1.1223439
21.869485591889752,88.28193454684597,1.3763125
21.869485591889752,88.29091769968717,0.87225
21.869485591889752,88.29990085252837,1.6136245
21.87846874473095,87.59921493091514,0.3716876
21.87846874473095,87.61718123659753,0.15934153
21.87846874473095,87.62616438943873,0.5804194
21.87846874473095,87.63514754227992,0.49413317
21.87846874473095,87.64413069512112,0.943
21.87846874473095,87.65311384796232,0.7524844
21.87846874473095,87.66209700080351,1.0196093
21.87846874473095,87.67108015364471,0.94081247
21.87846874473095,87.6800633064859,0.7065994
21.87846874473095,87.68904645932709,0.674548
21.87846874473095,87.69802961216828,0.7435625
21.87846874473095,87.70701276500948,0.73221874
21.87846874473095,87.71599591785068,1.0857188
21.87846874473095,87.72497907069187,1.170125
21.87846874473095,87.73396222353307,0.46790877
21.87846874473095,87.74294537637427,1.178875
21.87846874473095,87.75192852921546,1.2590313
21.87846874473095,87.76091168205666,1.0691563
21.87846874473095,87.76989483489785,1.1292187
21.87846874473095,87.77887798773905,1.0936093
21.87846874473095,87.78786114058025,1.1935469
21.87846874473095,87.79684429342144,0.84775
21.87846874473095,87.80582744626263,0.712375
21.87846874473095,87.81481059910382,0.7050312
21.87846874473095,87.82379375194502,1.043375
21.87846874473095,87.83277690478621,0.74153125
21.87846874473095,87.84176005762741,0.93525004
21.87846874473095,87.85074321046861,0.822875
21.87846874473095,87.8597263633098,1.1327194
21.87846874473095,87.868709516151,0.73521715
21.87846874473095,87.8776926689922,1.070063
21.87846874473095,87.88667582183339,1.1705625
21.87846874473095,87.89565897467459,1.3997656
21.87846874473095,87.90464212751579,1.9420156
21.87846874473095,87.91362528035698,1.789875
21.87846874473095,87.92260843319816,1.696
21.87846874473095,87.93159158603936,1.843625
21.87846874473095,87.94057473888056,2.177453
21.87846874473095,87.94955789172175,2.1569061
21.87846874473095,87.95854104456295,1.9175469
21.87846874473095,87.96752419740415,1.3706099
21.87846874473095,87.97650735024534,1.0480099
21.87846874473095,87.98549050308654,3.4971347
21.87846874473095,88.16515355991044,2.8184016
21.87846874473095,88.17413671275163,1.4619265
21.87846874473095,88.18311986559283,0.9242432
21.87846874473095,88.19210301843403,1.3053576
21.87846874473095,88.20108617127522,1.6740313
21.87846874473095,88.21006932411642,2.2932656
21.87846874473095,88.21905247695761,2.2324843
21.87846874473095,88.22803562979881,1.7566563
21.87846874473095,88.23701878264,1.5710626
21.87846874473095,88.2460019354812,1.2934768
21.87846874473095,88.2549850883224,1.3663086
21.87846874473095,88.26396824116358,2.1366005
21.87846874473095,88.27295139400478,1.1777188
21.87846874473095,88.28193454684597,1.1444688
21.87846874473095,88.29091769968717,0.8417151
21.87846874473095,88.29990085252837,1.3071871
21.88745189757214,87.59921493091514,0.8759375
21.88745189757214,87.60819808375633,0.6578165
21.88745189757214,87.61718123659753,0.75240624
21.88745189757214,87.62616438943873,0.8983464
21.88745189757214,87.63514754227992,0.5465598
21.88745189757214,87.64413069512112,0.5694139
21.88745189757214,87.65311384796232,0.57844466
21.88745189757214,87.66209700080351,0.65415263
21.88745189757214,87.67108015364471,0.7097495
21.88745189757214,87.6800633064859,0.4574208
21.88745189757214,87.68904645932709,0.67809373
21.88745189757214,87.69802961216828,0.37603995
21.88745189757214,87.70701276500948,0.7235365
21.88745189757214,87.71599591785068,0.6170698
21.88745189757214,87.72497907069187,1.250875
21.88745189757214,87.73396222353307,0.9785625
21.88745189757214,87.74294537637427,0.74539405
21.88745189757214,87.75192852921546,0.5952188
21.88745189757214,87.76091168205666,0.77708954
21.88745189757214,87.76989483489785,0.63968056
21.88745189757214,87.77887798773905,0.62186384
21.88745189757214,87.78786114058025,0.6203515
21.88745189757214,87.79684429342144,0.70309806
21.88745189757214,87.80582744626263,0.9575781
21.88745189757214,87.81481059910382,0.6193401
21.88745189757214,87.82379375194502,0.8565937
21.88745189757214,87.83277690478621,0.71515626
21.88745189757214,87.84176005762741,0.85401565
21.88745189757214,87.85074321046861,1.2706562
21.88745189757214,87.8597263633098,1.4163282
21.88745189757214,87.868709516151,0.83276564
21.88745189757214,87.8776926689922,1.1918281
21.88745189757214,87.88667582183339,0.6927967
21.88745189757214,87.89565897467459,0.7221201
21.88745189757214,87.90464212751579,1.0352343
21.88745189757214,87.91362528035698,0.8533125
21.88745189757214,87.92260843319816,0.86684376
21.88745189757214,87.93159158603936,0.6430886
21.88745189757214,87.94057473888056,1.395625
21.88745189757214,87.94955789172175,1.1593043
21.88745189757214,87.95854104456295,1.5624532
21.88745189757214,87.96752419740415,1.2454375
21.88745189757214,87.97650735024534,0.92311573
21.88745189757214,87.98549050308654,1.4914376
21.88745189757214,87.99447365592773,2.213773
21.88745189757214,88.16515355991044,2.6352863
21.88745189757214,88.17413671275163,1.9957345
21.88745189757214,88.18311986559283,1.8481718
21.88745189757214,88.19210301843403,1.1402655
21.88745189757214,88.20108617127522,2.2225616
21.88745189757214,88.21006932411642,1.8779532
21.88745189757214,88.21905247695761,1.1735625
21.88745189757214,88.22803562979881,1.3449531
21.88745189757214,88.23701878264,1.4203281
21.88745189757214,88.2460019354812,0.69803125
21.88745189757214,88.2549850883224,0.91893005
21.88745189757214,88.26396824116358,0.73551255
21.88745189757214,88.27295139400478,1.3789796
21.88745189757214,88.28193454684597,0.8142795
21.88745189757214,88.29091769968717,0.78752613
21.88745189757214,88.29990085252837,0.5615551
21.896435050413338,87.59921493091514,0.66875315
21.896435050413338,87.60819808375633,0.6059304
21.896435050413338,87.61718123659753,0.7371601
21.896435050413338,87.62616438943873,0.59059376
21.896435050413338,87.63514754227992,0.7577969
21.896435050413338,87.64413069512112,0.5571719
21.896435050413338,87.65311384796232,0.6401344
21.896435050413338,87.66209700080351,0.46326563
21.896435050413338,87.67108015364471,0.5763125
21.896435050413338,87.6800633064859,0.47940817
21.896435050413338,87.68904645932709,0.57406247
21.896435050413338,87.69802961216828,0.3921443
21.896435050413338,87.70701276500948,0.49633735
21.896435050413338,87.71599591785068,0.83812577
21.896435050413338,87.72497907069187,1.0759063
21.896435050413338,87.73396222353307,0.9992657
21.896435050413338,87.74294537637427,1.0437969
21.896435050413338,87.75192852921546,1.0575
21.896435050413338,87.76091168205666,0.9382656
21.896435050413338,87.76989483489785,0.93387496
21.896435050413338,87.77887798773905,0.42500865
21.896435050413338,87.78786114058025,0.5409375
21.896435050413338,87.79684429342144,0.4107019
21.896435050413338,87.80582744626263,0.8252969
21.896435050413338,87.81481059910382,0.80745316
21.896435050413338,87.82379375194502,0.95848435
21.896435050413338,87.83277690478621,1.1924531
21.896435050413338,87.84176005762741,0.80796874
21.896435050413338,87.85074321046861,0.56953126
21.896435050413338,87.8597263633098,1.0948125
21.896435050413338,87.868709516151,1.3448906
21.896435050413338,87.8776926689922,1.457125
21.896435050413338,87.88667582183339,0.590543
21.896435050413338,87.89565897467459,0.7181642
21.896435050413338,87.90464212751579,0.5913128
21.896435050413338,87.91362528035698,1.0394531
21.896435050413338,87.92260843319816,1.0803906
21.896435050413338,87.93159158603936,0.81114703
21.896435050413338,87.94057473888056,1.3446875
21.896435050413338,87.94955789172175,1.2686404
21.896435050413338,87.95854104456295,1.048757
21.896435050413338,87.96752419740415,1.0718281
21.896435050413338,87.97650735024534,0.7627092
21.896435050413338,87.98549050308654,1.1859219
21.896435050413338,87.99447365592773,1.432501
21.896435050413338,88.00345680876893,2.465
21.896435050413338,88.16515355991044,1.5270038
21.896435050413338,88.17413671275163,1.1542917
21.896435050413338,88.18311986559283,1.6796875
21.896435050413338,88.19210301843403,1.2066578
21.896435050413338,88.20108617127522,1.0609255
21.896435050413338,88.21006932411642,1.0646029
21.896435050413338,88.21905247695761,1.2895782
21.896435050413338,88.22803562979881,1.0787969
21.896435050413338,88.23701878264,0.9208906
21.896435050413338,88.2460019354812,0.77109903
21.896435050413338,88.2549850883224,0.91767186
21.896435050413338,88.26396824116358,0.6473071
21.896435050413338,88.27295139400478,0.855752
21.896435050413338,88.28193454684597,0.61416894
21.896435050413338,88.29091769968717,0.46729517
21.896435050413338,88.29990085252837,0.42434433
21.905418203254534,87.59921493091514,0.5233843
21.905418203254534,87.60819808375633,0.64229
21.905418203254534,87.61718123659753,0.81539065
21.905418203254534,87.62616438943873,0.51321983
21.905418203254534,87.63514754227992,0.84807813
21.905418203254534,87.64413069512112,0.89320314
21.905418203254534,87.65311384796232,0.7469127
21.905418203254534,87.66209700080351,0.8077344
21.905418203254534,87.67108015364471,0.63678545
21.905418203254534,87.6800633064859,0.59147775
21.905418203254534,87.68904645932709,0.18968739
21.905418203254534,87.69802961216828,0.56025326
21.905418203254534,87.70701276500948,0.5874748
21.905418203254534,87.71599591785068,0.6585195
21.905418203254534,87.72497907069187,0.6378893
21.905418203254534,87.73396222353307,0.6440156
21.905418203254534,87.74294537637427,0.6933631
21.905418203254534,87.75192852921546,0.52249235
21.905418203254534,87.76091168205666,0.5997328
21.905418203254534,87.76989483489785,0.58591145
21.905418203254534,87.77887798773905,0.6512871
21.905418203254534,87.78786114058025,0.80614066
21.905418203254534,87.79684429342144,0.8987344
21.905418203254534,87.80582744626263,0.61090624
21.905418203254534,87.81481059910382,0.93240625
21.905418203254534,87.82379375194502,0.9656563
21.905418203254534,87.83277690478621,1.3573594
21.905418203254534,87.84176005762741,0.7099375
21.905418203254534,87.85074321046861,1.0632501
21.905418203254534,87.8597263633098,0.90357816
21.905418203254534,87.868709516151,1.1771406
21.905418203254534,87.8776926689922,0.98484373
21.905418203254534,87.88667582183339,0.55468655
21.905418203254534,87.89565897467459,0.97459376
21.905418203254534,87.90464212751579,0.80955386
21.905418203254534,87.91362528035698,1.1227343
21.905418203254534,87.92260843319816,1.1540625
21.905418203254534,87.93159158603936,1.0952032
21.905418203254534,87.94057473888056,1.4184439
21.905418203254534,87.94955789172175,1.5316875
21.905418203254534,87.95854104456295,0.52538174
21.905418203254534,87.96752419740415,1.089271
21.905418203254534,87.97650735024534,0.6495069
21.905418203254534,87.98549050308654,1.1027625
21.905418203254534,87.99447365592773,1.17475
21.905418203254534,88.00345680876893,1.377592
21.905418203254534,88.12023779570447,1.8320429
21.905418203254534,88.12922094854567,1.044967
21.905418203254534,88.13820410138686,2.422536
21.905418203254534,88.17413671275163,1.0671194
21.905418203254534,88.18311986559283,1.2274383
21.905418203254534,88.19210301843403,0.78348786
21.905418203254534,88.20108617127522,0.89563996
21.905418203254534,88.21006932411642,1.2611718
21.905418203254534,88.21905247695761,1.1488438
21.905418203254534,88.22803562979881,1.1872813
21.905418203254534,88.23701878264,1.101
21.905418203254534,88.2460019354812,0.9969063
21.905418203254534,88.2549850883224,0.8566913
21.905418203254534,88.26396824116358,0.598303
21.905418203254534,88.27295139400478,1.0670515
21.905418203254534,88.28193454684597,0.66923887
21.905418203254534,88.29091769968717,0.7623355
21.905418203254534,88.29990085252837,0.6072987
21.914401356095727,87.59921493091514,0.304
21.914401356095727,87.60819808375633,0.37756473
21.914401356095727,87.61718123659753,0.5217594
21.914401356095727,87.62616438943873,0.52983177
21.914401356095727,87.63514754227992,0.5501117
21.914401356095727,87.64413069512112,0.83271873
21.914401356095727,87.65311384796232,0.4365142
21.914401356095727,87.66209700080351,0.543031
21.914401356095727,87.67108015364471,0.39860296
21.914401356095727,87.6800633064859,0.5425394
21.914401356095727,87.68904645932709,0.3150308
21.914401356095727,87.69802961216828,0.26224637
21.914401356095727,87.70701276500948,0.3497541
21.914401356095727,87.71599591785068,0.29798946
21.914401356095727,87.72497907069187,0.76958776
21.914401356095727,87.73396222353307,1.17875
21.914401356095727,87.74294537637427,0.87522095
21.914401356095727,87.75192852921546,0.70596963
21.914401356095727,87.76091168205666,0.7833208
21.914401356095727,87.76989483489785,0.6914531
21.914401356095727,87.77887798773905,0.76847726
21.914401356095727,87.78786114058025,0.824888
21.914401356095727,87.79684429342144,0.8960469
21.914401356095727,87.80582744626263,1.1359844
21.914401356095727,87.81481059910382,0.642625
21.914401356095727,87.82379375194502,0.6040156
21.914401356095727,87.83277690478621,1.0583906
21.914401356095727,87.84176005762741,0.8617188
21.914401356095727,87.85074321046861,0.7474356
21.914401356095727,87.8597263633098,0.5801845
21.914401356095727,87.868709516151,0.5763302
21.914401356095727,87.8776926689922,0.68342865
21.914401356095727,87.88667582183339,0.71688694
21.914401356095727,87.89565897467459,0.7689543
21.914401356095727,87.90464212751579,0.51089287
21.914401356095727,87.91362528035698,0.9364564
21.914401356095727,87.92260843319816,1.0243906
21.914401356095727,87.93159158603936,0.31453964
21.914401356095727,87.94057473888056,0.7179002
21.914401356095727,87.94955789172175,0.8646406
21.914401356095727,87.95854104456295,0.7433984
21.914401356095727,87.96752419740415,0.9113183
21.914401356095727,87.97650735024534,0.66997886
21.914401356095727,87.98549050308654,1.1957208
21.914401356095727,87.99447365592773,1.1240597
21.914401356095727,88.00345680876893,1.1852221
21.914401356095727,88.12023779570447,0.85814404
21.914401356095727,88.12922094854567,0.42715865
21.914401356095727,88.13820410138686,1.378229
21.914401356095727,88.17413671275163,1.8913456
21.914401356095727,88.18311986559283,1.0550829
21.914401356095727,88.19210301843403,1.124353
21.914401356095727,88.20108617127522,0.6758352
21.914401356095727,88.21006932411642,0.80345654
21.914401356095727,88.21905247695761,1.0354218
21.914401356095727,88.22803562979881,1.1726406
21.914401356095727,88.23701878264,0.82334375
21.914401356095727,88.2460019354812,0.6996462
21.914401356095727,88.2549850883224,0.92309374
21.914401356095727,88.26396824116358,0.828573
21.914401356095727,88.27295139400478,0.8420625
21.914401356095727,88.28193454684597,0.6812544
21.914401356095727,88.29091769968717,0.7600973
21.914401356095727,88.29990085252837,0.40438884
21.923384508936923,87.59921493091514,0.2538411
21.923384508936923,87.60819808375633,0.59578866
21.923384508936923,87.61718123659753,0.6726333
21.923384508936923,87.62616438943873,0.90915626
21.923384508936923,87.63514754227992,0.8879844
21.923384508936923,87.64413069512112,0.7899219
21.923384508936923,87.65311384796232,0.5225469
21.923384508936923,87.66209700080351,0.4897656
21.923384508936923,87.67108015364471,0.73575157
21.923384508936923,87.6800633064859,0.9526719
21.923384508936923,87.68904645932709,0.45572862
21.923384508936923,87.69802961216828,0.3012285
21.923384508936923,87.70701276500948,0.3122517
21.923384508936923,87.71599591785068,0.44912836
21.923384508936923,87.72497907069187,0.93809235
21.923384508936923,87.73396222353307,0.7519063
21.923384508936923,87.74294537637427,0.5915
21.923384508936923,87.75192852921546,0.81270313
21.923384508936923,87.76091168205666,0.8057656
21.923384508936923,87.76989483489785,0.6202812
21.923384508936923,87.77887798773905,0.67357355
21.923384508936923,87.78786114058025,0.80996877
21.923384508936923,87.79684429342144,0.79
21.923384508936923,87.80582744626263,0.78284377
21.923384508936923,87.81481059910382,0.7883281
21.923384508936923,87.82379375194502,0.9089531
21.923384508936923,87.83277690478621,0.5996037
21.923384508936923,87.84176005762741,0.78678125
21.923384508936923,87.85074321046861,0.40318108
21.923384508936923,87.8597263633098,0.47020757
21.923384508936923,87.868709516151,0.62102365
21.923384508936923,87.8776926689922,0.48038217
21.923384508936923,87.88667582183339,0.73048437
21.923384508936923,87.89565897467459,1.054875
21.923384508936923,87.90464212751579,0.61877024
21.923384508936923,87.91362528035698,0.344
21.923384508936923,87.92260843319816,0.25657144
21.923384508936923,87.93159158603936,0.32588035
21.923384508936923,87.94057473888056,0.5221226
21.923384508936923,87.94955789172175,0.80475
21.923384508936923,87.95854104456295,0.82167685
21.923384508936923,87.96752419740415,0.8738725
21.923384508936923,87.97650735024534,0.43186337
21.923384508936923,87.98549050308654,1.1073458
21.923384508936923,87.99447365592773,0.61640453
21.923384508936923,88.00345680876893,1.2812238
21.923384508936923,88.12023779570447,1.9154955
21.923384508936923,88.12922094854567,0.9407296
21.923384508936923,88.13820410138686,2.2031305
21.923384508936923,88.17413671275163,2.6231778
21.923384508936923,88.18311986559283,1.0084392
21.923384508936923,88.19210301843403,0.9918109
21.923384508936923,88.20108617127522,0.8609692
21.923384508936923,88.21006932411642,0.8522969
21.923384508936923,88.21905247695761,1.1975782
21.923384508936923,88.22803562979881,1.3287344
21.923384508936923,88.23701878264,0.82175
21.923384508936923,88.2460019354812,0.46872208
21.923384508936923,88.2549850883224,0.52201015
21.923384508936923,88.26396824116358,0.34152603
21.923384508936923,88.27295139400478,0.6105173
21.923384508936923,88.28193454684597,0.4558058
21.923384508936923,88.29091769968717,0.6409482
21.923384508936923,88.29990085252837,0.43029702
21.93236766177812,87.58124862523275,0.37491292
21.93236766177812,87.59023177807394,0.37880227
21.93236766177812,87.59921493091514,0.4760015
21.93236766177812,87.60819808375633,0.6295688
21.93236766177812,87.61718123659753,0.95000005
21.93236766177812,87.62616438943873,0.78675
21.93236766177812,87.63514754227992,0.8525625
21.93236766177812,87.64413069512112,0.9944063
21.93236766177812,87.65311384796232,1.0191231
21.93236766177812,87.66209700080351,1.5430624
21.93236766177812,87.67108015364471,0.8904629
21.93236766177812,87.6800633064859,1.2458594
21.93236766177812,87.68904645932709,0.88690627
21.93236766177812,87.69802961216828,1.0622499
21.93236766177812,87.70701276500948,0.8138125
21.93236766177812,87.71599591785068,0.4952279
21.93236766177812,87.72497907069187,0.4285933
21.93236766177812,87.73396222353307,0.4558836
21.93236766177812,87.74294537637427,0.65173435
21.93236766177812,87.75192852921546,0.8024688
21.93236766177812,87.76091168205666,0.8485156
21.93236766177812,87.76989483489785,1.2717031
21.93236766177812,87.77887798773905,0.90625274
21.93236766177812,87.78786114058025,0.7398032
21.93236766177812,87.79684429342144,0.6641735
21.93236766177812,87.80582744626263,1.2841406
21.93236766177812,87.81481059910382,1.0518781
21.93236766177812,87.82379375194502,0.8757607
21.93236766177812,87.83277690478621,0.87257814
21.93236766177812,87.84176005762741,0.79809374
21.93236766177812,87.85074321046861,0.81299996
21.93236766177812,87.8597263633098,0.53383934
21.93236766177812,87.868709516151,0.32839873
21.93236766177812,87.8776926689922,0.72922367
21.93236766177812,87.88667582183339,1.1589999
21.93236766177812,87.89565897467459,1.0599843
21.93236766177812,87.90464212751579,0.25800002
21.93236766177812,87.91362528035698,0.594053
21.93236766177812,87.92260843319816,1.0085312
21.93236766177812,87.93159158603936,0.5814687
21.93236766177812,87.94057473888056,0.76952124
21.93236766177812,87.94955789172175,0.8486323
21.93236766177812,87.95854104456295,0.6309297
21.93236766177812,87.96752419740415,0.69840646
21.93236766177812,87.97650735024534,0.6548332
21.93236766177812,87.98549050308654,0.91310096
21.93236766177812,87.99447365592773,0.9986912
21.93236766177812,88.00345680876893,1.1434063
21.93236766177812,88.01243996161013,2.0457983
21.93236766177812,88.16515355991044,3.303
21.93236766177812,88.17413671275163,2.0640962
21.93236766177812,88.18311986559283,1.3983982
21.93236766177812,88.19210301843403,0.6166447
21.93236766177812,88.20108617127522,0.50615156
21.93236766177812,88.21006932411642,0.6323364
21.93236766177812,88.21905247695761,0.5913246
21.93236766177812,88.22803562979881,0.74783754
21.93236766177812,88.23701878264,0.94958603
21.93236766177812,88.2460019354812,0.6976752
21.93236766177812,88.2549850883224,0.413186
21.93236766177812,88.26396824116358,0.22620247
21.93236766177812,88.27295139400478,0.8214688
21.93236766177812,88.28193454684597,0.32128084
21.93236766177812,88.29091769968717,0.318789
21.93236766177812,88.29990085252837,0.48702714
21.941350814619312,87.58124862523275,0.26767337
21.941350814619312,87.59023177807394,0.28225285
21.941350814619312,87.59921493091514,0.64537704
21.941350814619312,87.60819808375633,0.8671875
21.941350814619312,87.61718123659753,0.97032815
21.941350814619312,87.62616438943873,0.7361562
21.941350814619312,87.63514754227992,0.5402719
21.941350814619312,87.64413069512112,1.0564531
21.941350814619312,87.65311384796232,1.4165
21.941350814619312,87.66209700080351,1.6466094
21.941350814619312,87.67108015364471,1.5330937
21.941350814619312,87.6800633064859,1.4623749
21.941350814619312,87.68904645932709,1.0283906
21.941350814619312,87.69802961216828,0.90221876
21.941350814619312,87.70701276500948,0.6529599
21.941350814619312,87.71599591785068,0.5029138
21.941350814619312,87.72497907069187,0.72528124
21.941350814619312,87.73396222353307,0.34558147
21.941350814619312,87.74294537637427,0.4934675
21.941350814619312,87.75192852921546,0.92537504
21.941350814619312,87.76091168205666,0.8149745
21.941350814619312,87.76989483489785,1.2372187
21.941350814619312,87.77887798773905,0.5370664
21.941350814619312,87.78786114058025,0.80434865
21.941350814619312,87.79684429342144,1.3245313
21.941350814619312,87.80582744626263,0.9218125
21.941350814619312,87.81481059910382,0.41195005
21.941350814619312,87.82379375194502,0.40214273
21.941350814619312,87.83277690478621,0.5560086
21.941350814619312,87.84176005762741,0.9367743
21.941350814619312,87.85074321046861,0.974375
21.941350814619312,87.8597263633098,0.42433098
21.941350814619312,87.868709516151,0.2525
21.941350814619312,87.8776926689922,0.22749999
21.941350814619312,87.88667582183339,0.46451184
21.941350814619312,87.89565897467459,0.58765143
21.941350814619312,87.90464212751579,0.651927
21.941350814619312,87.91362528035698,0.7872382
21.941350814619312,87.92260843319816,0.8015045
21.941350814619312,87.93159158603936,0.88004595
21.941350814619312,87.94057473888056,0.53087395
21.941350814619312,87.94955789172175,0.26863572
21.941350814619312,87.95854104456295,0.92678124
21.941350814619312,87.96752419740415,0.7038959
21.941350814619312,87.97650735024534,1.0146741
21.941350814619312,87.98549050308654,0.8101726
21.941350814619312,87.99447365592773,1.0361819
21.941350814619312,88.00345680876893,1.0602657
21.941350814619312,88.01243996161013,1.3956743
21.941350814619312,88.02142311445132,2.14
21.941350814619312,88.16515355991044,1.81214
21.941350814619312,88.17413671275163,1.7504271
21.941350814619312,88.18311986559283,0.74426943
21.941350814619312,88.19210301843403,0.4945443
21.941350814619312,88.20108617127522,0.31512466
21.941350814619312,88.21006932411642,0.30202007
21.941350814619312,88.21905247695761,0.48552844
21.941350814619312,88.22803562979881,0.41560894
21.941350814619312,88.23701878264,0.33653337
21.941350814619312,88.2460019354812,0.4301984
21.941350814619312,88.2549850883224,0.28545123
21.941350814619312,88.26396824116358,0.24414134
21.941350814619312,88.27295139400478,0.8614531
21.941350814619312,88.28193454684597,0.5866586
21.941350814619312,88.29091769968717,0.57939065
21.941350814619312,88.29990085252837,0.5137404
21.95033396746051,87.59023177807394,0.26681608
21.95033396746051,87.59921493091514,1.0217617
21.95033396746051,87.60819808375633,1.1953125
21.95033396746051,87.61718123659753,1.1880156
21.95033396746051,87.62616438943873,1.1400626
21.95033396746051,87.63514754227992,1.2109306
21.95033396746051,87.64413069512112,1.4336094
21.95033396746051,87.65311384796232,1.3436718
21.95033396746051,87.66209700080351,1.4425
21.95033396746051,87.67108015364471,1.5493281
21.95033396746051,87.6800633064859,1.4649062
21.95033396746051,87.68904645932709,1.1118907
21.95033396746051,87.69802961216828,0.9803315
21.95033396746051,87.70701276500948,0.78409374
21.95033396746051,87.71599591785068,0.64470315
21.95033396746051,87.72497907069187,0.7944188
21.95033396746051,87.73396222353307,0.71598285
21.95033396746051,87.74294537637427,0.6404288
21.95033396746051,87.75192852921546,0.8677813
21.95033396746051,87.76091168205666,1.0972813
21.95033396746051,87.76989483489785,0.6933495
21.95033396746051,87.77887798773905,0.7838463
21.95033396746051,87.78786114058025,1.1605781
21.95033396746051,87.79684429342144,1.3145468
21.95033396746051,87.80582744626263,0.842
21.95033396746051,87.81481059910382,0.5341186
21.95033396746051,87.82379375194502,0.51322734
21.95033396746051,87.83277690478621,1.0585157
21.95033396746051,87.84176005762741,1.1410625
21.95033396746051,87.85074321046861,1.0009722
21.95033396746051,87.8597263633098,0.3268712
21.95033396746051,87.868709516151,0.3649383
21.95033396746051,87.8776926689922,0.22500001
21.95033396746051,87.88667582183339,0.23109327
21.95033396746051,87.89565897467459,0.4533019
21.95033396746051,87.90464212751579,0.5006869
21.95033396746051,87.91362528035698,0.28619736
21.95033396746051,87.92260843319816,0.33091667
21.95033396746051,87.93159158603936,0.6321924
21.95033396746051,87.94057473888056,0.7843047
21.95033396746051,87.94955789172175,0.53666764
21.95033396746051,87.95854104456295,0.9351718
21.95033396746051,87.96752419740415,1.2154844
21.95033396746051,87.97650735024534,0.79926306
21.95033396746051,87.98549050308654,1.0188984
21.95033396746051,87.99447365592773,0.6575357
21.95033396746051,88.00345680876893,1.2638607
21.95033396746051,88.01243996161013,0.934029
21.95033396746051,88.02142311445132,1.8331279
21.95033396746051,88.07532203149849,1.1781672
21.95033396746051,88.08430518433968,1.3020122
21.95033396746051,88.09328833718088,2.0352373
21.95033396746051,88.16515355991044,1.2076701
21.95033396746051,88.17413671275163,1.1082057
21.95033396746051,88.18311986559283,0.54939526
21.95033396746051,88.19210301843403,0.252
21.95033396746051,88.21006932411642,0.27195698
21.95033396746051,88.21905247695761,0.44020882
21.95033396746051,88.22803562979881,0.37167326
21.95033396746051,88.23701878264,0.22521111
21.95033396746051,88.2460019354812,0.18101567
21.95033396746051,88.2549850883224,0.37683186
21.95033396746051,88.26396824116358,0.36704302
21.95033396746051,88.27295139400478,0.7416875
21.95033396746051,88.28193454684597,0.4427278
21.95033396746051,88.29091769968717,0.50367486
21.95033396746051,88.29990085252837,0.3770748
21.959317120301705,87.59921493091514,0.44095793
21.959317120301705,87.60819808375633,0.3877912
21.959317120301705,87.61718123659753,0.39594978
21.959317120301705,87.62616438943873,0.7292031
21.959317120301705,87.63514754227992,0.62508917
21.959317120301705,87.64413069512112,0.715125
21.959317120301705,87.65311384796232,0.7186197
21.959317120301705,87.66209700080351,0.6705918
21.959317120301705,87.67108015364471,1.3670061
21.959317120301705,87.6800633064859,1.2189687
21.959317120301705,87.68904645932709,1.5066875
21.959317120301705,87.69802961216828,0.95039064
21.959317120301705,87.70701276500948,1.0171562
21.959317120301705,87.71599591785068,0.748125
21.959317120301705,87.72497907069187,0.60664064
21.959317120301705,87.73396222353307,0.59449613
21.959317120301705,87.74294537637427,0.5216911
21.959317120301705,87.75192852921546,0.982625
21.959317120301705,87.76091168205666,0.4791581
21.959317120301705,87.76989483489785,0.87979895
21.959317120301705,87.77887798773905,0.6656584
21.959317120301705,87.78786114058025,0.867375
21.959317120301705,87.79684429342144,1.2079532
21.959317120301705,87.80582744626263,0.75574285
21.959317120301705,87.81481059910382,0.9122813
21.959317120301705,87.82379375194502,0.8092274
21.959317120301705,87.83277690478621,0.632981
21.959317120301705,87.84176005762741,0.42963582
21.959317120301705,87.85074321046861,0.93421495
21.959317120301705,87.8597263633098,0.71537954
21.959317120301705,87.868709516151,0.36737075
21.959317120301705,87.8776926689922,0.27942148
21.959317120301705,87.88667582183339,0.5150123
21.959317120301705,87.89565897467459,0.42558667
21.959317120301705,87.91362528035698,0.3509686
21.959317120301705,87.92260843319816,0.71415627
21.959317120301705,87.93159158603936,0.49786863
21.959317120301705,87.94057473888056,0.99140626
21.959317120301705,87.94955789172175,1.3756875
21.959317120301705,87.95854104456295,0.9410703
21.959317120301705,87.96752419740415,0.49562612
21.959317120301705,87.97650735024534,0.7059753
21.959317120301705,87.98549050308654,0.4138545
21.959317120301705,87.99447365592773,0.5417167
21.959317120301705,88.00345680876893,0.5508746
21.959317120301705,88.01243996161013,0.59201777
21.959317120301705,88.02142311445132,1.1322144
21.959317120301705,88.03040626729252,2.117788
21.959317120301705,88.07532203149849,1.640551
21.959317120301705,88.08430518433968,1.4843438
21.959317120301705,88.09328833718088,1.4360781
21.959317120301705,88.10227149002208,1.5865586
21.959317120301705,88.15617040706924,2.752
21.959317120301705,88.16515355991044,1.1937362
21.959317120301705,88.17413671275163,0.726201
21.959317120301705,88.18311986559283,0.6170791
21.959317120301705,88.22803562979881,0.23956826
21.959317120301705,88.23701878264,0.39350614
21.959317120301705,88.2460019354812,0.26950318
21.959317120301705,88.2549850883224,0.49208158
21.959317120301705,88.26396824116358,0.7529936
21.959317120301705,88.27295139400478,0.30027595
21.959317120301705,88.28193454684597,0.5315481
21.959317120301705,88.29091769968717,0.2861938
21.959317120301705,88.29990085252837,0.5304325
21.968300273142898,87.59921493091514,0.35810736
21.968300273142898,87.60819808375633,0.31351057
21.968300273142898,87.61718123659753,0.36778373
21.968300273142898,87.62616438943873,0.5244925
21.968300273142898,87.63514754227992,0.50330025
21.968300273142898,87.64413069512112,0.61816835
21.968300273142898,87.65311384796232,0.8582111
21.968300273142898,87.66209700080351,1.4979532
21.968300273142898,87.67108015364471,1.6992968
21.968300273142898,87.6800633064859,1.2203125
21.968300273142898,87.68904645932709,1.7185469
21.968300273142898,87.69802961216828,1.2839062
21.968300273142898,87.70701276500948,0.99325
21.968300273142898,87.71599591785068,0.9806719
21.968300273142898,87.72497907069187,0.68221873
21.968300273142898,87.73396222353307,0.41720194
21.968300273142898,87.74294537637427,0.7826533
21.968300273142898,87.75192852921546,0.90940624
21.968300273142898,87.76091168205666,0.7669284
21.968300273142898,87.76989483489785,0.48376364
21.968300273142898,87.77887798773905,0.8521875
21.968300273142898,87.78786114058025,0.6614113
21.968300273142898,87.79684429342144,0.6865623
21.968300273142898,87.80582744626263,0.34580448
21.968300273142898,87.81481059910382,0.51314807
21.968300273142898,87.82379375194502,0.7143333
21.968300273142898,87.83277690478621,0.66212314
21.968300273142898,87.84176005762741,0.79162383
21.968300273142898,87.85074321046861,1.064625
21.968300273142898,87.8597263633098,0.51462567
21.968300273142898,87.868709516151,0.3459783
21.968300273142898,87.8776926689922,0.329
21.968300273142898,87.90464212751579,0.169
21.968300273142898,87.91362528035698,0.23533332
21.968300273142898,87.92260843319816,0.75762457
21.968300273142898,87.93159158603936,0.38603303
21.968300273142898,87.94057473888056,0.5993201
21.968300273142898,87.94955789172175,1.2074308
21.968300273142898,87.95854104456295,0.85625213
21.968300273142898,87.96752419740415,0.8572199
21.968300273142898,87.97650735024534,0.9540312
21.968300273142898,87.98549050308654,0.7885754
21.968300273142898,87.99447365592773,0.47842652
21.968300273142898,88.00345680876893,0.54105455
21.968300273142898,88.01243996161013,0.898625
21.968300273142898,88.02142311445132,0.89455605
21.968300273142898,88.03040626729252,1.2070082
21.968300273142898,88.07532203149849,1.3563393
21.968300273142898,88.08430518433968,1.446625
21.968300273142898,88.09328833718088,0.94714063
21.968300273142898,88.10227149002208,0.94320637
21.968300273142898,88.16515355991044,1.2588739
21.968300273142898,88.17413671275163,0.48861802
21.968300273142898,88.21905247695761,0.2678102
21.968300273142898,88.22803562979881,0.3654892
21.968300273142898,88.2460019354812,0.15526141
21.968300273142898,88.2549850883224,0.38983205
21.968300273142898,88.26396824116358,0.54747826
21.968300273142898,88.27295139400478,0.38967583
21.968300273142898,88.28193454684597,0.30067384
21.968300273142898,88.29091769968717,0.29200214
21.968300273142898,88.29990085252837,0.35718653
21.977283425984094,87.59921493091514,0.26704702
21.977283425984094,87.60819808375633,0.29980558
21.977283425984094,87.61718123659753,0.30081573
21.977283425984094,87.62616438943873,0.7609121
21.977283425984094,87.63514754227992,1.0933911
21.977283425984094,87.64413069512112,1.0712829
21.977283425984094,87.65311384796232,1.6551875
21.977283425984094,87.66209700080351,1.8468125
21.977283425984094,87.67108015364471,1.754625
21.977283425984094,87.6800633064859,1.4226251
21.977283425984094,87.68904645932709,1.5349531
21.977283425984094,87.69802961216828,1.3005
21.977283425984094,87.70701276500948,1.0454376
21.977283425984094,87.71599591785068,0.8636406
21.977283425984094,87.72497907069187,0.7807031
21.977283425984094,87.73396222353307,0.3904195
21.977283425984094,87.74294537637427,0.8830987
21.977283425984094,87.75192852921546,0.74645317
21.977283425984094,87.76091168205666,0.7131781
21.977283425984094,87.76989483489785,0.53310066
21.977283425984094,87.77887798773905,0.54786134
21.977283425984094,87.78786114058025,0.2945
21.977283425984094,87.79684429342144,0.32428816
21.977283425984094,87.80582744626263,0.34371102
21.977283425984094,87.81481059910382,0.8033796
21.977283425984094,87.82379375194502,0.6800578
21.977283425984094,87.83277690478621,0.7244405
21.977283425984094,87.84176005762741,0.6713253
21.977283425984094,87.85074321046861,1.044875
21.977283425984094,87.8597263633098,0.5353328
21.977283425984094,87.868709516151,0.42299998
21.977283425984094,87.90464212751579,0.17733334
21.977283425984094,87.91362528035698,0.53141785
21.977283425984094,87.92260843319816,0.81762606
21.977283425984094,87.93159158603936,0.73636776
21.977283425984094,87.94057473888056,0.8008734
21.977283425984094,87.94955789172175,0.76979643
21.977283425984094,87.95854104456295,0.9595357
21.977283425984094,87.96752419740415,0.69580996
21.977283425984094,87.97650735024534,1.0891666
21.977283425984094,87.98549050308654,0.8795298
21.977283425984094,87.99447365592773,0.92511266
21.977283425984094,88.00345680876893,0.6596551
21.977283425984094,88.01243996161013,0.6208326
21.977283425984094,88.02142311445132,0.8192132
21.977283425984094,88.03040626729252,0.9999748
21.977283425984094,88.08430518433968,1.2042029
21.977283425984094,88.09328833718088,0.92931247
21.977283425984094,88.10227149002208,0.51028794
21.977283425984094,88.11125464286327,2.6853592
21.977283425984094,88.17413671275163,1.0262204
21.977283425984094,88.18311986559283,0.33886027
21.977283425984094,88.19210301843403,0.241
21.977283425984094,88.20108617127522,0.25534564
21.977283425984094,88.21905247695761,0.54498416
21.977283425984094,88.22803562979881,0.45930874
21.977283425984094,88.2549850883224,0.17449999
21.977283425984094,88.26396824116358,0.569044
21.977283425984094,88.27295139400478,0.3126747
21.977283425984094,88.28193454684597,0.37764996
21.977283425984094,88.29091769968717,0.26
21.977283425984094,88.29990085252837,0.54157716
21.98626657882529,87.59921493091514,0.23492004
21.98626657882529,87.60819808375633,0.40990776
21.98626657882529,87.61718123659753,0.6457141
21.98626657882529,87.62616438943873,1.4254497
21.98626657882529,87.63514754227992,1.2287616
21.98626657882529,87.64413069512112,1.0589688
21.98626657882529,87.65311384796232,1.246119
21.98626657882529,87.66209700080351,1.3288593
21.98626657882529,87.67108015364471,1.3615937
21.98626657882529,87.6800633064859,1.0840626
21.98626657882529,87.68904645932709,1.24
21.98626657882529,87.69802961216828,0.94575
21.98626657882529,87.70701276500948,1.0629375
21.98626657882529,87.71599591785068,0.987875
21.98626657882529,87.72497907069187,0.25368407
21.98626657882529,87.73396222353307,0.43410477
21.98626657882529,87.74294537637427,0.1766
21.98626657882529,87.75192852921546,0.4190852
21.98626657882529,87.76091168205666,0.3195
21.98626657882529,87.76989483489785,0.23718967
21.98626657882529,87.77887798773905,0.254
21.98626657882529,87.78786114058025,0.55478054
21.98626657882529,87.79684429342144,0.41395482
21.98626657882529,87.80582744626263,0.6777248
21.98626657882529,87.81481059910382,0.8808125
21.98626657882529,87.82379375194502,0.788625
21.98626657882529,87.83277690478621,1.401125
21.98626657882529,87.84176005762741,0.94643867
21.98626657882529,87.85074321046861,0.5647326
21.98626657882529,87.8597263633098,0.52698404
21.98626657882529,87.91362528035698,0.5373185
21.98626657882529,87.92260843319816,0.95395064
21.98626657882529,87.93159158603936,0.8138905
21.98626657882529,87.94057473888056,0.49926937
21.98626657882529,87.94955789172175,0.51094234
21.98626657882529,87.95854104456295,0.54776806
21.98626657882529,87.96752419740415,0.297
21.98626657882529,87.97650735024534,0.4654237
21.98626657882529,87.98549050308654,0.51633334
21.98626657882529,87.99447365592773,0.91769457
21.98626657882529,88.00345680876893,1.237371
21.98626657882529,88.01243996161013,0.7865375
21.98626657882529,88.02142311445132,0.87361974
21.98626657882529,88.03040626729252,0.6086613
21.98626657882529,88.0393894201337,2.0442674
21.98626657882529,88.08430518433968,1.3968223
21.98626657882529,88.09328833718088,1.1723906
21.98626657882529,88.10227149002208,0.9004375
21.98626657882529,88.11125464286327,0.9465817
21.98626657882529,88.12023779570447,1.8761814
21.98626657882529,88.19210301843403,0.85232663
21.98626657882529,88.20108617127522,0.3851731
21.98626657882529,88.21006932411642,0.55008584
21.98626657882529,88.21905247695761,0.28133333
21.98626657882529,88.22803562979881,0.266
21.98626657882529,88.2549850883224,0.40519127
21.98626657882529,88.26396824116358,0.49400055
21.98626657882529,88.27295139400478,0.26585713
21.98626657882529,88.28193454684597,0.5738452
21.98626657882529,88.29091769968717,0.6361685
21.98626657882529,88.29990085252837,0.59216523
21.995249731666483,87.59921493091514,0.17833333
21.995249731666483,87.60819808375633,0.7591364
21.995249731666483,87.61718123659753,1.217579
21.995249731666483,87.62616438943873,1.4684281
21.995249731666483,87.63514754227992,1.4784508
21.995249731666483,87.64413069512112,1.4793125
21.995249731666483,87.65311384796232,1.1407094
21.995249731666483,87.66209700080351,1.4015312
21.995249731666483,87.67108015364471,1.2036718
21.995249731666483,87.6800633064859,1.2071563
21.995249731666483,87.68904645932709,1.2381406
21.995249731666483,87.69802961216828,0.8890156
21.995249731666483,87.70701276500948,0.90276563
21.995249731666483,87.71599591785068,0.8449844
21.995249731666483,87.73396222353307,0.20366667
21.995249731666483,87.74294537637427,0.28873962
21.995249731666483,87.75192852921546,0.5459631
21.995249731666483,87.76091168205666,0.84000444
21.995249731666483,87.76989483489785,0.80246085
21.995249731666483,87.77887798773905,0.254
21.995249731666483,87.78786114058025,0.7237628
21.995249731666483,87.79684429342144,0.5275045
21.995249731666483,87.80582744626263,0.322
21.995249731666483,87.81481059910382,0.75495577
21.995249731666483,87.82379375194502,0.52398044
21.995249731666483,87.83277690478621,0.8681851
21.995249731666483,87.84176005762741,0.7279864
21.995249731666483,87.85074321046861,0.3042229
21.995249731666483,87.92260843319816,0.7157862
21.995249731666483,87.93159158603936,0.5851069
21.995249731666483,87.94057473888056,0.51177305
21.995249731666483,87.94955789172175,0.13
21.995249731666483,87.95854104456295,0.5859442
21.995249731666483,87.96752419740415,0.46958768
21.995249731666483,87.99447365592773,0.4753077
21.995249731666483,88.00345680876893,0.9546738
21.995249731666483,88.01243996161013,0.96833014
21.995249731666483,88.02142311445132,1.1536562
21.995249731666483,88.03040626729252,0.61244553
21.995249731666483,88.0393894201337,0.8421845
21.995249731666483,88.08430518433968,1.2807643
21.995249731666483,88.09328833718088,1.2577399
21.995249731666483,88.10227149002208,0.8721719
21.995249731666483,88.11125464286327,0.7965141
21.995249731666483,88.12023779570447,1.7870741
21.995249731666483,88.12922094854567,2.450021
21.995249731666483,88.19210301843403,0.98983926
21.995249731666483,88.20108617127522,0.650334
21.995249731666483,88.21006932411642,0.7458366
21.995249731666483,88.21905247695761,0.20681997
21.995249731666483,88.22803562979881,0.46516415
21.995249731666483,88.23701878264,0.6435
21.995249731666483,88.2460019354812,0.27531078
21.995249731666483,88.2549850883224,0.3769907
21.995249731666483,88.26396824116358,0.38609952
21.995249731666483,88.27295139400478,0.7901308
21.995249731666483,88.28193454684597,0.69527256
21.995249731666483,88.29091769968717,0.19368044
21.995249731666483,88.29990085252837,0.4893741
22.00423288450768,87.59921493091514,0.30926976
22.00423288450768,87.60819808375633,0.86638296
22.00423288450768,87.61718123659753,1.5778124
22.00423288450768,87.62616438943873,1.1123977
22.00423288450768,87.63514754227992,1.3978466
22.00423288450768,87.64413069512112,1.839625
22.00423288450768,87.65311384796232,1.3381562
22.00423288450768,87.66209700080351,1.6255782
22.00423288450768,87.67108015364471,1.1031287
22.00423288450768,87.6800633064859,0.924
22.00423288450768,87.68904645932709,0.9488125
22.00423288450768,87.69802961216828,0.70687497
22.00423288450768,87.70701276500948,0.862875
22.00423288450768,87.71599591785068,0.9120231
22.00423288450768,87.72497907069187,0.404
22.00423288450768,87.73396222353307,0.6757808
22.00423288450768,87.74294537637427,0.58811116
22.00423288450768,87.75192852921546,1.02275
22.00423288450768,87.76091168205666,0.73648006
22.00423288450768,87.76989483489785,1.238375
22.00423288450768,87.77887798773905,0.3464736
22.00423288450768,87.78786114058025,0.7556235
22.00423288450768,87.79684429342144,1.032125
22.00423288450768,87.80582744626263,0.3722722
22.00423288450768,87.81481059910382,0.32996574
22.00423288450768,87.82379375194502,0.19799998
22.00423288450768,87.83277690478621,0.2894427
22.00423288450768,87.84176005762741,0.173
22.00423288450768,87.92260843319816,0.35236222
22.00423288450768,87.93159158603936,0.40602708
22.00423288450768,87.94057473888056,0.188375
22.00423288450768,88.00345680876893,0.29657575
22.00423288450768,88.01243996161013,0.56096655
22.00423288450768,88.02142311445132,0.8107096
22.00423288450768,88.03040626729252,0.5680796
22.00423288450768,88.0393894201337,0.3953686
22.00423288450768,88.0483725729749,1.7485633
22.00423288450768,88.09328833718088,0.9013268
22.00423288450768,88.10227149002208,0.9536891
22.00423288450768,88.11125464286327,1.0483894
22.00423288450768,88.12023779570447,0.71412235
22.00423288450768,88.12922094854567,1.1158975
22.00423288450768,88.19210301843403,0.8910308
22.00423288450768,88.20108617127522,1.1941648
22.00423288450768,88.21006932411642,0.49289143
22.00423288450768,88.21905247695761,0.4304454
22.00423288450768,88.22803562979881,0.43732342
22.00423288450768,88.23701878264,0.46491432
22.00423288450768,88.2460019354812,0.39324564
22.00423288450768,88.2549850883224,0.49800035
22.00423288450768,88.26396824116358,0.50772136
22.00423288450768,88.27295139400478,0.5130693
22.00423288450768,88.28193454684597,0.72549415
22.00423288450768,88.29091769968717,0.36984336
22.00423288450768,88.29990085252837,0.4892331
22.013216037348876,87.59023177807394,0.42451933
22.013216037348876,87.59921493091514,1.0736167
22.013216037348876,87.60819808375633,0.83225346
22.013216037348876,87.61718123659753,1.0746875
22.013216037348876,87.62616438943873,0.29799998
22.013216037348876,87.63514754227992,0.9808031
22.013216037348876,87.64413069512112,1.4123906
22.013216037348876,87.65311384796232,1.4549218
22.013216037348876,87.66209700080351,1.0467343
22.013216037348876,87.67108015364471,1.4111562
22.013216037348876,87.6800633064859,1.106515
22.013216037348876,87.68904645932709,0.6632969
22.013216037348876,87.69802961216828,0.70541006
22.013216037348876,87.70701276500948,0.53656125
22.013216037348876,87.71599591785068,0.7051755
22.013216037348876,87.72497907069187,0.37263122
22.013216037348876,87.73396222353307,0.6102481
22.013216037348876,87.74294537637427,1.0105889
22.013216037348876,87.75192852921546,1.1899375
22.013216037348876,87.76091168205666,1.3774376
22.013216037348876,87.76989483489785,1.1149374
22.013216037348876,87.77887798773905,1.144625
22.013216037348876,87.78786114058025,1.2290001
22.013216037348876,87.79684429342144,1.019625
22.013216037348876,87.80582744626263,0.6000827
22.013216037348876,87.81481059910382,0.5478535
22.013216037348876,87.82379375194502,0.35208213
22.013216037348876,87.83277690478621,0.40278444
22.013216037348876,87.84176005762741,0.37602386
22.013216037348876,88.00345680876893,0.55989534
22.013216037348876,88.01243996161013,0.78719735
22.013216037348876,88.02142311445132,0.61350286
22.013216037348876,88.03040626729252,0.5639754
22.013216037348876,88.0393894201337,1.372243
22.013216037348876,88.0483725729749,1.4590263
22.013216037348876,88.0573557258161,1.75
22.013216037348876,88.06633887865729,2.435856
22.013216037348876,88.07532203149849,1.676
22.013216037348876,88.11125464286327,0.884651
22.013216037348876,88.12023779570447,0.79781145
22.013216037348876,88.12922094854567,0.7895692
22.013216037348876,88.13820410138686,2.4980001
22.013216037348876,88.20108617127522,2.100655
22.013216037348876,88.21006932411642,1.7460157
22.013216037348876,88.21905247695761,0.62266153
22.013216037348876,88.22803562979881,0.59913725
22.013216037348876,88.23701878264,0.5723867
22.013216037348876,88.2460019354812,0.76322085
22.013216037348876,88.2549850883224,0.627557
22.013216037348876,88.26396824116358,0.5537054
22.013216037348876,88.27295139400478,0.79885936
22.013216037348876,88.28193454684597,0.62636983
22.013216037348876,88.29091769968717,0.35277888
22.013216037348876,88.29990085252837,0.37595877
22.022199190190072,87.59921493091514,0.59587663
22.022199190190072,87.60819808375633,0.50051177
22.022199190190072,87.61718123659753,0.979625
22.022199190190072,87.62616438943873,1.1168283
22.022199190190072,87.63514754227992,1.027221
22.022199190190072,87.64413069512112,1.178071
22.022199190190072,87.65311384796232,1.3894688
22.022199190190072,87.66209700080351,1.0891715
22.022199190190072,87.67108015364471,1.1962934
22.022199190190072,87.6800633064859,0.83679944
22.022199190190072,87.68904645932709,0.6270351
22.022199190190072,87.69802961216828,0.95690626
22.022199190190072,87.70701276500948,0.78049827
22.022199190190072,87.71599591785068,0.551228
22.022199190190072,87.72497907069187,0.82316303
22.022199190190072,87.73396222353307,0.5777619
22.022199190190072,87.74294537637427,0.634648
22.022199190190072,87.75192852921546,1.1477813
22.022199190190072,87.76091168205666,0.7977981
22.022199190190072,87.76989483489785,0.6591875
22.022199190190072,87.77887798773905,0.8900938
22.022199190190072,87.78786114058025,0.9915
22.022199190190072,87.79684429342144,1.12275
22.022199190190072,87.80582744626263,0.6242328
22.022199190190072,87.81481059910382,0.460673
22.022199190190072,87.82379375194502,0.319625
22.022199190190072,87.83277690478621,0.49893048
22.022199190190072,87.84176005762741,0.19079791
22.022199190190072,87.85074321046861,0.15684427
22.022199190190072,87.89565897467459,1.0
22.022199190190072,88.00345680876893,0.45947868
22.022199190190072,88.01243996161013,1.0656875
22.022199190190072,88.02142311445132,0.9281964
22.022199190190072,88.03040626729252,1.0510886
22.022199190190072,88.0393894201337,1.9399846
22.022199190190072,88.0483725729749,2.6985
22.022199190190072,88.0573557258161,1.4995713
22.022199190190072,88.07532203149849,1.2397858
22.022199190190072,88.08430518433968,3.3621216
22.022199190190072,88.12922094854567,1.1473727
22.022199190190072,88.13820410138686,1.4823602
22.022199190190072,88.21006932411642,1.741111
22.022199190190072,88.21905247695761,1.0746875
22.022199190190072,88.22803562979881,0.7488146
22.022199190190072,88.23701878264,0.34548548
22.022199190190072,88.2460019354812,0.5952668
22.022199190190072,88.2549850883224,0.7038276
22.022199190190072,88.26396824116358,0.31872568
22.022199190190072,88.27295139400478,0.3905813
22.022199190190072,88.28193454684597,0.4589921
22.022199190190072,88.29091769968717,0.3401267
22.022199190190072,88.29990085252837,0.28280503
22.031182343031265,87.59921493091514,0.8331021
22.031182343031265,87.60819808375633,1.0273105
22.031182343031265,87.61718123659753,0.82512456
22.031182343031265,87.62616438943873,1.2526252
22.031182343031265,87.63514754227992,1.3769375
22.031182343031265,87.64413069512112,0.9942956
22.031182343031265,87.65311384796232,1.3702344
22.031182343031265,87.66209700080351,1.318672
22.031182343031265,87.67108015364471,1.2385468
22.031182343031265,87.6800633064859,1.2239844
22.031182343031265,87.68904645932709,1.4199845
22.031182343031265,87.69802961216828,0.5303143
22.031182343031265,87.70701276500948,1.0253767
22.031182343031265,87.71599591785068,0.5945543
22.031182343031265,87.72497907069187,0.9424746
22.031182343031265,87.73396222353307,0.87442374
22.031182343031265,87.74294537637427,1.0042292
22.031182343031265,87.75192852921546,1.2392969
22.031182343031265,87.76091168205666,1.32375
22.031182343031265,87.76989483489785,0.7741638
22.031182343031265,87.77887798773905,0.99242187
22.031182343031265,87.78786114058025,0.500193
22.031182343031265,87.79684429342144,0.77508354
22.031182343031265,87.80582744626263,0.5248845
22.031182343031265,87.81481059910382,0.90257215
22.031182343031265,87.82379375194502,0.61152315
22.031182343031265,87.83277690478621,0.1448779
22.031182343031265,87.84176005762741,0.146
22.031182343031265,87.85074321046861,0.296
22.031182343031265,87.95854104456295,1.0
22.031182343031265,88.00345680876893,0.536
22.031182343031265,88.01243996161013,0.45540717
22.031182343031265,88.02142311445132,0.68655974
22.031182343031265,88.03040626729252,1.0956591
22.031182343031265,88.0393894201337,2.2773764
22.031182343031265,88.0483725729749,1.3744838
22.031182343031265,88.0573557258161,0.9365557
22.031182343031265,88.06633887865729,0.44380197
22.031182343031265,88.07532203149849,1.2812328
22.031182343031265,88.08430518433968,3.155384
22.031182343031265,88.09328833718088,2.249
22.031182343031265,88.10227149002208,2.749
22.031182343031265,88.13820410138686,2.947
22.031182343031265,88.21006932411642,2.9473584
22.031182343031265,88.21905247695761,1.4128125
22.031182343031265,88.22803562979881,0.51743996
22.031182343031265,88.23701878264,0.59159255
22.031182343031265,88.2460019354812,0.40670127
22.031182343031265,88.2549850883224,0.6107205
22.031182343031265,88.26396824116358,0.61074924
22.031182343031265,88.27295139400478,0.96185607
22.031182343031265,88.28193454684597,0.7455246
22.031182343031265,88.29091769968717,0.54943633
22.031182343031265,88.29990085252837,0.3298216
22.04016549587246,87.500400249662,1.6727115
22.04016549587246,87.50938340250319,0.43353134
22.04016549587246,87.59023177807394,0.26391464
22.04016549587246,87.59921493091514,0.63740975
22.04016549587246,87.60819808375633,0.61137795
22.04016549587246,87.61718123659753,0.6014938
22.04016549587246,87.62616438943873,0.7799368
22.04016549587246,87.63514754227992,0.5280212
22.04016549587246,87.64413069512112,1.227095
22.04016549587246,87.65311384796232,1.4651496
22.04016549587246,87.66209700080351,1.1168387
22.04016549587246,87.67108015364471,0.9388361
22.04016549587246,87.6800633064859,1.011125
22.04016549587246,87.68904645932709,1.231
22.04016549587246,87.69802961216828,1.46125
22.04016549587246,87.70701276500948,0.94411933
22.04016549587246,87.71599591785068,0.6963557
22.04016549587246,87.72497907069187,0.6639021
22.04016549587246,87.73396222353307,0.44457814
22.04016549587246,87.74294537637427,0.544625
22.04016549587246,87.75192852921546,0.867121
22.04016549587246,87.76091168205666,1.4607188
22.04016549587246,87.76989483489785,0.7346429
22.04016549587246,87.77887798773905,0.6544379
22.04016549587246,87.78786114058025,0.40811524
22.04016549587246,87.79684429342144,0.97559375
22.04016549587246,87.80582744626263,0.88860935
22.04016549587246,87.81481059910382,0.7933647
22.04016549587246,87.82379375194502,0.71285856
22.04016549587246,87.83277690478621,0.51736027
22.04016549587246,87.84176005762741,0.5517116
22.04016549587246,87.85074321046861,0.43157965
22.04016549587246,87.8597263633098,0.71151376
22.04016549587246,87.868709516151,0.35496068
22.04016549587246,87.8776926689922,0.41835904
22.04016549587246,87.96752419740415,0.306951
22.04016549587246,87.97650735024534,0.3082156
22.04016549587246,87.99447365592773,0.13662615
22.04016549587246,88.00345680876893,0.1651848
22.04016549587246,88.01243996161013,0.9995458
22.04016549587246,88.02142311445132,0.545
22.04016549587246,88.03040626729252,2.945
22.04016549587246,88.0393894201337,0.85968375
22.04016549587246,88.0483725729749,0.64699996
22.04016549587246,88.0573557258161,1.0
22.04016549587246,88.06633887865729,0.22875522
22.04016549587246,88.07532203149849,0.3550689
22.04016549587246,88.08430518433968,1.0452032
22.04016549587246,88.09328833718088,1.339
22.04016549587246,88.10227149002208,2.749
22.04016549587246,88.11125464286327,1.3566667
22.04016549587246,88.12023779570447,0.248
22.04016549587246,88.21905247695761,1.5973605
22.04016549587246,88.22803562979881,0.9046748
22.04016549587246,88.23701878264,1.3344375
22.04016549587246,88.2460019354812,0.7379627
22.04016549587246,88.2549850883224,0.5418201
22.04016549587246,88.26396824116358,0.87961954
22.04016549587246,88.27295139400478,0.79776835
22.04016549587246,88.28193454684597,0.6625469
22.04016549587246,88.29091769968717,0.392983
22.04016549587246,88.29990085252837,0.9015559
22.049148648713658,87.500400249662,1.537839
22.049148648713658,87.50938340250319,1.4248511
22.049148648713658,87.51836655534439,0.6977279
22.049148648713658,87.52734970818558,0.178
22.049148648713658,87.54531601386797,0.25922883
22.049148648713658,87.55429916670917,0.27044445
22.049148648713658,87.58124862523275,0.107
22.049148648713658,87.59023177807394,0.33764565
22.049148648713658,87.59921493091514,0.4138937
22.049148648713658,87.60819808375633,0.7573185
22.049148648713658,87.61718123659753,1.0648957
22.049148648713658,87.62616438943873,1.3526201
22.049148648713658,87.63514754227992,1.1048735
22.049148648713658,87.64413069512112,1.0770035
22.049148648713658,87.65311384796232,1.491005
22.049148648713658,87.66209700080351,0.7333242
22.049148648713658,87.67108015364471,0.8435545
22.049148648713658,87.6800633064859,1.1189375
22.049148648713658,87.68904645932709,1.3200625
22.049148648713658,87.69802961216828,1.3128124
22.049148648713658,87.70701276500948,0.9690233
22.049148648713658,87.71599591785068,0.6874594
22.049148648713658,87.72497907069187,0.87062204
22.049148648713658,87.73396222353307,0.6328787
22.049148648713658,87.74294537637427,0.76040626
22.049148648713658,87.75192852921546,1.0355085
22.049148648713658,87.76091168205666,1.1845624
22.049148648713658,87.76989483489785,1.04475
22.049148648713658,87.77887798773905,0.46909907
22.049148648713658,87.78786114058025,0.90972674
22.049148648713658,87.79684429342144,1.3109375
22.049148648713658,87.80582744626263,0.7683334
22.049148648713658,87.81481059910382,0.60268444
22.049148648713658,87.82379375194502,0.78589594
22.049148648713658,87.83277690478621,0.6680081
22.049148648713658,87.84176005762741,0.4618884
22.049148648713658,87.85074321046861,0.88623095
22.049148648713658,87.8597263633098,0.6216008
22.049148648713658,87.868709516151,0.39649394
22.049148648713658,87.8776926689922,0.4533986
22.049148648713658,87.95854104456295,0.758
22.049148648713658,87.96752419740415,0.5241355
22.049148648713658,87.97650735024534,0.33323863
22.049148648713658,87.99447365592773,0.16973625
22.049148648713658,88.00345680876893,0.19608313
22.049148648713658,88.01243996161013,1.1820341
22.049148648713658,88.03040626729252,1.0785266
22.049148648713658,88.0393894201337,0.6412516
22.049148648713658,88.0483725729749,0.7844595
22.049148648713658,88.0573557258161,1.0
22.049148648713658,88.06633887865729,0.3338151
22.049148648713658,88.07532203149849,0.4372353
22.049148648713658,88.08430518433968,0.6596686
22.049148648713658,88.10227149002208,2.434
22.049148648713658,88.12023779570447,1.4554287
22.049148648713658,88.12922094854567,1.647
22.049148648713658,88.21905247695761,1.5517792
22.049148648713658,88.22803562979881,0.8025528
22.049148648713658,88.23701878264,1.2776893
22.049148648713658,88.2460019354812,0.9331809
22.049148648713658,88.2549850883224,0.99478364
22.049148648713658,88.26396824116358,1.0154434
22.049148648713658,88.27295139400478,0.59665376
22.049148648713658,88.28193454684597,0.47440675
22.049148648713658,88.29091769968717,0.683994
22.049148648713658,88.29990085252837,1.0015937
22.05813180155485,87.500400249662,0.71829593
22.05813180155485,87.50938340250319,1.643625
22.05813180155485,87.51836655534439,0.930657
22.05813180155485,87.52734970818558,0.5490835
22.05813180155485,87.53633286102678,0.33598897
22.05813180155485,87.54531601386797,0.2445263
22.05813180155485,87.55429916670917,0.32509282
22.05813180155485,87.56328231955037,0.35095403
22.05813180155485,87.57226547239156,0.41440472
22.05813180155485,87.58124862523275,0.6478971
22.05813180155485,87.59023177807394,1.1458628
22.05813180155485,87.60819808375633,0.726085
22.05813180155485,87.61718123659753,1.4289844
22.05813180155485,87.62616438943873,1.5219843
22.05813180155485,87.63514754227992,1.1700956
22.05813180155485,87.64413069512112,1.1927618
22.05813180155485,87.65311384796232,1.1090782
22.05813180155485,87.66209700080351,0.72784954
22.05813180155485,87.67108015364471,0.48705846
22.05813180155485,87.6800633064859,0.60086256
22.05813180155485,87.68904645932709,0.75934666
22.05813180155485,87.69802961216828,1.4346875
22.05813180155485,87.70701276500948,0.9976904
22.05813180155485,87.71599591785068,0.5323438
22.05813180155485,87.72497907069187,0.75972736
22.05813180155485,87.73396222353307,0.9008993
22.05813180155485,87.74294537637427,0.73139966
22.05813180155485,87.75192852921546,0.9520504
22.05813180155485,87.76091168205666,1.5975156
22.05813180155485,87.76989483489785,1.0766562
22.05813180155485,87.77887798773905,0.5373234
22.05813180155485,87.78786114058025,0.79238254
22.05813180155485,87.79684429342144,1.0025469
22.05813180155485,87.80582744626263,0.7423174
22.05813180155485,87.81481059910382,0.7503926
22.05813180155485,87.82379375194502,0.8166875
22.05813180155485,87.83277690478621,0.48745382
22.05813180155485,87.84176005762741,0.8344781
22.05813180155485,87.85074321046861,0.61744523
22.05813180155485,87.8597263633098,0.3842611
22.05813180155485,87.868709516151,0.5372598
22.05813180155485,87.8776926689922,0.47180948
22.05813180155485,87.88667582183339,0.24706337
22.05813180155485,87.95854104456295,0.5572706
22.05813180155485,87.96752419740415,0.47218975
22.05813180155485,87.97650735024534,0.33495212
22.05813180155485,88.00345680876893,0.21033333
22.05813180155485,88.01243996161013,1.5291408
22.05813180155485,88.03040626729252,1.4001402
22.05813180155485,88.07532203149849,0.7487906
22.05813180155485,88.08430518433968,0.269
22.05813180155485,88.09328833718088,0.234
22.05813180155485,88.10227149002208,0.7907161
22.05813180155485,88.11125464286327,1.9114
22.05813180155485,88.12023779570447,0.366
22.05813180155485,88.12922094854567,1.2530572
22.05813180155485,88.13820410138686,1.5798069
22.05813180155485,88.21905247695761,1.8988987
22.05813180155485,88.22803562979881,1.4011406
22.05813180155485,88.23701878264,1.5551875
22.05813180155485,88.2460019354812,0.9431112
22.05813180155485,88.2549850883224,1.5963906
22.05813180155485,88.26396824116358,0.9645107
22.05813180155485,88.27295139400478,0.7656743
22.05813180155485,88.28193454684597,0.7598994
22.05813180155485,88.29091769968717,1.0720313
22.05813180155485,88.29990085252837,1.2024688
22.067114954396047,87.50938340250319,0.25893465
22.067114954396047,87.51836655534439,2.0738592
22.067114954396047,87.52734970818558,1.5398484
22.067114954396047,87.53633286102678,0.9051352
22.067114954396047,87.54531601386797,0.138
22.067114954396047,87.55429916670917,0.33760422
22.067114954396047,87.56328231955037,0.5834313
22.067114954396047,87.57226547239156,0.8539757
22.067114954396047,87.58124862523275,1.153578
22.067114954396047,87.59023177807394,1.2784843
22.067114954396047,87.59921493091514,1.166875
22.067114954396047,87.60819808375633,1.389316
22.067114954396047,87.61718123659753,1.0222031
22.067114954396047,87.62616438943873,1.7070781
22.067114954396047,87.63514754227992,1.7786562
22.067114954396047,87.64413069512112,1.0125937
22.067114954396047,87.65311384796232,0.44501874
22.067114954396047,87.66209700080351,0.5270421
22.067114954396047,87.67108015364471,0.53956634
22.067114954396047,87.6800633064859,0.94498444
22.067114954396047,87.68904645932709,1.1489062
22.067114954396047,87.69802961216828,1.2809062
22.067114954396047,87.70701276500948,0.64135826
22.067114954396047,87.71599591785068,0.72570455
22.067114954396047,87.72497907069187,0.64689755
22.067114954396047,87.73396222353307,0.7210461
22.067114954396047,87.74294537637427,0.71244204
22.067114954396047,87.75192852921546,1.4295781
22.067114954396047,87.76091168205666,1.8015
22.067114954396047,87.76989483489785,1.3280625
22.067114954396047,87.77887798773905,0.7997001
22.067114954396047,87.78786114058025,0.6976711
22.067114954396047,87.79684429342144,1.0119531
22.067114954396047,87.80582744626263,1.420875
22.067114954396047,87.81481059910382,0.9982496
22.067114954396047,87.82379375194502,0.84174323
22.067114954396047,87.83277690478621,1.0042233
22.067114954396047,87.84176005762741,1.225
22.067114954396047,87.85074321046861,0.94242245
22.067114954396047,87.8597263633098,0.9618438
22.067114954396047,87.868709516151,0.90575
22.067114954396047,87.8776926689922,0.6846086
22.067114954396047,87.88667582183339,0.154
22.067114954396047,87.94955789172175,1.0
22.067114954396047,87.95854104456295,0.254024
22.067114954396047,87.96752419740415,0.6146965
22.067114954396047,87.97650735024534,0.71688294
22.067114954396047,87.98549050308654,1.0570769
22.067114954396047,87.99447365592773,0.8130673
22.067114954396047,88.00345680876893,0.7100315
22.067114954396047,88.01243996161013,1.5230868
22.067114954396047,88.02142311445132,2.942
22.067114954396047,88.03040626729252,1.5253454
22.067114954396047,88.08430518433968,0.2993431
22.067114954396047,88.09328833718088,0.5679211
22.067114954396047,88.10227149002208,0.9694754
22.067114954396047,88.11125464286327,0.8832387
22.067114954396047,88.12023779570447,0.9253035
22.067114954396047,88.12922094854567,1.2448239
22.067114954396047,88.14718725422806,1.1200879
22.067114954396047,88.15617040706924,1.8684254
22.067114954396047,88.21905247695761,2.6563547
22.067114954396047,88.22803562979881,1.8115938
22.067114954396047,88.23701878264,0.880472
22.067114954396047,88.2460019354812,0.67122155
22.067114954396047,88.2549850883224,0.7877655
22.067114954396047,88.26396824116358,0.9339318
22.067114954396047,88.27295139400478,0.985
22.067114954396047,88.28193454684597,0.6070894
22.067114954396047,88.29091769968717,0.54264283
22.067114954396047,88.29990085252837,0.9638437
22.076098107237243,87.500400249662,1.1025119
22.076098107237243,87.50938340250319,1.306568
22.076098107237243,87.51836655534439,2.0434375
22.076098107237243,87.52734970818558,1.9311563
22.076098107237243,87.53633286102678,1.368478
22.076098107237243,87.54531601386797,0.57052404
22.076098107237243,87.55429916670917,0.6946395
22.076098107237243,87.56328231955037,1.266794
22.076098107237243,87.57226547239156,0.76772404
22.076098107237243,87.58124862523275,1.1067188
22.076098107237243,87.59023177807394,1.3164375
22.076098107237243,87.59921493091514,1.3295312
22.076098107237243,87.60819808375633,1.6635625
22.076098107237243,87.61718123659753,1.1748126
22.076098107237243,87.62616438943873,1.5295312
22.076098107237243,87.63514754227992,1.5431702
22.076098107237243,87.64413069512112,0.7719485
22.076098107237243,87.65311384796232,0.4129019
22.076098107237243,87.6800633064859,0.87438464
22.076098107237243,87.68904645932709,0.658298
22.076098107237243,87.69802961216828,0.88615644
22.076098107237243,87.70701276500948,0.52226925
22.076098107237243,87.71599591785068,0.32816756
22.076098107237243,87.72497907069187,0.5911497
22.076098107237243,87.73396222353307,0.87178355
22.076098107237243,87.74294537637427,1.2114843
22.076098107237243,87.75192852921546,1.7070782
22.076098107237243,87.76091168205666,1.3103437
22.076098107237243,87.76989483489785,0.75633407
22.076098107237243,87.77887798773905,0.39118436
22.076098107237243,87.78786114058025,0.8380625
22.076098107237243,87.79684429342144,0.66675
22.076098107237243,87.80582744626263,1.4489374
22.076098107237243,87.81481059910382,0.9864844
22.076098107237243,87.82379375194502,0.61774534
22.076098107237243,87.83277690478621,1.196875
22.076098107237243,87.84176005762741,1.4640625
22.076098107237243,87.85074321046861,1.1824374
22.076098107237243,87.8597263633098,1.0854375
22.076098107237243,87.868709516151,0.7399018
22.076098107237243,87.8776926689922,0.45491
22.076098107237243,87.88667582183339,0.137
22.076098107237243,87.94955789172175,1.0
22.076098107237243,87.96752419740415,0.63827986
22.076098107237243,87.97650735024534,0.8237735
22.076098107237243,87.98549050308654,0.86066264
22.076098107237243,87.99447365592773,0.72395957
22.076098107237243,88.00345680876893,1.1081078
22.076098107237243,88.01243996161013,1.508
22.076098107237243,88.02142311445132,2.1626408
22.076098107237243,88.03040626729252,1.291804
22.076098107237243,88.07532203149849,0.5559618
22.076098107237243,88.08430518433968,0.6773029
22.076098107237243,88.09328833718088,0.557383
22.076098107237243,88.10227149002208,0.52427566
22.076098107237243,88.11125464286327,1.0034893
22.076098107237243,88.12023779570447,1.7603213
22.076098107237243,88.12922094854567,1.9308751
22.076098107237243,88.14718725422806,0.42652303
22.076098107237243,88.15617040706924,0.8580527
22.076098107237243,88.16515355991044,1.6848468
22.076098107237243,88.21905247695761,3.0932631
22.076098107237243,88.22803562979881,1.2979869
22.076098107237243,88.23701878264,0.93588495
22.076098107237243,88.2460019354812,1.1086893
22.076098107237243,88.2549850883224,1.1164775
22.076098107237243,88.26396824116358,1.1560156
22.076098107237243,88.27295139400478,1.0062484
22.076098107237243,88.28193454684597,1.1622657
22.076098107237243,88.29091769968717,1.1669062
22.076098107237243,88.29990085252837,1.3679844
22.085081260078436,87.500400249662,2.2492814
22.085081260078436,87.50938340250319,1.6330945
22.085081260078436,87.51836655534439,2.3951406
22.085081260078436,87.52734970818558,2.2873282
22.085081260078436,87.53633286102678,1.5034375
22.085081260078436,87.54531601386797,1.105984
22.085081260078436,87.55429916670917,0.81109244
22.085081260078436,87.56328231955037,1.4143708
22.085081260078436,87.57226547239156,1.463875
22.085081260078436,87.58124862523275,1.3685312
22.085081260078436,87.59023177807394,0.9116571
22.085081260078436,87.59921493091514,1.4875371
22.085081260078436,87.60819808375633,1.7471094
22.085081260078436,87.61718123659753,1.2303835
22.085081260078436,87.62616438943873,1.7302315
22.085081260078436,87.63514754227992,1.1272169
22.085081260078436,87.64413069512112,0.45436898
22.085081260078436,87.65311384796232,0.62786055
22.085081260078436,87.66209700080351,0.67501295
22.085081260078436,87.67108015364471,0.76177466
22.085081260078436,87.6800633064859,0.2786525
22.085081260078436,87.68904645932709,0.503271
22.085081260078436,87.69802961216828,0.30033332
22.085081260078436,87.70701276500948,1.0491012
22.085081260078436,87.71599591785068,0.8436341
22.085081260078436,87.72497907069187,0.7957853
22.085081260078436,87.73396222353307,0.64229274
22.085081260078436,87.74294537637427,0.7873749
22.085081260078436,87.75192852921546,1.0979843
22.085081260078436,87.76091168205666,1.1712968
22.085081260078436,87.76989483489785,1.0656403
22.085081260078436,87.77887798773905,0.66067654
22.085081260078436,87.78786114058025,1.232125
22.085081260078436,87.79684429342144,0.800625
22.085081260078436,87.80582744626263,1.0653594
22.085081260078436,87.81481059910382,1.1290156
22.085081260078436,87.82379375194502,1.2538594
22.085081260078436,87.83277690478621,0.95225
22.085081260078436,87.84176005762741,1.0518372
22.085081260078436,87.85074321046861,0.93862474
22.085081260078436,87.8597263633098,0.61817014
22.085081260078436,87.868709516151,0.7838317
22.085081260078436,87.8776926689922,0.8083922
22.085081260078436,87.88667582183339,0.49939772
22.085081260078436,87.91362528035698,0.18
22.085081260078436,87.96752419740415,1.0
22.085081260078436,87.97650735024534,0.233
22.085081260078436,87.98549050308654,0.7550723
22.085081260078436,87.99447365592773,1.3644029
22.085081260078436,88.00345680876893,1.2053334
22.085081260078436,88.01243996161013,1.3673471
22.085081260078436,88.02142311445132,0.97916543
22.085081260078436,88.0573557258161,1.0
22.085081260078436,88.07532203149849,0.49935773
22.085081260078436,88.08430518433968,0.5579098
22.085081260078436,88.09328833718088,1.253291
22.085081260078436,88.10227149002208,1.0327996
22.085081260078436,88.11125464286327,1.2068866
22.085081260078436,88.12023779570447,1.2215203
22.085081260078436,88.12922094854567,1.6586535
22.085081260078436,88.13820410138686,0.4809501
22.085081260078436,88.14718725422806,0.22075
22.085081260078436,88.15617040706924,0.53199005
22.085081260078436,88.16515355991044,1.2279146
22.085081260078436,88.17413671275163,1.7881823
22.085081260078436,88.22803562979881,2.0066981
22.085081260078436,88.23701878264,1.1354578
22.085081260078436,88.2460019354812,0.8415859
22.085081260078436,88.2549850883224,0.9526719
22.085081260078436,88.26396824116358,1.094375
22.085081260078436,88.27295139400478,1.4708438
22.085081260078436,88.28193454684597,1.2974532
22.085081260078436,88.29091769968717,0.9702788
22.085081260078436,88.29990085252837,1.3044512
22.094064412919632,87.500400249662,0.8968749
22.094064412919632,87.50938340250319,1.395375
22.094064412919632,87.51836655534439,0.3720063
22.094064412919632,87.52734970818558,0.4585
22.094064412919632,87.53633286102678,0.9340394
22.094064412919632,87.54531601386797,1.4925625
22.094064412919632,87.55429916670917,1.5313907
22.094064412919632,87.56328231955037,1.3423594
22.094064412919632,87.57226547239156,1.420172
22.094064412919632,87.58124862523275,1.3826876
22.094064412919632,87.59023177807394,1.4808438
22.094064412919632,87.59921493091514,2.33425
22.094064412919632,87.60819808375633,2.6012657
22.094064412919632,87.61718123659753,2.6379218
22.094064412919632,87.62616438943873,1.1032969
22.094064412919632,87.63514754227992,0.6238845
22.094064412919632,87.64413069512112,0.8651028
22.094064412919632,87.65311384796232,1.7506875
22.094064412919632,87.66209700080351,1.5006876
22.094064412919632,87.67108015364471,1.5006875
22.094064412919632,87.6800633064859,1.6819375
22.094064412919632,87.68904645932709,1.536625
22.094064412919632,87.69802961216828,1.1817969
22.094064412919632,87.70701276500948,2.409625
22.094064412919632,87.71599591785068,1.9690001
22.094064412919632,87.72497907069187,1.1212032
22.094064412919632,87.73396222353307,1.335625
22.094064412919632,87.74294537637427,0.68184775
22.094064412919632,87.75192852921546,0.48334166
22.094064412919632,87.76091168205666,0.904206
22.094064412919632,87.76989483489785,0.6171813
22.094064412919632,87.77887798773905,1.1856167
22.094064412919632,87.78786114058025,1.1632947
22.094064412919632,87.79684429342144,1.8678126
22.094064412919632,87.80582744626263,1.1844531
22.094064412919632,87.81481059910382,0.79059047
22.094064412919632,87.82379375194502,1.020381
22.094064412919632,87.83277690478621,0.7265726
22.094064412919632,87.84176005762741,0.4856151
22.094064412919632,87.85074321046861,0.64936256
22.094064412919632,87.8597263633098,0.914175
22.094064412919632,87.868709516151,0.9029219
22.094064412919632,87.8776926689922,0.5642508
22.094064412919632,87.88667582183339,0.44406638
22.094064412919632,87.89565897467459,0.7678199
22.094064412919632,87.90464212751579,0.5188699
22.094064412919632,87.91362528035698,0.7674349
22.094064412919632,87.92260843319816,0.8382532
22.094064412919632,87.95854104456295,1.2596275
22.094064412919632,87.96752419740415,1.0383924
22.094064412919632,87.97650735024534,1.399373
22.094064412919632,87.98549050308654,2.036
22.094064412919632,87.99447365592773,1.3237906
22.094064412919632,88.00345680876893,0.8207824
22.094064412919632,88.01243996161013,0.93347794
22.094064412919632,88.02142311445132,0.3459647
22.094064412919632,88.03040626729252,0.27666667
22.094064412919632,88.0483725729749,0.2585264
22.094064412919632,88.0573557258161,0.15811625
22.094064412919632,88.06633887865729,0.3085956
22.094064412919632,88.07532203149849,0.314412
22.094064412919632,88.08430518433968,0.172
22.094064412919632,88.09328833718088,0.9288213
22.094064412919632,88.10227149002208,1.0739338
22.094064412919632,88.11125464286327,1.1506283
22.094064412919632,88.12023779570447,1.3082633
22.094064412919632,88.12922094854567,1.5433472
22.094064412919632,88.13820410138686,0.9666469
22.094064412919632,88.14718725422806,1.0880178
22.094064412919632,88.15617040706924,1.1885698
22.094064412919632,88.16515355991044,0.77202487
22.094064412919632,88.17413671275163,1.0149571
22.094064412919632,88.18311986559283,1.4524994
22.094064412919632,88.21905247695761,2.9371119
22.094064412919632,88.22803562979881,1.5915096
22.094064412919632,88.23701878264,1.5347812
22.094064412919632,88.2460019354812,0.7495427
22.094064412919632,88.2549850883224,0.8224991
22.094064412919632,88.26396824116358,1.105
22.094064412919632,88.27295139400478,0.6916289
22.094064412919632,88.28193454684597,0.8063063
22.094064412919632,88.29091769968717,0.8252666
22.094064412919632,88.29990085252837,0.65952504
22.10304756576083,87.50938340250319,0.51104444
22.10304756576083,87.51836655534439,0.5641
22.10304756576083,87.52734970818558,0.663081
22.10304756576083,87.53633286102678,1.0239321
22.10304756576083,87.54531601386797,1.2591138
22.10304756576083,87.55429916670917,1.2915468
22.10304756576083,87.56328231955037,1.4380624
22.10304756576083,87.57226547239156,1.0736562
22.10304756576083,87.58124862523275,1.0302193
22.10304756576083,87.59023177807394,1.2664063
22.10304756576083,87.59921493091514,1.7705313
22.10304756576083,87.60819808375633,2.2813907
22.10304756576083,87.61718123659753,2.5112188
22.10304756576083,87.62616438943873,0.9493236
22.10304756576083,87.63514754227992,0.89832085
22.10304756576083,87.64413069512112,0.94917846
22.10304756576083,87.65311384796232,0.69943595
22.10304756576083,87.66209700080351,0.49696565
22.10304756576083,87.67108015364471,0.9359416
22.10304756576083,87.6800633064859,1.880375
22.10304756576083,87.68904645932709,1.3069375
22.10304756576083,87.69802961216828,1.2602968
22.10304756576083,87.70701276500948,1.8659375
22.10304756576083,87.71599591785068,2.1065001
22.10304756576083,87.72497907069187,1.666125
22.10304756576083,87.73396222353307,1.2920938
22.10304756576083,87.74294537637427,0.64602786
22.10304756576083,87.75192852921546,0.97237974
22.10304756576083,87.76091168205666,0.66143745
22.10304756576083,87.76989483489785,0.39100677
22.10304756576083,87.77887798773905,0.9578906
22.10304756576083,87.78786114058025,1.1992918
22.10304756576083,87.79684429342144,1.4909577
22.10304756576083,87.80582744626263,1.3704674
22.10304756576083,87.81481059910382,1.6693438
22.10304756576083,87.82379375194502,1.0388423
22.10304756576083,87.83277690478621,1.1218126
22.10304756576083,87.84176005762741,1.357432
22.10304756576083,87.85074321046861,1.2642187
22.10304756576083,87.8597263633098,1.0449532
22.10304756576083,87.868709516151,1.3229835
22.10304756576083,87.8776926689922,0.7783159
22.10304756576083,87.88667582183339,0.7183469
22.10304756576083,87.89565897467459,0.7714431
22.10304756576083,87.90464212751579,1.0935175
22.10304756576083,87.91362528035698,1.4907501
22.10304756576083,87.92260843319816,1.2307813
22.10304756576083,87.93159158603936,0.8425571
22.10304756576083,87.94057473888056,1.0399859
22.10304756576083,87.94955789172175,1.0295764
22.10304756576083,87.95854104456295,1.3986325
22.10304756576083,87.96752419740415,1.9774355
22.10304756576083,87.97650735024534,3.6734
22.10304756576083,87.98549050308654,2.6800475
22.10304756576083,87.99447365592773,2.3236976
22.10304756576083,88.00345680876893,0.7335721
22.10304756576083,88.01243996161013,1.1062922
22.10304756576083,88.02142311445132,1.0096564
22.10304756576083,88.03040626729252,0.8323665
22.10304756576083,88.0393894201337,0.2789091
22.10304756576083,88.0483725729749,0.45118025
22.10304756576083,88.0573557258161,0.47380742
22.10304756576083,88.06633887865729,0.5641123
22.10304756576083,88.07532203149849,0.38723215
22.10304756576083,88.09328833718088,0.7474313
22.10304756576083,88.10227149002208,1.49125
22.10304756576083,88.11125464286327,0.81767786
22.10304756576083,88.12023779570447,1.3171446
22.10304756576083,88.12922094854567,1.0583906
22.10304756576083,88.13820410138686,1.1710325
22.10304756576083,88.14718725422806,1.1927656
22.10304756576083,88.15617040706924,1.3339903
22.10304756576083,88.16515355991044,0.4848824
22.10304756576083,88.17413671275163,1.1973964
22.10304756576083,88.18311986559283,1.2111195
22.10304756576083,88.21905247695761,2.234988
22.10304756576083,88.22803562979881,1.1797537
22.10304756576083,88.23701878264,0.86572975
22.10304756576083,88.2460019354812,0.59245044
22.10304756576083,88.2549850883224,0.824097
22.10304756576083,88.26396824116358,1.0047088
22.10304756576083,88.27295139400478,0.8858702
22.10304756576083,88.28193454684597,1.2823039
22.10304756576083,88.29091769968717,1.0692344
22.10304756576083,88.29990085252837,0.4925684
22.11203071860202,87.51836655534439,0.22876202
22.11203071860202,87.52734970818558,0.6624122
22.11203071860202,87.53633286102678,0.7230099
22.11203071860202,87.54531601386797,0.6659055
22.11203071860202,87.55429916670917,0.6855937
22.11203071860202,87.56328231955037,1.2219063
22.11203071860202,87.57226547239156,0.41820747
22.11203071860202,87.58124862523275,0.4507882
22.11203071860202,87.59023177807394,0.9485312
22.11203071860202,87.59921493091514,2.1076562
22.11203071860202,87.60819808375633,2.4285
22.11203071860202,87.61718123659753,1.6425625
22.11203071860202,87.62616438943873,0.46098638
22.11203071860202,87.63514754227992,0.54239243
22.11203071860202,87.64413069512112,1.0125362
22.11203071860202,87.65311384796232,0.7960684
22.11203071860202,87.66209700080351,0.6914856
22.11203071860202,87.67108015364471,0.7409455
22.11203071860202,87.6800633064859,1.9369695
22.11203071860202,87.68904645932709,2.0085
22.11203071860202,87.69802961216828,1.7403125
22.11203071860202,87.70701276500948,2.2090623
22.11203071860202,87.71599591785068,2.2413437
22.11203071860202,87.72497907069187,1.6055781
22.11203071860202,87.73396222353307,2.0734687
22.11203071860202,87.74294537637427,1.4979275
22.11203071860202,87.75192852921546,1.6734375
22.11203071860202,87.76091168205666,2.0937657
22.11203071860202,87.76989483489785,1.4607656
22.11203071860202,87.77887798773905,1.1213751
22.11203071860202,87.78786114058025,0.6309387
22.11203071860202,87.79684429342144,0.6904795
22.11203071860202,87.80582744626263,1.421445
22.11203071860202,87.81481059910382,1.4728438
22.11203071860202,87.82379375194502,1.7684844
22.11203071860202,87.83277690478621,1.4094062
22.11203071860202,87.84176005762741,1.6699219
22.11203071860202,87.85074321046861,1.1251875
22.11203071860202,87.8597263633098,0.9358079
22.11203071860202,87.868709516151,0.89791226
22.11203071860202,87.8776926689922,0.5947298
22.11203071860202,87.88667582183339,0.762607
22.11203071860202,87.89565897467459,1.0368339
22.11203071860202,87.90464212751579,1.0739242
22.11203071860202,87.91362528035698,1.2407187
22.11203071860202,87.92260843319816,1.1691719
22.11203071860202,87.93159158603936,0.4251375
22.11203071860202,87.94057473888056,0.8882903
22.11203071860202,87.94955789172175,1.5296301
22.11203071860202,87.95854104456295,0.93299997
22.11203071860202,87.96752419740415,1.0284724
22.11203071860202,87.97650735024534,1.2235752
22.11203071860202,87.98549050308654,1.0892018
22.11203071860202,87.99447365592773,0.9339494
22.11203071860202,88.00345680876893,0.92734677
22.11203071860202,88.01243996161013,1.0273585
22.11203071860202,88.02142311445132,0.4431076
22.11203071860202,88.03040626729252,0.77021515
22.11203071860202,88.0393894201337,0.28181562
22.11203071860202,88.0483725729749,0.38035095
22.11203071860202,88.0573557258161,0.3422135
22.11203071860202,88.06633887865729,0.47790644
22.11203071860202,88.07532203149849,0.305
22.11203071860202,88.09328833718088,0.9254369
22.11203071860202,88.10227149002208,1.588125
22.11203071860202,88.11125464286327,0.6791094
22.11203071860202,88.12023779570447,0.7225785
22.11203071860202,88.12922094854567,0.74272406
22.11203071860202,88.13820410138686,0.9183594
22.11203071860202,88.14718725422806,0.75637305
22.11203071860202,88.15617040706924,0.999097
22.11203071860202,88.16515355991044,1.3332245
22.11203071860202,88.17413671275163,1.4535658
22.11203071860202,88.18311986559283,1.44875
22.11203071860202,88.21905247695761,1.8030581
22.11203071860202,88.22803562979881,0.9655722
22.11203071860202,88.23701878264,0.6410643
22.11203071860202,88.2460019354812,1.0555936
22.11203071860202,88.2549850883224,1.2569344
22.11203071860202,88.26396824116358,1.361
22.11203071860202,88.27295139400478,1.1252344
22.11203071860202,88.28193454684597,0.8499424
22.11203071860202,88.29091769968717,1.1853281
22.11203071860202,88.29990085252837,0.58362323
22.121013871443218,87.55429916670917,0.399
22.121013871443218,87.56328231955037,0.54887044
22.121013871443218,87.57226547239156,0.25998136
22.121013871443218,87.58124862523275,0.36
22.121013871443218,87.59023177807394,0.77823
22.121013871443218,87.59921493091514,0.71385294
22.121013871443218,87.60819808375633,0.6381276
22.121013871443218,87.61718123659753,0.7600665
22.121013871443218,87.62616438943873,0.61715204
22.121013871443218,87.63514754227992,0.4947701
22.121013871443218,87.64413069512112,0.75816303
22.121013871443218,87.65311384796232,1.0941406
22.121013871443218,87.66209700080351,1.0631719
22.121013871443218,87.67108015364471,0.6190625
22.121013871443218,87.6800633064859,0.8357069
22.121013871443218,87.68904645932709,0.80234206
22.121013871443218,87.69802961216828,1.7537501
22.121013871443218,87.70701276500948,2.4020157
22.121013871443218,87.71599591785068,2.3516874
22.121013871443218,87.72497907069187,2.5346875
22.121013871443218,87.73396222353307,2.5752814
22.121013871443218,87.74294537637427,2.363844
22.121013871443218,87.75192852921546,1.96
22.121013871443218,87.76091168205666,2.1569064
22.121013871443218,87.76989483489785,2.431125
22.121013871443218,87.77887798773905,1.4778906
22.121013871443218,87.78786114058025,1.3221562
22.121013871443218,87.79684429342144,1.1364069
22.121013871443218,87.80582744626263,1.3068304
22.121013871443218,87.81481059910382,0.327
22.121013871443218,87.82379375194502,0.82163364
22.121013871443218,87.83277690478621,0.9424873
22.121013871443218,87.84176005762741,1.5720625
22.121013871443218,87.85074321046861,1.4705
22.121013871443218,87.8597263633098,1.4166068
22.121013871443218,87.868709516151,0.77391815
22.121013871443218,87.8776926689922,0.99944776
22.121013871443218,87.88667582183339,0.9131327
22.121013871443218,87.89565897467459,0.9397819
22.121013871443218,87.90464212751579,0.6908978
22.121013871443218,87.91362528035698,1.2262377
22.121013871443218,87.92260843319816,1.2615627
22.121013871443218,87.93159158603936,1.137727
22.121013871443218,87.94057473888056,1.2298684
22.121013871443218,87.94955789172175,1.2558964
22.121013871443218,87.96752419740415,0.18
22.121013871443218,87.97650735024534,1.0087572
22.121013871443218,87.98549050308654,1.2222812
22.121013871443218,87.99447365592773,1.2584091
22.121013871443218,88.00345680876893,1.002242
22.121013871443218,88.01243996161013,0.9693878
22.121013871443218,88.02142311445132,1.234375
22.121013871443218,88.03040626729252,1.0415756
22.121013871443218,88.0393894201337,0.48519388
22.121013871443218,88.0483725729749,0.8922969
22.121013871443218,88.0573557258161,0.97862184
22.121013871443218,88.06633887865729,0.8319239
22.121013871443218,88.07532203149849,0.48700002
22.121013871443218,88.08430518433968,0.87766194
22.121013871443218,88.09328833718088,1.413125
22.121013871443218,88.10227149002208,1.2242417
22.121013871443218,88.11125464286327,0.87020385
22.121013871443218,88.12023779570447,0.9621323
22.121013871443218,88.12922094854567,1.3757031
22.121013871443218,88.13820410138686,0.6508571
22.121013871443218,88.14718725422806,0.9261528
22.121013871443218,88.15617040706924,0.676937
22.121013871443218,88.16515355991044,1.0516336
22.121013871443218,88.17413671275163,1.326328
22.121013871443218,88.18311986559283,1.5995588
22.121013871443218,88.21905247695761,1.5211138
22.121013871443218,88.22803562979881,1.2020313
22.121013871443218,88.23701878264,1.449352
22.121013871443218,88.2460019354812,0.49644676
22.121013871443218,88.2549850883224,0.8314623
22.121013871443218,88.26396824116358,0.5625863
22.121013871443218,88.27295139400478,0.34085062
22.121013871443218,88.28193454684597,0.3590297
22.121013871443218,88.29091769968717,0.62353706
22.121013871443218,88.29990085252837,0.31134745
22.129997024284414,87.56328231955037,0.47042856
22.129997024284414,87.57226547239156,1.1264826
22.129997024284414,87.58124862523275,1.1955621
22.129997024284414,87.59023177807394,1.4679806
22.129997024284414,87.59921493091514,0.58259195
22.129997024284414,87.60819808375633,0.7101875
22.129997024284414,87.61718123659753,0.6277969
22.129997024284414,87.62616438943873,0.4684851
22.129997024284414,87.63514754227992,0.36769602
22.129997024284414,87.64413069512112,0.8625625
22.129997024284414,87.65311384796232,1.1222968
22.129997024284414,87.66209700080351,1.2899688
22.129997024284414,87.67108015364471,1.1575625
22.129997024284414,87.6800633064859,0.72144306
22.129997024284414,87.68904645932709,1.2701654
22.129997024284414,87.69802961216828,0.6235175
22.129997024284414,87.70701276500948,1.9498906
22.129997024284414,87.71599591785068,2.120203
22.129997024284414,87.72497907069187,2.5120468
22.129997024284414,87.73396222353307,2.2727032
22.129997024284414,87.74294537637427,1.4933751
22.129997024284414,87.75192852921546,2.0386875
22.129997024284414,87.76091168205666,2.065453
22.129997024284414,87.76989483489785,1.931047
22.129997024284414,87.77887798773905,1.7915938
22.129997024284414,87.78786114058025,1.5666876
22.129997024284414,87.79684429342144,1.6435156
22.129997024284414,87.80582744626263,0.6989287
22.129997024284414,87.81481059910382,0.66757333
22.129997024284414,87.82379375194502,0.8095842
22.129997024284414,87.83277690478621,0.90835035
22.129997024284414,87.84176005762741,1.2305
22.129997024284414,87.85074321046861,1.0311371
22.129997024284414,87.8597263633098,0.6980708
22.129997024284414,87.868709516151,0.89369845
22.129997024284414,87.8776926689922,1.0205947
22.129997024284414,87.88667582183339,0.87405616
22.129997024284414,87.89565897467459,0.75305897
22.129997024284414,87.90464212751579,1.2300489
22.129997024284414,87.91362528035698,1.452134
22.129997024284414,87.92260843319816,1.6466224
22.129997024284414,87.93159158603936,1.321877
22.129997024284414,87.94057473888056,1.4473126
22.129997024284414,87.94955789172175,1.2262813
22.129997024284414,87.95854104456295,0.107
22.129997024284414,87.96752419740415,0.7483408
22.129997024284414,87.97650735024534,0.81097585
22.129997024284414,87.98549050308654,1.4885
22.129997024284414,87.99447365592773,1.2754843
22.129997024284414,88.00345680876893,0.6607575
22.129997024284414,88.01243996161013,0.53410965
22.129997024284414,88.02142311445132,0.8982561
22.129997024284414,88.03040626729252,0.6905159
22.129997024284414,88.0393894201337,0.5273617
22.129997024284414,88.0483725729749,0.7291158
22.129997024284414,88.0573557258161,1.1422579
22.129997024284414,88.06633887865729,1.0681723
22.129997024284414,88.07532203149849,0.70017576
22.129997024284414,88.08430518433968,0.2680703
22.129997024284414,88.09328833718088,1.1024098
22.129997024284414,88.10227149002208,0.9582732
22.129997024284414,88.11125464286327,1.1775341
22.129997024284414,88.12023779570447,1.407
22.129997024284414,88.12922094854567,1.6335626
22.129997024284414,88.13820410138686,1.046839
22.129997024284414,88.14718725422806,0.9115
22.129997024284414,88.15617040706924,1.4901406
22.129997024284414,88.16515355991044,1.2724997
22.129997024284414,88.17413671275163,2.329568
22.129997024284414,88.18311986559283,1.9215754
22.129997024284414,88.21905247695761,1.3754572
22.129997024284414,88.22803562979881,1.2621727
22.129997024284414,88.23701878264,0.7900612
22.129997024284414,88.2460019354812,0.74906456
22.129997024284414,88.2549850883224,0.9422845
22.129997024284414,88.26396824116358,0.59043014
22.129997024284414,88.27295139400478,0.424415
22.129997024284414,88.28193454684597,0.5227385
22.129997024284414,88.29091769968717,0.5196139
22.129997024284414,88.29990085252837,0.42745182
22.138980177125607,87.56328231955037,0.36
22.138980177125607,87.57226547239156,0.36826366
22.138980177125607,87.58124862523275,0.66173065
22.138980177125607,87.59023177807394,1.2700726
22.138980177125607,87.59921493091514,1.0177494
22.138980177125607,87.62616438943873,0.6589925
22.138980177125607,87.63514754227992,0.7006022
22.138980177125607,87.64413069512112,1.1136875
22.138980177125607,87.65311384796232,0.6897747
22.138980177125607,87.66209700080351,0.7661482
22.138980177125607,87.67108015364471,0.7703324
22.138980177125607,87.6800633064859,0.6969613
22.138980177125607,87.68904645932709,0.8820628
22.138980177125607,87.69802961216828,0.6657948
22.138980177125607,87.70701276500948,1.5555313
22.138980177125607,87.71599591785068,2.1077657
22.138980177125607,87.72497907069187,1.73475
22.138980177125607,87.73396222353307,1.9251719
22.138980177125607,87.74294537637427,2.115328
22.138980177125607,87.75192852921546,1.9469062
22.138980177125607,87.76091168205666,1.84675
22.138980177125607,87.76989483489785,1.8604062
22.138980177125607,87.77887798773905,2.22775
22.138980177125607,87.78786114058025,1.731625
22.138980177125607,87.79684429342144,1.7097813
22.138980177125607,87.80582744626263,1.5178907
22.138980177125607,87.81481059910382,1.0400435
22.138980177125607,87.82379375194502,1.3835465
22.138980177125607,87.83277690478621,0.9835719
22.138980177125607,87.84176005762741,1.5310781
22.138980177125607,87.85074321046861,1.3044825
22.138980177125607,87.8597263633098,0.51551694
22.138980177125607,87.868709516151,1.2541155
22.138980177125607,87.8776926689922,1.1283196
22.138980177125607,87.88667582183339,1.2457598
22.138980177125607,87.89565897467459,0.91018146
22.138980177125607,87.90464212751579,1.0755162
22.138980177125607,87.91362528035698,1.2883685
22.138980177125607,87.92260843319816,1.238346
22.138980177125607,87.93159158603936,1.7953906
22.138980177125607,87.94057473888056,0.818
22.138980177125607,87.94955789172175,0.6436856
22.138980177125607,87.95854104456295,0.79029876
22.138980177125607,87.96752419740415,0.8712812
22.138980177125607,87.97650735024534,0.9224351
22.138980177125607,87.98549050308654,0.6111756
22.138980177125607,87.99447365592773,1.3979404
22.138980177125607,88.00345680876893,1.39275
22.138980177125607,88.01243996161013,0.96971124
22.138980177125607,88.02142311445132,0.4549664
22.138980177125607,88.03040626729252,1.0032532
22.138980177125607,88.0393894201337,0.8399051
22.138980177125607,88.0483725729749,0.97862834
22.138980177125607,88.0573557258161,0.5510338
22.138980177125607,88.06633887865729,0.9488385
22.138980177125607,88.07532203149849,1.1259588
22.138980177125607,88.08430518433968,0.7068772
22.138980177125607,88.09328833718088,0.5962019
22.138980177125607,88.10227149002208,0.73732626
22.138980177125607,88.11125464286327,0.83347684
22.138980177125607,88.12023779570447,1.3747344
22.138980177125607,88.12922094854567,0.99212116
22.138980177125607,88.13820410138686,1.5685498
22.138980177125607,88.14718725422806,1.6982112
22.138980177125607,88.15617040706924,1.0925572
22.138980177125607,88.16515355991044,1.9791532
22.138980177125607,88.21006932411642,4.319
22.138980177125607,88.21905247695761,1.2587752
22.138980177125607,88.22803562979881,1.057933
22.138980177125607,88.23701878264,1.4724119
22.138980177125607,88.2460019354812,0.77383435
22.138980177125607,88.2549850883224,1.2436719
22.138980177125607,88.26396824116358,0.8799375
22.138980177125607,88.27295139400478,0.5677988
22.138980177125607,88.28193454684597,0.70826745
22.138980177125607,88.29091769968717,0.44840178
22.138980177125607,88.29990085252837,0.6113558
22.147963329966803,87.59023177807394,0.90741175
22.147963329966803,87.59921493091514,0.42933533
22.147963329966803,87.62616438943873,0.58405834
22.147963329966803,87.63514754227992,0.558626
22.147963329966803,87.64413069512112,0.637125
22.147963329966803,87.65311384796232,0.37836128
22.147963329966803,87.66209700080351,0.7477173
22.147963329966803,87.67108015364471,1.0184219
22.147963329966803,87.6800633064859,0.66023415
22.147963329966803,87.68904645932709,0.49786612
22.147963329966803,87.69802961216828,0.69556695
22.147963329966803,87.70701276500948,1.3367188
22.147963329966803,87.71599591785068,1.8722343
22.147963329966803,87.72497907069187,2.0121875
22.147963329966803,87.73396222353307,1.1937188
22.147963329966803,87.74294537637427,1.2792344
22.147963329966803,87.75192852921546,1.5482813
22.147963329966803,87.76091168205666,1.2919062
22.147963329966803,87.76989483489785,1.4806563
22.147963329966803,87.77887798773905,2.3104687
22.147963329966803,87.78786114058025,1.6784999
22.147963329966803,87.79684429342144,1.7474843
22.147963329966803,87.80582744626263,1.3209687
22.147963329966803,87.81481059910382,1.0416319
22.147963329966803,87.82379375194502,1.1215625
22.147963329966803,87.83277690478621,1.2064688
22.147963329966803,87.84176005762741,1.3914063
22.147963329966803,87.85074321046861,0.810259
22.147963329966803,87.8597263633098,0.72654164
22.147963329966803,87.868709516151,1.702939
22.147963329966803,87.8776926689922,1.375454
22.147963329966803,87.88667582183339,1.1232593
22.147963329966803,87.89565897467459,0.8918425
22.147963329966803,87.90464212751579,1.6976094
22.147963329966803,87.91362528035698,1.2376195
22.147963329966803,87.92260843319816,1.2050266
22.147963329966803,87.93159158603936,1.1842606
22.147963329966803,87.94057473888056,0.87113494
22.147963329966803,87.94955789172175,0.7370922
22.147963329966803,87.95854104456295,0.6793116
22.147963329966803,87.96752419740415,0.60558474
22.147963329966803,87.97650735024534,0.75715107
22.147963329966803,87.98549050308654,1.0221899
22.147963329966803,87.99447365592773,0.64454615
22.147963329966803,88.00345680876893,1.5720625
22.147963329966803,88.01243996161013,1.1983604
22.147963329966803,88.02142311445132,0.191
22.147963329966803,88.03040626729252,0.70242316
22.147963329966803,88.0393894201337,1.3159531
22.147963329966803,88.0483725729749,1.1219459
22.147963329966803,88.0573557258161,1.2521921
22.147963329966803,88.06633887865729,1.192375
22.147963329966803,88.07532203149849,1.1354467
22.147963329966803,88.08430518433968,0.76078445
22.147963329966803,88.09328833718088,0.76175475
22.147963329966803,88.10227149002208,0.86194205
22.147963329966803,88.11125464286327,0.64363956
22.147963329966803,88.12023779570447,1.2191111
22.147963329966803,88.12922094854567,1.8534844
22.147963329966803,88.13820410138686,1.1904664
22.147963329966803,88.14718725422806,1.755
22.147963329966803,88.15617040706924,1.7803732
22.147963329966803,88.21006932411642,2.9377875
22.147963329966803,88.21905247695761,1.9876719
22.147963329966803,88.22803562979881,1.6599375
22.147963329966803,88.23701878264,1.5595782
22.147963329966803,88.2460019354812,0.98345774
22.147963329966803,88.2549850883224,1.2256655
22.147963329966803,88.26396824116358,0.943049
22.147963329966803,88.27295139400478,0.6485975
22.147963329966803,88.28193454684597,0.6696801
22.147963329966803,88.29091769968717,0.6768486
22.147963329966803,88.29990085252837,0.59568816
22.156946482808,87.59921493091514,1.0
22.156946482808,87.63514754227992,0.259
22.156946482808,87.64413069512112,0.2990522
22.156946482808,87.65311384796232,0.559
22.156946482808,87.66209700080351,0.232
22.156946482808,87.67108015364471,0.81546164
22.156946482808,87.6800633064859,0.93156016
22.156946482808,87.68904645932709,0.8770039
22.156946482808,87.69802961216828,0.55381936
22.156946482808,87.70701276500948,0.9366506
22.156946482808,87.71599591785068,1.6792188
22.156946482808,87.72497907069187,2.1127186
22.156946482808,87.73396222353307,2.3022344
22.156946482808,87.74294537637427,1.624172
22.156946482808,87.75192852921546,1.018243
22.156946482808,87.76091168205666,1.1379844
22.156946482808,87.76989483489785,0.6982845
22.156946482808,87.77887798773905,1.2950952
22.156946482808,87.78786114058025,1.2305619
22.156946482808,87.79684429342144,1.2566563
22.156946482808,87.80582744626263,1.2141249
22.156946482808,87.81481059910382,0.97149867
22.156946482808,87.82379375194502,1.320416
22.156946482808,87.83277690478621,1.1651233
22.156946482808,87.84176005762741,0.9187567
22.156946482808,87.85074321046861,0.5325322
22.156946482808,87.8597263633098,1.5660707
22.156946482808,87.868709516151,1.6841607
22.156946482808,87.8776926689922,0.73117137
22.156946482808,87.88667582183339,1.5082968
22.156946482808,87.89565897467459,0.9526144
22.156946482808,87.90464212751579,1.3614062
22.156946482808,87.91362528035698,1.1838162
22.156946482808,87.92260843319816,1.1131599
22.156946482808,87.93159158603936,1.2886382
22.156946482808,87.94057473888056,1.4671407
22.156946482808,87.94955789172175,1.3779844
22.156946482808,87.95854104456295,0.8056263
22.156946482808,87.96752419740415,0.5257799
22.156946482808,87.97650735024534,2.166
22.156946482808,87.98549050308654,0.98668754
22.156946482808,87.99447365592773,0.6925099
22.156946482808,88.00345680876893,1.173093
22.156946482808,88.01243996161013,1.1064589
22.156946482808,88.02142311445132,0.45909914
22.156946482808,88.03040626729252,1.047049
22.156946482808,88.0393894201337,0.89953816
22.156946482808,88.0483725729749,1.2786875
22.156946482808,88.0573557258161,0.9796094
22.156946482808,88.06633887865729,1.0824751
22.156946482808,88.07532203149849,0.778648
22.156946482808,88.08430518433968,0.74391735
22.156946482808,88.09328833718088,0.75663304
22.156946482808,88.10227149002208,0.86485493
22.156946482808,88.11125464286327,0.86695623
22.156946482808,88.12023779570447,1.4886404
22.156946482808,88.12922094854567,2.1859531
22.156946482808,88.13820410138686,1.2747396
22.156946482808,88.14718725422806,2.059125
22.156946482808,88.15617040706924,2.4570084
22.156946482808,88.21006932411642,2.0349977
22.156946482808,88.21905247695761,1.717277
22.156946482808,88.22803562979881,0.90171784
22.156946482808,88.23701878264,1.2470816
22.156946482808,88.2460019354812,1.1763899
22.156946482808,88.2549850883224,1.2810955
22.156946482808,88.26396824116358,1.1517439
22.156946482808,88.27295139400478,1.0334513
22.156946482808,88.28193454684597,0.55487216
22.156946482808,88.29091769968717,0.67309535
22.156946482808,88.29990085252837,0.44434583
22.165929635649192,87.59023177807394,1.0
22.165929635649192,87.6800633064859,0.63867885
22.165929635649192,87.68904645932709,0.39497977
22.165929635649192,87.69802961216828,0.679335
22.165929635649192,87.70701276500948,0.50913036
22.165929635649192,87.71599591785068,1.1243237
22.165929635649192,87.72497907069187,0.6134481
22.165929635649192,87.73396222353307,1.5206875
22.165929635649192,87.74294537637427,0.97394353
22.165929635649192,87.75192852921546,1.0582293
22.165929635649192,87.76091168205666,1.5784218
22.165929635649192,87.76989483489785,1.3188491
22.165929635649192,87.77887798773905,0.63478166
22.165929635649192,87.78786114058025,0.7193073
22.165929635649192,87.79684429342144,0.82568616
22.165929635649192,87.80582744626263,0.89764994
22.165929635649192,87.81481059910382,1.045246
22.165929635649192,87.82379375194502,1.5432149
22.165929635649192,87.83277690478621,1.0124007
22.165929635649192,87.84176005762741,0.84924984
22.165929635649192,87.85074321046861,1.1574373
22.165929635649192,87.8597263633098,0.6438672
22.165929635649192,87.868709516151,0.92465526
22.165929635649192,87.8776926689922,0.5809364
22.165929635649192,87.88667582183339,1.0135139
22.165929635649192,87.89565897467459,1.2517703
22.165929635649192,87.90464212751579,1.1772656
22.165929635649192,87.91362528035698,0.96642923
22.165929635649192,87.92260843319816,1.4817263
22.165929635649192,87.93159158603936,1.0908438
22.165929635649192,87.94057473888056,1.2799939
22.165929635649192,87.94955789172175,1.2214999
22.165929635649192,87.95854104456295,0.9848412
22.165929635649192,87.96752419740415,0.83524394
22.165929635649192,87.97650735024534,0.8425239
22.165929635649192,87.98549050308654,0.4433009
22.165929635649192,87.99447365592773,0.66672844
22.165929635649192,88.00345680876893,0.9097494
22.165929635649192,88.01243996161013,1.0047594
22.165929635649192,88.02142311445132,1.4175781
22.165929635649192,88.03040626729252,0.8805758
22.165929635649192,88.0393894201337,1.3297656
22.165929635649192,88.0483725729749,1.2956562
22.165929635649192,88.0573557258161,0.8205466
22.165929635649192,88.06633887865729,0.6267487
22.165929635649192,88.07532203149849,0.66881883
22.165929635649192,88.08430518433968,0.7786405
22.165929635649192,88.09328833718088,1.4582042
22.165929635649192,88.10227149002208,1.3885758
22.165929635649192,88.11125464286327,1.299617
22.165929635649192,88.12023779570447,1.1276549
22.165929635649192,88.12922094854567,1.1002543
22.165929635649192,88.13820410138686,1.9973822
22.165929635649192,88.14718725422806,2.7529142
22.165929635649192,88.20108617127522,2.217242
22.165929635649192,88.21006932411642,0.581125
22.165929635649192,88.21905247695761,0.88778615
22.165929635649192,88.22803562979881,0.45979744
22.165929635649192,88.23701878264,0.9454759
22.165929635649192,88.2460019354812,0.7713896
22.165929635649192,88.2549850883224,0.59161705
22.165929635649192,88.26396824116358,0.7273939
22.165929635649192,88.27295139400478,0.71824604
22.165929635649192,88.28193454684597,0.6589655
22.165929635649192,88.29091769968717,0.4521519
22.165929635649192,88.29990085252837,1.087375
22.17491278849039,87.59023177807394,1.0
22.17491278849039,87.6800633064859,0.134
22.17491278849039,87.68904645932709,0.42137635
22.17491278849039,87.69802961216828,0.6830447
22.17491278849039,87.70701276500948,0.46680823
22.17491278849039,87.71599591785068,0.8569701
22.17491278849039,87.72497907069187,0.9998124
22.17491278849039,87.73396222353307,1.1009562
22.17491278849039,87.74294537637427,1.54852
22.17491278849039,87.75192852921546,1.2607586
22.17491278849039,87.76091168205666,1.5548126
22.17491278849039,87.76989483489785,1.3629218
22.17491278849039,87.77887798773905,0.53049695
22.17491278849039,87.78786114058025,0.8932524
22.17491278849039,87.79684429342144,0.36491624
22.17491278849039,87.80582744626263,1.1574218
22.17491278849039,87.81481059910382,1.2198174
22.17491278849039,87.82379375194502,1.2420698
22.17491278849039,87.83277690478621,0.79303265
22.17491278849039,87.84176005762741,0.600695
22.17491278849039,87.85074321046861,0.69961524
22.17491278849039,87.8597263633098,1.0624526
22.17491278849039,87.868709516151,1.1497209
22.17491278849039,87.8776926689922,0.5426251
22.17491278849039,87.88667582183339,1.1225661
22.17491278849039,87.89565897467459,1.2593906
22.17491278849039,87.90464212751579,0.68469334
22.17491278849039,87.91362528035698,1.0517606
22.17491278849039,87.92260843319816,1.601125
22.17491278849039,87.93159158603936,1.2798907
22.17491278849039,87.94057473888056,1.2378451
22.17491278849039,87.94955789172175,1.4144167
22.17491278849039,87.95854104456295,1.466375
22.17491278849039,87.96752419740415,1.4094145
22.17491278849039,87.97650735024534,0.9155282
22.17491278849039,87.98549050308654,0.49071628
22.17491278849039,87.99447365592773,1.0314819
22.17491278849039,88.00345680876893,0.43407986
22.17491278849039,88.01243996161013,0.82234526
22.17491278849039,88.02142311445132,1.2695096
22.17491278849039,88.03040626729252,0.83947074
22.17491278849039,88.0393894201337,1.0322969
22.17491278849039,88.0483725729749,1.1212469
22.17491278849039,88.0573557258161,0.83166194
22.17491278849039,88.06633887865729,1.5285094
22.17491278849039,88.07532203149849,1.3546107
22.17491278849039,88.08430518433968,1.0682975
22.17491278849039,88.09328833718088,1.5478445
22.17491278849039,88.10227149002208,1.5720148
22.17491278849039,88.11125464286327,1.4710625
22.17491278849039,88.12023779570447,0.9738443
22.17491278849039,88.12922094854567,0.539955
22.17491278849039,88.13820410138686,1.9365307
22.17491278849039,88.19210301843403,1.9395715
22.17491278849039,88.20108617127522,1.6608205
22.17491278849039,88.21006932411642,1.1885071
22.17491278849039,88.21905247695761,0.51248586
22.17491278849039,88.22803562979881,0.51555294
22.17491278849039,88.23701878264,0.7205053
22.17491278849039,88.2460019354812,0.70925635
22.17491278849039,88.2549850883224,0.52982205
22.17491278849039,88.26396824116358,0.8145864
22.17491278849039,88.27295139400478,0.9030854
22.17491278849039,88.28193454684597,0.95576334
22.17491278849039,88.29091769968717,1.1454375
22.17491278849039,88.29990085252837,0.8734844
22.183895941331585,87.6800633064859,0.37945107
22.183895941331585,87.68904645932709,0.7304983
22.183895941331585,87.69802961216828,0.7304467
22.183895941331585,87.70701276500948,1.1999307
22.183895941331585,87.71599591785068,1.5955625
22.183895941331585,87.72497907069187,1.3318962
22.183895941331585,87.73396222353307,0.6277007
22.183895941331585,87.74294537637427,0.57625026
22.183895941331585,87.75192852921546,1.1692014
22.183895941331585,87.76091168205666,1.2409115
22.183895941331585,87.76989483489785,0.71568257
22.183895941331585,87.77887798773905,1.0483763
22.183895941331585,87.78786114058025,1.1745435
22.183895941331585,87.79684429342144,1.3776314
22.183895941331585,87.80582744626263,1.4831874
22.183895941331585,87.81481059910382,0.94921154
22.183895941331585,87.82379375194502,0.78731585
22.183895941331585,87.83277690478621,1.39
22.183895941331585,87.84176005762741,0.70319784
22.183895941331585,87.85074321046861,1.0565406
22.183895941331585,87.8597263633098,0.8942847
22.183895941331585,87.868709516151,1.179973
22.183895941331585,87.8776926689922,0.7344007
22.183895941331585,87.88667582183339,0.8479017
22.183895941331585,87.89565897467459,1.0367568
22.183895941331585,87.90464212751579,0.8734218
22.183895941331585,87.91362528035698,0.46525773
22.183895941331585,87.92260843319816,0.69361705
22.183895941331585,87.93159158603936,0.8855301
22.183895941331585,87.94057473888056,1.1434532
22.183895941331585,87.94955789172175,0.28130534
22.183895941331585,87.95854104456295,1.3863323
22.183895941331585,87.96752419740415,1.0757743
22.183895941331585,87.98549050308654,0.241
22.183895941331585,87.99447365592773,0.6130815
22.183895941331585,88.00345680876893,0.43198025
22.183895941331585,88.01243996161013,1.4706013
22.183895941331585,88.02142311445132,1.5402031
22.183895941331585,88.03040626729252,0.9972272
22.183895941331585,88.0393894201337,0.95237494
22.183895941331585,88.0483725729749,1.0498636
22.183895941331585,88.0573557258161,1.5808909
22.183895941331585,88.06633887865729,1.037478
22.183895941331585,88.07532203149849,1.896141
22.183895941331585,88.08430518433968,1.8272097
22.183895941331585,88.09328833718088,0.74060524
22.183895941331585,88.10227149002208,1.6979623
22.183895941331585,88.11125464286327,1.1289766
22.183895941331585,88.12023779570447,0.83760184
22.183895941331585,88.12922094854567,1.0604172
22.183895941331585,88.19210301843403,1.2884271
22.183895941331585,88.20108617127522,1.9773504
22.183895941331585,88.21006932411642,1.0457165
22.183895941331585,88.22803562979881,0.87054473
22.183895941331585,88.23701878264,0.86316025
22.183895941331585,88.2460019354812,0.9250045
22.183895941331585,88.2549850883224,0.5479415
22.183895941331585,88.26396824116358,0.66695076
22.183895941331585,88.27295139400478,1.0019375
22.183895941331585,88.28193454684597,0.85809374
22.183895941331585,88.29091769968717,1.2580469
22.183895941331585,88.29990085252837,0.6638713
22.19287909417278,87.6800633064859,0.39158183
22.19287909417278,87.68904645932709,0.83793825
22.19287909417278,87.69802961216828,0.488422
22.19287909417278,87.70701276500948,0.5603064
22.19287909417278,87.71599591785068,1.628375
22.19287909417278,87.72497907069187,1.3799375
22.19287909417278,87.73396222353307,0.70436
22.19287909417278,87.74294537637427,0.6676732
22.19287909417278,87.75192852921546,0.48782945
22.19287909417278,87.76091168205666,0.69099253
22.19287909417278,87.76989483489785,1.2519531
22.19287909417278,87.77887798773905,1.1158065
22.19287909417278,87.78786114058025,1.8829844
22.19287909417278,87.79684429342144,1.1466875
22.19287909417278,87.80582744626263,1.553047
22.19287909417278,87.81481059910382,1.2860204
22.19287909417278,87.82379375194502,0.745625
22.19287909417278,87.83277690478621,1.2945267
22.19287909417278,87.84176005762741,2.1040626
22.19287909417278,87.85074321046861,1.2471615
22.19287909417278,87.8597263633098,0.53501445
22.19287909417278,87.868709516151,0.8115043
22.19287909417278,87.8776926689922,1.3875313
22.19287909417278,87.88667582183339,1.4971094
22.19287909417278,87.89565897467459,1.3985626
22.19287909417278,87.90464212751579,0.2710107
22.19287909417278,87.91362528035698,0.3642777
22.19287909417278,87.93159158603936,0.43139204
22.19287909417278,87.94057473888056,1.2980893
22.19287909417278,87.94955789172175,0.8844029
22.19287909417278,87.95854104456295,0.49913996
22.19287909417278,87.96752419740415,0.22755773
22.19287909417278,87.97650735024534,1.0171326
22.19287909417278,87.98549050308654,1.8855001
22.19287909417278,87.99447365592773,1.0187018
22.19287909417278,88.00345680876893,1.6717637
22.19287909417278,88.01243996161013,1.6905696
22.19287909417278,88.02142311445132,1.740068
22.19287909417278,88.03040626729252,2.2264447
22.19287909417278,88.0393894201337,1.1922332
22.19287909417278,88.0483725729749,1.0217274
22.19287909417278,88.0573557258161,2.1869228
22.19287909417278,88.16515355991044,2.4924154
22.19287909417278,88.17413671275163,1.8129373
22.19287909417278,88.18311986559283,1.3375409
22.19287909417278,88.19210301843403,1.0
22.19287909417278,88.20108617127522,1.0
22.19287909417278,88.22803562979881,0.6182254
22.19287909417278,88.23701878264,0.73153883
22.19287909417278,88.2460019354812,0.9358098
22.19287909417278,88.2549850883224,0.59880877
22.19287909417278,88.26396824116358,0.6531178
22.19287909417278,88.27295139400478,0.5469135
22.19287909417278,88.28193454684597,1.0656675
22.19287909417278,88.29091769968717,1.2327031
22.19287909417278,88.29990085252837,1.2400625
